post_id,model,seed,score
100hfq1,"Multilingual embeddings (e5), cosine",-1,0.83035
101aehd,"Multilingual embeddings (e5), cosine",-1,0.7831
102y4vm,"Multilingual embeddings (e5), cosine",-1,0.82186
102zk07,"Multilingual embeddings (e5), cosine",-1,0.76863
103ykgf,"Multilingual embeddings (e5), cosine",-1,0.79928
1049976,"Multilingual embeddings (e5), cosine",-1,0.79138
104updy,"Multilingual embeddings (e5), cosine",-1,0.80741
105of9u,"Multilingual embeddings (e5), cosine",-1,0.86057
105ut3d,"Multilingual embeddings (e5), cosine",-1,0.74938
105yef6,"Multilingual embeddings (e5), cosine",-1,0.78763
106htar,"Multilingual embeddings (e5), cosine",-1,0.86174
106obfl,"Multilingual embeddings (e5), cosine",-1,0.74475
107acdv,"Multilingual embeddings (e5), cosine",-1,0.81798
107ai30,"Multilingual embeddings (e5), cosine",-1,0.74799
107k677,"Multilingual embeddings (e5), cosine",-1,0.83515
1083d63,"Multilingual embeddings (e5), cosine",-1,0.85042
1085vco,"Multilingual embeddings (e5), cosine",-1,0.82771
108au1g,"Multilingual embeddings (e5), cosine",-1,0.84245
108dj01,"Multilingual embeddings (e5), cosine",-1,0.81309
108jho8,"Multilingual embeddings (e5), cosine",-1,0.82946
108lvx8,"Multilingual embeddings (e5), cosine",-1,0.7953
109060s,"Multilingual embeddings (e5), cosine",-1,0.84921
109dle6,"Multilingual embeddings (e5), cosine",-1,0.84003
109t68i,"Multilingual embeddings (e5), cosine",-1,0.82956
109vdiz,"Multilingual embeddings (e5), cosine",-1,0.78892
109wo9y,"Multilingual embeddings (e5), cosine",-1,0.81223
109wufc,"Multilingual embeddings (e5), cosine",-1,0.82174
109wvby,"Multilingual embeddings (e5), cosine",-1,0.82926
10ar4tu,"Multilingual embeddings (e5), cosine",-1,0.8151
10ar69a,"Multilingual embeddings (e5), cosine",-1,0.80111
10azz4b,"Multilingual embeddings (e5), cosine",-1,0.85111
10bojv6,"Multilingual embeddings (e5), cosine",-1,0.79783
10cfvrk,"Multilingual embeddings (e5), cosine",-1,0.76568
10cx7gi,"Multilingual embeddings (e5), cosine",-1,0.83543
10ef5bk,"Multilingual embeddings (e5), cosine",-1,0.76121
10emso6,"Multilingual embeddings (e5), cosine",-1,0.84915
10f1fr1,"Multilingual embeddings (e5), cosine",-1,0.83708
10f72tg,"Multilingual embeddings (e5), cosine",-1,0.85304
10f9eqa,"Multilingual embeddings (e5), cosine",-1,0.82857
10f9jjw,"Multilingual embeddings (e5), cosine",-1,0.82911
10gs3zg,"Multilingual embeddings (e5), cosine",-1,0.75844
10ihoa3,"Multilingual embeddings (e5), cosine",-1,0.78286
10iplkg,"Multilingual embeddings (e5), cosine",-1,0.79827
10jb309,"Multilingual embeddings (e5), cosine",-1,0.84284
10jopb1,"Multilingual embeddings (e5), cosine",-1,0.82224
10k12o9,"Multilingual embeddings (e5), cosine",-1,0.83234
10kz71e,"Multilingual embeddings (e5), cosine",-1,0.73387
10loyb9,"Multilingual embeddings (e5), cosine",-1,0.82223
10lq0pd,"Multilingual embeddings (e5), cosine",-1,0.7911
10lt2gk,"Multilingual embeddings (e5), cosine",-1,0.77042
10mhy4q,"Multilingual embeddings (e5), cosine",-1,0.77938
10mxok4,"Multilingual embeddings (e5), cosine",-1,0.81574
10nbec0,"Multilingual embeddings (e5), cosine",-1,0.85281
10o0u9n,"Multilingual embeddings (e5), cosine",-1,0.8807
10o4p3a,"Multilingual embeddings (e5), cosine",-1,0.76978
10ou65s,"Multilingual embeddings (e5), cosine",-1,0.84099
10oxcxt,"Multilingual embeddings (e5), cosine",-1,0.82905
10oy6iq,"Multilingual embeddings (e5), cosine",-1,0.77557
10ozpbg,"Multilingual embeddings (e5), cosine",-1,0.86197
10pisjx,"Multilingual embeddings (e5), cosine",-1,0.86241
10ptgx2,"Multilingual embeddings (e5), cosine",-1,0.81616
10q30di,"Multilingual embeddings (e5), cosine",-1,0.78632
10r1m8y,"Multilingual embeddings (e5), cosine",-1,0.81061
10rmjaw,"Multilingual embeddings (e5), cosine",-1,0.81575
10set1d,"Multilingual embeddings (e5), cosine",-1,0.82031
10sg9d9,"Multilingual embeddings (e5), cosine",-1,0.76811
10si603,"Multilingual embeddings (e5), cosine",-1,0.79832
10td81j,"Multilingual embeddings (e5), cosine",-1,0.76817
10te1kt,"Multilingual embeddings (e5), cosine",-1,0.81029
10u97r9,"Multilingual embeddings (e5), cosine",-1,0.78562
10uli5k,"Multilingual embeddings (e5), cosine",-1,0.77628
10uonu8,"Multilingual embeddings (e5), cosine",-1,0.79149
10v25p3,"Multilingual embeddings (e5), cosine",-1,0.77717
10vzejp,"Multilingual embeddings (e5), cosine",-1,0.85307
10w4phk,"Multilingual embeddings (e5), cosine",-1,0.82931
10wv3eo,"Multilingual embeddings (e5), cosine",-1,0.80891
10ww7ko,"Multilingual embeddings (e5), cosine",-1,0.78339
10xdz8j,"Multilingual embeddings (e5), cosine",-1,0.77254
10xs8iy,"Multilingual embeddings (e5), cosine",-1,0.77254
10z13f7,"Multilingual embeddings (e5), cosine",-1,0.85275
10zs908,"Multilingual embeddings (e5), cosine",-1,0.80849
110c52b,"Multilingual embeddings (e5), cosine",-1,0.83403
111agco,"Multilingual embeddings (e5), cosine",-1,0.78556
112d7gi,"Multilingual embeddings (e5), cosine",-1,0.82828
112hhpt,"Multilingual embeddings (e5), cosine",-1,0.8171
112u3yl,"Multilingual embeddings (e5), cosine",-1,0.78904
112vvj2,"Multilingual embeddings (e5), cosine",-1,0.80666
114db0u,"Multilingual embeddings (e5), cosine",-1,0.84674
114e0fy,"Multilingual embeddings (e5), cosine",-1,0.82479
114fny3,"Multilingual embeddings (e5), cosine",-1,0.83044
114j6i4,"Multilingual embeddings (e5), cosine",-1,0.8269
114kq6q,"Multilingual embeddings (e5), cosine",-1,0.80878
114r0wo,"Multilingual embeddings (e5), cosine",-1,0.84383
115kdqw,"Multilingual embeddings (e5), cosine",-1,0.83076
115wkch,"Multilingual embeddings (e5), cosine",-1,0.79046
11665fz,"Multilingual embeddings (e5), cosine",-1,0.80126
1170g85,"Multilingual embeddings (e5), cosine",-1,0.82166
1176lct,"Multilingual embeddings (e5), cosine",-1,0.82006
1180hws,"Multilingual embeddings (e5), cosine",-1,0.79568
11832w4,"Multilingual embeddings (e5), cosine",-1,0.75218
118trfu,"Multilingual embeddings (e5), cosine",-1,0.82394
118uwmk,"Multilingual embeddings (e5), cosine",-1,0.8038
11945kv,"Multilingual embeddings (e5), cosine",-1,0.77097
119rjhv,"Multilingual embeddings (e5), cosine",-1,0.80553
11a0bue,"Multilingual embeddings (e5), cosine",-1,0.80295
11a46o0,"Multilingual embeddings (e5), cosine",-1,0.84142
11a9pwr,"Multilingual embeddings (e5), cosine",-1,0.80893
11b87lm,"Multilingual embeddings (e5), cosine",-1,0.75787
11cfl1w,"Multilingual embeddings (e5), cosine",-1,0.85377
11d7ubq,"Multilingual embeddings (e5), cosine",-1,0.82533
11d7zw6,"Multilingual embeddings (e5), cosine",-1,0.82959
11dadun,"Multilingual embeddings (e5), cosine",-1,0.82301
11dalu6,"Multilingual embeddings (e5), cosine",-1,0.83204
11dlehi,"Multilingual embeddings (e5), cosine",-1,0.80178
11e0oqx,"Multilingual embeddings (e5), cosine",-1,0.80422
11e409a,"Multilingual embeddings (e5), cosine",-1,0.8416
11edn0p,"Multilingual embeddings (e5), cosine",-1,0.75318
11ee61o,"Multilingual embeddings (e5), cosine",-1,0.79046
11ey8z6,"Multilingual embeddings (e5), cosine",-1,0.80882
11f3eeg,"Multilingual embeddings (e5), cosine",-1,0.78005
11fccha,"Multilingual embeddings (e5), cosine",-1,0.81237
11fdksb,"Multilingual embeddings (e5), cosine",-1,0.79374
11fz3md,"Multilingual embeddings (e5), cosine",-1,0.79405
11fz8xh,"Multilingual embeddings (e5), cosine",-1,0.80348
11huqoo,"Multilingual embeddings (e5), cosine",-1,0.82434
11irsxz,"Multilingual embeddings (e5), cosine",-1,0.83205
11j4n7z,"Multilingual embeddings (e5), cosine",-1,0.80947
11jdw4c,"Multilingual embeddings (e5), cosine",-1,0.88222
11jitw6,"Multilingual embeddings (e5), cosine",-1,0.79899
11l3gjg,"Multilingual embeddings (e5), cosine",-1,0.76619
11l5mgy,"Multilingual embeddings (e5), cosine",-1,0.76878
11lfciv,"Multilingual embeddings (e5), cosine",-1,0.77594
11lv4dm,"Multilingual embeddings (e5), cosine",-1,0.83317
11m0jps,"Multilingual embeddings (e5), cosine",-1,0.81753
11marvj,"Multilingual embeddings (e5), cosine",-1,0.85659
11mbhhs,"Multilingual embeddings (e5), cosine",-1,0.854
11mrjs6,"Multilingual embeddings (e5), cosine",-1,0.82178
11nj3q3,"Multilingual embeddings (e5), cosine",-1,0.81949
11oha77,"Multilingual embeddings (e5), cosine",-1,0.84482
11ok2qd,"Multilingual embeddings (e5), cosine",-1,0.82698
11oof25,"Multilingual embeddings (e5), cosine",-1,0.77655
11pjlaw,"Multilingual embeddings (e5), cosine",-1,0.76691
11q5nwm,"Multilingual embeddings (e5), cosine",-1,0.78791
11q71hx,"Multilingual embeddings (e5), cosine",-1,0.83697
11rbj7x,"Multilingual embeddings (e5), cosine",-1,0.88914
11rusfi,"Multilingual embeddings (e5), cosine",-1,0.82849
11s17mi,"Multilingual embeddings (e5), cosine",-1,0.86627
11s1mwn,"Multilingual embeddings (e5), cosine",-1,0.84708
11s5x0w,"Multilingual embeddings (e5), cosine",-1,0.83274
11sbdcc,"Multilingual embeddings (e5), cosine",-1,0.84151
11srgyr,"Multilingual embeddings (e5), cosine",-1,0.7816
11srmee,"Multilingual embeddings (e5), cosine",-1,0.74889
11swh9c,"Multilingual embeddings (e5), cosine",-1,0.84643
11szwem,"Multilingual embeddings (e5), cosine",-1,0.81407
11t3igh,"Multilingual embeddings (e5), cosine",-1,0.85347
11tuxpn,"Multilingual embeddings (e5), cosine",-1,0.84402
11txcv3,"Multilingual embeddings (e5), cosine",-1,0.84504
11vrlso,"Multilingual embeddings (e5), cosine",-1,0.81267
11wowlb,"Multilingual embeddings (e5), cosine",-1,0.85764
11wowov,"Multilingual embeddings (e5), cosine",-1,0.76614
11wrm9q,"Multilingual embeddings (e5), cosine",-1,0.79176
11wwgwj,"Multilingual embeddings (e5), cosine",-1,0.84962
11wz0me,"Multilingual embeddings (e5), cosine",-1,0.8304
11xhao1,"Multilingual embeddings (e5), cosine",-1,0.83933
11xwpn3,"Multilingual embeddings (e5), cosine",-1,0.8244
11zdm9m,"Multilingual embeddings (e5), cosine",-1,0.8276
11zdohu,"Multilingual embeddings (e5), cosine",-1,0.83522
11zldij,"Multilingual embeddings (e5), cosine",-1,0.8426
11zlvvp,"Multilingual embeddings (e5), cosine",-1,0.85811
120fq4u,"Multilingual embeddings (e5), cosine",-1,0.76933
120sr6e,"Multilingual embeddings (e5), cosine",-1,0.80573
120uouk,"Multilingual embeddings (e5), cosine",-1,0.79177
121hlom,"Multilingual embeddings (e5), cosine",-1,0.76439
121jajz,"Multilingual embeddings (e5), cosine",-1,0.86974
121tiuj,"Multilingual embeddings (e5), cosine",-1,0.83112
122kkoa,"Multilingual embeddings (e5), cosine",-1,0.8128
123lveb,"Multilingual embeddings (e5), cosine",-1,0.77582
123oj7s,"Multilingual embeddings (e5), cosine",-1,0.8195
124p7cf,"Multilingual embeddings (e5), cosine",-1,0.81476
124sqph,"Multilingual embeddings (e5), cosine",-1,0.80021
125j6of,"Multilingual embeddings (e5), cosine",-1,0.85636
126ftbj,"Multilingual embeddings (e5), cosine",-1,0.82409
126ms18,"Multilingual embeddings (e5), cosine",-1,0.85251
126yspz,"Multilingual embeddings (e5), cosine",-1,0.83574
1281hx0,"Multilingual embeddings (e5), cosine",-1,0.79178
12ahekq,"Multilingual embeddings (e5), cosine",-1,0.80687
12baklv,"Multilingual embeddings (e5), cosine",-1,0.85184
12brpfm,"Multilingual embeddings (e5), cosine",-1,0.80847
12csy2q,"Multilingual embeddings (e5), cosine",-1,0.83214
12cvhvs,"Multilingual embeddings (e5), cosine",-1,0.82638
12dddt7,"Multilingual embeddings (e5), cosine",-1,0.75806
12ddpq6,"Multilingual embeddings (e5), cosine",-1,0.86483
12decva,"Multilingual embeddings (e5), cosine",-1,0.82266
12dri6t,"Multilingual embeddings (e5), cosine",-1,0.83042
12ee5ls,"Multilingual embeddings (e5), cosine",-1,0.80405
12ezowh,"Multilingual embeddings (e5), cosine",-1,0.83879
12fpn6i,"Multilingual embeddings (e5), cosine",-1,0.8517
12gto59,"Multilingual embeddings (e5), cosine",-1,0.7555
12gw98e,"Multilingual embeddings (e5), cosine",-1,0.78826
12gwpn6,"Multilingual embeddings (e5), cosine",-1,0.82098
12gwtc1,"Multilingual embeddings (e5), cosine",-1,0.76626
12kbigt,"Multilingual embeddings (e5), cosine",-1,0.8028
12kid2q,"Multilingual embeddings (e5), cosine",-1,0.83761
12kvpdm,"Multilingual embeddings (e5), cosine",-1,0.79444
12lpsbh,"Multilingual embeddings (e5), cosine",-1,0.78245
12lq3tk,"Multilingual embeddings (e5), cosine",-1,0.84723
12lq801,"Multilingual embeddings (e5), cosine",-1,0.79425
12lwnfm,"Multilingual embeddings (e5), cosine",-1,0.82112
12m1wgz,"Multilingual embeddings (e5), cosine",-1,0.8774
12o315k,"Multilingual embeddings (e5), cosine",-1,0.84448
12o3f3q,"Multilingual embeddings (e5), cosine",-1,0.81741
12ocqg4,"Multilingual embeddings (e5), cosine",-1,0.79525
12oedgl,"Multilingual embeddings (e5), cosine",-1,0.82905
12oespk,"Multilingual embeddings (e5), cosine",-1,0.81901
12p6nlt,"Multilingual embeddings (e5), cosine",-1,0.87034
12p9mzj,"Multilingual embeddings (e5), cosine",-1,0.85044
12pb3sj,"Multilingual embeddings (e5), cosine",-1,0.86061
12pgfl4,"Multilingual embeddings (e5), cosine",-1,0.7626
12pmju1,"Multilingual embeddings (e5), cosine",-1,0.81658
12qe6r6,"Multilingual embeddings (e5), cosine",-1,0.84302
12qkylt,"Multilingual embeddings (e5), cosine",-1,0.78246
12ql713,"Multilingual embeddings (e5), cosine",-1,0.7753
12s50vj,"Multilingual embeddings (e5), cosine",-1,0.8193
12ssj9h,"Multilingual embeddings (e5), cosine",-1,0.83084
12ssvfv,"Multilingual embeddings (e5), cosine",-1,0.78288
12swxs5,"Multilingual embeddings (e5), cosine",-1,0.79868
12vijhs,"Multilingual embeddings (e5), cosine",-1,0.78217
12vjdw9,"Multilingual embeddings (e5), cosine",-1,0.80761
12vjy4g,"Multilingual embeddings (e5), cosine",-1,0.76755
12vkgvs,"Multilingual embeddings (e5), cosine",-1,0.76634
12vko0o,"Multilingual embeddings (e5), cosine",-1,0.79842
12vksn1,"Multilingual embeddings (e5), cosine",-1,0.78622
12wh6q7,"Multilingual embeddings (e5), cosine",-1,0.78576
12x5uwd,"Multilingual embeddings (e5), cosine",-1,0.76098
12yhx4y,"Multilingual embeddings (e5), cosine",-1,0.79363
12yifx8,"Multilingual embeddings (e5), cosine",-1,0.7661
12ynguc,"Multilingual embeddings (e5), cosine",-1,0.80977
12z9ned,"Multilingual embeddings (e5), cosine",-1,0.84837
12zjevs,"Multilingual embeddings (e5), cosine",-1,0.80951
12zodvi,"Multilingual embeddings (e5), cosine",-1,0.78507
130hcib,"Multilingual embeddings (e5), cosine",-1,0.80386
130hy1l,"Multilingual embeddings (e5), cosine",-1,0.85707
130jjlk,"Multilingual embeddings (e5), cosine",-1,0.8258
13130cj,"Multilingual embeddings (e5), cosine",-1,0.84978
1313d0e,"Multilingual embeddings (e5), cosine",-1,0.80901
131ji0g,"Multilingual embeddings (e5), cosine",-1,0.83764
131lzz7,"Multilingual embeddings (e5), cosine",-1,0.83124
131mwun,"Multilingual embeddings (e5), cosine",-1,0.79209
131nftw,"Multilingual embeddings (e5), cosine",-1,0.7579
131nq93,"Multilingual embeddings (e5), cosine",-1,0.76502
132n7xl,"Multilingual embeddings (e5), cosine",-1,0.80449
132o4fs,"Multilingual embeddings (e5), cosine",-1,0.76578
132oc0k,"Multilingual embeddings (e5), cosine",-1,0.80251
132rtf2,"Multilingual embeddings (e5), cosine",-1,0.80357
134n3l2,"Multilingual embeddings (e5), cosine",-1,0.8004
136daux,"Multilingual embeddings (e5), cosine",-1,0.8469
136kq85,"Multilingual embeddings (e5), cosine",-1,0.79377
137fc3o,"Multilingual embeddings (e5), cosine",-1,0.76371
137fjhy,"Multilingual embeddings (e5), cosine",-1,0.76773
137gmqe,"Multilingual embeddings (e5), cosine",-1,0.83612
139lq41,"Multilingual embeddings (e5), cosine",-1,0.80631
139ojd7,"Multilingual embeddings (e5), cosine",-1,0.80955
13as6v3,"Multilingual embeddings (e5), cosine",-1,0.79515
13aw8ny,"Multilingual embeddings (e5), cosine",-1,0.79237
13awlh9,"Multilingual embeddings (e5), cosine",-1,0.77606
13awtoy,"Multilingual embeddings (e5), cosine",-1,0.81858
13bhtuu,"Multilingual embeddings (e5), cosine",-1,0.82324
13bibgx,"Multilingual embeddings (e5), cosine",-1,0.80258
13booh4,"Multilingual embeddings (e5), cosine",-1,0.78767
13c5obs,"Multilingual embeddings (e5), cosine",-1,0.84192
13cjg9f,"Multilingual embeddings (e5), cosine",-1,0.83304
13dkuds,"Multilingual embeddings (e5), cosine",-1,0.8004
13edi9y,"Multilingual embeddings (e5), cosine",-1,0.83966
13eky2c,"Multilingual embeddings (e5), cosine",-1,0.83235
13f15oh,"Multilingual embeddings (e5), cosine",-1,0.79848
13f2snt,"Multilingual embeddings (e5), cosine",-1,0.81094
13fcqcj,"Multilingual embeddings (e5), cosine",-1,0.77106
13fd1pa,"Multilingual embeddings (e5), cosine",-1,0.8024
13fhzph,"Multilingual embeddings (e5), cosine",-1,0.83204
13hd97w,"Multilingual embeddings (e5), cosine",-1,0.75729
13hilrj,"Multilingual embeddings (e5), cosine",-1,0.77824
13i4svg,"Multilingual embeddings (e5), cosine",-1,0.81119
13i72vg,"Multilingual embeddings (e5), cosine",-1,0.80016
13igcdn,"Multilingual embeddings (e5), cosine",-1,0.82074
13ju5kw,"Multilingual embeddings (e5), cosine",-1,0.86713
13k1fqx,"Multilingual embeddings (e5), cosine",-1,0.82732
13kb1cf,"Multilingual embeddings (e5), cosine",-1,0.82924
13kztxp,"Multilingual embeddings (e5), cosine",-1,0.78041
13lhwle,"Multilingual embeddings (e5), cosine",-1,0.80899
13n6u9z,"Multilingual embeddings (e5), cosine",-1,0.81136
13nr2lt,"Multilingual embeddings (e5), cosine",-1,0.84577
13p0urf,"Multilingual embeddings (e5), cosine",-1,0.83818
13peyn8,"Multilingual embeddings (e5), cosine",-1,0.84926
13qjnlp,"Multilingual embeddings (e5), cosine",-1,0.77718
13r4a7k,"Multilingual embeddings (e5), cosine",-1,0.818
13rj771,"Multilingual embeddings (e5), cosine",-1,0.8147
13rmhyo,"Multilingual embeddings (e5), cosine",-1,0.86793
13sb7od,"Multilingual embeddings (e5), cosine",-1,0.75431
13sdty3,"Multilingual embeddings (e5), cosine",-1,0.75817
13seli6,"Multilingual embeddings (e5), cosine",-1,0.79315
13tvumk,"Multilingual embeddings (e5), cosine",-1,0.76126
13vkidb,"Multilingual embeddings (e5), cosine",-1,0.74356
13voob9,"Multilingual embeddings (e5), cosine",-1,0.81809
13vqx03,"Multilingual embeddings (e5), cosine",-1,0.80496
13vrw1z,"Multilingual embeddings (e5), cosine",-1,0.79502
13vzorq,"Multilingual embeddings (e5), cosine",-1,0.83063
13wezig,"Multilingual embeddings (e5), cosine",-1,0.86215
13ww9my,"Multilingual embeddings (e5), cosine",-1,0.84414
13xd35y,"Multilingual embeddings (e5), cosine",-1,0.7986
13y6y7v,"Multilingual embeddings (e5), cosine",-1,0.84239
13z4905,"Multilingual embeddings (e5), cosine",-1,0.78664
141dend,"Multilingual embeddings (e5), cosine",-1,0.86125
141gi0z,"Multilingual embeddings (e5), cosine",-1,0.81819
142a1c9,"Multilingual embeddings (e5), cosine",-1,0.77492
143d0ua,"Multilingual embeddings (e5), cosine",-1,0.85909
144cn05,"Multilingual embeddings (e5), cosine",-1,0.79856
1455ths,"Multilingual embeddings (e5), cosine",-1,0.80599
146zvpu,"Multilingual embeddings (e5), cosine",-1,0.81356
14945l9,"Multilingual embeddings (e5), cosine",-1,0.81547
1495e2s,"Multilingual embeddings (e5), cosine",-1,0.81344
1496bbe,"Multilingual embeddings (e5), cosine",-1,0.79046
149y7n0,"Multilingual embeddings (e5), cosine",-1,0.86516
14a0iy8,"Multilingual embeddings (e5), cosine",-1,0.81616
14a48ox,"Multilingual embeddings (e5), cosine",-1,0.77963
14a4coz,"Multilingual embeddings (e5), cosine",-1,0.81608
14a4hia,"Multilingual embeddings (e5), cosine",-1,0.772
14a4lgz,"Multilingual embeddings (e5), cosine",-1,0.79107
14aswpe,"Multilingual embeddings (e5), cosine",-1,0.83723
14bxm4j,"Multilingual embeddings (e5), cosine",-1,0.76885
14clvdt,"Multilingual embeddings (e5), cosine",-1,0.84058
14dmbhp,"Multilingual embeddings (e5), cosine",-1,0.82746
14dmur2,"Multilingual embeddings (e5), cosine",-1,0.74157
14e5zwh,"Multilingual embeddings (e5), cosine",-1,0.82319
14jateg,"Multilingual embeddings (e5), cosine",-1,0.83116
14jimzx,"Multilingual embeddings (e5), cosine",-1,0.85087
14jnqwd,"Multilingual embeddings (e5), cosine",-1,0.80853
14lwal3,"Multilingual embeddings (e5), cosine",-1,0.83432
14m4oke,"Multilingual embeddings (e5), cosine",-1,0.7843
14mznfn,"Multilingual embeddings (e5), cosine",-1,0.84113
14n81kn,"Multilingual embeddings (e5), cosine",-1,0.86292
14nq474,"Multilingual embeddings (e5), cosine",-1,0.82664
14peh0c,"Multilingual embeddings (e5), cosine",-1,0.90832
14t6i25,"Multilingual embeddings (e5), cosine",-1,0.86324
14u0n1t,"Multilingual embeddings (e5), cosine",-1,0.82452
14v7943,"Multilingual embeddings (e5), cosine",-1,0.85164
14wo22a,"Multilingual embeddings (e5), cosine",-1,0.85138
14yge8b,"Multilingual embeddings (e5), cosine",-1,0.81635
1509mag,"Multilingual embeddings (e5), cosine",-1,0.80988
152psh8,"Multilingual embeddings (e5), cosine",-1,0.7984
152u6w6,"Multilingual embeddings (e5), cosine",-1,0.80245
15312zr,"Multilingual embeddings (e5), cosine",-1,0.80725
155kxt6,"Multilingual embeddings (e5), cosine",-1,0.83911
156mub1,"Multilingual embeddings (e5), cosine",-1,0.84202
1584uxr,"Multilingual embeddings (e5), cosine",-1,0.78101
1586vte,"Multilingual embeddings (e5), cosine",-1,0.79427
159c7gq,"Multilingual embeddings (e5), cosine",-1,0.78563
159g1b5,"Multilingual embeddings (e5), cosine",-1,0.80258
15a8prv,"Multilingual embeddings (e5), cosine",-1,0.83379
15a8vyw,"Multilingual embeddings (e5), cosine",-1,0.81249
15aaw83,"Multilingual embeddings (e5), cosine",-1,0.79111
15auuwg,"Multilingual embeddings (e5), cosine",-1,0.77871
15crqft,"Multilingual embeddings (e5), cosine",-1,0.82701
15cxyur,"Multilingual embeddings (e5), cosine",-1,0.78602
15d3csi,"Multilingual embeddings (e5), cosine",-1,0.83845
15e9adj,"Multilingual embeddings (e5), cosine",-1,0.83437
15eb6kt,"Multilingual embeddings (e5), cosine",-1,0.81996
15ebd5k,"Multilingual embeddings (e5), cosine",-1,0.8075
15eg570,"Multilingual embeddings (e5), cosine",-1,0.80815
15ffsmu,"Multilingual embeddings (e5), cosine",-1,0.85399
15g8q72,"Multilingual embeddings (e5), cosine",-1,0.74916
15gyjp3,"Multilingual embeddings (e5), cosine",-1,0.83789
15hw0om,"Multilingual embeddings (e5), cosine",-1,0.84675
15hwdky,"Multilingual embeddings (e5), cosine",-1,0.80032
15isioa,"Multilingual embeddings (e5), cosine",-1,0.81325
15j2pz9,"Multilingual embeddings (e5), cosine",-1,0.77297
15j43lf,"Multilingual embeddings (e5), cosine",-1,0.79523
15kosj0,"Multilingual embeddings (e5), cosine",-1,0.80701
15krhgh,"Multilingual embeddings (e5), cosine",-1,0.79444
15kvv3y,"Multilingual embeddings (e5), cosine",-1,0.80641
15lu2d2,"Multilingual embeddings (e5), cosine",-1,0.80699
15lunx9,"Multilingual embeddings (e5), cosine",-1,0.8256
15mia1y,"Multilingual embeddings (e5), cosine",-1,0.83589
15midjy,"Multilingual embeddings (e5), cosine",-1,0.76976
15mlo3k,"Multilingual embeddings (e5), cosine",-1,0.83211
15o4636,"Multilingual embeddings (e5), cosine",-1,0.83239
15ozc9o,"Multilingual embeddings (e5), cosine",-1,0.79688
15q3j5b,"Multilingual embeddings (e5), cosine",-1,0.80343
15qtbrv,"Multilingual embeddings (e5), cosine",-1,0.77262
15qug5c,"Multilingual embeddings (e5), cosine",-1,0.76278
15r4ala,"Multilingual embeddings (e5), cosine",-1,0.78436
15rqqca,"Multilingual embeddings (e5), cosine",-1,0.75803
15su48d,"Multilingual embeddings (e5), cosine",-1,0.79901
15tkvmf,"Multilingual embeddings (e5), cosine",-1,0.75423
15wbys2,"Multilingual embeddings (e5), cosine",-1,0.79464
15wcsc1,"Multilingual embeddings (e5), cosine",-1,0.8088
15wfdns,"Multilingual embeddings (e5), cosine",-1,0.78235
15wfjod,"Multilingual embeddings (e5), cosine",-1,0.7687
15xlqhu,"Multilingual embeddings (e5), cosine",-1,0.80409
15y9ex8,"Multilingual embeddings (e5), cosine",-1,0.80922
15yd899,"Multilingual embeddings (e5), cosine",-1,0.79003
15z41xe,"Multilingual embeddings (e5), cosine",-1,0.84808
15z6om4,"Multilingual embeddings (e5), cosine",-1,0.76562
161d2au,"Multilingual embeddings (e5), cosine",-1,0.76651
161vpoq,"Multilingual embeddings (e5), cosine",-1,0.78342
163mu5b,"Multilingual embeddings (e5), cosine",-1,0.83939
163sc1p,"Multilingual embeddings (e5), cosine",-1,0.74859
164lrkh,"Multilingual embeddings (e5), cosine",-1,0.76609
164rpz4,"Multilingual embeddings (e5), cosine",-1,0.78125
165fb4w,"Multilingual embeddings (e5), cosine",-1,0.7773
166zkc4,"Multilingual embeddings (e5), cosine",-1,0.77449
167573w,"Multilingual embeddings (e5), cosine",-1,0.78958
1677z9e,"Multilingual embeddings (e5), cosine",-1,0.80574
167xq4e,"Multilingual embeddings (e5), cosine",-1,0.83733
168elrj,"Multilingual embeddings (e5), cosine",-1,0.78383
16a85oh,"Multilingual embeddings (e5), cosine",-1,0.76359
16ax72h,"Multilingual embeddings (e5), cosine",-1,0.80956
16ca2qs,"Multilingual embeddings (e5), cosine",-1,0.79629
16cci0i,"Multilingual embeddings (e5), cosine",-1,0.77882
16cgp44,"Multilingual embeddings (e5), cosine",-1,0.83298
16chxuz,"Multilingual embeddings (e5), cosine",-1,0.7547
16cw8gk,"Multilingual embeddings (e5), cosine",-1,0.78781
16d3srr,"Multilingual embeddings (e5), cosine",-1,0.81734
16d4mmj,"Multilingual embeddings (e5), cosine",-1,0.8112
16dghd5,"Multilingual embeddings (e5), cosine",-1,0.83511
16e5828,"Multilingual embeddings (e5), cosine",-1,0.79162
16e7s2x,"Multilingual embeddings (e5), cosine",-1,0.78
16e81se,"Multilingual embeddings (e5), cosine",-1,0.77168
16f0cxx,"Multilingual embeddings (e5), cosine",-1,0.78005
16g0xjy,"Multilingual embeddings (e5), cosine",-1,0.81504
16gomka,"Multilingual embeddings (e5), cosine",-1,0.79643
16gqjvl,"Multilingual embeddings (e5), cosine",-1,0.80428
16gr6ue,"Multilingual embeddings (e5), cosine",-1,0.81918
16gr6us,"Multilingual embeddings (e5), cosine",-1,0.79383
16hhee9,"Multilingual embeddings (e5), cosine",-1,0.7971
16htgir,"Multilingual embeddings (e5), cosine",-1,0.78041
16hwuoa,"Multilingual embeddings (e5), cosine",-1,0.84612
16icokg,"Multilingual embeddings (e5), cosine",-1,0.80535
16k5rp4,"Multilingual embeddings (e5), cosine",-1,0.7895
16k8y7n,"Multilingual embeddings (e5), cosine",-1,0.83358
16ke5mv,"Multilingual embeddings (e5), cosine",-1,0.78897
16kmu0r,"Multilingual embeddings (e5), cosine",-1,0.79806
16loklq,"Multilingual embeddings (e5), cosine",-1,0.82464
16mswgu,"Multilingual embeddings (e5), cosine",-1,0.81954
16o9ehf,"Multilingual embeddings (e5), cosine",-1,0.84205
16odvg2,"Multilingual embeddings (e5), cosine",-1,0.78672
16p7zot,"Multilingual embeddings (e5), cosine",-1,0.78721
16pjo9s,"Multilingual embeddings (e5), cosine",-1,0.78984
16pkcq2,"Multilingual embeddings (e5), cosine",-1,0.79015
16r0gyf,"Multilingual embeddings (e5), cosine",-1,0.78403
16r3zkq,"Multilingual embeddings (e5), cosine",-1,0.78219
16r8aq1,"Multilingual embeddings (e5), cosine",-1,0.82829
16rs6u9,"Multilingual embeddings (e5), cosine",-1,0.78679
16smogb,"Multilingual embeddings (e5), cosine",-1,0.78332
16sp2dr,"Multilingual embeddings (e5), cosine",-1,0.82127
16sqt88,"Multilingual embeddings (e5), cosine",-1,0.78715
16tix22,"Multilingual embeddings (e5), cosine",-1,0.74901
16tlycw,"Multilingual embeddings (e5), cosine",-1,0.83239
16twv4u,"Multilingual embeddings (e5), cosine",-1,0.84728
16ugxlr,"Multilingual embeddings (e5), cosine",-1,0.84243
16ul3yh,"Multilingual embeddings (e5), cosine",-1,0.82107
16upbwq,"Multilingual embeddings (e5), cosine",-1,0.84185
16v762m,"Multilingual embeddings (e5), cosine",-1,0.81629
16v7q95,"Multilingual embeddings (e5), cosine",-1,0.76658
16vce90,"Multilingual embeddings (e5), cosine",-1,0.77735
16vd6oq,"Multilingual embeddings (e5), cosine",-1,0.7908
16vi53c,"Multilingual embeddings (e5), cosine",-1,0.83835
16w1j2q,"Multilingual embeddings (e5), cosine",-1,0.78184
16wyj2y,"Multilingual embeddings (e5), cosine",-1,0.85108
16x4aop,"Multilingual embeddings (e5), cosine",-1,0.78605
16x84jw,"Multilingual embeddings (e5), cosine",-1,0.78946
16x8a98,"Multilingual embeddings (e5), cosine",-1,0.77433
16y0qvf,"Multilingual embeddings (e5), cosine",-1,0.77126
16y56gn,"Multilingual embeddings (e5), cosine",-1,0.84219
16yn74r,"Multilingual embeddings (e5), cosine",-1,0.83048
16ysshv,"Multilingual embeddings (e5), cosine",-1,0.77907
16yz3hx,"Multilingual embeddings (e5), cosine",-1,0.82988
16zj5r5,"Multilingual embeddings (e5), cosine",-1,0.74484
16zjc06,"Multilingual embeddings (e5), cosine",-1,0.74662
16zt3tl,"Multilingual embeddings (e5), cosine",-1,0.84528
170fc85,"Multilingual embeddings (e5), cosine",-1,0.79011
170inab,"Multilingual embeddings (e5), cosine",-1,0.78966
170l9pf,"Multilingual embeddings (e5), cosine",-1,0.78869
17189pc,"Multilingual embeddings (e5), cosine",-1,0.78267
1729dyz,"Multilingual embeddings (e5), cosine",-1,0.79589
172eim1,"Multilingual embeddings (e5), cosine",-1,0.78634
172xrre,"Multilingual embeddings (e5), cosine",-1,0.7933
172ze4c,"Multilingual embeddings (e5), cosine",-1,0.80774
173mnc4,"Multilingual embeddings (e5), cosine",-1,0.76329
173of82,"Multilingual embeddings (e5), cosine",-1,0.79519
1744jgk,"Multilingual embeddings (e5), cosine",-1,0.77221
174ncsh,"Multilingual embeddings (e5), cosine",-1,0.76707
175bp6w,"Multilingual embeddings (e5), cosine",-1,0.77053
175btwz,"Multilingual embeddings (e5), cosine",-1,0.78939
175eka1,"Multilingual embeddings (e5), cosine",-1,0.77948
175exug,"Multilingual embeddings (e5), cosine",-1,0.81591
175mczu,"Multilingual embeddings (e5), cosine",-1,0.7953
1762vqk,"Multilingual embeddings (e5), cosine",-1,0.80786
176ubug,"Multilingual embeddings (e5), cosine",-1,0.82101
176wy47,"Multilingual embeddings (e5), cosine",-1,0.82923
176x0ru,"Multilingual embeddings (e5), cosine",-1,0.74714
1773xza,"Multilingual embeddings (e5), cosine",-1,0.76986
177kndo,"Multilingual embeddings (e5), cosine",-1,0.79732
177kxnq,"Multilingual embeddings (e5), cosine",-1,0.7993
177l9lj,"Multilingual embeddings (e5), cosine",-1,0.77679
177lcz9,"Multilingual embeddings (e5), cosine",-1,0.79534
177qlr4,"Multilingual embeddings (e5), cosine",-1,0.771
177qona,"Multilingual embeddings (e5), cosine",-1,0.77286
177uh6e,"Multilingual embeddings (e5), cosine",-1,0.82495
178bf8r,"Multilingual embeddings (e5), cosine",-1,0.76452
178bl57,"Multilingual embeddings (e5), cosine",-1,0.76556
178bor1,"Multilingual embeddings (e5), cosine",-1,0.78754
178gobg,"Multilingual embeddings (e5), cosine",-1,0.76739
178h5v8,"Multilingual embeddings (e5), cosine",-1,0.80089
178hc7m,"Multilingual embeddings (e5), cosine",-1,0.80318
178hgso,"Multilingual embeddings (e5), cosine",-1,0.75465
178lxh6,"Multilingual embeddings (e5), cosine",-1,0.81328
1791af0,"Multilingual embeddings (e5), cosine",-1,0.77533
1791ey5,"Multilingual embeddings (e5), cosine",-1,0.77701
1791izf,"Multilingual embeddings (e5), cosine",-1,0.80864
1796igl,"Multilingual embeddings (e5), cosine",-1,0.79632
179bbei,"Multilingual embeddings (e5), cosine",-1,0.78774
179wux9,"Multilingual embeddings (e5), cosine",-1,0.79604
17a2dvq,"Multilingual embeddings (e5), cosine",-1,0.78129
17a4h3e,"Multilingual embeddings (e5), cosine",-1,0.77803
17a4ydp,"Multilingual embeddings (e5), cosine",-1,0.79839
17a5lai,"Multilingual embeddings (e5), cosine",-1,0.76186
17aow7x,"Multilingual embeddings (e5), cosine",-1,0.76671
17ap4yo,"Multilingual embeddings (e5), cosine",-1,0.75848
17bdh8a,"Multilingual embeddings (e5), cosine",-1,0.83124
17bdilh,"Multilingual embeddings (e5), cosine",-1,0.81539
17bhfzx,"Multilingual embeddings (e5), cosine",-1,0.78707
17bhmqe,"Multilingual embeddings (e5), cosine",-1,0.78665
17c78fe,"Multilingual embeddings (e5), cosine",-1,0.79224
17c7ae5,"Multilingual embeddings (e5), cosine",-1,0.75374
17ca0u9,"Multilingual embeddings (e5), cosine",-1,0.80143
17can30,"Multilingual embeddings (e5), cosine",-1,0.79376
17ccflo,"Multilingual embeddings (e5), cosine",-1,0.76449
17cf1ne,"Multilingual embeddings (e5), cosine",-1,0.7747
17cfavw,"Multilingual embeddings (e5), cosine",-1,0.76671
17chatq,"Multilingual embeddings (e5), cosine",-1,0.74921
17ckv6d,"Multilingual embeddings (e5), cosine",-1,0.76758
17cpvzj,"Multilingual embeddings (e5), cosine",-1,0.79901
17cye3n,"Multilingual embeddings (e5), cosine",-1,0.76848
17cynwv,"Multilingual embeddings (e5), cosine",-1,0.76887
17cywvl,"Multilingual embeddings (e5), cosine",-1,0.78269
17czuik,"Multilingual embeddings (e5), cosine",-1,0.83888
17d077w,"Multilingual embeddings (e5), cosine",-1,0.79091
17d1yl0,"Multilingual embeddings (e5), cosine",-1,0.7832
17da0ni,"Multilingual embeddings (e5), cosine",-1,0.79224
17da4nk,"Multilingual embeddings (e5), cosine",-1,0.77578
17dp4xg,"Multilingual embeddings (e5), cosine",-1,0.7765
17dp77a,"Multilingual embeddings (e5), cosine",-1,0.74951
17dq75e,"Multilingual embeddings (e5), cosine",-1,0.76961
17dtush,"Multilingual embeddings (e5), cosine",-1,0.79419
17dwend,"Multilingual embeddings (e5), cosine",-1,0.82663
17eggl8,"Multilingual embeddings (e5), cosine",-1,0.76962
17eiakh,"Multilingual embeddings (e5), cosine",-1,0.79182
17ekmiq,"Multilingual embeddings (e5), cosine",-1,0.79932
17f78kf,"Multilingual embeddings (e5), cosine",-1,0.77042
17f8e7i,"Multilingual embeddings (e5), cosine",-1,0.84268
17fab58,"Multilingual embeddings (e5), cosine",-1,0.82797
17fe9p5,"Multilingual embeddings (e5), cosine",-1,0.78573
17fs39k,"Multilingual embeddings (e5), cosine",-1,0.81264
17fyyjr,"Multilingual embeddings (e5), cosine",-1,0.79364
17g0klk,"Multilingual embeddings (e5), cosine",-1,0.78201
17g0ohb,"Multilingual embeddings (e5), cosine",-1,0.77408
17g0vid,"Multilingual embeddings (e5), cosine",-1,0.75763
17g4ud5,"Multilingual embeddings (e5), cosine",-1,0.78651
17g4xur,"Multilingual embeddings (e5), cosine",-1,0.81952
17g52dg,"Multilingual embeddings (e5), cosine",-1,0.79115
17g54ko,"Multilingual embeddings (e5), cosine",-1,0.75124
17g5gsb,"Multilingual embeddings (e5), cosine",-1,0.75529
17g5slm,"Multilingual embeddings (e5), cosine",-1,0.78069
17gqyos,"Multilingual embeddings (e5), cosine",-1,0.79646
17gt48g,"Multilingual embeddings (e5), cosine",-1,0.81233
17h47lj,"Multilingual embeddings (e5), cosine",-1,0.83423
17hjn2y,"Multilingual embeddings (e5), cosine",-1,0.82196
17hjr3w,"Multilingual embeddings (e5), cosine",-1,0.81052
17hjuf6,"Multilingual embeddings (e5), cosine",-1,0.81504
17ho3bw,"Multilingual embeddings (e5), cosine",-1,0.76483
17ho5rx,"Multilingual embeddings (e5), cosine",-1,0.77003
17hoa26,"Multilingual embeddings (e5), cosine",-1,0.75728
17iae01,"Multilingual embeddings (e5), cosine",-1,0.84043
17iaejm,"Multilingual embeddings (e5), cosine",-1,0.77476
17iamqo,"Multilingual embeddings (e5), cosine",-1,0.81734
17iannx,"Multilingual embeddings (e5), cosine",-1,0.79327
17iauno,"Multilingual embeddings (e5), cosine",-1,0.80077
17iawlp,"Multilingual embeddings (e5), cosine",-1,0.75758
17ido0o,"Multilingual embeddings (e5), cosine",-1,0.77491
17ii2hd,"Multilingual embeddings (e5), cosine",-1,0.82558
17iif8e,"Multilingual embeddings (e5), cosine",-1,0.77048
17jppj6,"Multilingual embeddings (e5), cosine",-1,0.81854
17jrogf,"Multilingual embeddings (e5), cosine",-1,0.7949
17jx18j,"Multilingual embeddings (e5), cosine",-1,0.82167
17k06ry,"Multilingual embeddings (e5), cosine",-1,0.76203
17kob73,"Multilingual embeddings (e5), cosine",-1,0.78388
17kpefv,"Multilingual embeddings (e5), cosine",-1,0.76008
17kpy4c,"Multilingual embeddings (e5), cosine",-1,0.78282
17l17qa,"Multilingual embeddings (e5), cosine",-1,0.79392
17l1oyi,"Multilingual embeddings (e5), cosine",-1,0.81904
17l94kp,"Multilingual embeddings (e5), cosine",-1,0.77505
17l9cfg,"Multilingual embeddings (e5), cosine",-1,0.77079
17lzxyu,"Multilingual embeddings (e5), cosine",-1,0.75588
17m43n2,"Multilingual embeddings (e5), cosine",-1,0.78272
17n2jzw,"Multilingual embeddings (e5), cosine",-1,0.76759
17n4esf,"Multilingual embeddings (e5), cosine",-1,0.8142
17nfb1w,"Multilingual embeddings (e5), cosine",-1,0.78625
17nhvc9,"Multilingual embeddings (e5), cosine",-1,0.79396
17nieyp,"Multilingual embeddings (e5), cosine",-1,0.81008
17nistv,"Multilingual embeddings (e5), cosine",-1,0.80339
17nli9l,"Multilingual embeddings (e5), cosine",-1,0.79775
17nvpqg,"Multilingual embeddings (e5), cosine",-1,0.80761
17o0js5,"Multilingual embeddings (e5), cosine",-1,0.77876
17o8mtz,"Multilingual embeddings (e5), cosine",-1,0.80834
17olzxc,"Multilingual embeddings (e5), cosine",-1,0.82397
17ouc19,"Multilingual embeddings (e5), cosine",-1,0.78791
17p0wzh,"Multilingual embeddings (e5), cosine",-1,0.7634
17p1bid,"Multilingual embeddings (e5), cosine",-1,0.76319
17p1eq5,"Multilingual embeddings (e5), cosine",-1,0.79829
17p93s4,"Multilingual embeddings (e5), cosine",-1,0.76304
17pixc6,"Multilingual embeddings (e5), cosine",-1,0.79666
17pj11w,"Multilingual embeddings (e5), cosine",-1,0.81789
17pz339,"Multilingual embeddings (e5), cosine",-1,0.80296
17q7ckw,"Multilingual embeddings (e5), cosine",-1,0.78612
17q7ke6,"Multilingual embeddings (e5), cosine",-1,0.74149
17qjfkb,"Multilingual embeddings (e5), cosine",-1,0.75874
17qjrht,"Multilingual embeddings (e5), cosine",-1,0.77936
17qjtu2,"Multilingual embeddings (e5), cosine",-1,0.81595
17ql75o,"Multilingual embeddings (e5), cosine",-1,0.76817
17qmh3g,"Multilingual embeddings (e5), cosine",-1,0.83208
17qqlay,"Multilingual embeddings (e5), cosine",-1,0.76678
17qqpls,"Multilingual embeddings (e5), cosine",-1,0.76292
17r8wgz,"Multilingual embeddings (e5), cosine",-1,0.76396
17r8ywj,"Multilingual embeddings (e5), cosine",-1,0.79948
17r91qt,"Multilingual embeddings (e5), cosine",-1,0.78622
17rfgqy,"Multilingual embeddings (e5), cosine",-1,0.76674
17rfln4,"Multilingual embeddings (e5), cosine",-1,0.77054
17rfwdv,"Multilingual embeddings (e5), cosine",-1,0.78789
17rg103,"Multilingual embeddings (e5), cosine",-1,0.80329
17rkc1r,"Multilingual embeddings (e5), cosine",-1,0.75714
17rkfqs,"Multilingual embeddings (e5), cosine",-1,0.80682
17rz7zt,"Multilingual embeddings (e5), cosine",-1,0.84425
17s0lcp,"Multilingual embeddings (e5), cosine",-1,0.80219
17s5u23,"Multilingual embeddings (e5), cosine",-1,0.78066
17s6v2z,"Multilingual embeddings (e5), cosine",-1,0.77991
17seqtw,"Multilingual embeddings (e5), cosine",-1,0.87977
17srut1,"Multilingual embeddings (e5), cosine",-1,0.79587
17srxob,"Multilingual embeddings (e5), cosine",-1,0.75215
17svvfw,"Multilingual embeddings (e5), cosine",-1,0.76272
17t04r0,"Multilingual embeddings (e5), cosine",-1,0.80376
17t4bqy,"Multilingual embeddings (e5), cosine",-1,0.75846
17tre0p,"Multilingual embeddings (e5), cosine",-1,0.75328
17u7fsv,"Multilingual embeddings (e5), cosine",-1,0.77538
17u7jn5,"Multilingual embeddings (e5), cosine",-1,0.8186
17u9mf8,"Multilingual embeddings (e5), cosine",-1,0.76534
17uce4d,"Multilingual embeddings (e5), cosine",-1,0.80441
17uy214,"Multilingual embeddings (e5), cosine",-1,0.77524
17uyohx,"Multilingual embeddings (e5), cosine",-1,0.78517
17uzwv9,"Multilingual embeddings (e5), cosine",-1,0.79976
17vuhgh,"Multilingual embeddings (e5), cosine",-1,0.81427
17vusou,"Multilingual embeddings (e5), cosine",-1,0.76992
17vv5od,"Multilingual embeddings (e5), cosine",-1,0.77629
17w0mo4,"Multilingual embeddings (e5), cosine",-1,0.78026
17wae18,"Multilingual embeddings (e5), cosine",-1,0.79412
17wif51,"Multilingual embeddings (e5), cosine",-1,0.78926
17wigvp,"Multilingual embeddings (e5), cosine",-1,0.78926
17wj1ur,"Multilingual embeddings (e5), cosine",-1,0.78398
17wj4sm,"Multilingual embeddings (e5), cosine",-1,0.80055
17wjcbs,"Multilingual embeddings (e5), cosine",-1,0.79695
17wkm70,"Multilingual embeddings (e5), cosine",-1,0.76034
17wmvg8,"Multilingual embeddings (e5), cosine",-1,0.78293
17wtwjw,"Multilingual embeddings (e5), cosine",-1,0.76322
17wze5i,"Multilingual embeddings (e5), cosine",-1,0.80315
17wzgt0,"Multilingual embeddings (e5), cosine",-1,0.78931
17wzmxn,"Multilingual embeddings (e5), cosine",-1,0.74912
17wzrdj,"Multilingual embeddings (e5), cosine",-1,0.77146
17xe21a,"Multilingual embeddings (e5), cosine",-1,0.81431
17xh60w,"Multilingual embeddings (e5), cosine",-1,0.76883
17xhfxx,"Multilingual embeddings (e5), cosine",-1,0.77435
17xhitq,"Multilingual embeddings (e5), cosine",-1,0.78392
17y2c0r,"Multilingual embeddings (e5), cosine",-1,0.77277
17y2d6p,"Multilingual embeddings (e5), cosine",-1,0.8571
17y2p8g,"Multilingual embeddings (e5), cosine",-1,0.76848
17yckag,"Multilingual embeddings (e5), cosine",-1,0.82959
17ykgu1,"Multilingual embeddings (e5), cosine",-1,0.7863
17yu2b0,"Multilingual embeddings (e5), cosine",-1,0.8235
17yu8cn,"Multilingual embeddings (e5), cosine",-1,0.77101
17zke8j,"Multilingual embeddings (e5), cosine",-1,0.82239
17zkjfy,"Multilingual embeddings (e5), cosine",-1,0.80726
17zn0im,"Multilingual embeddings (e5), cosine",-1,0.80522
17zpay1,"Multilingual embeddings (e5), cosine",-1,0.80876
17zqr7n,"Multilingual embeddings (e5), cosine",-1,0.80012
18033zt,"Multilingual embeddings (e5), cosine",-1,0.79478
180gs5o,"Multilingual embeddings (e5), cosine",-1,0.7863
180gxn5,"Multilingual embeddings (e5), cosine",-1,0.80111
180h3tr,"Multilingual embeddings (e5), cosine",-1,0.79739
180hb5x,"Multilingual embeddings (e5), cosine",-1,0.78111
180mjsi,"Multilingual embeddings (e5), cosine",-1,0.75748
180msvv,"Multilingual embeddings (e5), cosine",-1,0.75507
180nlrn,"Multilingual embeddings (e5), cosine",-1,0.75658
180nx0v,"Multilingual embeddings (e5), cosine",-1,0.78776
180nzeq,"Multilingual embeddings (e5), cosine",-1,0.7556
180o1j9,"Multilingual embeddings (e5), cosine",-1,0.80785
1818f84,"Multilingual embeddings (e5), cosine",-1,0.81116
181ge9x,"Multilingual embeddings (e5), cosine",-1,0.86384
181xudn,"Multilingual embeddings (e5), cosine",-1,0.77761
181y11r,"Multilingual embeddings (e5), cosine",-1,0.80566
181y4rx,"Multilingual embeddings (e5), cosine",-1,0.82032
181y8id,"Multilingual embeddings (e5), cosine",-1,0.75927
181yt3j,"Multilingual embeddings (e5), cosine",-1,0.77114
182rkfa,"Multilingual embeddings (e5), cosine",-1,0.78203
182tbwj,"Multilingual embeddings (e5), cosine",-1,0.81308
1845zqp,"Multilingual embeddings (e5), cosine",-1,0.77756
18461pq,"Multilingual embeddings (e5), cosine",-1,0.79178
1846ami,"Multilingual embeddings (e5), cosine",-1,0.75102
1848134,"Multilingual embeddings (e5), cosine",-1,0.75609
1849x68,"Multilingual embeddings (e5), cosine",-1,0.75874
184a09p,"Multilingual embeddings (e5), cosine",-1,0.7798
184dmng,"Multilingual embeddings (e5), cosine",-1,0.74839
184e3hw,"Multilingual embeddings (e5), cosine",-1,0.754
184ervp,"Multilingual embeddings (e5), cosine",-1,0.79032
1853400,"Multilingual embeddings (e5), cosine",-1,0.77779
18538if,"Multilingual embeddings (e5), cosine",-1,0.78763
1853fml,"Multilingual embeddings (e5), cosine",-1,0.78613
185wk08,"Multilingual embeddings (e5), cosine",-1,0.7659
185ymm1,"Multilingual embeddings (e5), cosine",-1,0.79365
185yzts,"Multilingual embeddings (e5), cosine",-1,0.80791
185z2sz,"Multilingual embeddings (e5), cosine",-1,0.78436
185zzg9,"Multilingual embeddings (e5), cosine",-1,0.77005
18608yt,"Multilingual embeddings (e5), cosine",-1,0.774
1866wpi,"Multilingual embeddings (e5), cosine",-1,0.83319
186j9k3,"Multilingual embeddings (e5), cosine",-1,0.83222
186kpuv,"Multilingual embeddings (e5), cosine",-1,0.80761
186l8tl,"Multilingual embeddings (e5), cosine",-1,0.75773
186lcv4,"Multilingual embeddings (e5), cosine",-1,0.76167
186lkq4,"Multilingual embeddings (e5), cosine",-1,0.76949
186lwdb,"Multilingual embeddings (e5), cosine",-1,0.77526
186m1z9,"Multilingual embeddings (e5), cosine",-1,0.79211
186m7ff,"Multilingual embeddings (e5), cosine",-1,0.77825
186mde8,"Multilingual embeddings (e5), cosine",-1,0.74786
186mhdi,"Multilingual embeddings (e5), cosine",-1,0.75778
186mjkp,"Multilingual embeddings (e5), cosine",-1,0.76899
186ml6s,"Multilingual embeddings (e5), cosine",-1,0.76981
186mpba,"Multilingual embeddings (e5), cosine",-1,0.76619
186n1dn,"Multilingual embeddings (e5), cosine",-1,0.80369
186n4c0,"Multilingual embeddings (e5), cosine",-1,0.79621
187g4qk,"Multilingual embeddings (e5), cosine",-1,0.82159
187ghw2,"Multilingual embeddings (e5), cosine",-1,0.76443
187gprg,"Multilingual embeddings (e5), cosine",-1,0.79123
187hltt,"Multilingual embeddings (e5), cosine",-1,0.82954
187u1pc,"Multilingual embeddings (e5), cosine",-1,0.77537
188badl,"Multilingual embeddings (e5), cosine",-1,0.81337
188bvzu,"Multilingual embeddings (e5), cosine",-1,0.79547
188bzfj,"Multilingual embeddings (e5), cosine",-1,0.80019
188klhd,"Multilingual embeddings (e5), cosine",-1,0.80849
188krlj,"Multilingual embeddings (e5), cosine",-1,0.77388
1890ej0,"Multilingual embeddings (e5), cosine",-1,0.78749
18983zo,"Multilingual embeddings (e5), cosine",-1,0.76359
189phwz,"Multilingual embeddings (e5), cosine",-1,0.79321
189tufg,"Multilingual embeddings (e5), cosine",-1,0.76106
189ubhv,"Multilingual embeddings (e5), cosine",-1,0.7972
18ah4jw,"Multilingual embeddings (e5), cosine",-1,0.75967
18ahajl,"Multilingual embeddings (e5), cosine",-1,0.80262
18ahfdd,"Multilingual embeddings (e5), cosine",-1,0.80167
18ahlwf,"Multilingual embeddings (e5), cosine",-1,0.7845
18akrnj,"Multilingual embeddings (e5), cosine",-1,0.7936
18apftn,"Multilingual embeddings (e5), cosine",-1,0.82049
18bc16q,"Multilingual embeddings (e5), cosine",-1,0.79202
18bc5dm,"Multilingual embeddings (e5), cosine",-1,0.78676
18bcasp,"Multilingual embeddings (e5), cosine",-1,0.7883
18bgnbe,"Multilingual embeddings (e5), cosine",-1,0.76399
18bgtno,"Multilingual embeddings (e5), cosine",-1,0.78562
18bh4e6,"Multilingual embeddings (e5), cosine",-1,0.79354
18bh80k,"Multilingual embeddings (e5), cosine",-1,0.7846
18bhh9b,"Multilingual embeddings (e5), cosine",-1,0.83174
18bigzz,"Multilingual embeddings (e5), cosine",-1,0.81741
18bitft,"Multilingual embeddings (e5), cosine",-1,0.81648
18bkx1d,"Multilingual embeddings (e5), cosine",-1,0.77723
18c09cg,"Multilingual embeddings (e5), cosine",-1,0.79474
18c0edo,"Multilingual embeddings (e5), cosine",-1,0.7768
18cabd1,"Multilingual embeddings (e5), cosine",-1,0.80103
18cdet8,"Multilingual embeddings (e5), cosine",-1,0.78213
18cdyur,"Multilingual embeddings (e5), cosine",-1,0.79239
18ce85y,"Multilingual embeddings (e5), cosine",-1,0.78107
18crzkr,"Multilingual embeddings (e5), cosine",-1,0.7688
18csp0f,"Multilingual embeddings (e5), cosine",-1,0.79095
18ct27d,"Multilingual embeddings (e5), cosine",-1,0.77383
18ctaip,"Multilingual embeddings (e5), cosine",-1,0.7727
18d2p1k,"Multilingual embeddings (e5), cosine",-1,0.79646
18d47zq,"Multilingual embeddings (e5), cosine",-1,0.77044
18dji17,"Multilingual embeddings (e5), cosine",-1,0.83246
18djrl4,"Multilingual embeddings (e5), cosine",-1,0.77867
18dk7z9,"Multilingual embeddings (e5), cosine",-1,0.75537
18e92co,"Multilingual embeddings (e5), cosine",-1,0.81463
18eaykt,"Multilingual embeddings (e5), cosine",-1,0.78639
18elnh6,"Multilingual embeddings (e5), cosine",-1,0.76759
18eltoc,"Multilingual embeddings (e5), cosine",-1,0.77599
18em1f5,"Multilingual embeddings (e5), cosine",-1,0.77793
18f05rm,"Multilingual embeddings (e5), cosine",-1,0.79427
18f5v4o,"Multilingual embeddings (e5), cosine",-1,0.7913
18ffwfz,"Multilingual embeddings (e5), cosine",-1,0.80988
18fg7bf,"Multilingual embeddings (e5), cosine",-1,0.77994
18fgddi,"Multilingual embeddings (e5), cosine",-1,0.74449
18fgvak,"Multilingual embeddings (e5), cosine",-1,0.7719
18fh1qp,"Multilingual embeddings (e5), cosine",-1,0.74852
18fh9jf,"Multilingual embeddings (e5), cosine",-1,0.8036
18ftw1l,"Multilingual embeddings (e5), cosine",-1,0.75363
18fzegb,"Multilingual embeddings (e5), cosine",-1,0.80496
18g5a25,"Multilingual embeddings (e5), cosine",-1,0.79014
18gkq9h,"Multilingual embeddings (e5), cosine",-1,0.76609
18gkv34,"Multilingual embeddings (e5), cosine",-1,0.77712
18gl6xg,"Multilingual embeddings (e5), cosine",-1,0.78115
18gll5i,"Multilingual embeddings (e5), cosine",-1,0.84052
18gmv74,"Multilingual embeddings (e5), cosine",-1,0.80018
18gn7la,"Multilingual embeddings (e5), cosine",-1,0.81071
18gpia4,"Multilingual embeddings (e5), cosine",-1,0.79674
18gzi0z,"Multilingual embeddings (e5), cosine",-1,0.76135
18hdw6j,"Multilingual embeddings (e5), cosine",-1,0.82271
18he60e,"Multilingual embeddings (e5), cosine",-1,0.76221
18he9jd,"Multilingual embeddings (e5), cosine",-1,0.77719
18hi268,"Multilingual embeddings (e5), cosine",-1,0.83837
18hkqmo,"Multilingual embeddings (e5), cosine",-1,0.82167
18hodpk,"Multilingual embeddings (e5), cosine",-1,0.78862
18hoj7y,"Multilingual embeddings (e5), cosine",-1,0.80251
18hops5,"Multilingual embeddings (e5), cosine",-1,0.79986
18hotvp,"Multilingual embeddings (e5), cosine",-1,0.78745
18hox14,"Multilingual embeddings (e5), cosine",-1,0.77627
18i38xr,"Multilingual embeddings (e5), cosine",-1,0.79963
18i9c99,"Multilingual embeddings (e5), cosine",-1,0.75246
18i9h8d,"Multilingual embeddings (e5), cosine",-1,0.76124
18i9mdf,"Multilingual embeddings (e5), cosine",-1,0.76301
18i9uoj,"Multilingual embeddings (e5), cosine",-1,0.8014
18i9yzx,"Multilingual embeddings (e5), cosine",-1,0.77725
18ia0w9,"Multilingual embeddings (e5), cosine",-1,0.79723
18iez0f,"Multilingual embeddings (e5), cosine",-1,0.76609
18ig4g1,"Multilingual embeddings (e5), cosine",-1,0.78903
18iuqhn,"Multilingual embeddings (e5), cosine",-1,0.80932
18iwhdy,"Multilingual embeddings (e5), cosine",-1,0.74665
18j02eh,"Multilingual embeddings (e5), cosine",-1,0.84108
18jajeq,"Multilingual embeddings (e5), cosine",-1,0.77304
18jo0xl,"Multilingual embeddings (e5), cosine",-1,0.77868
18jolzj,"Multilingual embeddings (e5), cosine",-1,0.77408
18joqsp,"Multilingual embeddings (e5), cosine",-1,0.80021
18jotju,"Multilingual embeddings (e5), cosine",-1,0.75737
18jowp8,"Multilingual embeddings (e5), cosine",-1,0.79486
18jp4i1,"Multilingual embeddings (e5), cosine",-1,0.79513
18jvway,"Multilingual embeddings (e5), cosine",-1,0.7773
18jwnqu,"Multilingual embeddings (e5), cosine",-1,0.85055
18jyht1,"Multilingual embeddings (e5), cosine",-1,0.83159
18k11hj,"Multilingual embeddings (e5), cosine",-1,0.83519
18kd2ws,"Multilingual embeddings (e5), cosine",-1,0.78793
18khw8l,"Multilingual embeddings (e5), cosine",-1,0.78522
18ki60k,"Multilingual embeddings (e5), cosine",-1,0.80777
18kixym,"Multilingual embeddings (e5), cosine",-1,0.84013
18kltku,"Multilingual embeddings (e5), cosine",-1,0.7666
18kn70h,"Multilingual embeddings (e5), cosine",-1,0.79172
18ktaz7,"Multilingual embeddings (e5), cosine",-1,0.78429
18lfe9z,"Multilingual embeddings (e5), cosine",-1,0.77382
18lhwlp,"Multilingual embeddings (e5), cosine",-1,0.7753
18mbu1m,"Multilingual embeddings (e5), cosine",-1,0.81102
18mcpij,"Multilingual embeddings (e5), cosine",-1,0.84937
18mq8nl,"Multilingual embeddings (e5), cosine",-1,0.79631
18mrsc2,"Multilingual embeddings (e5), cosine",-1,0.77483
18mrxtj,"Multilingual embeddings (e5), cosine",-1,0.79235
18n2ri8,"Multilingual embeddings (e5), cosine",-1,0.7459
18n3o0k,"Multilingual embeddings (e5), cosine",-1,0.78514
18nj44y,"Multilingual embeddings (e5), cosine",-1,0.79009
18oa7yj,"Multilingual embeddings (e5), cosine",-1,0.79275
18oabde,"Multilingual embeddings (e5), cosine",-1,0.77318
18oag62,"Multilingual embeddings (e5), cosine",-1,0.80393
18oeukn,"Multilingual embeddings (e5), cosine",-1,0.77904
18ol12a,"Multilingual embeddings (e5), cosine",-1,0.80431
18p13so,"Multilingual embeddings (e5), cosine",-1,0.80677
18p4exy,"Multilingual embeddings (e5), cosine",-1,0.80606
18p4uxt,"Multilingual embeddings (e5), cosine",-1,0.78168
18pxdpb,"Multilingual embeddings (e5), cosine",-1,0.75719
18q02g4,"Multilingual embeddings (e5), cosine",-1,0.83753
18q08fw,"Multilingual embeddings (e5), cosine",-1,0.80782
18q0me8,"Multilingual embeddings (e5), cosine",-1,0.77032
18q1315,"Multilingual embeddings (e5), cosine",-1,0.74002
18q18c5,"Multilingual embeddings (e5), cosine",-1,0.84251
18q7dok,"Multilingual embeddings (e5), cosine",-1,0.77075
18q7pay,"Multilingual embeddings (e5), cosine",-1,0.79043
18qbah5,"Multilingual embeddings (e5), cosine",-1,0.79369
18qjn6e,"Multilingual embeddings (e5), cosine",-1,0.83475
18qqy7h,"Multilingual embeddings (e5), cosine",-1,0.76064
18r3me2,"Multilingual embeddings (e5), cosine",-1,0.79447
18r3p7w,"Multilingual embeddings (e5), cosine",-1,0.8117
18r3utj,"Multilingual embeddings (e5), cosine",-1,0.75754
18r3zxh,"Multilingual embeddings (e5), cosine",-1,0.79139
18r4o3e,"Multilingual embeddings (e5), cosine",-1,0.76645
18r7rl7,"Multilingual embeddings (e5), cosine",-1,0.83817
18r9fac,"Multilingual embeddings (e5), cosine",-1,0.79318
18r9y4a,"Multilingual embeddings (e5), cosine",-1,0.76683
18rc9to,"Multilingual embeddings (e5), cosine",-1,0.77972
18rcq5b,"Multilingual embeddings (e5), cosine",-1,0.76226
18rlu95,"Multilingual embeddings (e5), cosine",-1,0.78725
18rxowk,"Multilingual embeddings (e5), cosine",-1,0.84699
18sb59t,"Multilingual embeddings (e5), cosine",-1,0.82289
18sbu84,"Multilingual embeddings (e5), cosine",-1,0.76148
18shlh2,"Multilingual embeddings (e5), cosine",-1,0.7787
18slya9,"Multilingual embeddings (e5), cosine",-1,0.7954
18sst67,"Multilingual embeddings (e5), cosine",-1,0.76091
18ssxll,"Multilingual embeddings (e5), cosine",-1,0.81307
18stoaj,"Multilingual embeddings (e5), cosine",-1,0.77377
18syhnz,"Multilingual embeddings (e5), cosine",-1,0.78937
18sys0u,"Multilingual embeddings (e5), cosine",-1,0.72335
18syus6,"Multilingual embeddings (e5), cosine",-1,0.77585
18sznlx,"Multilingual embeddings (e5), cosine",-1,0.80672
18thi0b,"Multilingual embeddings (e5), cosine",-1,0.77257
18tkb7c,"Multilingual embeddings (e5), cosine",-1,0.76925
18tkd9z,"Multilingual embeddings (e5), cosine",-1,0.8278
18tksdh,"Multilingual embeddings (e5), cosine",-1,0.77536
18tky9x,"Multilingual embeddings (e5), cosine",-1,0.77415
18tnkph,"Multilingual embeddings (e5), cosine",-1,0.75596
18ubqiv,"Multilingual embeddings (e5), cosine",-1,0.80138
18ud4q6,"Multilingual embeddings (e5), cosine",-1,0.76897
18ud9zr,"Multilingual embeddings (e5), cosine",-1,0.77569
18uil8k,"Multilingual embeddings (e5), cosine",-1,0.82118
18ujwi7,"Multilingual embeddings (e5), cosine",-1,0.77659
18v49ec,"Multilingual embeddings (e5), cosine",-1,0.81325
18v4gph,"Multilingual embeddings (e5), cosine",-1,0.81644
18v4q9i,"Multilingual embeddings (e5), cosine",-1,0.78182
18v4zat,"Multilingual embeddings (e5), cosine",-1,0.76629
18v55p3,"Multilingual embeddings (e5), cosine",-1,0.81845
18vhgav,"Multilingual embeddings (e5), cosine",-1,0.8086
18vn34a,"Multilingual embeddings (e5), cosine",-1,0.77879
18vzkmg,"Multilingual embeddings (e5), cosine",-1,0.81614
18w3tlb,"Multilingual embeddings (e5), cosine",-1,0.75913
18w3yia,"Multilingual embeddings (e5), cosine",-1,0.81848
18w4epy,"Multilingual embeddings (e5), cosine",-1,0.80709
18w4jfb,"Multilingual embeddings (e5), cosine",-1,0.77951
18w4p3e,"Multilingual embeddings (e5), cosine",-1,0.7776
18wpjsm,"Multilingual embeddings (e5), cosine",-1,0.81337
18wuwyn,"Multilingual embeddings (e5), cosine",-1,0.84847
18ww0tj,"Multilingual embeddings (e5), cosine",-1,0.80552
18wwmkc,"Multilingual embeddings (e5), cosine",-1,0.78507
18x3iki,"Multilingual embeddings (e5), cosine",-1,0.78642
18xshjc,"Multilingual embeddings (e5), cosine",-1,0.8156
18y7fex,"Multilingual embeddings (e5), cosine",-1,0.76123
18y7lpi,"Multilingual embeddings (e5), cosine",-1,0.77639
18y7ryg,"Multilingual embeddings (e5), cosine",-1,0.79365
18y7u0t,"Multilingual embeddings (e5), cosine",-1,0.8053
18y85v6,"Multilingual embeddings (e5), cosine",-1,0.78464
18yhcjt,"Multilingual embeddings (e5), cosine",-1,0.75213
18z23gl,"Multilingual embeddings (e5), cosine",-1,0.77608
18zc6ze,"Multilingual embeddings (e5), cosine",-1,0.80551
18zd4gk,"Multilingual embeddings (e5), cosine",-1,0.83241
19029rc,"Multilingual embeddings (e5), cosine",-1,0.7725
1902iz3,"Multilingual embeddings (e5), cosine",-1,0.7751
19037uo,"Multilingual embeddings (e5), cosine",-1,0.77466
1903ls9,"Multilingual embeddings (e5), cosine",-1,0.79191
1904g3f,"Multilingual embeddings (e5), cosine",-1,0.78698
1905p5l,"Multilingual embeddings (e5), cosine",-1,0.77903
190yp28,"Multilingual embeddings (e5), cosine",-1,0.78963
1911hjg,"Multilingual embeddings (e5), cosine",-1,0.78127
191jc6z,"Multilingual embeddings (e5), cosine",-1,0.79926
191lgbs,"Multilingual embeddings (e5), cosine",-1,0.84587
191mhsu,"Multilingual embeddings (e5), cosine",-1,0.79971
191zmco,"Multilingual embeddings (e5), cosine",-1,0.85683
19292qm,"Multilingual embeddings (e5), cosine",-1,0.81925
192zy7d,"Multilingual embeddings (e5), cosine",-1,0.79676
193yzzs,"Multilingual embeddings (e5), cosine",-1,0.81257
19442rl,"Multilingual embeddings (e5), cosine",-1,0.77883
1954lu5,"Multilingual embeddings (e5), cosine",-1,0.78581
19562p7,"Multilingual embeddings (e5), cosine",-1,0.82099
195e8mq,"Multilingual embeddings (e5), cosine",-1,0.78728
195eipr,"Multilingual embeddings (e5), cosine",-1,0.76691
195eo0f,"Multilingual embeddings (e5), cosine",-1,0.78124
195evcr,"Multilingual embeddings (e5), cosine",-1,0.76155
195f7af,"Multilingual embeddings (e5), cosine",-1,0.76056
195mgrp,"Multilingual embeddings (e5), cosine",-1,0.7797
195p9q1,"Multilingual embeddings (e5), cosine",-1,0.77924
195q3zc,"Multilingual embeddings (e5), cosine",-1,0.77773
195qf4w,"Multilingual embeddings (e5), cosine",-1,0.75756
195r29w,"Multilingual embeddings (e5), cosine",-1,0.80729
195w8db,"Multilingual embeddings (e5), cosine",-1,0.78206
196e0pm,"Multilingual embeddings (e5), cosine",-1,0.82021
196fq04,"Multilingual embeddings (e5), cosine",-1,0.80677
196n1eh,"Multilingual embeddings (e5), cosine",-1,0.83293
1978onb,"Multilingual embeddings (e5), cosine",-1,0.77326
1978to1,"Multilingual embeddings (e5), cosine",-1,0.83824
197buyi,"Multilingual embeddings (e5), cosine",-1,0.82761
197c75f,"Multilingual embeddings (e5), cosine",-1,0.78003
1994aor,"Multilingual embeddings (e5), cosine",-1,0.78663
1994hrx,"Multilingual embeddings (e5), cosine",-1,0.77575
1994lra,"Multilingual embeddings (e5), cosine",-1,0.75373
1995ve0,"Multilingual embeddings (e5), cosine",-1,0.78303
199lpii,"Multilingual embeddings (e5), cosine",-1,0.7952
199ts0c,"Multilingual embeddings (e5), cosine",-1,0.78507
199uls5,"Multilingual embeddings (e5), cosine",-1,0.78814
199upem,"Multilingual embeddings (e5), cosine",-1,0.7597
199v5nt,"Multilingual embeddings (e5), cosine",-1,0.79228
199y5hj,"Multilingual embeddings (e5), cosine",-1,0.81313
19ayc6c,"Multilingual embeddings (e5), cosine",-1,0.78799
19beihz,"Multilingual embeddings (e5), cosine",-1,0.76365
19blujd,"Multilingual embeddings (e5), cosine",-1,0.78235
19c61q1,"Multilingual embeddings (e5), cosine",-1,0.78625
19cvv32,"Multilingual embeddings (e5), cosine",-1,0.78791
19czl9q,"Multilingual embeddings (e5), cosine",-1,0.76935
19eor6q,"Multilingual embeddings (e5), cosine",-1,0.80462
19eoy1h,"Multilingual embeddings (e5), cosine",-1,0.81763
19epeh5,"Multilingual embeddings (e5), cosine",-1,0.79561
19eplt5,"Multilingual embeddings (e5), cosine",-1,0.78833
19eq8em,"Multilingual embeddings (e5), cosine",-1,0.77114
19f7ecz,"Multilingual embeddings (e5), cosine",-1,0.80017
19fc0i6,"Multilingual embeddings (e5), cosine",-1,0.86746
1abdwax,"Multilingual embeddings (e5), cosine",-1,0.86796
1acemay,"Multilingual embeddings (e5), cosine",-1,0.79535
1acjpbe,"Multilingual embeddings (e5), cosine",-1,0.78163
1acjvmx,"Multilingual embeddings (e5), cosine",-1,0.75007
1ack4bv,"Multilingual embeddings (e5), cosine",-1,0.76755
1ackamm,"Multilingual embeddings (e5), cosine",-1,0.79087
1ackdsr,"Multilingual embeddings (e5), cosine",-1,0.80017
1ackjao,"Multilingual embeddings (e5), cosine",-1,0.78134
1ackrld,"Multilingual embeddings (e5), cosine",-1,0.80538
1ackyue,"Multilingual embeddings (e5), cosine",-1,0.7813
1ae0xrq,"Multilingual embeddings (e5), cosine",-1,0.79607
1aejl66,"Multilingual embeddings (e5), cosine",-1,0.84562
1aejqeg,"Multilingual embeddings (e5), cosine",-1,0.78723
1aeq6f6,"Multilingual embeddings (e5), cosine",-1,0.83561
1aewo2e,"Multilingual embeddings (e5), cosine",-1,0.82668
1aff1eg,"Multilingual embeddings (e5), cosine",-1,0.80571
1afitmc,"Multilingual embeddings (e5), cosine",-1,0.85213
1ag3jzd,"Multilingual embeddings (e5), cosine",-1,0.79946
1agbqh8,"Multilingual embeddings (e5), cosine",-1,0.8142
1agd6q8,"Multilingual embeddings (e5), cosine",-1,0.83908
1agz31y,"Multilingual embeddings (e5), cosine",-1,0.77435
1agzeig,"Multilingual embeddings (e5), cosine",-1,0.79547
1agzll5,"Multilingual embeddings (e5), cosine",-1,0.75593
1agzvsv,"Multilingual embeddings (e5), cosine",-1,0.77799
1ah00b4,"Multilingual embeddings (e5), cosine",-1,0.78522
1ah0e99,"Multilingual embeddings (e5), cosine",-1,0.7665
1ah0h9v,"Multilingual embeddings (e5), cosine",-1,0.79532
1ahrm8p,"Multilingual embeddings (e5), cosine",-1,0.77677
1ahw49n,"Multilingual embeddings (e5), cosine",-1,0.76603
1ahwd11,"Multilingual embeddings (e5), cosine",-1,0.79536
1ahx4px,"Multilingual embeddings (e5), cosine",-1,0.78616
1ailjqg,"Multilingual embeddings (e5), cosine",-1,0.76338
1aim3u9,"Multilingual embeddings (e5), cosine",-1,0.81339
1aivqtm,"Multilingual embeddings (e5), cosine",-1,0.83184
1ajbytz,"Multilingual embeddings (e5), cosine",-1,0.79605
1ajgxwq,"Multilingual embeddings (e5), cosine",-1,0.78567
1ajhwrl,"Multilingual embeddings (e5), cosine",-1,0.76495
1aji02k,"Multilingual embeddings (e5), cosine",-1,0.77339
1ajihqi,"Multilingual embeddings (e5), cosine",-1,0.74545
1ajj42n,"Multilingual embeddings (e5), cosine",-1,0.7694
1ajjbr9,"Multilingual embeddings (e5), cosine",-1,0.80631
1ajo0j6,"Multilingual embeddings (e5), cosine",-1,0.75112
1ak5mhd,"Multilingual embeddings (e5), cosine",-1,0.80708
1ak60m3,"Multilingual embeddings (e5), cosine",-1,0.78637
1ak6eyp,"Multilingual embeddings (e5), cosine",-1,0.78857
1akcx06,"Multilingual embeddings (e5), cosine",-1,0.7826
1akd7pl,"Multilingual embeddings (e5), cosine",-1,0.77832
1akhn9s,"Multilingual embeddings (e5), cosine",-1,0.7532
1akhr6q,"Multilingual embeddings (e5), cosine",-1,0.80658
1akhv4r,"Multilingual embeddings (e5), cosine",-1,0.78154
1akifm8,"Multilingual embeddings (e5), cosine",-1,0.80536
1akipte,"Multilingual embeddings (e5), cosine",-1,0.79963
1akiuyh,"Multilingual embeddings (e5), cosine",-1,0.82005
1akizay,"Multilingual embeddings (e5), cosine",-1,0.77994
1akjtd4,"Multilingual embeddings (e5), cosine",-1,0.77929
1akxo26,"Multilingual embeddings (e5), cosine",-1,0.81393
1al11d0,"Multilingual embeddings (e5), cosine",-1,0.79581
1al13nz,"Multilingual embeddings (e5), cosine",-1,0.83771
1al1xgb,"Multilingual embeddings (e5), cosine",-1,0.77579
1al43u9,"Multilingual embeddings (e5), cosine",-1,0.78651
1alsav6,"Multilingual embeddings (e5), cosine",-1,0.74975
1altizo,"Multilingual embeddings (e5), cosine",-1,0.75551
1am0eci,"Multilingual embeddings (e5), cosine",-1,0.78717
1am1bo0,"Multilingual embeddings (e5), cosine",-1,0.82479
1am1lnv,"Multilingual embeddings (e5), cosine",-1,0.79821
1am2aa6,"Multilingual embeddings (e5), cosine",-1,0.81326
1amlld2,"Multilingual embeddings (e5), cosine",-1,0.75683
1amnwe6,"Multilingual embeddings (e5), cosine",-1,0.77651
1anh93u,"Multilingual embeddings (e5), cosine",-1,0.76873
1anl486,"Multilingual embeddings (e5), cosine",-1,0.78253
1anmqz7,"Multilingual embeddings (e5), cosine",-1,0.81624
1annt6e,"Multilingual embeddings (e5), cosine",-1,0.81375
1ao2tgt,"Multilingual embeddings (e5), cosine",-1,0.79517
1ao2y4u,"Multilingual embeddings (e5), cosine",-1,0.79545
1ao3cy1,"Multilingual embeddings (e5), cosine",-1,0.84591
1ao4hr2,"Multilingual embeddings (e5), cosine",-1,0.79394
1aod503,"Multilingual embeddings (e5), cosine",-1,0.81165
1aoez3c,"Multilingual embeddings (e5), cosine",-1,0.76882
1aof953,"Multilingual embeddings (e5), cosine",-1,0.79005
1aofsdm,"Multilingual embeddings (e5), cosine",-1,0.76916
1aogflc,"Multilingual embeddings (e5), cosine",-1,0.77382
1aoze9t,"Multilingual embeddings (e5), cosine",-1,0.82619
1apiqqr,"Multilingual embeddings (e5), cosine",-1,0.80435
1apt1vt,"Multilingual embeddings (e5), cosine",-1,0.82944
1apymz0,"Multilingual embeddings (e5), cosine",-1,0.77508
1aq026k,"Multilingual embeddings (e5), cosine",-1,0.77252
1aq0f7k,"Multilingual embeddings (e5), cosine",-1,0.73518
1aq0wn0,"Multilingual embeddings (e5), cosine",-1,0.76677
1aq1vss,"Multilingual embeddings (e5), cosine",-1,0.79295
1aq28aa,"Multilingual embeddings (e5), cosine",-1,0.80081
1aqp0no,"Multilingual embeddings (e5), cosine",-1,0.79747
1aqpi80,"Multilingual embeddings (e5), cosine",-1,0.79982
1aqrcu7,"Multilingual embeddings (e5), cosine",-1,0.77539
1aqrfc7,"Multilingual embeddings (e5), cosine",-1,0.79062
1aqrv3e,"Multilingual embeddings (e5), cosine",-1,0.79905
1aqryg1,"Multilingual embeddings (e5), cosine",-1,0.77866
1aqs2i8,"Multilingual embeddings (e5), cosine",-1,0.80652
1arcw8y,"Multilingual embeddings (e5), cosine",-1,0.78512
1as4h14,"Multilingual embeddings (e5), cosine",-1,0.78666
1as4xpw,"Multilingual embeddings (e5), cosine",-1,0.81143
1as55sb,"Multilingual embeddings (e5), cosine",-1,0.79062
1as5bg0,"Multilingual embeddings (e5), cosine",-1,0.77593
1as5lzr,"Multilingual embeddings (e5), cosine",-1,0.76683
1as5qzu,"Multilingual embeddings (e5), cosine",-1,0.77401
1as5tdk,"Multilingual embeddings (e5), cosine",-1,0.77516
1as6hiz,"Multilingual embeddings (e5), cosine",-1,0.79671
1as9gdm,"Multilingual embeddings (e5), cosine",-1,0.78788
1asdwa6,"Multilingual embeddings (e5), cosine",-1,0.78084
1asz15m,"Multilingual embeddings (e5), cosine",-1,0.79751
1aszv6y,"Multilingual embeddings (e5), cosine",-1,0.84179
1ath8xx,"Multilingual embeddings (e5), cosine",-1,0.79636
1awlo4p,"Multilingual embeddings (e5), cosine",-1,0.82364
1axghys,"Multilingual embeddings (e5), cosine",-1,0.79811
1azpvx6,"Multilingual embeddings (e5), cosine",-1,0.79928
1b17kx5,"Multilingual embeddings (e5), cosine",-1,0.77544
1b1blip,"Multilingual embeddings (e5), cosine",-1,0.79737
1b1jhg2,"Multilingual embeddings (e5), cosine",-1,0.81866
1b2a8ts,"Multilingual embeddings (e5), cosine",-1,0.80598
1b3mmao,"Multilingual embeddings (e5), cosine",-1,0.82243
1b3zhav,"Multilingual embeddings (e5), cosine",-1,0.84624
1b5uwh9,"Multilingual embeddings (e5), cosine",-1,0.80104
1b7ee96,"Multilingual embeddings (e5), cosine",-1,0.82122
1b7vdil,"Multilingual embeddings (e5), cosine",-1,0.77711
1b7w65o,"Multilingual embeddings (e5), cosine",-1,0.78679
1b8creq,"Multilingual embeddings (e5), cosine",-1,0.84015
1b8cx6y,"Multilingual embeddings (e5), cosine",-1,0.83069
1b8jfkl,"Multilingual embeddings (e5), cosine",-1,0.80118
1b8jlqh,"Multilingual embeddings (e5), cosine",-1,0.7831
1b8k9i6,"Multilingual embeddings (e5), cosine",-1,0.80313
1b8kfw1,"Multilingual embeddings (e5), cosine",-1,0.78233
1b8pmmi,"Multilingual embeddings (e5), cosine",-1,0.7561
1b8qmy7,"Multilingual embeddings (e5), cosine",-1,0.806
1b9lhgk,"Multilingual embeddings (e5), cosine",-1,0.79022
1b9osxh,"Multilingual embeddings (e5), cosine",-1,0.80693
1b9py2e,"Multilingual embeddings (e5), cosine",-1,0.7711
1b9qjeh,"Multilingual embeddings (e5), cosine",-1,0.78798
1b9sch0,"Multilingual embeddings (e5), cosine",-1,0.80099
1b9sxdk,"Multilingual embeddings (e5), cosine",-1,0.82263
1b9tqw9,"Multilingual embeddings (e5), cosine",-1,0.79413
1b9ypda,"Multilingual embeddings (e5), cosine",-1,0.78852
1b9yy29,"Multilingual embeddings (e5), cosine",-1,0.78854
1bacba5,"Multilingual embeddings (e5), cosine",-1,0.76801
1bcu5o4,"Multilingual embeddings (e5), cosine",-1,0.78012
1bcuigb,"Multilingual embeddings (e5), cosine",-1,0.7887
1bcv28t,"Multilingual embeddings (e5), cosine",-1,0.77743
1bcvmhl,"Multilingual embeddings (e5), cosine",-1,0.78786
1bdakef,"Multilingual embeddings (e5), cosine",-1,0.82956
1bdljph,"Multilingual embeddings (e5), cosine",-1,0.78272
1bdoho9,"Multilingual embeddings (e5), cosine",-1,0.77631
1bdr2r5,"Multilingual embeddings (e5), cosine",-1,0.76277
1bdrv5j,"Multilingual embeddings (e5), cosine",-1,0.75772
1bdtnx3,"Multilingual embeddings (e5), cosine",-1,0.80951
1beh8mn,"Multilingual embeddings (e5), cosine",-1,0.76157
1bei9em,"Multilingual embeddings (e5), cosine",-1,0.76087
1beifxc,"Multilingual embeddings (e5), cosine",-1,0.77791
1beky3j,"Multilingual embeddings (e5), cosine",-1,0.77332
1ben3cs,"Multilingual embeddings (e5), cosine",-1,0.7762
1ben4xw,"Multilingual embeddings (e5), cosine",-1,0.82392
1bewdxd,"Multilingual embeddings (e5), cosine",-1,0.77069
1bfl1hm,"Multilingual embeddings (e5), cosine",-1,0.77534
1bg3m43,"Multilingual embeddings (e5), cosine",-1,0.79095
1bg3pzf,"Multilingual embeddings (e5), cosine",-1,0.78971
1bg3u66,"Multilingual embeddings (e5), cosine",-1,0.78762
1bg3wey,"Multilingual embeddings (e5), cosine",-1,0.77721
1bg4123,"Multilingual embeddings (e5), cosine",-1,0.80792
1bg77po,"Multilingual embeddings (e5), cosine",-1,0.7854
1bgfcbc,"Multilingual embeddings (e5), cosine",-1,0.84387
1bgu5zi,"Multilingual embeddings (e5), cosine",-1,0.76536
1bgz5ah,"Multilingual embeddings (e5), cosine",-1,0.80492
1bh735v,"Multilingual embeddings (e5), cosine",-1,0.83685
1bhs7kz,"Multilingual embeddings (e5), cosine",-1,0.82028
1bi3jjx,"Multilingual embeddings (e5), cosine",-1,0.79117
1biu7df,"Multilingual embeddings (e5), cosine",-1,0.79948
1biufo3,"Multilingual embeddings (e5), cosine",-1,0.77356
1bj8m0n,"Multilingual embeddings (e5), cosine",-1,0.84387
1bj98dv,"Multilingual embeddings (e5), cosine",-1,0.84593
1bjc25j,"Multilingual embeddings (e5), cosine",-1,0.84299
1bjiqz4,"Multilingual embeddings (e5), cosine",-1,0.77855
1bjm4ag,"Multilingual embeddings (e5), cosine",-1,0.79997
1bjyqro,"Multilingual embeddings (e5), cosine",-1,0.7855
1bjyyeq,"Multilingual embeddings (e5), cosine",-1,0.77683
1bjz2ok,"Multilingual embeddings (e5), cosine",-1,0.79347
1bjzcrm,"Multilingual embeddings (e5), cosine",-1,0.74541
1bkttoh,"Multilingual embeddings (e5), cosine",-1,0.79566
1bku2zx,"Multilingual embeddings (e5), cosine",-1,0.79996
1bkua8v,"Multilingual embeddings (e5), cosine",-1,0.77714
1bkubkn,"Multilingual embeddings (e5), cosine",-1,0.75415
1bkugao,"Multilingual embeddings (e5), cosine",-1,0.76838
1bkuier,"Multilingual embeddings (e5), cosine",-1,0.76269
1bl8e8r,"Multilingual embeddings (e5), cosine",-1,0.79966
1bl8me7,"Multilingual embeddings (e5), cosine",-1,0.77576
1blo2vs,"Multilingual embeddings (e5), cosine",-1,0.76027
1blo6d1,"Multilingual embeddings (e5), cosine",-1,0.78266
1blrkoa,"Multilingual embeddings (e5), cosine",-1,0.76541
1blsbzn,"Multilingual embeddings (e5), cosine",-1,0.83148
1blxjpc,"Multilingual embeddings (e5), cosine",-1,0.7635
1blxolr,"Multilingual embeddings (e5), cosine",-1,0.7572
1bmj13o,"Multilingual embeddings (e5), cosine",-1,0.83317
1bmmss6,"Multilingual embeddings (e5), cosine",-1,0.80765
1bnuyhx,"Multilingual embeddings (e5), cosine",-1,0.79359
1boyxp2,"Multilingual embeddings (e5), cosine",-1,0.78963
1boyzwh,"Multilingual embeddings (e5), cosine",-1,0.78851
1boz5sd,"Multilingual embeddings (e5), cosine",-1,0.78022
1bp6uhy,"Multilingual embeddings (e5), cosine",-1,0.8122
1bp71yt,"Multilingual embeddings (e5), cosine",-1,0.80384
1bpqwc0,"Multilingual embeddings (e5), cosine",-1,0.77801
1bpqxt5,"Multilingual embeddings (e5), cosine",-1,0.78474
1bpr1pd,"Multilingual embeddings (e5), cosine",-1,0.78269
1bpr607,"Multilingual embeddings (e5), cosine",-1,0.76613
1bprcsk,"Multilingual embeddings (e5), cosine",-1,0.7763
1bprhnx,"Multilingual embeddings (e5), cosine",-1,0.78078
1bpsc5l,"Multilingual embeddings (e5), cosine",-1,0.80266
1bpy1xg,"Multilingual embeddings (e5), cosine",-1,0.83307
1bqui38,"Multilingual embeddings (e5), cosine",-1,0.79174
1bre7fd,"Multilingual embeddings (e5), cosine",-1,0.77042
1brgcf5,"Multilingual embeddings (e5), cosine",-1,0.76987
1brgsd4,"Multilingual embeddings (e5), cosine",-1,0.76067
1brguvr,"Multilingual embeddings (e5), cosine",-1,0.79086
1brgymp,"Multilingual embeddings (e5), cosine",-1,0.80245
1brh3fp,"Multilingual embeddings (e5), cosine",-1,0.78229
1bttjzq,"Multilingual embeddings (e5), cosine",-1,0.82337
1bupp91,"Multilingual embeddings (e5), cosine",-1,0.81748
1butdv4,"Multilingual embeddings (e5), cosine",-1,0.86358
1bvjmgm,"Multilingual embeddings (e5), cosine",-1,0.82178
1bvrt4h,"Multilingual embeddings (e5), cosine",-1,0.80799
1bvupup,"Multilingual embeddings (e5), cosine",-1,0.80854
1bx6piv,"Multilingual embeddings (e5), cosine",-1,0.78275
1c0e70q,"Multilingual embeddings (e5), cosine",-1,0.77872
1c0h6qv,"Multilingual embeddings (e5), cosine",-1,0.81267
1c0lloj,"Multilingual embeddings (e5), cosine",-1,0.84134
1c0o7bl,"Multilingual embeddings (e5), cosine",-1,0.75764
1c0t3sx,"Multilingual embeddings (e5), cosine",-1,0.82133
1c21byc,"Multilingual embeddings (e5), cosine",-1,0.83163
1c27osd,"Multilingual embeddings (e5), cosine",-1,0.84798
1c2a1gl,"Multilingual embeddings (e5), cosine",-1,0.79972
1c3qkzj,"Multilingual embeddings (e5), cosine",-1,0.82903
1c3qnq1,"Multilingual embeddings (e5), cosine",-1,0.87658
1c4sj07,"Multilingual embeddings (e5), cosine",-1,0.80272
1c4yhit,"Multilingual embeddings (e5), cosine",-1,0.83055
1c5hgob,"Multilingual embeddings (e5), cosine",-1,0.80663
1c65n5g,"Multilingual embeddings (e5), cosine",-1,0.82129
1c6cxua,"Multilingual embeddings (e5), cosine",-1,0.77018
1c6vp3p,"Multilingual embeddings (e5), cosine",-1,0.85105
1c6vqsz,"Multilingual embeddings (e5), cosine",-1,0.82703
1cac9tl,"Multilingual embeddings (e5), cosine",-1,0.82485
1cdi9mx,"Multilingual embeddings (e5), cosine",-1,0.76357
1cemajh,"Multilingual embeddings (e5), cosine",-1,0.74594
1cf6ni3,"Multilingual embeddings (e5), cosine",-1,0.8144
1cia37b,"Multilingual embeddings (e5), cosine",-1,0.80222
1cidi5e,"Multilingual embeddings (e5), cosine",-1,0.82944
1cmyai6,"Multilingual embeddings (e5), cosine",-1,0.86036
1co8ccx,"Multilingual embeddings (e5), cosine",-1,0.84224
1corcr4,"Multilingual embeddings (e5), cosine",-1,0.8029
1cow4pc,"Multilingual embeddings (e5), cosine",-1,0.865
1cq3spj,"Multilingual embeddings (e5), cosine",-1,0.82898
1crid3e,"Multilingual embeddings (e5), cosine",-1,0.85263
1crx10r,"Multilingual embeddings (e5), cosine",-1,0.7788
1csfpit,"Multilingual embeddings (e5), cosine",-1,0.82601
1csntuz,"Multilingual embeddings (e5), cosine",-1,0.7835
1cu0aj5,"Multilingual embeddings (e5), cosine",-1,0.80797
1cubufv,"Multilingual embeddings (e5), cosine",-1,0.8171
1cubzin,"Multilingual embeddings (e5), cosine",-1,0.83631
1cusgbb,"Multilingual embeddings (e5), cosine",-1,0.81998
1cynsa1,"Multilingual embeddings (e5), cosine",-1,0.85575
1cyrov7,"Multilingual embeddings (e5), cosine",-1,0.81156
1czrn2k,"Multilingual embeddings (e5), cosine",-1,0.77762
1d08gwl,"Multilingual embeddings (e5), cosine",-1,0.78943
1d10shk,"Multilingual embeddings (e5), cosine",-1,0.78407
1d1qdq9,"Multilingual embeddings (e5), cosine",-1,0.80773
1d2t9x7,"Multilingual embeddings (e5), cosine",-1,0.76869
1d5ohgk,"Multilingual embeddings (e5), cosine",-1,0.82731
1d7c185,"Multilingual embeddings (e5), cosine",-1,0.78447
1d8kd43,"Multilingual embeddings (e5), cosine",-1,0.79723
1d8mic3,"Multilingual embeddings (e5), cosine",-1,0.799
1d8offt,"Multilingual embeddings (e5), cosine",-1,0.7812
1d8s1ie,"Multilingual embeddings (e5), cosine",-1,0.80923
1d9csi9,"Multilingual embeddings (e5), cosine",-1,0.80456
1d9defb,"Multilingual embeddings (e5), cosine",-1,0.79984
1da7njk,"Multilingual embeddings (e5), cosine",-1,0.82517
1da927o,"Multilingual embeddings (e5), cosine",-1,0.79022
1dadxjg,"Multilingual embeddings (e5), cosine",-1,0.83857
1dafkpi,"Multilingual embeddings (e5), cosine",-1,0.77671
1daz7gt,"Multilingual embeddings (e5), cosine",-1,0.78485
1dbpd5d,"Multilingual embeddings (e5), cosine",-1,0.79813
1dbt8zf,"Multilingual embeddings (e5), cosine",-1,0.85746
1dc1d9n,"Multilingual embeddings (e5), cosine",-1,0.85189
1dce6tz,"Multilingual embeddings (e5), cosine",-1,0.79532
1dcf2fh,"Multilingual embeddings (e5), cosine",-1,0.82659
1dcgfo1,"Multilingual embeddings (e5), cosine",-1,0.81105
1dciusk,"Multilingual embeddings (e5), cosine",-1,0.82981
1dczefz,"Multilingual embeddings (e5), cosine",-1,0.80135
1dd6thg,"Multilingual embeddings (e5), cosine",-1,0.81877
1ddi96d,"Multilingual embeddings (e5), cosine",-1,0.80708
1de040h,"Multilingual embeddings (e5), cosine",-1,0.8131
1debgw2,"Multilingual embeddings (e5), cosine",-1,0.80142
1deh5x0,"Multilingual embeddings (e5), cosine",-1,0.82607
1df1ij1,"Multilingual embeddings (e5), cosine",-1,0.80498
1dfjxkf,"Multilingual embeddings (e5), cosine",-1,0.82386
1dfuspz,"Multilingual embeddings (e5), cosine",-1,0.82381
1dg0yts,"Multilingual embeddings (e5), cosine",-1,0.79616
1dgbnph,"Multilingual embeddings (e5), cosine",-1,0.82365
1dgfoey,"Multilingual embeddings (e5), cosine",-1,0.85644
1dgk657,"Multilingual embeddings (e5), cosine",-1,0.85311
1dgwae8,"Multilingual embeddings (e5), cosine",-1,0.80032
1dh48f2,"Multilingual embeddings (e5), cosine",-1,0.82723
1dhhn6b,"Multilingual embeddings (e5), cosine",-1,0.81456
1dhrn9r,"Multilingual embeddings (e5), cosine",-1,0.82329
1dhvl4n,"Multilingual embeddings (e5), cosine",-1,0.8425
1dhvt8s,"Multilingual embeddings (e5), cosine",-1,0.78873
1dikv20,"Multilingual embeddings (e5), cosine",-1,0.81383
1dil8h2,"Multilingual embeddings (e5), cosine",-1,0.80311
1dj28yd,"Multilingual embeddings (e5), cosine",-1,0.83669
1dkbozg,"Multilingual embeddings (e5), cosine",-1,0.85788
1dkdkms,"Multilingual embeddings (e5), cosine",-1,0.85222
1dkl9d9,"Multilingual embeddings (e5), cosine",-1,0.7493
1dkmhn1,"Multilingual embeddings (e5), cosine",-1,0.77943
1dkzwoh,"Multilingual embeddings (e5), cosine",-1,0.81656
1dlchla,"Multilingual embeddings (e5), cosine",-1,0.82437
1dlu8wq,"Multilingual embeddings (e5), cosine",-1,0.84478
1dm1xlr,"Multilingual embeddings (e5), cosine",-1,0.79731
1dnlrek,"Multilingual embeddings (e5), cosine",-1,0.81636
1dny95b,"Multilingual embeddings (e5), cosine",-1,0.80754
1do0zun,"Multilingual embeddings (e5), cosine",-1,0.82368
1do8npk,"Multilingual embeddings (e5), cosine",-1,0.79434
1doah2p,"Multilingual embeddings (e5), cosine",-1,0.79704
1dobijv,"Multilingual embeddings (e5), cosine",-1,0.79686
1dosoob,"Multilingual embeddings (e5), cosine",-1,0.80675
1dp6x90,"Multilingual embeddings (e5), cosine",-1,0.86149
1dp7lq4,"Multilingual embeddings (e5), cosine",-1,0.82659
1dpf9h8,"Multilingual embeddings (e5), cosine",-1,0.80794
1dpmd6j,"Multilingual embeddings (e5), cosine",-1,0.78953
1dpt4w3,"Multilingual embeddings (e5), cosine",-1,0.79549
1dq0rm2,"Multilingual embeddings (e5), cosine",-1,0.82844
1dqj6mf,"Multilingual embeddings (e5), cosine",-1,0.81368
1dr7p6o,"Multilingual embeddings (e5), cosine",-1,0.75884
1drbfvz,"Multilingual embeddings (e5), cosine",-1,0.79459
1ds7f7r,"Multilingual embeddings (e5), cosine",-1,0.84291
1dslge2,"Multilingual embeddings (e5), cosine",-1,0.80885
1dsrb9h,"Multilingual embeddings (e5), cosine",-1,0.82743
1dtf4fi,"Multilingual embeddings (e5), cosine",-1,0.81775
1dtm3r0,"Multilingual embeddings (e5), cosine",-1,0.81533
1dtx7p4,"Multilingual embeddings (e5), cosine",-1,0.82729
1du768r,"Multilingual embeddings (e5), cosine",-1,0.82708
1dukqf3,"Multilingual embeddings (e5), cosine",-1,0.79597
1dv6hry,"Multilingual embeddings (e5), cosine",-1,0.81804
1dv87gw,"Multilingual embeddings (e5), cosine",-1,0.80762
1dv89kh,"Multilingual embeddings (e5), cosine",-1,0.83035
1dxisst,"Multilingual embeddings (e5), cosine",-1,0.8435
1dy24o5,"Multilingual embeddings (e5), cosine",-1,0.83778
1dywnc4,"Multilingual embeddings (e5), cosine",-1,0.83887
1dzt80b,"Multilingual embeddings (e5), cosine",-1,0.82246
1e0hgnf,"Multilingual embeddings (e5), cosine",-1,0.82256
1e1bu76,"Multilingual embeddings (e5), cosine",-1,0.82775
1e1iz84,"Multilingual embeddings (e5), cosine",-1,0.79168
1e1j4d9,"Multilingual embeddings (e5), cosine",-1,0.84916
1e3s5hh,"Multilingual embeddings (e5), cosine",-1,0.83719
1e4ks0l,"Multilingual embeddings (e5), cosine",-1,0.82659
1e4n0px,"Multilingual embeddings (e5), cosine",-1,0.8237
1e4pzmv,"Multilingual embeddings (e5), cosine",-1,0.81699
1e4qpix,"Multilingual embeddings (e5), cosine",-1,0.80332
1e5ci39,"Multilingual embeddings (e5), cosine",-1,0.81854
1e5htqp,"Multilingual embeddings (e5), cosine",-1,0.80277
1e5ok5h,"Multilingual embeddings (e5), cosine",-1,0.81807
1e67ex8,"Multilingual embeddings (e5), cosine",-1,0.82351
1e6gxpc,"Multilingual embeddings (e5), cosine",-1,0.77883
1e787n6,"Multilingual embeddings (e5), cosine",-1,0.77843
1e81mgl,"Multilingual embeddings (e5), cosine",-1,0.84311
1e8v02c,"Multilingual embeddings (e5), cosine",-1,0.7957
1e8z7xp,"Multilingual embeddings (e5), cosine",-1,0.82638
1e9k9a7,"Multilingual embeddings (e5), cosine",-1,0.82122
1eahmzg,"Multilingual embeddings (e5), cosine",-1,0.75521
1eauomt,"Multilingual embeddings (e5), cosine",-1,0.81387
1eaxfbq,"Multilingual embeddings (e5), cosine",-1,0.82218
1ebpsok,"Multilingual embeddings (e5), cosine",-1,0.83751
1ebs243,"Multilingual embeddings (e5), cosine",-1,0.80602
1ebtarw,"Multilingual embeddings (e5), cosine",-1,0.82112
1ec19f9,"Multilingual embeddings (e5), cosine",-1,0.82528
1ecryfs,"Multilingual embeddings (e5), cosine",-1,0.80341
1edaz1f,"Multilingual embeddings (e5), cosine",-1,0.82976
1eddctw,"Multilingual embeddings (e5), cosine",-1,0.78755
1ee6eul,"Multilingual embeddings (e5), cosine",-1,0.8156
1ee7svn,"Multilingual embeddings (e5), cosine",-1,0.83571
1eevmh5,"Multilingual embeddings (e5), cosine",-1,0.8128
1ef3cq1,"Multilingual embeddings (e5), cosine",-1,0.82163
1efayex,"Multilingual embeddings (e5), cosine",-1,0.79023
1efnhye,"Multilingual embeddings (e5), cosine",-1,0.80458
1efsnxh,"Multilingual embeddings (e5), cosine",-1,0.80941
1eftexl,"Multilingual embeddings (e5), cosine",-1,0.81194
1efuetm,"Multilingual embeddings (e5), cosine",-1,0.80219
1efwjrz,"Multilingual embeddings (e5), cosine",-1,0.76672
1eg7v4g,"Multilingual embeddings (e5), cosine",-1,0.82168
1eggnu9,"Multilingual embeddings (e5), cosine",-1,0.83523
1eggq7w,"Multilingual embeddings (e5), cosine",-1,0.77733
1ehg8fx,"Multilingual embeddings (e5), cosine",-1,0.8182
1ehn3st,"Multilingual embeddings (e5), cosine",-1,0.7965
1ei3rkv,"Multilingual embeddings (e5), cosine",-1,0.82904
1ej1snr,"Multilingual embeddings (e5), cosine",-1,0.80505
1ejbu1m,"Multilingual embeddings (e5), cosine",-1,0.81998
1ejuwk0,"Multilingual embeddings (e5), cosine",-1,0.79673
1ek47ig,"Multilingual embeddings (e5), cosine",-1,0.83423
1ekjjwe,"Multilingual embeddings (e5), cosine",-1,0.79018
1elarbx,"Multilingual embeddings (e5), cosine",-1,0.8411
1elhpc6,"Multilingual embeddings (e5), cosine",-1,0.8279
1elhzdn,"Multilingual embeddings (e5), cosine",-1,0.78748
1encwnm,"Multilingual embeddings (e5), cosine",-1,0.83263
1eny8p8,"Multilingual embeddings (e5), cosine",-1,0.81853
1eo4eta,"Multilingual embeddings (e5), cosine",-1,0.79927
1ep2jor,"Multilingual embeddings (e5), cosine",-1,0.80189
1epnvej,"Multilingual embeddings (e5), cosine",-1,0.81189
1epo7f9,"Multilingual embeddings (e5), cosine",-1,0.85609
1eptigv,"Multilingual embeddings (e5), cosine",-1,0.82816
1eqbcee,"Multilingual embeddings (e5), cosine",-1,0.85244
1eqr741,"Multilingual embeddings (e5), cosine",-1,0.78951
1er84xt,"Multilingual embeddings (e5), cosine",-1,0.81046
1eyhz0x,"Multilingual embeddings (e5), cosine",-1,0.80632
1ezcfgb,"Multilingual embeddings (e5), cosine",-1,0.79609
1f1l3cv,"Multilingual embeddings (e5), cosine",-1,0.82801
1f3443m,"Multilingual embeddings (e5), cosine",-1,0.8076
1f4b5wr,"Multilingual embeddings (e5), cosine",-1,0.79028
1f4wdfl,"Multilingual embeddings (e5), cosine",-1,0.85548
1f6jwov,"Multilingual embeddings (e5), cosine",-1,0.83289
1f6pvnp,"Multilingual embeddings (e5), cosine",-1,0.81818
1f72a4j,"Multilingual embeddings (e5), cosine",-1,0.7991
1f9k578,"Multilingual embeddings (e5), cosine",-1,0.79542
1fbxury,"Multilingual embeddings (e5), cosine",-1,0.79932
1fcv2tf,"Multilingual embeddings (e5), cosine",-1,0.78453
1fd8o6t,"Multilingual embeddings (e5), cosine",-1,0.77496
1feub3j,"Multilingual embeddings (e5), cosine",-1,0.81882
1fhyjl8,"Multilingual embeddings (e5), cosine",-1,0.81398
1fks6e4,"Multilingual embeddings (e5), cosine",-1,0.77806
1fl5s5s,"Multilingual embeddings (e5), cosine",-1,0.83359
1fl6mcl,"Multilingual embeddings (e5), cosine",-1,0.79474
1foxbds,"Multilingual embeddings (e5), cosine",-1,0.81046
1fp03ct,"Multilingual embeddings (e5), cosine",-1,0.83346
1fp880l,"Multilingual embeddings (e5), cosine",-1,0.82184
1fpxjmh,"Multilingual embeddings (e5), cosine",-1,0.76814
1fsplqe,"Multilingual embeddings (e5), cosine",-1,0.81742
1ft3bdf,"Multilingual embeddings (e5), cosine",-1,0.79381
1ft7qo3,"Multilingual embeddings (e5), cosine",-1,0.84755
1fv7cc5,"Multilingual embeddings (e5), cosine",-1,0.83579
1fy3t6h,"Multilingual embeddings (e5), cosine",-1,0.78833
1fzrqe1,"Multilingual embeddings (e5), cosine",-1,0.82086
1fztvth,"Multilingual embeddings (e5), cosine",-1,0.84631
1g0ca1k,"Multilingual embeddings (e5), cosine",-1,0.82138
1g13egl,"Multilingual embeddings (e5), cosine",-1,0.88279
1g2zhjt,"Multilingual embeddings (e5), cosine",-1,0.83543
1g3a6yi,"Multilingual embeddings (e5), cosine",-1,0.81284
1g48b3h,"Multilingual embeddings (e5), cosine",-1,0.8513
1g4wao0,"Multilingual embeddings (e5), cosine",-1,0.85824
1g5ln0v,"Multilingual embeddings (e5), cosine",-1,0.85133
1g6cqni,"Multilingual embeddings (e5), cosine",-1,0.80927
1g83j28,"Multilingual embeddings (e5), cosine",-1,0.78564
1g8myad,"Multilingual embeddings (e5), cosine",-1,0.87434
1g8qt3a,"Multilingual embeddings (e5), cosine",-1,0.78045
1g9eloj,"Multilingual embeddings (e5), cosine",-1,0.812
1g9hlg9,"Multilingual embeddings (e5), cosine",-1,0.79167
1gagde0,"Multilingual embeddings (e5), cosine",-1,0.85073
1gaxvyj,"Multilingual embeddings (e5), cosine",-1,0.79041
1gbv39k,"Multilingual embeddings (e5), cosine",-1,0.83209
1gc5enm,"Multilingual embeddings (e5), cosine",-1,0.81378
1gdha3r,"Multilingual embeddings (e5), cosine",-1,0.81258
1gdz53k,"Multilingual embeddings (e5), cosine",-1,0.79221
1ggftpo,"Multilingual embeddings (e5), cosine",-1,0.80452
1ggjlxr,"Multilingual embeddings (e5), cosine",-1,0.83635
1gh1x3r,"Multilingual embeddings (e5), cosine",-1,0.80856
1gk5aqh,"Multilingual embeddings (e5), cosine",-1,0.79282
1gktp3b,"Multilingual embeddings (e5), cosine",-1,0.82388
1gluet4,"Multilingual embeddings (e5), cosine",-1,0.82307
1gmcgh7,"Multilingual embeddings (e5), cosine",-1,0.80327
1gn8qpg,"Multilingual embeddings (e5), cosine",-1,0.76844
1gozh3k,"Multilingual embeddings (e5), cosine",-1,0.84523
1gpv0ke,"Multilingual embeddings (e5), cosine",-1,0.78548
1gq95wb,"Multilingual embeddings (e5), cosine",-1,0.83665
1gq9vso,"Multilingual embeddings (e5), cosine",-1,0.81709
1gqkobf,"Multilingual embeddings (e5), cosine",-1,0.84712
1gsmqzu,"Multilingual embeddings (e5), cosine",-1,0.8439
1gusx02,"Multilingual embeddings (e5), cosine",-1,0.84365
1gut8f7,"Multilingual embeddings (e5), cosine",-1,0.78451
1gvuolb,"Multilingual embeddings (e5), cosine",-1,0.81195
1gwgfse,"Multilingual embeddings (e5), cosine",-1,0.80382
1h0naf9,"Multilingual embeddings (e5), cosine",-1,0.79312
1h0yeip,"Multilingual embeddings (e5), cosine",-1,0.84955
1h148x3,"Multilingual embeddings (e5), cosine",-1,0.80719
1h1agmg,"Multilingual embeddings (e5), cosine",-1,0.7946
1h43ail,"Multilingual embeddings (e5), cosine",-1,0.79773
1h50c4x,"Multilingual embeddings (e5), cosine",-1,0.80581
1h5ujg5,"Multilingual embeddings (e5), cosine",-1,0.83722
1h6c44o,"Multilingual embeddings (e5), cosine",-1,0.80015
1h6jsfq,"Multilingual embeddings (e5), cosine",-1,0.78897
1ha5uf5,"Multilingual embeddings (e5), cosine",-1,0.81494
1ha7mzh,"Multilingual embeddings (e5), cosine",-1,0.81753
1hapzx9,"Multilingual embeddings (e5), cosine",-1,0.83234
1hb5l6u,"Multilingual embeddings (e5), cosine",-1,0.8812
1hbp8gi,"Multilingual embeddings (e5), cosine",-1,0.83104
1hc3gcw,"Multilingual embeddings (e5), cosine",-1,0.86708
1hc46hu,"Multilingual embeddings (e5), cosine",-1,0.81462
1hcu28q,"Multilingual embeddings (e5), cosine",-1,0.77744
1hdaa42,"Multilingual embeddings (e5), cosine",-1,0.77196
1hdi0kn,"Multilingual embeddings (e5), cosine",-1,0.78432
1hfhac4,"Multilingual embeddings (e5), cosine",-1,0.80367
1hfikff,"Multilingual embeddings (e5), cosine",-1,0.79038
1hgjn5n,"Multilingual embeddings (e5), cosine",-1,0.80587
1hhbyvd,"Multilingual embeddings (e5), cosine",-1,0.80979
1hin2h3,"Multilingual embeddings (e5), cosine",-1,0.79772
1hj9s5a,"Multilingual embeddings (e5), cosine",-1,0.78184
1hjdevb,"Multilingual embeddings (e5), cosine",-1,0.75105
1hmltqw,"Multilingual embeddings (e5), cosine",-1,0.87474
1hnndcr,"Multilingual embeddings (e5), cosine",-1,0.79535
1ho8n68,"Multilingual embeddings (e5), cosine",-1,0.80328
1hqhe8n,"Multilingual embeddings (e5), cosine",-1,0.77716
1hr82n0,"Multilingual embeddings (e5), cosine",-1,0.82107
1hrsn74,"Multilingual embeddings (e5), cosine",-1,0.82871
1htc6ow,"Multilingual embeddings (e5), cosine",-1,0.81954
1htczxo,"Multilingual embeddings (e5), cosine",-1,0.80918
1hufee1,"Multilingual embeddings (e5), cosine",-1,0.81542
1hvo0zx,"Multilingual embeddings (e5), cosine",-1,0.76749
1hvpi1h,"Multilingual embeddings (e5), cosine",-1,0.78542
1hvq823,"Multilingual embeddings (e5), cosine",-1,0.8009
1hwi09l,"Multilingual embeddings (e5), cosine",-1,0.79291
1hx8pwq,"Multilingual embeddings (e5), cosine",-1,0.81182
1hx8x8q,"Multilingual embeddings (e5), cosine",-1,0.84126
1hxbe2s,"Multilingual embeddings (e5), cosine",-1,0.80965
1hxxy5b,"Multilingual embeddings (e5), cosine",-1,0.8506
1hy04tq,"Multilingual embeddings (e5), cosine",-1,0.79409
1hyg0l8,"Multilingual embeddings (e5), cosine",-1,0.80895
1hyiyks,"Multilingual embeddings (e5), cosine",-1,0.80825
1hyzp7t,"Multilingual embeddings (e5), cosine",-1,0.80724
1i0covs,"Multilingual embeddings (e5), cosine",-1,0.82339
1i11ann,"Multilingual embeddings (e5), cosine",-1,0.80159
1i11tx2,"Multilingual embeddings (e5), cosine",-1,0.82529
1i1glkr,"Multilingual embeddings (e5), cosine",-1,0.81938
1i3a84e,"Multilingual embeddings (e5), cosine",-1,0.81958
1i3deqt,"Multilingual embeddings (e5), cosine",-1,0.78948
1i3do0y,"Multilingual embeddings (e5), cosine",-1,0.80521
1i5m6qi,"Multilingual embeddings (e5), cosine",-1,0.77024
1i66ogv,"Multilingual embeddings (e5), cosine",-1,0.80671
1i7yh9h,"Multilingual embeddings (e5), cosine",-1,0.82998
1i81a29,"Multilingual embeddings (e5), cosine",-1,0.81189
1i81gdj,"Multilingual embeddings (e5), cosine",-1,0.80983
1i8sbuw,"Multilingual embeddings (e5), cosine",-1,0.82393
1i8vrzn,"Multilingual embeddings (e5), cosine",-1,0.83476
1iaef4b,"Multilingual embeddings (e5), cosine",-1,0.78072
1ib5egz,"Multilingual embeddings (e5), cosine",-1,0.81709
1ic7jen,"Multilingual embeddings (e5), cosine",-1,0.82736
1icbj4w,"Multilingual embeddings (e5), cosine",-1,0.80223
1id18ec,"Multilingual embeddings (e5), cosine",-1,0.80241
1ie7byj,"Multilingual embeddings (e5), cosine",-1,0.84449
1if751o,"Multilingual embeddings (e5), cosine",-1,0.80104
1ifzfhj,"Multilingual embeddings (e5), cosine",-1,0.83709
1igmw0o,"Multilingual embeddings (e5), cosine",-1,0.81444
1igqw7t,"Multilingual embeddings (e5), cosine",-1,0.79851
1ihpo79,"Multilingual embeddings (e5), cosine",-1,0.7888
1iixvvo,"Multilingual embeddings (e5), cosine",-1,0.82699
1ij0hgz,"Multilingual embeddings (e5), cosine",-1,0.80478
1ijr7gd,"Multilingual embeddings (e5), cosine",-1,0.83467
1ijs5ob,"Multilingual embeddings (e5), cosine",-1,0.83802
1ijylle,"Multilingual embeddings (e5), cosine",-1,0.86372
1im199p,"Multilingual embeddings (e5), cosine",-1,0.80951
1im2tam,"Multilingual embeddings (e5), cosine",-1,0.82402
1imwlav,"Multilingual embeddings (e5), cosine",-1,0.83049
1in284x,"Multilingual embeddings (e5), cosine",-1,0.78585
1inmns6,"Multilingual embeddings (e5), cosine",-1,0.79528
1ipadvs,"Multilingual embeddings (e5), cosine",-1,0.81836
1ipdkp5,"Multilingual embeddings (e5), cosine",-1,0.80145
1iq0dp6,"Multilingual embeddings (e5), cosine",-1,0.80174
1iswcqa,"Multilingual embeddings (e5), cosine",-1,0.87127
1it0s8n,"Multilingual embeddings (e5), cosine",-1,0.76748
1ituppo,"Multilingual embeddings (e5), cosine",-1,0.78088
1iuj56b,"Multilingual embeddings (e5), cosine",-1,0.81137
1iun1kw,"Multilingual embeddings (e5), cosine",-1,0.80179
1iuyk4n,"Multilingual embeddings (e5), cosine",-1,0.7868
1iwdhfd,"Multilingual embeddings (e5), cosine",-1,0.80114
1iyug40,"Multilingual embeddings (e5), cosine",-1,0.80509
1j1rf8d,"Multilingual embeddings (e5), cosine",-1,0.78558
1j3jh04,"Multilingual embeddings (e5), cosine",-1,0.82326
1j3kjt2,"Multilingual embeddings (e5), cosine",-1,0.82048
1j49sfh,"Multilingual embeddings (e5), cosine",-1,0.83172
1j5jitq,"Multilingual embeddings (e5), cosine",-1,0.79702
1j5ovgx,"Multilingual embeddings (e5), cosine",-1,0.81178
1j6lvx0,"Multilingual embeddings (e5), cosine",-1,0.82848
1j7uext,"Multilingual embeddings (e5), cosine",-1,0.82446
1j7w2rf,"Multilingual embeddings (e5), cosine",-1,0.84584
1j9rxig,"Multilingual embeddings (e5), cosine",-1,0.82616
1ja0ns4,"Multilingual embeddings (e5), cosine",-1,0.813
1jaa8gs,"Multilingual embeddings (e5), cosine",-1,0.83115
1jacozo,"Multilingual embeddings (e5), cosine",-1,0.81315
1jbzbnk,"Multilingual embeddings (e5), cosine",-1,0.8158
1jc8doo,"Multilingual embeddings (e5), cosine",-1,0.78063
1jcudse,"Multilingual embeddings (e5), cosine",-1,0.78797
1jee6nr,"Multilingual embeddings (e5), cosine",-1,0.79797
1jim3gj,"Multilingual embeddings (e5), cosine",-1,0.8393
1jkcw2a,"Multilingual embeddings (e5), cosine",-1,0.8002
1jl0adx,"Multilingual embeddings (e5), cosine",-1,0.82418
1jlc1df,"Multilingual embeddings (e5), cosine",-1,0.78886
1jmjhz5,"Multilingual embeddings (e5), cosine",-1,0.7714
1jmkx80,"Multilingual embeddings (e5), cosine",-1,0.81233
1jn90x9,"Multilingual embeddings (e5), cosine",-1,0.84323
1jnlz07,"Multilingual embeddings (e5), cosine",-1,0.81451
1jnyt37,"Multilingual embeddings (e5), cosine",-1,0.82369
1jnzdy2,"Multilingual embeddings (e5), cosine",-1,0.81349
1jnzub5,"Multilingual embeddings (e5), cosine",-1,0.82817
1jo0i7v,"Multilingual embeddings (e5), cosine",-1,0.81234
1jo10t9,"Multilingual embeddings (e5), cosine",-1,0.84403
1jo28i9,"Multilingual embeddings (e5), cosine",-1,0.81689
1jo46y3,"Multilingual embeddings (e5), cosine",-1,0.84057
1jo83tu,"Multilingual embeddings (e5), cosine",-1,0.83479
1joad9b,"Multilingual embeddings (e5), cosine",-1,0.85493
1jocksy,"Multilingual embeddings (e5), cosine",-1,0.8461
1joneqw,"Multilingual embeddings (e5), cosine",-1,0.83086
1joq4h3,"Multilingual embeddings (e5), cosine",-1,0.82467
1jp23rz,"Multilingual embeddings (e5), cosine",-1,0.82662
1jphe7w,"Multilingual embeddings (e5), cosine",-1,0.82643
1jpkvyf,"Multilingual embeddings (e5), cosine",-1,0.83086
1jpl22e,"Multilingual embeddings (e5), cosine",-1,0.85072
1jpmasw,"Multilingual embeddings (e5), cosine",-1,0.82857
1jpp80q,"Multilingual embeddings (e5), cosine",-1,0.85494
1jprt1e,"Multilingual embeddings (e5), cosine",-1,0.83908
1jpv8vq,"Multilingual embeddings (e5), cosine",-1,0.82392
1jqqtde,"Multilingual embeddings (e5), cosine",-1,0.80534
1jr5577,"Multilingual embeddings (e5), cosine",-1,0.8318
1jr688z,"Multilingual embeddings (e5), cosine",-1,0.84611
1jrafld,"Multilingual embeddings (e5), cosine",-1,0.79528
1js7lsl,"Multilingual embeddings (e5), cosine",-1,0.83738
1jsr12u,"Multilingual embeddings (e5), cosine",-1,0.81653
1jsutxx,"Multilingual embeddings (e5), cosine",-1,0.82522
1jtd9pp,"Multilingual embeddings (e5), cosine",-1,0.82084
1juze39,"Multilingual embeddings (e5), cosine",-1,0.79614
1jv1432,"Multilingual embeddings (e5), cosine",-1,0.80487
1jv1tpc,"Multilingual embeddings (e5), cosine",-1,0.78736
1jw3g0e,"Multilingual embeddings (e5), cosine",-1,0.83971
1jye6fe,"Multilingual embeddings (e5), cosine",-1,0.81246
1k1itoj,"Multilingual embeddings (e5), cosine",-1,0.81281
1k27tg8,"Multilingual embeddings (e5), cosine",-1,0.82683
1k27uxd,"Multilingual embeddings (e5), cosine",-1,0.84441
1k2m4vs,"Multilingual embeddings (e5), cosine",-1,0.86419
1k2u7y8,"Multilingual embeddings (e5), cosine",-1,0.77212
1k54kf0,"Multilingual embeddings (e5), cosine",-1,0.80002
1k5569e,"Multilingual embeddings (e5), cosine",-1,0.82478
1k5bkkx,"Multilingual embeddings (e5), cosine",-1,0.84997
1k643iq,"Multilingual embeddings (e5), cosine",-1,0.8247
1k7w1j5,"Multilingual embeddings (e5), cosine",-1,0.82723
1k9ry0u,"Multilingual embeddings (e5), cosine",-1,0.83559
1k9xhcs,"Multilingual embeddings (e5), cosine",-1,0.83531
1ka6v47,"Multilingual embeddings (e5), cosine",-1,0.79827
1kamfwx,"Multilingual embeddings (e5), cosine",-1,0.85916
1katfve,"Multilingual embeddings (e5), cosine",-1,0.83748
1kcy87o,"Multilingual embeddings (e5), cosine",-1,0.80415
1ke82uh,"Multilingual embeddings (e5), cosine",-1,0.7806
1kl7twc,"Multilingual embeddings (e5), cosine",-1,0.77487
1klgqeh,"Multilingual embeddings (e5), cosine",-1,0.79992
1klipsg,"Multilingual embeddings (e5), cosine",-1,0.81781
1km8ijo,"Multilingual embeddings (e5), cosine",-1,0.77794
1kmda67,"Multilingual embeddings (e5), cosine",-1,0.81841
1kmfoup,"Multilingual embeddings (e5), cosine",-1,0.80963
1knvqry,"Multilingual embeddings (e5), cosine",-1,0.8012
1ko25wn,"Multilingual embeddings (e5), cosine",-1,0.80509
1ko7oem,"Multilingual embeddings (e5), cosine",-1,0.78055
1kpd8dv,"Multilingual embeddings (e5), cosine",-1,0.81425
1kq99jd,"Multilingual embeddings (e5), cosine",-1,0.80904
1kqd8xa,"Multilingual embeddings (e5), cosine",-1,0.78681
1krcbyz,"Multilingual embeddings (e5), cosine",-1,0.80968
1kthgc8,"Multilingual embeddings (e5), cosine",-1,0.78602
1ktj5x9,"Multilingual embeddings (e5), cosine",-1,0.8375
1kttop0,"Multilingual embeddings (e5), cosine",-1,0.7968
1kuag2w,"Multilingual embeddings (e5), cosine",-1,0.80352
1kvobxy,"Multilingual embeddings (e5), cosine",-1,0.79825
1kvzwfx,"Multilingual embeddings (e5), cosine",-1,0.7785
1kwlwe8,"Multilingual embeddings (e5), cosine",-1,0.78008
1kwtd72,"Multilingual embeddings (e5), cosine",-1,0.80498
1kxdu77,"Multilingual embeddings (e5), cosine",-1,0.76557
1kz19te,"Multilingual embeddings (e5), cosine",-1,0.81696
1kzwmx8,"Multilingual embeddings (e5), cosine",-1,0.80648
1l1c7i0,"Multilingual embeddings (e5), cosine",-1,0.76388
1l29u95,"Multilingual embeddings (e5), cosine",-1,0.80146
1l2kjvv,"Multilingual embeddings (e5), cosine",-1,0.84195
1l3178n,"Multilingual embeddings (e5), cosine",-1,0.84465
1l3cown,"Multilingual embeddings (e5), cosine",-1,0.84046
1l46ruf,"Multilingual embeddings (e5), cosine",-1,0.75739
1l47zya,"Multilingual embeddings (e5), cosine",-1,0.77407
1l72s05,"Multilingual embeddings (e5), cosine",-1,0.85871
1l7se5k,"Multilingual embeddings (e5), cosine",-1,0.76353
1l80rbv,"Multilingual embeddings (e5), cosine",-1,0.80539
1l8216k,"Multilingual embeddings (e5), cosine",-1,0.78651
1l87zf2,"Multilingual embeddings (e5), cosine",-1,0.84925
1l90tcf,"Multilingual embeddings (e5), cosine",-1,0.80072
1l9u2my,"Multilingual embeddings (e5), cosine",-1,0.79996
1lbumx0,"Multilingual embeddings (e5), cosine",-1,0.81688
1lbz6gz,"Multilingual embeddings (e5), cosine",-1,0.79967
1ldh464,"Multilingual embeddings (e5), cosine",-1,0.79171
1lfvi3m,"Multilingual embeddings (e5), cosine",-1,0.84282
1lfxh0w,"Multilingual embeddings (e5), cosine",-1,0.79722
1lfyerd,"Multilingual embeddings (e5), cosine",-1,0.84422
1lg8edj,"Multilingual embeddings (e5), cosine",-1,0.76676
1lgssgk,"Multilingual embeddings (e5), cosine",-1,0.8038
1lhh86x,"Multilingual embeddings (e5), cosine",-1,0.80767
1lhl4ii,"Multilingual embeddings (e5), cosine",-1,0.79392
1lhr2qg,"Multilingual embeddings (e5), cosine",-1,0.84962
1lidzfg,"Multilingual embeddings (e5), cosine",-1,0.84143
1lihtgy,"Multilingual embeddings (e5), cosine",-1,0.76097
1lj94fo,"Multilingual embeddings (e5), cosine",-1,0.78189
1ljio9k,"Multilingual embeddings (e5), cosine",-1,0.82349
1lk22jw,"Multilingual embeddings (e5), cosine",-1,0.8773
1lktm2h,"Multilingual embeddings (e5), cosine",-1,0.88064
1lkvd8l,"Multilingual embeddings (e5), cosine",-1,0.86287
1lkvwgy,"Multilingual embeddings (e5), cosine",-1,0.84685
1ll3qvg,"Multilingual embeddings (e5), cosine",-1,0.81615
1ll5ke3,"Multilingual embeddings (e5), cosine",-1,0.82599
1lltmwj,"Multilingual embeddings (e5), cosine",-1,0.77357
1lnaa3b,"Multilingual embeddings (e5), cosine",-1,0.83852
1lnkdjr,"Multilingual embeddings (e5), cosine",-1,0.87137
1lnl6nc,"Multilingual embeddings (e5), cosine",-1,0.79995
1lo23v1,"Multilingual embeddings (e5), cosine",-1,0.83426
1loaoov,"Multilingual embeddings (e5), cosine",-1,0.82674
1loembe,"Multilingual embeddings (e5), cosine",-1,0.79904
1lomeea,"Multilingual embeddings (e5), cosine",-1,0.85024
1louyid,"Multilingual embeddings (e5), cosine",-1,0.77
1loz2kf,"Multilingual embeddings (e5), cosine",-1,0.79836
1lpilhq,"Multilingual embeddings (e5), cosine",-1,0.83321
1lpr0n6,"Multilingual embeddings (e5), cosine",-1,0.81132
1lpsj7n,"Multilingual embeddings (e5), cosine",-1,0.8301
1lpztio,"Multilingual embeddings (e5), cosine",-1,0.79679
1lqaa0q,"Multilingual embeddings (e5), cosine",-1,0.79803
1lqpgq1,"Multilingual embeddings (e5), cosine",-1,0.80575
1lqu21x,"Multilingual embeddings (e5), cosine",-1,0.80059
1lreoc5,"Multilingual embeddings (e5), cosine",-1,0.79989
1lrhamx,"Multilingual embeddings (e5), cosine",-1,0.85722
1lrl3rm,"Multilingual embeddings (e5), cosine",-1,0.81531
1lrpzay,"Multilingual embeddings (e5), cosine",-1,0.79923
1ls2kso,"Multilingual embeddings (e5), cosine",-1,0.7837
1ls7ybf,"Multilingual embeddings (e5), cosine",-1,0.84686
1ltn316,"Multilingual embeddings (e5), cosine",-1,0.82225
1lttu2k,"Multilingual embeddings (e5), cosine",-1,0.81509
1lumn3f,"Multilingual embeddings (e5), cosine",-1,0.80117
1luug1d,"Multilingual embeddings (e5), cosine",-1,0.82454
1lvbkkb,"Multilingual embeddings (e5), cosine",-1,0.79135
1lvhasv,"Multilingual embeddings (e5), cosine",-1,0.80922
1lvq9jg,"Multilingual embeddings (e5), cosine",-1,0.80424
1lws0nc,"Multilingual embeddings (e5), cosine",-1,0.80888
1lxsvbn,"Multilingual embeddings (e5), cosine",-1,0.78435
1lxwxac,"Multilingual embeddings (e5), cosine",-1,0.87136
1lxxudv,"Multilingual embeddings (e5), cosine",-1,0.77051
1lxzhs4,"Multilingual embeddings (e5), cosine",-1,0.78226
1lz4t29,"Multilingual embeddings (e5), cosine",-1,0.79271
1lzbd5g,"Multilingual embeddings (e5), cosine",-1,0.79206
1m0ckky,"Multilingual embeddings (e5), cosine",-1,0.79113
1m0mcfn,"Multilingual embeddings (e5), cosine",-1,0.77284
1m0pqg1,"Multilingual embeddings (e5), cosine",-1,0.79178
1m183tv,"Multilingual embeddings (e5), cosine",-1,0.79135
1m2964x,"Multilingual embeddings (e5), cosine",-1,0.80927
1m34eik,"Multilingual embeddings (e5), cosine",-1,0.77344
1m3pnm5,"Multilingual embeddings (e5), cosine",-1,0.82303
1m4f1wx,"Multilingual embeddings (e5), cosine",-1,0.78503
1m4iult,"Multilingual embeddings (e5), cosine",-1,0.82254
1m4m9rz,"Multilingual embeddings (e5), cosine",-1,0.80665
1m4yfj2,"Multilingual embeddings (e5), cosine",-1,0.81184
1m5hb1j,"Multilingual embeddings (e5), cosine",-1,0.78333
1m5qui7,"Multilingual embeddings (e5), cosine",-1,0.82383
1m5tooc,"Multilingual embeddings (e5), cosine",-1,0.79513
1m6i27q,"Multilingual embeddings (e5), cosine",-1,0.82954
1m8qv12,"Multilingual embeddings (e5), cosine",-1,0.75761
1m8wmlx,"Multilingual embeddings (e5), cosine",-1,0.80714
1m8zs6c,"Multilingual embeddings (e5), cosine",-1,0.78471
1m91l87,"Multilingual embeddings (e5), cosine",-1,0.81252
1madrnd,"Multilingual embeddings (e5), cosine",-1,0.83845
1mc6322,"Multilingual embeddings (e5), cosine",-1,0.8364
1mc73gw,"Multilingual embeddings (e5), cosine",-1,0.83495
1mc8bfv,"Multilingual embeddings (e5), cosine",-1,0.81267
1mcqw1b,"Multilingual embeddings (e5), cosine",-1,0.85002
1md1s57,"Multilingual embeddings (e5), cosine",-1,0.82726
1md5ss3,"Multilingual embeddings (e5), cosine",-1,0.77283
1mdj68n,"Multilingual embeddings (e5), cosine",-1,0.8054
1mei15u,"Multilingual embeddings (e5), cosine",-1,0.80772
1mes1ce,"Multilingual embeddings (e5), cosine",-1,0.81579
1met49u,"Multilingual embeddings (e5), cosine",-1,0.82572
1mhqow0,"Multilingual embeddings (e5), cosine",-1,0.79995
1mi4i3n,"Multilingual embeddings (e5), cosine",-1,0.81579
1mi6o5o,"Multilingual embeddings (e5), cosine",-1,0.79148
1miewf0,"Multilingual embeddings (e5), cosine",-1,0.80409
1mihwst,"Multilingual embeddings (e5), cosine",-1,0.7979
1miv7op,"Multilingual embeddings (e5), cosine",-1,0.78853
1mk0b4y,"Multilingual embeddings (e5), cosine",-1,0.80531
1mk5oz2,"Multilingual embeddings (e5), cosine",-1,0.82574
1mk82z0,"Multilingual embeddings (e5), cosine",-1,0.81173
1mk83ge,"Multilingual embeddings (e5), cosine",-1,0.8462
1mkrn7g,"Multilingual embeddings (e5), cosine",-1,0.78026
1mmdxdf,"Multilingual embeddings (e5), cosine",-1,0.78514
1mnzdhe,"Multilingual embeddings (e5), cosine",-1,0.83939
1mpxent,"Multilingual embeddings (e5), cosine",-1,0.78011
1msdabb,"Multilingual embeddings (e5), cosine",-1,0.77796
1msmenf,"Multilingual embeddings (e5), cosine",-1,0.82778
1mst8sl,"Multilingual embeddings (e5), cosine",-1,0.808
1mu3ve3,"Multilingual embeddings (e5), cosine",-1,0.79194
1mvx5vj,"Multilingual embeddings (e5), cosine",-1,0.78535
1mw6wdr,"Multilingual embeddings (e5), cosine",-1,0.83859
1mx0rsb,"Multilingual embeddings (e5), cosine",-1,0.82699
1mxiec8,"Multilingual embeddings (e5), cosine",-1,0.78295
1myr3zi,"Multilingual embeddings (e5), cosine",-1,0.79551
1mysrmi,"Multilingual embeddings (e5), cosine",-1,0.78712
1n00mwq,"Multilingual embeddings (e5), cosine",-1,0.8086
1n0idwd,"Multilingual embeddings (e5), cosine",-1,0.81674
1n29zvi,"Multilingual embeddings (e5), cosine",-1,0.78614
1n2ko37,"Multilingual embeddings (e5), cosine",-1,0.83421
1n2n1vi,"Multilingual embeddings (e5), cosine",-1,0.8241
1n6d412,"Multilingual embeddings (e5), cosine",-1,0.81856
1n7m037,"Multilingual embeddings (e5), cosine",-1,0.79644
1n7t1i2,"Multilingual embeddings (e5), cosine",-1,0.81132
1n80kbv,"Multilingual embeddings (e5), cosine",-1,0.80392
1n8ylf6,"Multilingual embeddings (e5), cosine",-1,0.77381
1n97f25,"Multilingual embeddings (e5), cosine",-1,0.81097
1n9tcns,"Multilingual embeddings (e5), cosine",-1,0.85468
1nabpfj,"Multilingual embeddings (e5), cosine",-1,0.79153
1nam6s4,"Multilingual embeddings (e5), cosine",-1,0.76168
1nb0gug,"Multilingual embeddings (e5), cosine",-1,0.81527
1nbhfqe,"Multilingual embeddings (e5), cosine",-1,0.77451
1nbt91a,"Multilingual embeddings (e5), cosine",-1,0.77063
1ncftmo,"Multilingual embeddings (e5), cosine",-1,0.78254
1ncgjf2,"Multilingual embeddings (e5), cosine",-1,0.78567
1ncgw0y,"Multilingual embeddings (e5), cosine",-1,0.81337
1ncgwyi,"Multilingual embeddings (e5), cosine",-1,0.7833
1ncijfc,"Multilingual embeddings (e5), cosine",-1,0.80922
1ncwrna,"Multilingual embeddings (e5), cosine",-1,0.81028
1ndappw,"Multilingual embeddings (e5), cosine",-1,0.82978
1neeiru,"Multilingual embeddings (e5), cosine",-1,0.81906
1nexvca,"Multilingual embeddings (e5), cosine",-1,0.79896
1nfeyyx,"Multilingual embeddings (e5), cosine",-1,0.85021
1ngl5zs,"Multilingual embeddings (e5), cosine",-1,0.78053
1ngmicc,"Multilingual embeddings (e5), cosine",-1,0.8272
1ngvc84,"Multilingual embeddings (e5), cosine",-1,0.76464
1nhdbex,"Multilingual embeddings (e5), cosine",-1,0.79816
1nhf5mw,"Multilingual embeddings (e5), cosine",-1,0.75321
1nhgp7g,"Multilingual embeddings (e5), cosine",-1,0.81063
1ni8qr8,"Multilingual embeddings (e5), cosine",-1,0.79444
1nix6rd,"Multilingual embeddings (e5), cosine",-1,0.81998
1njhtof,"Multilingual embeddings (e5), cosine",-1,0.81536
1nkxy37,"Multilingual embeddings (e5), cosine",-1,0.79142
1nm3oh1,"Multilingual embeddings (e5), cosine",-1,0.80607
1nogham,"Multilingual embeddings (e5), cosine",-1,0.78398
1nojzpd,"Multilingual embeddings (e5), cosine",-1,0.81855
1nq29i0,"Multilingual embeddings (e5), cosine",-1,0.82011
1nq55bf,"Multilingual embeddings (e5), cosine",-1,0.78599
1nqv1j0,"Multilingual embeddings (e5), cosine",-1,0.78382
1ns3gi4,"Multilingual embeddings (e5), cosine",-1,0.81547
1nsyao7,"Multilingual embeddings (e5), cosine",-1,0.82425
1nu83so,"Multilingual embeddings (e5), cosine",-1,0.78568
1nvg1xa,"Multilingual embeddings (e5), cosine",-1,0.81753
1nwvfm8,"Multilingual embeddings (e5), cosine",-1,0.81821
1nx33q5,"Multilingual embeddings (e5), cosine",-1,0.81164
1nx88d8,"Multilingual embeddings (e5), cosine",-1,0.82336
1nzf1wi,"Multilingual embeddings (e5), cosine",-1,0.83216
1o14a93,"Multilingual embeddings (e5), cosine",-1,0.75424
1o17n4f,"Multilingual embeddings (e5), cosine",-1,0.81313
1o1nnzq,"Multilingual embeddings (e5), cosine",-1,0.80843
1o2t5yg,"Multilingual embeddings (e5), cosine",-1,0.75342
1o3s8mo,"Multilingual embeddings (e5), cosine",-1,0.82999
1o6atgl,"Multilingual embeddings (e5), cosine",-1,0.78298
1o6fuw1,"Multilingual embeddings (e5), cosine",-1,0.78849
1o6n4jn,"Multilingual embeddings (e5), cosine",-1,0.84722
1o7ao18,"Multilingual embeddings (e5), cosine",-1,0.82581
1o7q2x6,"Multilingual embeddings (e5), cosine",-1,0.80064
1o82bav,"Multilingual embeddings (e5), cosine",-1,0.79098
1o8w5dz,"Multilingual embeddings (e5), cosine",-1,0.81784
1o910np,"Multilingual embeddings (e5), cosine",-1,0.80843
1oap7hx,"Multilingual embeddings (e5), cosine",-1,0.81893
1obf6uu,"Multilingual embeddings (e5), cosine",-1,0.77638
1odvydw,"Multilingual embeddings (e5), cosine",-1,0.81305
1of72w0,"Multilingual embeddings (e5), cosine",-1,0.85598
1of8aqg,"Multilingual embeddings (e5), cosine",-1,0.81579
1ofkfcd,"Multilingual embeddings (e5), cosine",-1,0.85598
1ohgn8t,"Multilingual embeddings (e5), cosine",-1,0.80051
1oix0j8,"Multilingual embeddings (e5), cosine",-1,0.75944
1oizce9,"Multilingual embeddings (e5), cosine",-1,0.82074
1omf2bj,"Multilingual embeddings (e5), cosine",-1,0.81802
1omiph5,"Multilingual embeddings (e5), cosine",-1,0.80996
1omtvfj,"Multilingual embeddings (e5), cosine",-1,0.84702
1onydfe,"Multilingual embeddings (e5), cosine",-1,0.81703
1opy0dr,"Multilingual embeddings (e5), cosine",-1,0.8254
1orjr7o,"Multilingual embeddings (e5), cosine",-1,0.80033
1orq7u2,"Multilingual embeddings (e5), cosine",-1,0.76993
1osl6lf,"Multilingual embeddings (e5), cosine",-1,0.81796
1ow3e6f,"Multilingual embeddings (e5), cosine",-1,0.77896
1owwg9n,"Multilingual embeddings (e5), cosine",-1,0.8101
1owy5j3,"Multilingual embeddings (e5), cosine",-1,0.78067
1ozf5qw,"Multilingual embeddings (e5), cosine",-1,0.83786
1p06cgi,"Multilingual embeddings (e5), cosine",-1,0.81849
1p087r7,"Multilingual embeddings (e5), cosine",-1,0.7967
1p2yeuc,"Multilingual embeddings (e5), cosine",-1,0.82694
1p4nk1a,"Multilingual embeddings (e5), cosine",-1,0.83045
1p5umvg,"Multilingual embeddings (e5), cosine",-1,0.81157
1p62ymr,"Multilingual embeddings (e5), cosine",-1,0.77969
1p86rh3,"Multilingual embeddings (e5), cosine",-1,0.84551
1p9k4yj,"Multilingual embeddings (e5), cosine",-1,0.8115
1pasmbq,"Multilingual embeddings (e5), cosine",-1,0.77289
1pcpxei,"Multilingual embeddings (e5), cosine",-1,0.80792
1pdkeq0,"Multilingual embeddings (e5), cosine",-1,0.76869
1pdz39d,"Multilingual embeddings (e5), cosine",-1,0.7973
1pe3wez,"Multilingual embeddings (e5), cosine",-1,0.81932
1pef3e6,"Multilingual embeddings (e5), cosine",-1,0.81964
1pet9xw,"Multilingual embeddings (e5), cosine",-1,0.77278
1peyxlj,"Multilingual embeddings (e5), cosine",-1,0.78345
1pfm6eu,"Multilingual embeddings (e5), cosine",-1,0.82119
1pgfwsk,"Multilingual embeddings (e5), cosine",-1,0.80627
1pgivxz,"Multilingual embeddings (e5), cosine",-1,0.77159
1pgmijn,"Multilingual embeddings (e5), cosine",-1,0.7958
1pgtmiu,"Multilingual embeddings (e5), cosine",-1,0.783
1phahga,"Multilingual embeddings (e5), cosine",-1,0.78853
1phe0pu,"Multilingual embeddings (e5), cosine",-1,0.83124
1pj2pqo,"Multilingual embeddings (e5), cosine",-1,0.78119
1plqvis,"Multilingual embeddings (e5), cosine",-1,0.79196
1pm75ub,"Multilingual embeddings (e5), cosine",-1,0.77073
1pn5wsc,"Multilingual embeddings (e5), cosine",-1,0.77074
1po7ogz,"Multilingual embeddings (e5), cosine",-1,0.83243
1poc8m9,"Multilingual embeddings (e5), cosine",-1,0.78167
1poeu11,"Multilingual embeddings (e5), cosine",-1,0.79533
1pqlsws,"Multilingual embeddings (e5), cosine",-1,0.87717
1pqxg9a,"Multilingual embeddings (e5), cosine",-1,0.78591
1pujygt,"Multilingual embeddings (e5), cosine",-1,0.79369
1pw2rqh,"Multilingual embeddings (e5), cosine",-1,0.83592
1pwvvqj,"Multilingual embeddings (e5), cosine",-1,0.82622
1px0wkk,"Multilingual embeddings (e5), cosine",-1,0.77324
1pxmn20,"Multilingual embeddings (e5), cosine",-1,0.81662
1pxt9gw,"Multilingual embeddings (e5), cosine",-1,0.81764
1pzbls0,"Multilingual embeddings (e5), cosine",-1,0.80483
1pzi6hi,"Multilingual embeddings (e5), cosine",-1,0.85933
1pzzaun,"Multilingual embeddings (e5), cosine",-1,0.79734
1q0ev6v,"Multilingual embeddings (e5), cosine",-1,0.81073
1q1cr6i,"Multilingual embeddings (e5), cosine",-1,0.83492
1q1e6uh,"Multilingual embeddings (e5), cosine",-1,0.80375
1q21n6s,"Multilingual embeddings (e5), cosine",-1,0.79776
1q3yeyk,"Multilingual embeddings (e5), cosine",-1,0.78334
1q4q3or,"Multilingual embeddings (e5), cosine",-1,0.79162
1q5pxku,"Multilingual embeddings (e5), cosine",-1,0.7923
1q6vwuh,"Multilingual embeddings (e5), cosine",-1,0.81029
1q77uke,"Multilingual embeddings (e5), cosine",-1,0.81585
1q783he,"Multilingual embeddings (e5), cosine",-1,0.79634
1q7acst,"Multilingual embeddings (e5), cosine",-1,0.8353
1q7mcad,"Multilingual embeddings (e5), cosine",-1,0.82069
1q8dehd,"Multilingual embeddings (e5), cosine",-1,0.79525
1q8mkok,"Multilingual embeddings (e5), cosine",-1,0.82248
1q96b6k,"Multilingual embeddings (e5), cosine",-1,0.79849
1q9w17h,"Multilingual embeddings (e5), cosine",-1,0.84517
1qan5pt,"Multilingual embeddings (e5), cosine",-1,0.81473
1qaqati,"Multilingual embeddings (e5), cosine",-1,0.83879
1qbjzxk,"Multilingual embeddings (e5), cosine",-1,0.7764
1qbkslz,"Multilingual embeddings (e5), cosine",-1,0.86466
1qcjny6,"Multilingual embeddings (e5), cosine",-1,0.81168
1qcs0yc,"Multilingual embeddings (e5), cosine",-1,0.76032
1qczd1g,"Multilingual embeddings (e5), cosine",-1,0.78838
1qdecph,"Multilingual embeddings (e5), cosine",-1,0.83711
1qdi910,"Multilingual embeddings (e5), cosine",-1,0.82036
1qdljdd,"Multilingual embeddings (e5), cosine",-1,0.85027
1qeu1wt,"Multilingual embeddings (e5), cosine",-1,0.80679
1qfb0hb,"Multilingual embeddings (e5), cosine",-1,0.81911
1qg4ydc,"Multilingual embeddings (e5), cosine",-1,0.8241
1qgnkjt,"Multilingual embeddings (e5), cosine",-1,0.80946
1qh7cug,"Multilingual embeddings (e5), cosine",-1,0.7982
1qhw74q,"Multilingual embeddings (e5), cosine",-1,0.85363
1qhwsr1,"Multilingual embeddings (e5), cosine",-1,0.7986
1qhxf21,"Multilingual embeddings (e5), cosine",-1,0.82577
1qibnjv,"Multilingual embeddings (e5), cosine",-1,0.80435
1qisrex,"Multilingual embeddings (e5), cosine",-1,0.8526
1qizru6,"Multilingual embeddings (e5), cosine",-1,0.78699
1qj6om2,"Multilingual embeddings (e5), cosine",-1,0.82028
1qjocn3,"Multilingual embeddings (e5), cosine",-1,0.8082
1qjsii6,"Multilingual embeddings (e5), cosine",-1,0.83357
1qkrtq4,"Multilingual embeddings (e5), cosine",-1,0.84981
1qkud9i,"Multilingual embeddings (e5), cosine",-1,0.84778
1qm1r5m,"Multilingual embeddings (e5), cosine",-1,0.79171
1qnt4lu,"Multilingual embeddings (e5), cosine",-1,0.79353
1qp5y2u,"Multilingual embeddings (e5), cosine",-1,0.8397
1qpn10u,"Multilingual embeddings (e5), cosine",-1,0.82243
1qtryqi,"Multilingual embeddings (e5), cosine",-1,0.8021
1qu8m5h,"Multilingual embeddings (e5), cosine",-1,0.78897
1qum6vr,"Multilingual embeddings (e5), cosine",-1,0.77936
1qv2yvb,"Multilingual embeddings (e5), cosine",-1,0.79986
1qv6axe,"Multilingual embeddings (e5), cosine",-1,0.83779
1qvj5pp,"Multilingual embeddings (e5), cosine",-1,0.81677
1qvlvxc,"Multilingual embeddings (e5), cosine",-1,0.80975
1qwhzqe,"Multilingual embeddings (e5), cosine",-1,0.81578
1qxdb60,"Multilingual embeddings (e5), cosine",-1,0.78882
1r0uop7,"Multilingual embeddings (e5), cosine",-1,0.78007
1r130xh,"Multilingual embeddings (e5), cosine",-1,0.83333
1r1tiqi,"Multilingual embeddings (e5), cosine",-1,0.83143
1r1vg9h,"Multilingual embeddings (e5), cosine",-1,0.78741
1r65d64,"Multilingual embeddings (e5), cosine",-1,0.81385
1r6jmns,"Multilingual embeddings (e5), cosine",-1,0.77899
1r7l1bb,"Multilingual embeddings (e5), cosine",-1,0.80651
1r8bfym,"Multilingual embeddings (e5), cosine",-1,0.80441
1r8ccuf,"Multilingual embeddings (e5), cosine",-1,0.82689
1ra36ml,"Multilingual embeddings (e5), cosine",-1,0.7835
1ra4vtc,"Multilingual embeddings (e5), cosine",-1,0.79012
1rabbnu,"Multilingual embeddings (e5), cosine",-1,0.80669
1rat6ox,"Multilingual embeddings (e5), cosine",-1,0.80766
1rav8tg,"Multilingual embeddings (e5), cosine",-1,0.84806
1rbfwn3,"Multilingual embeddings (e5), cosine",-1,0.78375
1rcawrg,"Multilingual embeddings (e5), cosine",-1,0.84875
1rd9yix,"Multilingual embeddings (e5), cosine",-1,0.80601
1re7rj2,"Multilingual embeddings (e5), cosine",-1,0.8398
1rg2wdb,"Multilingual embeddings (e5), cosine",-1,0.75051
1rgz1af,"Multilingual embeddings (e5), cosine",-1,0.81324
1rjr1x1,"Multilingual embeddings (e5), cosine",-1,0.80231
1rkphll,"Multilingual embeddings (e5), cosine",-1,0.80649
1rlefml,"Multilingual embeddings (e5), cosine",-1,0.76345
1rmg8c3,"Multilingual embeddings (e5), cosine",-1,0.80187
1rof0ad,"Multilingual embeddings (e5), cosine",-1,0.8211
1rogd55,"Multilingual embeddings (e5), cosine",-1,0.79873
1rotuec,"Multilingual embeddings (e5), cosine",-1,0.81202
1rpu82g,"Multilingual embeddings (e5), cosine",-1,0.82087
1rrseuk,"Multilingual embeddings (e5), cosine",-1,0.8226
1rt6d2o,"Multilingual embeddings (e5), cosine",-1,0.78862
1rtbzgc,"Multilingual embeddings (e5), cosine",-1,0.84226
1rtpwfg,"Multilingual embeddings (e5), cosine",-1,0.81243
1ru8am6,"Multilingual embeddings (e5), cosine",-1,0.79209
1rw50ee,"Multilingual embeddings (e5), cosine",-1,0.80469
1rznsvr,"Multilingual embeddings (e5), cosine",-1,0.75926
1s1va1n,"Multilingual embeddings (e5), cosine",-1,0.84023
1s2bonu,"Multilingual embeddings (e5), cosine",-1,0.77752
1s35kne,"Multilingual embeddings (e5), cosine",-1,0.81658
1s47azr,"Multilingual embeddings (e5), cosine",-1,0.7736
1s4tr82,"Multilingual embeddings (e5), cosine",-1,0.77907
1s4wlw4,"Multilingual embeddings (e5), cosine",-1,0.87955
1s4xew8,"Multilingual embeddings (e5), cosine",-1,0.8373
1s622sq,"Multilingual embeddings (e5), cosine",-1,0.78102
1s9jscs,"Multilingual embeddings (e5), cosine",-1,0.81512
1s9kmzd,"Multilingual embeddings (e5), cosine",-1,0.83326
1sal794,"Multilingual embeddings (e5), cosine",-1,0.79287
1scd5bd,"Multilingual embeddings (e5), cosine",-1,0.78825
1sdcpel,"Multilingual embeddings (e5), cosine",-1,0.81079
1seuh00,"Multilingual embeddings (e5), cosine",-1,0.82977
1sf62pi,"Multilingual embeddings (e5), cosine",-1,0.83385
1sfptq0,"Multilingual embeddings (e5), cosine",-1,0.80906
1sfql8i,"Multilingual embeddings (e5), cosine",-1,0.78568
1shi0re,"Multilingual embeddings (e5), cosine",-1,0.84059
1si0a94,"Multilingual embeddings (e5), cosine",-1,0.79938
1sithhr,"Multilingual embeddings (e5), cosine",-1,0.78886
1sk3m6l,"Multilingual embeddings (e5), cosine",-1,0.79607
1sm4vlc,"Multilingual embeddings (e5), cosine",-1,0.79212
1smwix4,"Multilingual embeddings (e5), cosine",-1,0.80701
1smzxog,"Multilingual embeddings (e5), cosine",-1,0.8122
1sp8uoe,"Multilingual embeddings (e5), cosine",-1,0.77265
1spnkt7,"Multilingual embeddings (e5), cosine",-1,0.79841
1spnmqo,"Multilingual embeddings (e5), cosine",-1,0.80083
1spsrht,"Multilingual embeddings (e5), cosine",-1,0.76957
1sqxpn7,"Multilingual embeddings (e5), cosine",-1,0.78756
1sr9ehr,"Multilingual embeddings (e5), cosine",-1,0.82841
1srmu52,"Multilingual embeddings (e5), cosine",-1,0.79467
1ssonai,"Multilingual embeddings (e5), cosine",-1,0.82094
1stpw5m,"Multilingual embeddings (e5), cosine",-1,0.78188
1suc8yz,"Multilingual embeddings (e5), cosine",-1,0.854
1supuh6,"Multilingual embeddings (e5), cosine",-1,0.80292
1sv5bj3,"Multilingual embeddings (e5), cosine",-1,0.80292
1svddie,"Multilingual embeddings (e5), cosine",-1,0.77217
1sx7qgw,"Multilingual embeddings (e5), cosine",-1,0.81122
1sxtmsr,"Multilingual embeddings (e5), cosine",-1,0.77184
1sxz12z,"Multilingual embeddings (e5), cosine",-1,0.80391
1sy7v8w,"Multilingual embeddings (e5), cosine",-1,0.81279
1syf21d,"Multilingual embeddings (e5), cosine",-1,0.79954
1sys0yr,"Multilingual embeddings (e5), cosine",-1,0.82723
1xm9ft,"Multilingual embeddings (e5), cosine",-1,0.80732
26ii7z,"Multilingual embeddings (e5), cosine",-1,0.82972
2b2i70,"Multilingual embeddings (e5), cosine",-1,0.84913
2e2os9,"Multilingual embeddings (e5), cosine",-1,0.88226
2h6e28,"Multilingual embeddings (e5), cosine",-1,0.80573
2i3v7s,"Multilingual embeddings (e5), cosine",-1,0.82483
2q62xj,"Multilingual embeddings (e5), cosine",-1,0.80876
2w86e7,"Multilingual embeddings (e5), cosine",-1,0.82213
31vl51,"Multilingual embeddings (e5), cosine",-1,0.8653
321shc,"Multilingual embeddings (e5), cosine",-1,0.84066
334a8d,"Multilingual embeddings (e5), cosine",-1,0.8124
33otbl,"Multilingual embeddings (e5), cosine",-1,0.8001
340itv,"Multilingual embeddings (e5), cosine",-1,0.80783
34xkzo,"Multilingual embeddings (e5), cosine",-1,0.81348
351qdk,"Multilingual embeddings (e5), cosine",-1,0.80231
35owc4,"Multilingual embeddings (e5), cosine",-1,0.86971
38oz5m,"Multilingual embeddings (e5), cosine",-1,0.8125
3a1grd,"Multilingual embeddings (e5), cosine",-1,0.84067
3b92zr,"Multilingual embeddings (e5), cosine",-1,0.81991
3b9cdx,"Multilingual embeddings (e5), cosine",-1,0.82401
3d5gtr,"Multilingual embeddings (e5), cosine",-1,0.77053
3eddti,"Multilingual embeddings (e5), cosine",-1,0.827
3err0k,"Multilingual embeddings (e5), cosine",-1,0.81524
3fuumz,"Multilingual embeddings (e5), cosine",-1,0.79027
3fz8em,"Multilingual embeddings (e5), cosine",-1,0.82937
3gn1op,"Multilingual embeddings (e5), cosine",-1,0.83406
3pszvd,"Multilingual embeddings (e5), cosine",-1,0.80765
3q9eou,"Multilingual embeddings (e5), cosine",-1,0.83726
3rww9o,"Multilingual embeddings (e5), cosine",-1,0.82724
3schd5,"Multilingual embeddings (e5), cosine",-1,0.82479
3w14cr,"Multilingual embeddings (e5), cosine",-1,0.8366
40n33m,"Multilingual embeddings (e5), cosine",-1,0.78475
41p2uz,"Multilingual embeddings (e5), cosine",-1,0.8683
41qfg7,"Multilingual embeddings (e5), cosine",-1,0.87689
423pa0,"Multilingual embeddings (e5), cosine",-1,0.83085
42evys,"Multilingual embeddings (e5), cosine",-1,0.87066
438qdk,"Multilingual embeddings (e5), cosine",-1,0.79903
465cbb,"Multilingual embeddings (e5), cosine",-1,0.83123
47ia4p,"Multilingual embeddings (e5), cosine",-1,0.83107
4ck34b,"Multilingual embeddings (e5), cosine",-1,0.78131
4h6s4d,"Multilingual embeddings (e5), cosine",-1,0.85786
4keg77,"Multilingual embeddings (e5), cosine",-1,0.76774
4kibjk,"Multilingual embeddings (e5), cosine",-1,0.80687
4kvrdi,"Multilingual embeddings (e5), cosine",-1,0.81064
4m7v8k,"Multilingual embeddings (e5), cosine",-1,0.84813
4sh0tc,"Multilingual embeddings (e5), cosine",-1,0.80974
4t9u5n,"Multilingual embeddings (e5), cosine",-1,0.82319
4tc1ne,"Multilingual embeddings (e5), cosine",-1,0.783
4tfmoj,"Multilingual embeddings (e5), cosine",-1,0.84785
4vsyz6,"Multilingual embeddings (e5), cosine",-1,0.78357
4w5b6n,"Multilingual embeddings (e5), cosine",-1,0.83085
4w5vkf,"Multilingual embeddings (e5), cosine",-1,0.81208
4wpecq,"Multilingual embeddings (e5), cosine",-1,0.86016
4zlvsv,"Multilingual embeddings (e5), cosine",-1,0.78383
50ibsa,"Multilingual embeddings (e5), cosine",-1,0.86475
53atzi,"Multilingual embeddings (e5), cosine",-1,0.79608
53mq3w,"Multilingual embeddings (e5), cosine",-1,0.8266
558n00,"Multilingual embeddings (e5), cosine",-1,0.86259
579g29,"Multilingual embeddings (e5), cosine",-1,0.76995
58mlme,"Multilingual embeddings (e5), cosine",-1,0.84122
58mxli,"Multilingual embeddings (e5), cosine",-1,0.85462
58ysn8,"Multilingual embeddings (e5), cosine",-1,0.84973
5ar97d,"Multilingual embeddings (e5), cosine",-1,0.8376
5bsjo1,"Multilingual embeddings (e5), cosine",-1,0.81944
5e34gi,"Multilingual embeddings (e5), cosine",-1,0.83684
5ij73u,"Multilingual embeddings (e5), cosine",-1,0.78729
5ing61,"Multilingual embeddings (e5), cosine",-1,0.82871
5ku91y,"Multilingual embeddings (e5), cosine",-1,0.73607
5ls4eh,"Multilingual embeddings (e5), cosine",-1,0.84375
5me65r,"Multilingual embeddings (e5), cosine",-1,0.88013
5oqaye,"Multilingual embeddings (e5), cosine",-1,0.83338
5srv8q,"Multilingual embeddings (e5), cosine",-1,0.85258
5u0yx7,"Multilingual embeddings (e5), cosine",-1,0.8282
5x4u0v,"Multilingual embeddings (e5), cosine",-1,0.78859
5ydrdh,"Multilingual embeddings (e5), cosine",-1,0.80419
5zia5v,"Multilingual embeddings (e5), cosine",-1,0.83774
5zy9kd,"Multilingual embeddings (e5), cosine",-1,0.82066
615460,"Multilingual embeddings (e5), cosine",-1,0.82404
61axzl,"Multilingual embeddings (e5), cosine",-1,0.81155
626ly6,"Multilingual embeddings (e5), cosine",-1,0.83395
62embp,"Multilingual embeddings (e5), cosine",-1,0.77992
64k0up,"Multilingual embeddings (e5), cosine",-1,0.84568
64xizb,"Multilingual embeddings (e5), cosine",-1,0.80166
65tmbv,"Multilingual embeddings (e5), cosine",-1,0.80431
6684pv,"Multilingual embeddings (e5), cosine",-1,0.77018
6690ac,"Multilingual embeddings (e5), cosine",-1,0.81148
66fsni,"Multilingual embeddings (e5), cosine",-1,0.78729
66h9mf,"Multilingual embeddings (e5), cosine",-1,0.77778
688gvu,"Multilingual embeddings (e5), cosine",-1,0.84544
689x42,"Multilingual embeddings (e5), cosine",-1,0.81941
68dw9p,"Multilingual embeddings (e5), cosine",-1,0.78859
68euzg,"Multilingual embeddings (e5), cosine",-1,0.82818
68l0ln,"Multilingual embeddings (e5), cosine",-1,0.77548
68zmng,"Multilingual embeddings (e5), cosine",-1,0.81324
69ksmc,"Multilingual embeddings (e5), cosine",-1,0.8002
69kvmc,"Multilingual embeddings (e5), cosine",-1,0.78312
69sb4b,"Multilingual embeddings (e5), cosine",-1,0.85776
69snyu,"Multilingual embeddings (e5), cosine",-1,0.8202
69twpr,"Multilingual embeddings (e5), cosine",-1,0.80848
6ak8du,"Multilingual embeddings (e5), cosine",-1,0.82138
6awrdj,"Multilingual embeddings (e5), cosine",-1,0.7887
6chrdz,"Multilingual embeddings (e5), cosine",-1,0.84652
6clqf4,"Multilingual embeddings (e5), cosine",-1,0.85666
6cna1l,"Multilingual embeddings (e5), cosine",-1,0.81727
6ctng1,"Multilingual embeddings (e5), cosine",-1,0.82565
6e8no8,"Multilingual embeddings (e5), cosine",-1,0.76376
6fsp1s,"Multilingual embeddings (e5), cosine",-1,0.81823
6giyno,"Multilingual embeddings (e5), cosine",-1,0.79532
6gm1be,"Multilingual embeddings (e5), cosine",-1,0.8029
6gsbos,"Multilingual embeddings (e5), cosine",-1,0.84908
6ho431,"Multilingual embeddings (e5), cosine",-1,0.7829
6hzc93,"Multilingual embeddings (e5), cosine",-1,0.86209
6i0c5t,"Multilingual embeddings (e5), cosine",-1,0.80941
6l8pej,"Multilingual embeddings (e5), cosine",-1,0.78448
6lrzd8,"Multilingual embeddings (e5), cosine",-1,0.82757
6ltt76,"Multilingual embeddings (e5), cosine",-1,0.84391
6ng2qr,"Multilingual embeddings (e5), cosine",-1,0.79355
6nscbf,"Multilingual embeddings (e5), cosine",-1,0.80793
6q9xp0,"Multilingual embeddings (e5), cosine",-1,0.77021
6quykg,"Multilingual embeddings (e5), cosine",-1,0.83845
6s4yk2,"Multilingual embeddings (e5), cosine",-1,0.79656
6stumu,"Multilingual embeddings (e5), cosine",-1,0.82497
6t96ec,"Multilingual embeddings (e5), cosine",-1,0.85508
6tzzi6,"Multilingual embeddings (e5), cosine",-1,0.77015
6ughno,"Multilingual embeddings (e5), cosine",-1,0.82708
6vec64,"Multilingual embeddings (e5), cosine",-1,0.84863
6yjfcy,"Multilingual embeddings (e5), cosine",-1,0.83101
6ym3lb,"Multilingual embeddings (e5), cosine",-1,0.81832
6yvijc,"Multilingual embeddings (e5), cosine",-1,0.81986
6zwa36,"Multilingual embeddings (e5), cosine",-1,0.83996
700wa6,"Multilingual embeddings (e5), cosine",-1,0.83468
70tyb7,"Multilingual embeddings (e5), cosine",-1,0.75008
711t5y,"Multilingual embeddings (e5), cosine",-1,0.7903
71tia4,"Multilingual embeddings (e5), cosine",-1,0.78676
73fwq3,"Multilingual embeddings (e5), cosine",-1,0.80388
73tccy,"Multilingual embeddings (e5), cosine",-1,0.8545
73zein,"Multilingual embeddings (e5), cosine",-1,0.83071
74ulmr,"Multilingual embeddings (e5), cosine",-1,0.82862
74v0tg,"Multilingual embeddings (e5), cosine",-1,0.77343
75o2tl,"Multilingual embeddings (e5), cosine",-1,0.80588
77supo,"Multilingual embeddings (e5), cosine",-1,0.82657
79528b,"Multilingual embeddings (e5), cosine",-1,0.82649
79nhhe,"Multilingual embeddings (e5), cosine",-1,0.79635
7b71pf,"Multilingual embeddings (e5), cosine",-1,0.8563
7c62jb,"Multilingual embeddings (e5), cosine",-1,0.80565
7d3zt0,"Multilingual embeddings (e5), cosine",-1,0.85672
7fm9jz,"Multilingual embeddings (e5), cosine",-1,0.78706
7gfoqi,"Multilingual embeddings (e5), cosine",-1,0.80116
7hg3yp,"Multilingual embeddings (e5), cosine",-1,0.82429
7ljsut,"Multilingual embeddings (e5), cosine",-1,0.80116
7myqzz,"Multilingual embeddings (e5), cosine",-1,0.83189
7o781c,"Multilingual embeddings (e5), cosine",-1,0.80945
7ochcg,"Multilingual embeddings (e5), cosine",-1,0.83349
7pr866,"Multilingual embeddings (e5), cosine",-1,0.84613
7pvbsv,"Multilingual embeddings (e5), cosine",-1,0.84613
7qqwpg,"Multilingual embeddings (e5), cosine",-1,0.78095
7s4ufe,"Multilingual embeddings (e5), cosine",-1,0.76123
7xpi3g,"Multilingual embeddings (e5), cosine",-1,0.86122
7ymejv,"Multilingual embeddings (e5), cosine",-1,0.76737
83em1z,"Multilingual embeddings (e5), cosine",-1,0.83797
83f25c,"Multilingual embeddings (e5), cosine",-1,0.82269
83of25,"Multilingual embeddings (e5), cosine",-1,0.82102
85rbhc,"Multilingual embeddings (e5), cosine",-1,0.78928
861k6n,"Multilingual embeddings (e5), cosine",-1,0.83231
8b7gr3,"Multilingual embeddings (e5), cosine",-1,0.83353
8bqvkt,"Multilingual embeddings (e5), cosine",-1,0.85553
8bxi3w,"Multilingual embeddings (e5), cosine",-1,0.79874
8cmq95,"Multilingual embeddings (e5), cosine",-1,0.83513
8e6k9p,"Multilingual embeddings (e5), cosine",-1,0.81358
8eaxjl,"Multilingual embeddings (e5), cosine",-1,0.8104
8guuvd,"Multilingual embeddings (e5), cosine",-1,0.78553
8h6l9c,"Multilingual embeddings (e5), cosine",-1,0.80901
8hmdsh,"Multilingual embeddings (e5), cosine",-1,0.82759
8i3zs8,"Multilingual embeddings (e5), cosine",-1,0.80856
8j6y4x,"Multilingual embeddings (e5), cosine",-1,0.80027
8lqsn3,"Multilingual embeddings (e5), cosine",-1,0.77145
8lw08j,"Multilingual embeddings (e5), cosine",-1,0.83937
8m089h,"Multilingual embeddings (e5), cosine",-1,0.85829
8n6x3s,"Multilingual embeddings (e5), cosine",-1,0.81384
8oqyiq,"Multilingual embeddings (e5), cosine",-1,0.85032
8qr57h,"Multilingual embeddings (e5), cosine",-1,0.79574
8rdvo,"Multilingual embeddings (e5), cosine",-1,0.84675
8rtdev,"Multilingual embeddings (e5), cosine",-1,0.7938
8thivx,"Multilingual embeddings (e5), cosine",-1,0.82161
8ukd74,"Multilingual embeddings (e5), cosine",-1,0.81776
8upvzl,"Multilingual embeddings (e5), cosine",-1,0.82451
8uwqzt,"Multilingual embeddings (e5), cosine",-1,0.85119
8w2awd,"Multilingual embeddings (e5), cosine",-1,0.81376
8wveig,"Multilingual embeddings (e5), cosine",-1,0.82303
8ybj73,"Multilingual embeddings (e5), cosine",-1,0.80707
8zbi91,"Multilingual embeddings (e5), cosine",-1,0.8018
8zjuu0,"Multilingual embeddings (e5), cosine",-1,0.76953
8zune6,"Multilingual embeddings (e5), cosine",-1,0.81359
904jy9,"Multilingual embeddings (e5), cosine",-1,0.7617
907lnw,"Multilingual embeddings (e5), cosine",-1,0.80328
90ga1w,"Multilingual embeddings (e5), cosine",-1,0.77335
91vcf0,"Multilingual embeddings (e5), cosine",-1,0.79581
93cpy1,"Multilingual embeddings (e5), cosine",-1,0.82289
93d57n,"Multilingual embeddings (e5), cosine",-1,0.85835
94hsqm,"Multilingual embeddings (e5), cosine",-1,0.81086
94s2ry,"Multilingual embeddings (e5), cosine",-1,0.80685
951q9m,"Multilingual embeddings (e5), cosine",-1,0.80106
95ko1b,"Multilingual embeddings (e5), cosine",-1,0.81003
95pxyn,"Multilingual embeddings (e5), cosine",-1,0.84137
967yts,"Multilingual embeddings (e5), cosine",-1,0.77612
96pkb3,"Multilingual embeddings (e5), cosine",-1,0.83901
99m68g,"Multilingual embeddings (e5), cosine",-1,0.81956
9aotrf,"Multilingual embeddings (e5), cosine",-1,0.80421
9b1od2,"Multilingual embeddings (e5), cosine",-1,0.82576
9b8c4p,"Multilingual embeddings (e5), cosine",-1,0.78991
9b8uhu,"Multilingual embeddings (e5), cosine",-1,0.80056
9bhywi,"Multilingual embeddings (e5), cosine",-1,0.85497
9bt0lu,"Multilingual embeddings (e5), cosine",-1,0.83359
9cd07l,"Multilingual embeddings (e5), cosine",-1,0.81193
9cu072,"Multilingual embeddings (e5), cosine",-1,0.85301
9cwku0,"Multilingual embeddings (e5), cosine",-1,0.81788
9dmmxr,"Multilingual embeddings (e5), cosine",-1,0.80987
9eocv2,"Multilingual embeddings (e5), cosine",-1,0.76308
9ewhky,"Multilingual embeddings (e5), cosine",-1,0.81158
9g0oij,"Multilingual embeddings (e5), cosine",-1,0.8121
9hzn0r,"Multilingual embeddings (e5), cosine",-1,0.77265
9i7b81,"Multilingual embeddings (e5), cosine",-1,0.78378
9i7ot6,"Multilingual embeddings (e5), cosine",-1,0.79693
9ipva2,"Multilingual embeddings (e5), cosine",-1,0.76524
9iswb7,"Multilingual embeddings (e5), cosine",-1,0.83811
9ita19,"Multilingual embeddings (e5), cosine",-1,0.81619
9jcvgf,"Multilingual embeddings (e5), cosine",-1,0.80805
9krhfl,"Multilingual embeddings (e5), cosine",-1,0.83647
9lasl6,"Multilingual embeddings (e5), cosine",-1,0.81103
9mno6e,"Multilingual embeddings (e5), cosine",-1,0.81886
9moo1u,"Multilingual embeddings (e5), cosine",-1,0.81811
9mrp1j,"Multilingual embeddings (e5), cosine",-1,0.80727
9myhyd,"Multilingual embeddings (e5), cosine",-1,0.79081
9mzcvq,"Multilingual embeddings (e5), cosine",-1,0.79549
9n8nap,"Multilingual embeddings (e5), cosine",-1,0.79982
9nt13c,"Multilingual embeddings (e5), cosine",-1,0.84018
9ol266,"Multilingual embeddings (e5), cosine",-1,0.8139
9s2n6w,"Multilingual embeddings (e5), cosine",-1,0.87027
9slu0t,"Multilingual embeddings (e5), cosine",-1,0.767
9trq9c,"Multilingual embeddings (e5), cosine",-1,0.78936
9ve83u,"Multilingual embeddings (e5), cosine",-1,0.82749
9w971b,"Multilingual embeddings (e5), cosine",-1,0.79142
9wfi0p,"Multilingual embeddings (e5), cosine",-1,0.82742
9xwy8o,"Multilingual embeddings (e5), cosine",-1,0.81114
9y4e31,"Multilingual embeddings (e5), cosine",-1,0.7978
9zdmcq,"Multilingual embeddings (e5), cosine",-1,0.79613
9zgnix,"Multilingual embeddings (e5), cosine",-1,0.81411
9zoxcy,"Multilingual embeddings (e5), cosine",-1,0.82782
9zpdkw,"Multilingual embeddings (e5), cosine",-1,0.78707
a0iarh,"Multilingual embeddings (e5), cosine",-1,0.83044
a151zv,"Multilingual embeddings (e5), cosine",-1,0.83229
a1v7ph,"Multilingual embeddings (e5), cosine",-1,0.8174
a2zpof,"Multilingual embeddings (e5), cosine",-1,0.80656
a3cb50,"Multilingual embeddings (e5), cosine",-1,0.81811
a3fx5v,"Multilingual embeddings (e5), cosine",-1,0.81942
a3m7au,"Multilingual embeddings (e5), cosine",-1,0.85796
a3rf6,"Multilingual embeddings (e5), cosine",-1,0.83802
a4kdrr,"Multilingual embeddings (e5), cosine",-1,0.81492
a4xsib,"Multilingual embeddings (e5), cosine",-1,0.79588
a5ch1l,"Multilingual embeddings (e5), cosine",-1,0.82885
a5rrh2,"Multilingual embeddings (e5), cosine",-1,0.79965
a5ss93,"Multilingual embeddings (e5), cosine",-1,0.81974
a6yde4,"Multilingual embeddings (e5), cosine",-1,0.82277
a6yw2g,"Multilingual embeddings (e5), cosine",-1,0.81934
adae5b,"Multilingual embeddings (e5), cosine",-1,0.85004
adia3d,"Multilingual embeddings (e5), cosine",-1,0.80985
adik0y,"Multilingual embeddings (e5), cosine",-1,0.8337
ae4vrk,"Multilingual embeddings (e5), cosine",-1,0.87857
ae6t3b,"Multilingual embeddings (e5), cosine",-1,0.79988
aegsg8,"Multilingual embeddings (e5), cosine",-1,0.7869
aephtl,"Multilingual embeddings (e5), cosine",-1,0.85882
afj03f,"Multilingual embeddings (e5), cosine",-1,0.79937
aiag9z,"Multilingual embeddings (e5), cosine",-1,0.81169
aim8fj,"Multilingual embeddings (e5), cosine",-1,0.80029
ajldzr,"Multilingual embeddings (e5), cosine",-1,0.83011
alczp8,"Multilingual embeddings (e5), cosine",-1,0.84628
alq3f2,"Multilingual embeddings (e5), cosine",-1,0.84602
amql9l,"Multilingual embeddings (e5), cosine",-1,0.78748
ancn40,"Multilingual embeddings (e5), cosine",-1,0.79695
anoqse,"Multilingual embeddings (e5), cosine",-1,0.8136
ao546f,"Multilingual embeddings (e5), cosine",-1,0.85925
aosx6d,"Multilingual embeddings (e5), cosine",-1,0.81361
aou0rm,"Multilingual embeddings (e5), cosine",-1,0.80319
apvc02,"Multilingual embeddings (e5), cosine",-1,0.76703
aq84kk,"Multilingual embeddings (e5), cosine",-1,0.80601
aqohqe,"Multilingual embeddings (e5), cosine",-1,0.81493
ar6h7j,"Multilingual embeddings (e5), cosine",-1,0.82586
ar7ec8,"Multilingual embeddings (e5), cosine",-1,0.80675
ari3sz,"Multilingual embeddings (e5), cosine",-1,0.8038
arn3mb,"Multilingual embeddings (e5), cosine",-1,0.83495
avwxqi,"Multilingual embeddings (e5), cosine",-1,0.80302
azk9wf,"Multilingual embeddings (e5), cosine",-1,0.83498
azzjcs,"Multilingual embeddings (e5), cosine",-1,0.83872
azzpfa,"Multilingual embeddings (e5), cosine",-1,0.84608
b04uo3,"Multilingual embeddings (e5), cosine",-1,0.81584
b0cilf,"Multilingual embeddings (e5), cosine",-1,0.81239
b1ecj1,"Multilingual embeddings (e5), cosine",-1,0.7988
b3unvm,"Multilingual embeddings (e5), cosine",-1,0.85015
b46ji0,"Multilingual embeddings (e5), cosine",-1,0.80785
b587v3,"Multilingual embeddings (e5), cosine",-1,0.81911
b9dhs5,"Multilingual embeddings (e5), cosine",-1,0.8562
bbxmcl,"Multilingual embeddings (e5), cosine",-1,0.84431
bcb5bq,"Multilingual embeddings (e5), cosine",-1,0.75869
bcgxj3,"Multilingual embeddings (e5), cosine",-1,0.8209
bd7wwu,"Multilingual embeddings (e5), cosine",-1,0.82758
bdjnc2,"Multilingual embeddings (e5), cosine",-1,0.76604
bdrtng,"Multilingual embeddings (e5), cosine",-1,0.80215
bepsxe,"Multilingual embeddings (e5), cosine",-1,0.86206
bfyjiv,"Multilingual embeddings (e5), cosine",-1,0.85053
bgeguu,"Multilingual embeddings (e5), cosine",-1,0.83481
bggieq,"Multilingual embeddings (e5), cosine",-1,0.79555
bhb76w,"Multilingual embeddings (e5), cosine",-1,0.78322
bhowol,"Multilingual embeddings (e5), cosine",-1,0.80333
bjfb3e,"Multilingual embeddings (e5), cosine",-1,0.78931
bmvw9h,"Multilingual embeddings (e5), cosine",-1,0.82557
bnoy8x,"Multilingual embeddings (e5), cosine",-1,0.83682
bqn8hv,"Multilingual embeddings (e5), cosine",-1,0.81333
bqwtsg,"Multilingual embeddings (e5), cosine",-1,0.81365
br75o0,"Multilingual embeddings (e5), cosine",-1,0.78321
brmib7,"Multilingual embeddings (e5), cosine",-1,0.8302
brrqig,"Multilingual embeddings (e5), cosine",-1,0.79416
bsja0x,"Multilingual embeddings (e5), cosine",-1,0.83217
btbfi4,"Multilingual embeddings (e5), cosine",-1,0.83115
btnqcc,"Multilingual embeddings (e5), cosine",-1,0.82335
bxkheg,"Multilingual embeddings (e5), cosine",-1,0.86885
bxmyu8,"Multilingual embeddings (e5), cosine",-1,0.78786
bzb17g,"Multilingual embeddings (e5), cosine",-1,0.79109
c1zmfq,"Multilingual embeddings (e5), cosine",-1,0.81055
c5oat5,"Multilingual embeddings (e5), cosine",-1,0.83965
c64ss6,"Multilingual embeddings (e5), cosine",-1,0.8345
c71xlq,"Multilingual embeddings (e5), cosine",-1,0.8237
c8le3c,"Multilingual embeddings (e5), cosine",-1,0.80433
cbtzq1,"Multilingual embeddings (e5), cosine",-1,0.80182
ceqpay,"Multilingual embeddings (e5), cosine",-1,0.8448
ceshxz,"Multilingual embeddings (e5), cosine",-1,0.8559
cg9psx,"Multilingual embeddings (e5), cosine",-1,0.83035
cgqoso,"Multilingual embeddings (e5), cosine",-1,0.79754
cgtjqm,"Multilingual embeddings (e5), cosine",-1,0.82449
cjbe5s,"Multilingual embeddings (e5), cosine",-1,0.80418
ckcv0t,"Multilingual embeddings (e5), cosine",-1,0.82914
cl3tzg,"Multilingual embeddings (e5), cosine",-1,0.83234
co1e76,"Multilingual embeddings (e5), cosine",-1,0.816
coghm8,"Multilingual embeddings (e5), cosine",-1,0.8248
cqbbso,"Multilingual embeddings (e5), cosine",-1,0.81529
csm2pt,"Multilingual embeddings (e5), cosine",-1,0.81422
ctb8b7,"Multilingual embeddings (e5), cosine",-1,0.77259
cue8ed,"Multilingual embeddings (e5), cosine",-1,0.79107
cw131i,"Multilingual embeddings (e5), cosine",-1,0.84312
d0dalv,"Multilingual embeddings (e5), cosine",-1,0.79467
d3m3ni,"Multilingual embeddings (e5), cosine",-1,0.80896
d4ba7s,"Multilingual embeddings (e5), cosine",-1,0.79728
d5f1h9,"Multilingual embeddings (e5), cosine",-1,0.78316
d5yj8l,"Multilingual embeddings (e5), cosine",-1,0.82527
d82gx6,"Multilingual embeddings (e5), cosine",-1,0.80171
d8qza8,"Multilingual embeddings (e5), cosine",-1,0.85616
d8r9xm,"Multilingual embeddings (e5), cosine",-1,0.81207
d9wvlq,"Multilingual embeddings (e5), cosine",-1,0.81171
da0fiz,"Multilingual embeddings (e5), cosine",-1,0.85027
dc78wc,"Multilingual embeddings (e5), cosine",-1,0.77593
ddqpea,"Multilingual embeddings (e5), cosine",-1,0.82387
dexel2,"Multilingual embeddings (e5), cosine",-1,0.82214
dfk9iz,"Multilingual embeddings (e5), cosine",-1,0.82727
dioiij,"Multilingual embeddings (e5), cosine",-1,0.7906
dlev5c,"Multilingual embeddings (e5), cosine",-1,0.75195
dlyr5s,"Multilingual embeddings (e5), cosine",-1,0.77329
dnblhd,"Multilingual embeddings (e5), cosine",-1,0.79725
dnpdj9,"Multilingual embeddings (e5), cosine",-1,0.77808
dqbtcn,"Multilingual embeddings (e5), cosine",-1,0.7785
dthkqo,"Multilingual embeddings (e5), cosine",-1,0.8368
dwahhl,"Multilingual embeddings (e5), cosine",-1,0.85495
dwfmqg,"Multilingual embeddings (e5), cosine",-1,0.77686
dyj4xf,"Multilingual embeddings (e5), cosine",-1,0.82333
e1edg3,"Multilingual embeddings (e5), cosine",-1,0.80477
e1xvqm,"Multilingual embeddings (e5), cosine",-1,0.78678
e3ehbz,"Multilingual embeddings (e5), cosine",-1,0.81748
e3g5q5,"Multilingual embeddings (e5), cosine",-1,0.83652
e3rlhk,"Multilingual embeddings (e5), cosine",-1,0.79118
e3tuaa,"Multilingual embeddings (e5), cosine",-1,0.80648
e4ywaj,"Multilingual embeddings (e5), cosine",-1,0.83523
e5e2aq,"Multilingual embeddings (e5), cosine",-1,0.85406
e5gitz,"Multilingual embeddings (e5), cosine",-1,0.82142
e5kvnz,"Multilingual embeddings (e5), cosine",-1,0.80186
e5maon,"Multilingual embeddings (e5), cosine",-1,0.77743
e5ui60,"Multilingual embeddings (e5), cosine",-1,0.80294
e5xiiq,"Multilingual embeddings (e5), cosine",-1,0.84536
e62zgs,"Multilingual embeddings (e5), cosine",-1,0.82764
e64n22,"Multilingual embeddings (e5), cosine",-1,0.81443
e6ax6h,"Multilingual embeddings (e5), cosine",-1,0.85733
e6f0rc,"Multilingual embeddings (e5), cosine",-1,0.80997
e94ixf,"Multilingual embeddings (e5), cosine",-1,0.82361
ea2jip,"Multilingual embeddings (e5), cosine",-1,0.84191
ea30og,"Multilingual embeddings (e5), cosine",-1,0.80805
ea9bpv,"Multilingual embeddings (e5), cosine",-1,0.84072
ecfmdx,"Multilingual embeddings (e5), cosine",-1,0.84575
echy7t,"Multilingual embeddings (e5), cosine",-1,0.86185
edot6p,"Multilingual embeddings (e5), cosine",-1,0.81207
edwwgn,"Multilingual embeddings (e5), cosine",-1,0.82308
ee9n9o,"Multilingual embeddings (e5), cosine",-1,0.82975
ejdjr5,"Multilingual embeddings (e5), cosine",-1,0.81067
ejdunf,"Multilingual embeddings (e5), cosine",-1,0.82175
eks8lr,"Multilingual embeddings (e5), cosine",-1,0.82114
el8xqn,"Multilingual embeddings (e5), cosine",-1,0.83139
elbwld,"Multilingual embeddings (e5), cosine",-1,0.7478
elqv0f,"Multilingual embeddings (e5), cosine",-1,0.82066
eo40n4,"Multilingual embeddings (e5), cosine",-1,0.80649
eo5006,"Multilingual embeddings (e5), cosine",-1,0.8071
eqb0h,"Multilingual embeddings (e5), cosine",-1,0.85182
eqf7ot,"Multilingual embeddings (e5), cosine",-1,0.79027
esq6p1,"Multilingual embeddings (e5), cosine",-1,0.83082
etxpnm,"Multilingual embeddings (e5), cosine",-1,0.83654
eu15v2,"Multilingual embeddings (e5), cosine",-1,0.77554
eua0wf,"Multilingual embeddings (e5), cosine",-1,0.83475
eup1di,"Multilingual embeddings (e5), cosine",-1,0.81224
evtrx4,"Multilingual embeddings (e5), cosine",-1,0.85431
ew9bu2,"Multilingual embeddings (e5), cosine",-1,0.8429
eynxpz,"Multilingual embeddings (e5), cosine",-1,0.81559
eyul8b,"Multilingual embeddings (e5), cosine",-1,0.83321
ezpyag,"Multilingual embeddings (e5), cosine",-1,0.80326
f2715d,"Multilingual embeddings (e5), cosine",-1,0.7986
f283vi,"Multilingual embeddings (e5), cosine",-1,0.80364
f4qms4,"Multilingual embeddings (e5), cosine",-1,0.80636
f69ncu,"Multilingual embeddings (e5), cosine",-1,0.84861
f799k5,"Multilingual embeddings (e5), cosine",-1,0.79704
f96tbe,"Multilingual embeddings (e5), cosine",-1,0.78905
fbgn5m,"Multilingual embeddings (e5), cosine",-1,0.86673
fc8jpk,"Multilingual embeddings (e5), cosine",-1,0.82303
fcaghn,"Multilingual embeddings (e5), cosine",-1,0.81043
fccnsv,"Multilingual embeddings (e5), cosine",-1,0.80161
ffsbpi,"Multilingual embeddings (e5), cosine",-1,0.80458
fgbezz,"Multilingual embeddings (e5), cosine",-1,0.81999
fgo3lf,"Multilingual embeddings (e5), cosine",-1,0.79364
fguory,"Multilingual embeddings (e5), cosine",-1,0.79956
fhdstg,"Multilingual embeddings (e5), cosine",-1,0.79711
fhepc7,"Multilingual embeddings (e5), cosine",-1,0.78899
fhk2vt,"Multilingual embeddings (e5), cosine",-1,0.79281
fhxqf7,"Multilingual embeddings (e5), cosine",-1,0.81898
fhz1tr,"Multilingual embeddings (e5), cosine",-1,0.79161
fhzis1,"Multilingual embeddings (e5), cosine",-1,0.77007
figt2n,"Multilingual embeddings (e5), cosine",-1,0.83517
fiybcu,"Multilingual embeddings (e5), cosine",-1,0.79903
fji10d,"Multilingual embeddings (e5), cosine",-1,0.80533
fk0cbe,"Multilingual embeddings (e5), cosine",-1,0.7988
fkfxtw,"Multilingual embeddings (e5), cosine",-1,0.79929
fkldua,"Multilingual embeddings (e5), cosine",-1,0.80494
fkm6y5,"Multilingual embeddings (e5), cosine",-1,0.79767
fl6pbu,"Multilingual embeddings (e5), cosine",-1,0.79335
flhf5m,"Multilingual embeddings (e5), cosine",-1,0.80429
fls9mk,"Multilingual embeddings (e5), cosine",-1,0.83337
flx35c,"Multilingual embeddings (e5), cosine",-1,0.78063
flx637,"Multilingual embeddings (e5), cosine",-1,0.85492
flyoyg,"Multilingual embeddings (e5), cosine",-1,0.78544
fm41er,"Multilingual embeddings (e5), cosine",-1,0.80792
fmbrtd,"Multilingual embeddings (e5), cosine",-1,0.75927
fmgq9v,"Multilingual embeddings (e5), cosine",-1,0.82547
fmkdde,"Multilingual embeddings (e5), cosine",-1,0.80196
fmzraj,"Multilingual embeddings (e5), cosine",-1,0.8272
fo70ft,"Multilingual embeddings (e5), cosine",-1,0.86527
folx5c,"Multilingual embeddings (e5), cosine",-1,0.81639
fp6tij,"Multilingual embeddings (e5), cosine",-1,0.83666
fpxm9f,"Multilingual embeddings (e5), cosine",-1,0.86406
fqfc29,"Multilingual embeddings (e5), cosine",-1,0.86034
fqhu9s,"Multilingual embeddings (e5), cosine",-1,0.87443
fqmsg2,"Multilingual embeddings (e5), cosine",-1,0.81773
frmgqu,"Multilingual embeddings (e5), cosine",-1,0.84159
ftllrc,"Multilingual embeddings (e5), cosine",-1,0.8332
fueee3,"Multilingual embeddings (e5), cosine",-1,0.80707
furh3t,"Multilingual embeddings (e5), cosine",-1,0.85718
fvaxja,"Multilingual embeddings (e5), cosine",-1,0.80333
fviobo,"Multilingual embeddings (e5), cosine",-1,0.7938
fwgse8,"Multilingual embeddings (e5), cosine",-1,0.83835
fwlvl4,"Multilingual embeddings (e5), cosine",-1,0.8638
fx3xjv,"Multilingual embeddings (e5), cosine",-1,0.83078
fy2oj3,"Multilingual embeddings (e5), cosine",-1,0.80914
fy2p7f,"Multilingual embeddings (e5), cosine",-1,0.80914
g0i8rm,"Multilingual embeddings (e5), cosine",-1,0.7815
g19p90,"Multilingual embeddings (e5), cosine",-1,0.81235
g1othi,"Multilingual embeddings (e5), cosine",-1,0.82983
g2bytp,"Multilingual embeddings (e5), cosine",-1,0.8176
g2gixl,"Multilingual embeddings (e5), cosine",-1,0.80925
g2idz0,"Multilingual embeddings (e5), cosine",-1,0.827
g34bbf,"Multilingual embeddings (e5), cosine",-1,0.87396
g4ewn0,"Multilingual embeddings (e5), cosine",-1,0.80924
g4nxk5,"Multilingual embeddings (e5), cosine",-1,0.79356
g5ky43,"Multilingual embeddings (e5), cosine",-1,0.79495
g8y3o6,"Multilingual embeddings (e5), cosine",-1,0.82316
gan3eg,"Multilingual embeddings (e5), cosine",-1,0.82775
gbdhgn,"Multilingual embeddings (e5), cosine",-1,0.87553
gd8rcb,"Multilingual embeddings (e5), cosine",-1,0.8454
gecn8f,"Multilingual embeddings (e5), cosine",-1,0.7657
ggbp5b,"Multilingual embeddings (e5), cosine",-1,0.81232
ghjdyj,"Multilingual embeddings (e5), cosine",-1,0.77824
ghslu9,"Multilingual embeddings (e5), cosine",-1,0.83643
gksuau,"Multilingual embeddings (e5), cosine",-1,0.82976
gl5kwt,"Multilingual embeddings (e5), cosine",-1,0.85524
go1u33,"Multilingual embeddings (e5), cosine",-1,0.82434
go6pl2,"Multilingual embeddings (e5), cosine",-1,0.80605
gp3xs4,"Multilingual embeddings (e5), cosine",-1,0.78889
gpwapq,"Multilingual embeddings (e5), cosine",-1,0.77923
gvqoq3,"Multilingual embeddings (e5), cosine",-1,0.82157
h9dp2s,"Multilingual embeddings (e5), cosine",-1,0.77029
h9hstb,"Multilingual embeddings (e5), cosine",-1,0.7919
ha4om1,"Multilingual embeddings (e5), cosine",-1,0.81859
haav14,"Multilingual embeddings (e5), cosine",-1,0.83684
hbfvim,"Multilingual embeddings (e5), cosine",-1,0.84036
hdo19g,"Multilingual embeddings (e5), cosine",-1,0.80757
hegmoy,"Multilingual embeddings (e5), cosine",-1,0.82097
hfj7qz,"Multilingual embeddings (e5), cosine",-1,0.78678
hgeu6a,"Multilingual embeddings (e5), cosine",-1,0.79736
hgk0yr,"Multilingual embeddings (e5), cosine",-1,0.77976
hjdm2t,"Multilingual embeddings (e5), cosine",-1,0.79486
hjxc3u,"Multilingual embeddings (e5), cosine",-1,0.79363
hkqsgq,"Multilingual embeddings (e5), cosine",-1,0.83252
ho7nah,"Multilingual embeddings (e5), cosine",-1,0.84384
hojmh7,"Multilingual embeddings (e5), cosine",-1,0.83701
hwfz7k,"Multilingual embeddings (e5), cosine",-1,0.84617
hzd5d1,"Multilingual embeddings (e5), cosine",-1,0.82006
i0k0k5,"Multilingual embeddings (e5), cosine",-1,0.82715
i0mhd5,"Multilingual embeddings (e5), cosine",-1,0.83397
i0n5gc,"Multilingual embeddings (e5), cosine",-1,0.7862
i3msyd,"Multilingual embeddings (e5), cosine",-1,0.81519
i7rlrt,"Multilingual embeddings (e5), cosine",-1,0.79728
i8b5uo,"Multilingual embeddings (e5), cosine",-1,0.78098
ia99vr,"Multilingual embeddings (e5), cosine",-1,0.79517
ibcu2q,"Multilingual embeddings (e5), cosine",-1,0.79483
ic2g86,"Multilingual embeddings (e5), cosine",-1,0.78724
ice0kk,"Multilingual embeddings (e5), cosine",-1,0.82623
ici56t,"Multilingual embeddings (e5), cosine",-1,0.89225
ictrw8,"Multilingual embeddings (e5), cosine",-1,0.84328
iguhj6,"Multilingual embeddings (e5), cosine",-1,0.78477
ih08v3,"Multilingual embeddings (e5), cosine",-1,0.84739
ih7ei3,"Multilingual embeddings (e5), cosine",-1,0.77981
ihj6bx,"Multilingual embeddings (e5), cosine",-1,0.81314
iiqap8,"Multilingual embeddings (e5), cosine",-1,0.80222
iiqu94,"Multilingual embeddings (e5), cosine",-1,0.79882
ij8qio,"Multilingual embeddings (e5), cosine",-1,0.80287
iket8f,"Multilingual embeddings (e5), cosine",-1,0.82854
ilv17f,"Multilingual embeddings (e5), cosine",-1,0.84378
imb0ri,"Multilingual embeddings (e5), cosine",-1,0.85898
imc2uz,"Multilingual embeddings (e5), cosine",-1,0.85345
imi2li,"Multilingual embeddings (e5), cosine",-1,0.80415
ioql0z,"Multilingual embeddings (e5), cosine",-1,0.84631
iotgaz,"Multilingual embeddings (e5), cosine",-1,0.79716
irrxv6,"Multilingual embeddings (e5), cosine",-1,0.83233
isj1z0,"Multilingual embeddings (e5), cosine",-1,0.82276
isp3z6,"Multilingual embeddings (e5), cosine",-1,0.81262
ittyao,"Multilingual embeddings (e5), cosine",-1,0.79218
iu2a3a,"Multilingual embeddings (e5), cosine",-1,0.86481
ivghce,"Multilingual embeddings (e5), cosine",-1,0.80777
ivn1mm,"Multilingual embeddings (e5), cosine",-1,0.8293
ix01hq,"Multilingual embeddings (e5), cosine",-1,0.81177
ixrd8y,"Multilingual embeddings (e5), cosine",-1,0.84603
iy2bft,"Multilingual embeddings (e5), cosine",-1,0.79389
iyumys,"Multilingual embeddings (e5), cosine",-1,0.83003
iyvzvz,"Multilingual embeddings (e5), cosine",-1,0.84478
izsgni,"Multilingual embeddings (e5), cosine",-1,0.78737
j0t2d2,"Multilingual embeddings (e5), cosine",-1,0.86044
j1069i,"Multilingual embeddings (e5), cosine",-1,0.83854
j1zsiy,"Multilingual embeddings (e5), cosine",-1,0.8229
j29je4,"Multilingual embeddings (e5), cosine",-1,0.80109
j3wawt,"Multilingual embeddings (e5), cosine",-1,0.8067
j61gsa,"Multilingual embeddings (e5), cosine",-1,0.83526
j70xoi,"Multilingual embeddings (e5), cosine",-1,0.85465
j9sy3n,"Multilingual embeddings (e5), cosine",-1,0.76086
jaaj86,"Multilingual embeddings (e5), cosine",-1,0.85136
jbtcwk,"Multilingual embeddings (e5), cosine",-1,0.82755
jc5uzf,"Multilingual embeddings (e5), cosine",-1,0.86149
jc6461,"Multilingual embeddings (e5), cosine",-1,0.86283
jcberw,"Multilingual embeddings (e5), cosine",-1,0.82293
jgkjnm,"Multilingual embeddings (e5), cosine",-1,0.85025
jgkvtb,"Multilingual embeddings (e5), cosine",-1,0.78169
jgl84e,"Multilingual embeddings (e5), cosine",-1,0.82945
jh46cv,"Multilingual embeddings (e5), cosine",-1,0.82141
jia61d,"Multilingual embeddings (e5), cosine",-1,0.7715
jivlvr,"Multilingual embeddings (e5), cosine",-1,0.85017
jjwuzn,"Multilingual embeddings (e5), cosine",-1,0.75884
jjylnj,"Multilingual embeddings (e5), cosine",-1,0.822
jkh3zx,"Multilingual embeddings (e5), cosine",-1,0.84064
jkrv3d,"Multilingual embeddings (e5), cosine",-1,0.84461
jkrze6,"Multilingual embeddings (e5), cosine",-1,0.83395
jm32gj,"Multilingual embeddings (e5), cosine",-1,0.7953
jncki5,"Multilingual embeddings (e5), cosine",-1,0.78847
jnyj70,"Multilingual embeddings (e5), cosine",-1,0.82319
jogf8j,"Multilingual embeddings (e5), cosine",-1,0.80626
jp39k1,"Multilingual embeddings (e5), cosine",-1,0.83575
jpqv0v,"Multilingual embeddings (e5), cosine",-1,0.81342
jrjcgw,"Multilingual embeddings (e5), cosine",-1,0.84577
js5av6,"Multilingual embeddings (e5), cosine",-1,0.83641
jvpzh0,"Multilingual embeddings (e5), cosine",-1,0.84242
jvqnsn,"Multilingual embeddings (e5), cosine",-1,0.83423
jx5mib,"Multilingual embeddings (e5), cosine",-1,0.81357
jzldwr,"Multilingual embeddings (e5), cosine",-1,0.838
k577mi,"Multilingual embeddings (e5), cosine",-1,0.83834
k603dd,"Multilingual embeddings (e5), cosine",-1,0.84684
k603y6,"Multilingual embeddings (e5), cosine",-1,0.82928
k624c4,"Multilingual embeddings (e5), cosine",-1,0.82893
k6o6bw,"Multilingual embeddings (e5), cosine",-1,0.84726
k90kjc,"Multilingual embeddings (e5), cosine",-1,0.84864
k9ajeu,"Multilingual embeddings (e5), cosine",-1,0.86275
k9tt6x,"Multilingual embeddings (e5), cosine",-1,0.78372
kabbn0,"Multilingual embeddings (e5), cosine",-1,0.80866
kc99mr,"Multilingual embeddings (e5), cosine",-1,0.8339
keiyka,"Multilingual embeddings (e5), cosine",-1,0.83902
kfjwh1,"Multilingual embeddings (e5), cosine",-1,0.81108
kgrai2,"Multilingual embeddings (e5), cosine",-1,0.84194
khpbim,"Multilingual embeddings (e5), cosine",-1,0.83467
kixuic,"Multilingual embeddings (e5), cosine",-1,0.85212
kj9yic,"Multilingual embeddings (e5), cosine",-1,0.76071
kjm1a3,"Multilingual embeddings (e5), cosine",-1,0.8515
knlqii,"Multilingual embeddings (e5), cosine",-1,0.82734
knlr19,"Multilingual embeddings (e5), cosine",-1,0.82734
ko9dyf,"Multilingual embeddings (e5), cosine",-1,0.83124
kp0re0,"Multilingual embeddings (e5), cosine",-1,0.85939
krjrvz,"Multilingual embeddings (e5), cosine",-1,0.80122
krnvhz,"Multilingual embeddings (e5), cosine",-1,0.83997
ksik3u,"Multilingual embeddings (e5), cosine",-1,0.83427
kslmtn,"Multilingual embeddings (e5), cosine",-1,0.79434
kt1iuf,"Multilingual embeddings (e5), cosine",-1,0.85916
kt8gmt,"Multilingual embeddings (e5), cosine",-1,0.82658
kuyyyj,"Multilingual embeddings (e5), cosine",-1,0.8376
kyt8fg,"Multilingual embeddings (e5), cosine",-1,0.85336
kz90ac,"Multilingual embeddings (e5), cosine",-1,0.872
l0kqeb,"Multilingual embeddings (e5), cosine",-1,0.87316
l1v347,"Multilingual embeddings (e5), cosine",-1,0.8281
l25gdq,"Multilingual embeddings (e5), cosine",-1,0.7909
l4i7ej,"Multilingual embeddings (e5), cosine",-1,0.82291
l4vujj,"Multilingual embeddings (e5), cosine",-1,0.85233
l5djp3,"Multilingual embeddings (e5), cosine",-1,0.87185
l5g4qt,"Multilingual embeddings (e5), cosine",-1,0.85004
l5k8py,"Multilingual embeddings (e5), cosine",-1,0.80904
l769em,"Multilingual embeddings (e5), cosine",-1,0.78024
l79sl5,"Multilingual embeddings (e5), cosine",-1,0.838
l7ou1m,"Multilingual embeddings (e5), cosine",-1,0.8144
la0a8q,"Multilingual embeddings (e5), cosine",-1,0.84004
la93c7,"Multilingual embeddings (e5), cosine",-1,0.83625
lcp4ri,"Multilingual embeddings (e5), cosine",-1,0.87134
ld48jf,"Multilingual embeddings (e5), cosine",-1,0.81373
ld93pc,"Multilingual embeddings (e5), cosine",-1,0.85052
lfh2sm,"Multilingual embeddings (e5), cosine",-1,0.79498
lfzbmy,"Multilingual embeddings (e5), cosine",-1,0.83895
lg2dzw,"Multilingual embeddings (e5), cosine",-1,0.86148
lg2k8j,"Multilingual embeddings (e5), cosine",-1,0.85591
li83kz,"Multilingual embeddings (e5), cosine",-1,0.85244
lm0xgx,"Multilingual embeddings (e5), cosine",-1,0.8338
lp5f2u,"Multilingual embeddings (e5), cosine",-1,0.84303
lpj2mi,"Multilingual embeddings (e5), cosine",-1,0.80627
lpkviw,"Multilingual embeddings (e5), cosine",-1,0.87227
lpuvub,"Multilingual embeddings (e5), cosine",-1,0.75103
lpv6b2,"Multilingual embeddings (e5), cosine",-1,0.81369
lv2ls2,"Multilingual embeddings (e5), cosine",-1,0.7644
lvxwqy,"Multilingual embeddings (e5), cosine",-1,0.85336
lx1vgg,"Multilingual embeddings (e5), cosine",-1,0.82237
m0aaur,"Multilingual embeddings (e5), cosine",-1,0.80869
m1ethl,"Multilingual embeddings (e5), cosine",-1,0.82063
m3bs8z,"Multilingual embeddings (e5), cosine",-1,0.75688
m4tu00,"Multilingual embeddings (e5), cosine",-1,0.81685
m5h2ks,"Multilingual embeddings (e5), cosine",-1,0.85869
m5kxle,"Multilingual embeddings (e5), cosine",-1,0.83749
m8cg12,"Multilingual embeddings (e5), cosine",-1,0.80096
m9eho9,"Multilingual embeddings (e5), cosine",-1,0.82666
mai7eq,"Multilingual embeddings (e5), cosine",-1,0.78248
mbi4r0,"Multilingual embeddings (e5), cosine",-1,0.84206
mckjmc,"Multilingual embeddings (e5), cosine",-1,0.81341
mdj0lc,"Multilingual embeddings (e5), cosine",-1,0.76067
meh6b8,"Multilingual embeddings (e5), cosine",-1,0.83923
meujox,"Multilingual embeddings (e5), cosine",-1,0.7905
mfkofn,"Multilingual embeddings (e5), cosine",-1,0.75047
mh20h1,"Multilingual embeddings (e5), cosine",-1,0.85124
mhhicw,"Multilingual embeddings (e5), cosine",-1,0.83823
mhrbt0,"Multilingual embeddings (e5), cosine",-1,0.8169
mjgb76,"Multilingual embeddings (e5), cosine",-1,0.81841
mk65eu,"Multilingual embeddings (e5), cosine",-1,0.78706
mkefb8,"Multilingual embeddings (e5), cosine",-1,0.80036
ml6tfy,"Multilingual embeddings (e5), cosine",-1,0.82451
ml8s52,"Multilingual embeddings (e5), cosine",-1,0.78985
mlwbui,"Multilingual embeddings (e5), cosine",-1,0.81356
mlyr54,"Multilingual embeddings (e5), cosine",-1,0.83774
mnfunz,"Multilingual embeddings (e5), cosine",-1,0.78826
mo3jua,"Multilingual embeddings (e5), cosine",-1,0.85023
mpauaf,"Multilingual embeddings (e5), cosine",-1,0.82238
mpxraz,"Multilingual embeddings (e5), cosine",-1,0.82688
mqbsvc,"Multilingual embeddings (e5), cosine",-1,0.78351
mqm14i,"Multilingual embeddings (e5), cosine",-1,0.80469
mrqhab,"Multilingual embeddings (e5), cosine",-1,0.82967
mss81s,"Multilingual embeddings (e5), cosine",-1,0.802
mtfpga,"Multilingual embeddings (e5), cosine",-1,0.85256
mun21m,"Multilingual embeddings (e5), cosine",-1,0.78868
munkj0,"Multilingual embeddings (e5), cosine",-1,0.83568
mwtpq2,"Multilingual embeddings (e5), cosine",-1,0.8111
mwv5qu,"Multilingual embeddings (e5), cosine",-1,0.83241
myfex3,"Multilingual embeddings (e5), cosine",-1,0.8
myq7qn,"Multilingual embeddings (e5), cosine",-1,0.78409
n0dmbg,"Multilingual embeddings (e5), cosine",-1,0.85337
n14wzz,"Multilingual embeddings (e5), cosine",-1,0.80971
n2ckjs,"Multilingual embeddings (e5), cosine",-1,0.76669
n5jatz,"Multilingual embeddings (e5), cosine",-1,0.80333
n6i122,"Multilingual embeddings (e5), cosine",-1,0.82825
n79v3,"Multilingual embeddings (e5), cosine",-1,0.82222
n90ru9,"Multilingual embeddings (e5), cosine",-1,0.75295
nbgk37,"Multilingual embeddings (e5), cosine",-1,0.8505
ndy44b,"Multilingual embeddings (e5), cosine",-1,0.82775
nelkdp,"Multilingual embeddings (e5), cosine",-1,0.81851
nh21mm,"Multilingual embeddings (e5), cosine",-1,0.8139
nh2xbd,"Multilingual embeddings (e5), cosine",-1,0.86119
nhmo1w,"Multilingual embeddings (e5), cosine",-1,0.77952
nhp74a,"Multilingual embeddings (e5), cosine",-1,0.81754
nid4xk,"Multilingual embeddings (e5), cosine",-1,0.81933
njswvw,"Multilingual embeddings (e5), cosine",-1,0.8094
nmud4m,"Multilingual embeddings (e5), cosine",-1,0.79834
np2d26,"Multilingual embeddings (e5), cosine",-1,0.84515
nqefuh,"Multilingual embeddings (e5), cosine",-1,0.77671
nqk4aw,"Multilingual embeddings (e5), cosine",-1,0.79878
nquxge,"Multilingual embeddings (e5), cosine",-1,0.83126
nra3e8,"Multilingual embeddings (e5), cosine",-1,0.83692
nryb61,"Multilingual embeddings (e5), cosine",-1,0.76284
nu4qwm,"Multilingual embeddings (e5), cosine",-1,0.88468
nuepgt,"Multilingual embeddings (e5), cosine",-1,0.83675
nulmqc,"Multilingual embeddings (e5), cosine",-1,0.79449
nv4089,"Multilingual embeddings (e5), cosine",-1,0.83867
nv9hr6,"Multilingual embeddings (e5), cosine",-1,0.83867
nvbh3w,"Multilingual embeddings (e5), cosine",-1,0.78509
nxvq3a,"Multilingual embeddings (e5), cosine",-1,0.78483
nyq4wo,"Multilingual embeddings (e5), cosine",-1,0.80735
nys24t,"Multilingual embeddings (e5), cosine",-1,0.7677
nyvi2e,"Multilingual embeddings (e5), cosine",-1,0.847
nyxyka,"Multilingual embeddings (e5), cosine",-1,0.79889
o18i8w,"Multilingual embeddings (e5), cosine",-1,0.75924
o3c60p,"Multilingual embeddings (e5), cosine",-1,0.87065
o4diru,"Multilingual embeddings (e5), cosine",-1,0.82156
o6lnfo,"Multilingual embeddings (e5), cosine",-1,0.84298
o7toq9,"Multilingual embeddings (e5), cosine",-1,0.79983
o9yu8w,"Multilingual embeddings (e5), cosine",-1,0.84887
objeos,"Multilingual embeddings (e5), cosine",-1,0.85057
obpuh8,"Multilingual embeddings (e5), cosine",-1,0.82977
obsrfj,"Multilingual embeddings (e5), cosine",-1,0.8315
oc48n5,"Multilingual embeddings (e5), cosine",-1,0.80954
oc89ax,"Multilingual embeddings (e5), cosine",-1,0.85538
oe1lri,"Multilingual embeddings (e5), cosine",-1,0.84825
offbxc,"Multilingual embeddings (e5), cosine",-1,0.84692
ohim6f,"Multilingual embeddings (e5), cosine",-1,0.83849
ohz00h,"Multilingual embeddings (e5), cosine",-1,0.83775
oit39s,"Multilingual embeddings (e5), cosine",-1,0.81412
ojb4cb,"Multilingual embeddings (e5), cosine",-1,0.80204
ojmy4l,"Multilingual embeddings (e5), cosine",-1,0.85813
ok75sy,"Multilingual embeddings (e5), cosine",-1,0.78234
oknoru,"Multilingual embeddings (e5), cosine",-1,0.87676
okqta8,"Multilingual embeddings (e5), cosine",-1,0.85813
old392,"Multilingual embeddings (e5), cosine",-1,0.82764
olukpq,"Multilingual embeddings (e5), cosine",-1,0.8059
onwka1,"Multilingual embeddings (e5), cosine",-1,0.78485
ooa0ki,"Multilingual embeddings (e5), cosine",-1,0.84094
oomes0,"Multilingual embeddings (e5), cosine",-1,0.81881
oon4a8,"Multilingual embeddings (e5), cosine",-1,0.81189
op3cu9,"Multilingual embeddings (e5), cosine",-1,0.85628
oq3df1,"Multilingual embeddings (e5), cosine",-1,0.77719
orj107,"Multilingual embeddings (e5), cosine",-1,0.82535
ot4rej,"Multilingual embeddings (e5), cosine",-1,0.82427
oug55y,"Multilingual embeddings (e5), cosine",-1,0.79242
ovsuej,"Multilingual embeddings (e5), cosine",-1,0.77243
owq7xx,"Multilingual embeddings (e5), cosine",-1,0.81707
owxain,"Multilingual embeddings (e5), cosine",-1,0.81115
oxyd6v,"Multilingual embeddings (e5), cosine",-1,0.78462
p0vx4n,"Multilingual embeddings (e5), cosine",-1,0.78842
p19ls2,"Multilingual embeddings (e5), cosine",-1,0.83059
p1l865,"Multilingual embeddings (e5), cosine",-1,0.80673
p1q2yw,"Multilingual embeddings (e5), cosine",-1,0.81697
p370dc,"Multilingual embeddings (e5), cosine",-1,0.86339
p3kigu,"Multilingual embeddings (e5), cosine",-1,0.86486
p3nfil,"Multilingual embeddings (e5), cosine",-1,0.83469
p51lhn,"Multilingual embeddings (e5), cosine",-1,0.81716
p6eek4,"Multilingual embeddings (e5), cosine",-1,0.81646
p7iocm,"Multilingual embeddings (e5), cosine",-1,0.81702
p7m4ro,"Multilingual embeddings (e5), cosine",-1,0.7888
p96cry,"Multilingual embeddings (e5), cosine",-1,0.82519
p9uw35,"Multilingual embeddings (e5), cosine",-1,0.82604
pa139w,"Multilingual embeddings (e5), cosine",-1,0.76181
pb8yww,"Multilingual embeddings (e5), cosine",-1,0.8353
pbj8bp,"Multilingual embeddings (e5), cosine",-1,0.87419
pc3h4n,"Multilingual embeddings (e5), cosine",-1,0.78413
peeucn,"Multilingual embeddings (e5), cosine",-1,0.82429
pekj2t,"Multilingual embeddings (e5), cosine",-1,0.80469
pezlht,"Multilingual embeddings (e5), cosine",-1,0.83084
pf1pew,"Multilingual embeddings (e5), cosine",-1,0.80396
pfxx55,"Multilingual embeddings (e5), cosine",-1,0.82299
phrd2s,"Multilingual embeddings (e5), cosine",-1,0.79242
phv7m2,"Multilingual embeddings (e5), cosine",-1,0.86603
pid6cq,"Multilingual embeddings (e5), cosine",-1,0.8263
piezlr,"Multilingual embeddings (e5), cosine",-1,0.76338
piugjq,"Multilingual embeddings (e5), cosine",-1,0.77854
pjmyno,"Multilingual embeddings (e5), cosine",-1,0.83462
pk6bln,"Multilingual embeddings (e5), cosine",-1,0.82441
pkts2h,"Multilingual embeddings (e5), cosine",-1,0.77261
plkpyx,"Multilingual embeddings (e5), cosine",-1,0.84096
pnawuz,"Multilingual embeddings (e5), cosine",-1,0.8371
pov23z,"Multilingual embeddings (e5), cosine",-1,0.81965
pqsmie,"Multilingual embeddings (e5), cosine",-1,0.82344
prtvou,"Multilingual embeddings (e5), cosine",-1,0.82581
pt7fzz,"Multilingual embeddings (e5), cosine",-1,0.85667
ptqhaw,"Multilingual embeddings (e5), cosine",-1,0.73696
pttfys,"Multilingual embeddings (e5), cosine",-1,0.7819
pu3wbk,"Multilingual embeddings (e5), cosine",-1,0.78992
pu5seb,"Multilingual embeddings (e5), cosine",-1,0.80353
puk6sq,"Multilingual embeddings (e5), cosine",-1,0.81915
pvl8c7,"Multilingual embeddings (e5), cosine",-1,0.84777
pyiy57,"Multilingual embeddings (e5), cosine",-1,0.82953
q12fz2,"Multilingual embeddings (e5), cosine",-1,0.81223
q1p1n6,"Multilingual embeddings (e5), cosine",-1,0.77478
q1z1tr,"Multilingual embeddings (e5), cosine",-1,0.78139
q4ppb6,"Multilingual embeddings (e5), cosine",-1,0.84419
q5qhh3,"Multilingual embeddings (e5), cosine",-1,0.77856
q5sw9e,"Multilingual embeddings (e5), cosine",-1,0.79955
q5ysp8,"Multilingual embeddings (e5), cosine",-1,0.82261
q6gnqh,"Multilingual embeddings (e5), cosine",-1,0.79723
qc2lzn,"Multilingual embeddings (e5), cosine",-1,0.83136
qcolhb,"Multilingual embeddings (e5), cosine",-1,0.83303
qdjokh,"Multilingual embeddings (e5), cosine",-1,0.82738
qffqm2,"Multilingual embeddings (e5), cosine",-1,0.82855
qg7f5j,"Multilingual embeddings (e5), cosine",-1,0.83162
qj2ez7,"Multilingual embeddings (e5), cosine",-1,0.78622
qjlr54,"Multilingual embeddings (e5), cosine",-1,0.78977
qkc9ob,"Multilingual embeddings (e5), cosine",-1,0.80566
qlponw,"Multilingual embeddings (e5), cosine",-1,0.81565
qm3zs5,"Multilingual embeddings (e5), cosine",-1,0.81674
qmj0et,"Multilingual embeddings (e5), cosine",-1,0.83341
qmpcrf,"Multilingual embeddings (e5), cosine",-1,0.81962
qn5bzy,"Multilingual embeddings (e5), cosine",-1,0.84243
qo5r1s,"Multilingual embeddings (e5), cosine",-1,0.81555
qol0qg,"Multilingual embeddings (e5), cosine",-1,0.78039
qpcpda,"Multilingual embeddings (e5), cosine",-1,0.82145
qqnm18,"Multilingual embeddings (e5), cosine",-1,0.76569
qqou2m,"Multilingual embeddings (e5), cosine",-1,0.86912
qqzv8s,"Multilingual embeddings (e5), cosine",-1,0.77932
qr5jpf,"Multilingual embeddings (e5), cosine",-1,0.78782
qrg5l7,"Multilingual embeddings (e5), cosine",-1,0.75767
qtqqh5,"Multilingual embeddings (e5), cosine",-1,0.80618
qulnig,"Multilingual embeddings (e5), cosine",-1,0.81427
qve6b0,"Multilingual embeddings (e5), cosine",-1,0.83844
qvl6qi,"Multilingual embeddings (e5), cosine",-1,0.83583
qy9h6x,"Multilingual embeddings (e5), cosine",-1,0.80549
qzmhg7,"Multilingual embeddings (e5), cosine",-1,0.78346
r0bzft,"Multilingual embeddings (e5), cosine",-1,0.84249
r0kqab,"Multilingual embeddings (e5), cosine",-1,0.81231
r1sqhl,"Multilingual embeddings (e5), cosine",-1,0.78623
r1vvup,"Multilingual embeddings (e5), cosine",-1,0.81912
r1yxhd,"Multilingual embeddings (e5), cosine",-1,0.84142
r2ie0y,"Multilingual embeddings (e5), cosine",-1,0.84286
r3ibr2,"Multilingual embeddings (e5), cosine",-1,0.80789
r7flie,"Multilingual embeddings (e5), cosine",-1,0.79904
r7ia29,"Multilingual embeddings (e5), cosine",-1,0.84267
r7knn3,"Multilingual embeddings (e5), cosine",-1,0.765
raut39,"Multilingual embeddings (e5), cosine",-1,0.72426
rcetl2,"Multilingual embeddings (e5), cosine",-1,0.88122
rdtec3,"Multilingual embeddings (e5), cosine",-1,0.81452
rek0w8,"Multilingual embeddings (e5), cosine",-1,0.78652
ri6vc6,"Multilingual embeddings (e5), cosine",-1,0.80521
riqfj6,"Multilingual embeddings (e5), cosine",-1,0.81317
rir6v3,"Multilingual embeddings (e5), cosine",-1,0.85374
rmxsrq,"Multilingual embeddings (e5), cosine",-1,0.79792
rmyfyx,"Multilingual embeddings (e5), cosine",-1,0.82432
rp43h1,"Multilingual embeddings (e5), cosine",-1,0.79283
rpj0v2,"Multilingual embeddings (e5), cosine",-1,0.82848
rr8ahf,"Multilingual embeddings (e5), cosine",-1,0.85643
rri8xa,"Multilingual embeddings (e5), cosine",-1,0.81938
rt15y0,"Multilingual embeddings (e5), cosine",-1,0.80762
rtqq9p,"Multilingual embeddings (e5), cosine",-1,0.80112
rtuung,"Multilingual embeddings (e5), cosine",-1,0.81246
rus5sh,"Multilingual embeddings (e5), cosine",-1,0.86378
ruxsws,"Multilingual embeddings (e5), cosine",-1,0.75154
rvq046,"Multilingual embeddings (e5), cosine",-1,0.79944
rvtgmr,"Multilingual embeddings (e5), cosine",-1,0.85529
rwjt89,"Multilingual embeddings (e5), cosine",-1,0.79505
rwmqxx,"Multilingual embeddings (e5), cosine",-1,0.8011
rworgg,"Multilingual embeddings (e5), cosine",-1,0.83491
rxlufc,"Multilingual embeddings (e5), cosine",-1,0.82317
ry2y0q,"Multilingual embeddings (e5), cosine",-1,0.80951
ry3nne,"Multilingual embeddings (e5), cosine",-1,0.78165
rzrsx7,"Multilingual embeddings (e5), cosine",-1,0.82099
s0ep2s,"Multilingual embeddings (e5), cosine",-1,0.83584
s0lfxs,"Multilingual embeddings (e5), cosine",-1,0.82239
s19u4b,"Multilingual embeddings (e5), cosine",-1,0.8037
s25tsv,"Multilingual embeddings (e5), cosine",-1,0.83743
s2zl4w,"Multilingual embeddings (e5), cosine",-1,0.82658
s3vm5c,"Multilingual embeddings (e5), cosine",-1,0.82941
s427nc,"Multilingual embeddings (e5), cosine",-1,0.81884
s4k0lg,"Multilingual embeddings (e5), cosine",-1,0.82697
s5dzze,"Multilingual embeddings (e5), cosine",-1,0.81636
s5yy4a,"Multilingual embeddings (e5), cosine",-1,0.83196
s6v32r,"Multilingual embeddings (e5), cosine",-1,0.84113
s6viqn,"Multilingual embeddings (e5), cosine",-1,0.83365
s6y1k2,"Multilingual embeddings (e5), cosine",-1,0.78598
s71noq,"Multilingual embeddings (e5), cosine",-1,0.83078
s8gkdj,"Multilingual embeddings (e5), cosine",-1,0.81913
s8kcsj,"Multilingual embeddings (e5), cosine",-1,0.81102
s8kxgt,"Multilingual embeddings (e5), cosine",-1,0.79846
s8nkyw,"Multilingual embeddings (e5), cosine",-1,0.84079
say4xj,"Multilingual embeddings (e5), cosine",-1,0.81024
sbmf6b,"Multilingual embeddings (e5), cosine",-1,0.83565
sd73xx,"Multilingual embeddings (e5), cosine",-1,0.8112
sdx1zh,"Multilingual embeddings (e5), cosine",-1,0.7835
se849k,"Multilingual embeddings (e5), cosine",-1,0.80874
seor6s,"Multilingual embeddings (e5), cosine",-1,0.84841
sg3lfk,"Multilingual embeddings (e5), cosine",-1,0.85082
sgvtsu,"Multilingual embeddings (e5), cosine",-1,0.80824
si6c5r,"Multilingual embeddings (e5), cosine",-1,0.76162
sii340,"Multilingual embeddings (e5), cosine",-1,0.78548
sit78i,"Multilingual embeddings (e5), cosine",-1,0.84036
siuakv,"Multilingual embeddings (e5), cosine",-1,0.82049
sjxrk3,"Multilingual embeddings (e5), cosine",-1,0.78883
smkm1j,"Multilingual embeddings (e5), cosine",-1,0.83009
smzl0y,"Multilingual embeddings (e5), cosine",-1,0.78602
sqnak8,"Multilingual embeddings (e5), cosine",-1,0.81495
sqrcuv,"Multilingual embeddings (e5), cosine",-1,0.8224
sqrsf0,"Multilingual embeddings (e5), cosine",-1,0.79731
stsis1,"Multilingual embeddings (e5), cosine",-1,0.81022
stu70x,"Multilingual embeddings (e5), cosine",-1,0.84238
svfoic,"Multilingual embeddings (e5), cosine",-1,0.87008
swaij2,"Multilingual embeddings (e5), cosine",-1,0.85404
sxnj3u,"Multilingual embeddings (e5), cosine",-1,0.81477
sxqmas,"Multilingual embeddings (e5), cosine",-1,0.79419
t0zqxo,"Multilingual embeddings (e5), cosine",-1,0.83168
t1991p,"Multilingual embeddings (e5), cosine",-1,0.80864
t2m2sp,"Multilingual embeddings (e5), cosine",-1,0.83663
t3cbqx,"Multilingual embeddings (e5), cosine",-1,0.80987
t3f6jf,"Multilingual embeddings (e5), cosine",-1,0.82293
t5jolk,"Multilingual embeddings (e5), cosine",-1,0.80738
t8k9bm,"Multilingual embeddings (e5), cosine",-1,0.81993
t8m8br,"Multilingual embeddings (e5), cosine",-1,0.81365
t9h37p,"Multilingual embeddings (e5), cosine",-1,0.7985
t9rxro,"Multilingual embeddings (e5), cosine",-1,0.81965
ta9hzg,"Multilingual embeddings (e5), cosine",-1,0.7975
tcd4ea,"Multilingual embeddings (e5), cosine",-1,0.81249
tcdy59,"Multilingual embeddings (e5), cosine",-1,0.84423
tdti6b,"Multilingual embeddings (e5), cosine",-1,0.81123
tex3t2,"Multilingual embeddings (e5), cosine",-1,0.84058
tfex6r,"Multilingual embeddings (e5), cosine",-1,0.83461
tff4oo,"Multilingual embeddings (e5), cosine",-1,0.79713
tga5wh,"Multilingual embeddings (e5), cosine",-1,0.78411
tgx9do,"Multilingual embeddings (e5), cosine",-1,0.77965
thqmny,"Multilingual embeddings (e5), cosine",-1,0.79047
tj5mon,"Multilingual embeddings (e5), cosine",-1,0.739
tj64pr,"Multilingual embeddings (e5), cosine",-1,0.81572
tj9grk,"Multilingual embeddings (e5), cosine",-1,0.81501
tjd9sg,"Multilingual embeddings (e5), cosine",-1,0.85665
tkah7f,"Multilingual embeddings (e5), cosine",-1,0.80388
tko0oa,"Multilingual embeddings (e5), cosine",-1,0.78217
tne29w,"Multilingual embeddings (e5), cosine",-1,0.7687
tngso3,"Multilingual embeddings (e5), cosine",-1,0.78065
tpp04o,"Multilingual embeddings (e5), cosine",-1,0.84769
tq9ql5,"Multilingual embeddings (e5), cosine",-1,0.80515
tq9whl,"Multilingual embeddings (e5), cosine",-1,0.77953
tqs9hv,"Multilingual embeddings (e5), cosine",-1,0.78928
tqzpga,"Multilingual embeddings (e5), cosine",-1,0.80613
trz6tx,"Multilingual embeddings (e5), cosine",-1,0.77594
tsszug,"Multilingual embeddings (e5), cosine",-1,0.77821
ttajh4,"Multilingual embeddings (e5), cosine",-1,0.86842
tu5kvn,"Multilingual embeddings (e5), cosine",-1,0.787
tuigm2,"Multilingual embeddings (e5), cosine",-1,0.8325
tulwnl,"Multilingual embeddings (e5), cosine",-1,0.84431
tuxfqm,"Multilingual embeddings (e5), cosine",-1,0.79486
tv6jha,"Multilingual embeddings (e5), cosine",-1,0.83361
tvv6l3,"Multilingual embeddings (e5), cosine",-1,0.77954
tvvlsn,"Multilingual embeddings (e5), cosine",-1,0.83228
twno29,"Multilingual embeddings (e5), cosine",-1,0.78692
twqbiv,"Multilingual embeddings (e5), cosine",-1,0.80424
twtj3l,"Multilingual embeddings (e5), cosine",-1,0.85164
twzazb,"Multilingual embeddings (e5), cosine",-1,0.83193
twzdpb,"Multilingual embeddings (e5), cosine",-1,0.79511
txev90,"Multilingual embeddings (e5), cosine",-1,0.78758
txiefh,"Multilingual embeddings (e5), cosine",-1,0.82551
txj2le,"Multilingual embeddings (e5), cosine",-1,0.78308
txu6iw,"Multilingual embeddings (e5), cosine",-1,0.85823
ty61qq,"Multilingual embeddings (e5), cosine",-1,0.78946
tye0kt,"Multilingual embeddings (e5), cosine",-1,0.82763
tyg26z,"Multilingual embeddings (e5), cosine",-1,0.8094
tzjv11,"Multilingual embeddings (e5), cosine",-1,0.7933
tzq230,"Multilingual embeddings (e5), cosine",-1,0.77856
u0dwf0,"Multilingual embeddings (e5), cosine",-1,0.83074
u1725f,"Multilingual embeddings (e5), cosine",-1,0.8394
u175uu,"Multilingual embeddings (e5), cosine",-1,0.78947
u1a0we,"Multilingual embeddings (e5), cosine",-1,0.77369
u1stp9,"Multilingual embeddings (e5), cosine",-1,0.7839
u1uv83,"Multilingual embeddings (e5), cosine",-1,0.84733
u20isz,"Multilingual embeddings (e5), cosine",-1,0.7731
u28xy6,"Multilingual embeddings (e5), cosine",-1,0.81175
u2k2hi,"Multilingual embeddings (e5), cosine",-1,0.79094
u2koj4,"Multilingual embeddings (e5), cosine",-1,0.81266
u2sccm,"Multilingual embeddings (e5), cosine",-1,0.80078
u2w1gt,"Multilingual embeddings (e5), cosine",-1,0.80637
u2wov2,"Multilingual embeddings (e5), cosine",-1,0.83173
u45mul,"Multilingual embeddings (e5), cosine",-1,0.79295
u4xjdq,"Multilingual embeddings (e5), cosine",-1,0.79259
u5imm7,"Multilingual embeddings (e5), cosine",-1,0.83036
u5iqno,"Multilingual embeddings (e5), cosine",-1,0.82621
u6wyq8,"Multilingual embeddings (e5), cosine",-1,0.80348
u6zb89,"Multilingual embeddings (e5), cosine",-1,0.81052
u7tu70,"Multilingual embeddings (e5), cosine",-1,0.80451
u7uhz2,"Multilingual embeddings (e5), cosine",-1,0.81514
u80a3u,"Multilingual embeddings (e5), cosine",-1,0.76841
u8o54e,"Multilingual embeddings (e5), cosine",-1,0.79756
u9in0y,"Multilingual embeddings (e5), cosine",-1,0.80753
ubia9r,"Multilingual embeddings (e5), cosine",-1,0.82033
ujkb6o,"Multilingual embeddings (e5), cosine",-1,0.82091
ullr4v,"Multilingual embeddings (e5), cosine",-1,0.86461
ulo9ot,"Multilingual embeddings (e5), cosine",-1,0.80136
ulp0es,"Multilingual embeddings (e5), cosine",-1,0.81305
umehos,"Multilingual embeddings (e5), cosine",-1,0.81451
uorpth,"Multilingual embeddings (e5), cosine",-1,0.80869
urftnb,"Multilingual embeddings (e5), cosine",-1,0.79925
urgn2d,"Multilingual embeddings (e5), cosine",-1,0.84538
us26sy,"Multilingual embeddings (e5), cosine",-1,0.81029
usyrk1,"Multilingual embeddings (e5), cosine",-1,0.79761
ut1w2k,"Multilingual embeddings (e5), cosine",-1,0.79967
uv7rco,"Multilingual embeddings (e5), cosine",-1,0.84118
uvvzyu,"Multilingual embeddings (e5), cosine",-1,0.77023
uw0gg6,"Multilingual embeddings (e5), cosine",-1,0.80114
uwln53,"Multilingual embeddings (e5), cosine",-1,0.8172
uxeake,"Multilingual embeddings (e5), cosine",-1,0.82606
v0j1qf,"Multilingual embeddings (e5), cosine",-1,0.85296
v2bfj2,"Multilingual embeddings (e5), cosine",-1,0.81467
v3412y,"Multilingual embeddings (e5), cosine",-1,0.82628
v3bd7k,"Multilingual embeddings (e5), cosine",-1,0.79561
v3zw9e,"Multilingual embeddings (e5), cosine",-1,0.82037
v5a8iu,"Multilingual embeddings (e5), cosine",-1,0.82158
v5j9ny,"Multilingual embeddings (e5), cosine",-1,0.79978
v66cxj,"Multilingual embeddings (e5), cosine",-1,0.84744
v6qwzm,"Multilingual embeddings (e5), cosine",-1,0.80849
v7iaoe,"Multilingual embeddings (e5), cosine",-1,0.75755
v7j4nq,"Multilingual embeddings (e5), cosine",-1,0.82122
v7ul64,"Multilingual embeddings (e5), cosine",-1,0.88298
v8gd7u,"Multilingual embeddings (e5), cosine",-1,0.79388
v8jpq9,"Multilingual embeddings (e5), cosine",-1,0.88798
v95jzy,"Multilingual embeddings (e5), cosine",-1,0.86416
vaj364,"Multilingual embeddings (e5), cosine",-1,0.79858
valify,"Multilingual embeddings (e5), cosine",-1,0.79961
vctood,"Multilingual embeddings (e5), cosine",-1,0.82541
vd2qqh,"Multilingual embeddings (e5), cosine",-1,0.82006
vdm3or,"Multilingual embeddings (e5), cosine",-1,0.8251
vec520,"Multilingual embeddings (e5), cosine",-1,0.85054
veq5sm,"Multilingual embeddings (e5), cosine",-1,0.79971
vg3z1x,"Multilingual embeddings (e5), cosine",-1,0.83535
vgk4kj,"Multilingual embeddings (e5), cosine",-1,0.82516
vhn3ne,"Multilingual embeddings (e5), cosine",-1,0.78627
vi8zcb,"Multilingual embeddings (e5), cosine",-1,0.80705
vo65bw,"Multilingual embeddings (e5), cosine",-1,0.81528
vqndkq,"Multilingual embeddings (e5), cosine",-1,0.84832
vs0jf2,"Multilingual embeddings (e5), cosine",-1,0.76415
vskks,"Multilingual embeddings (e5), cosine",-1,0.88239
vu7hw1,"Multilingual embeddings (e5), cosine",-1,0.82645
vy62fx,"Multilingual embeddings (e5), cosine",-1,0.80677
vyq0jh,"Multilingual embeddings (e5), cosine",-1,0.83904
vyr2ez,"Multilingual embeddings (e5), cosine",-1,0.80776
vyrf29,"Multilingual embeddings (e5), cosine",-1,0.85466
w1fc4i,"Multilingual embeddings (e5), cosine",-1,0.81319
w28bbb,"Multilingual embeddings (e5), cosine",-1,0.7964
w4l7b3,"Multilingual embeddings (e5), cosine",-1,0.81291
w524xy,"Multilingual embeddings (e5), cosine",-1,0.84058
w64hnf,"Multilingual embeddings (e5), cosine",-1,0.81054
w8et95,"Multilingual embeddings (e5), cosine",-1,0.81863
w8go16,"Multilingual embeddings (e5), cosine",-1,0.83514
w9esue,"Multilingual embeddings (e5), cosine",-1,0.79086
wanv20,"Multilingual embeddings (e5), cosine",-1,0.78875
wb29ee,"Multilingual embeddings (e5), cosine",-1,0.84132
wb2z5l,"Multilingual embeddings (e5), cosine",-1,0.82532
wddtzu,"Multilingual embeddings (e5), cosine",-1,0.8361
we62zs,"Multilingual embeddings (e5), cosine",-1,0.83212
we8icr,"Multilingual embeddings (e5), cosine",-1,0.77891
wek1a5,"Multilingual embeddings (e5), cosine",-1,0.80284
wf2346,"Multilingual embeddings (e5), cosine",-1,0.84757
wg2uk5,"Multilingual embeddings (e5), cosine",-1,0.79506
whjlsz,"Multilingual embeddings (e5), cosine",-1,0.82886
whlcrv,"Multilingual embeddings (e5), cosine",-1,0.8104
whnjn2,"Multilingual embeddings (e5), cosine",-1,0.80027
whv4p3,"Multilingual embeddings (e5), cosine",-1,0.79362
wjwke8,"Multilingual embeddings (e5), cosine",-1,0.85361
wkx90y,"Multilingual embeddings (e5), cosine",-1,0.74617
wmkpt6,"Multilingual embeddings (e5), cosine",-1,0.81332
wmq4gv,"Multilingual embeddings (e5), cosine",-1,0.83155
wnfaz5,"Multilingual embeddings (e5), cosine",-1,0.78671
wnyvp2,"Multilingual embeddings (e5), cosine",-1,0.82121
wo5be0,"Multilingual embeddings (e5), cosine",-1,0.81887
woeakw,"Multilingual embeddings (e5), cosine",-1,0.79715
woxjy6,"Multilingual embeddings (e5), cosine",-1,0.79856
wp50za,"Multilingual embeddings (e5), cosine",-1,0.80326
wpoc3s,"Multilingual embeddings (e5), cosine",-1,0.82949
wqnif4,"Multilingual embeddings (e5), cosine",-1,0.84437
ws6jxa,"Multilingual embeddings (e5), cosine",-1,0.76074
wtcent,"Multilingual embeddings (e5), cosine",-1,0.8199
wvyxjh,"Multilingual embeddings (e5), cosine",-1,0.81045
wwtpd0,"Multilingual embeddings (e5), cosine",-1,0.84202
wxhwdi,"Multilingual embeddings (e5), cosine",-1,0.82188
wxj8ki,"Multilingual embeddings (e5), cosine",-1,0.83533
wxqe1u,"Multilingual embeddings (e5), cosine",-1,0.80838
wy04r2,"Multilingual embeddings (e5), cosine",-1,0.76842
wy39bp,"Multilingual embeddings (e5), cosine",-1,0.80767
wycyn8,"Multilingual embeddings (e5), cosine",-1,0.75136
x1hl3b,"Multilingual embeddings (e5), cosine",-1,0.84469
x1ng5s,"Multilingual embeddings (e5), cosine",-1,0.77758
x1tmzz,"Multilingual embeddings (e5), cosine",-1,0.8337
x1tuwu,"Multilingual embeddings (e5), cosine",-1,0.86766
x40f2a,"Multilingual embeddings (e5), cosine",-1,0.79131
x40j9m,"Multilingual embeddings (e5), cosine",-1,0.84349
x4q66o,"Multilingual embeddings (e5), cosine",-1,0.82421
x57627,"Multilingual embeddings (e5), cosine",-1,0.8151
x5vcc8,"Multilingual embeddings (e5), cosine",-1,0.86391
x5x6ac,"Multilingual embeddings (e5), cosine",-1,0.76991
x67dzf,"Multilingual embeddings (e5), cosine",-1,0.81367
x6c8r8,"Multilingual embeddings (e5), cosine",-1,0.84576
x93zqn,"Multilingual embeddings (e5), cosine",-1,0.81853
xbgp47,"Multilingual embeddings (e5), cosine",-1,0.81576
xdp6gr,"Multilingual embeddings (e5), cosine",-1,0.80437
xex9ql,"Multilingual embeddings (e5), cosine",-1,0.79734
xfpchd,"Multilingual embeddings (e5), cosine",-1,0.82682
xg2sys,"Multilingual embeddings (e5), cosine",-1,0.77233
xgtphy,"Multilingual embeddings (e5), cosine",-1,0.79984
xgtu36,"Multilingual embeddings (e5), cosine",-1,0.82467
xhmdpu,"Multilingual embeddings (e5), cosine",-1,0.83968
xi1day,"Multilingual embeddings (e5), cosine",-1,0.79042
xi3luv,"Multilingual embeddings (e5), cosine",-1,0.82083
xjbhsq,"Multilingual embeddings (e5), cosine",-1,0.78252
xk04ig,"Multilingual embeddings (e5), cosine",-1,0.82216
xk7uo0,"Multilingual embeddings (e5), cosine",-1,0.82257
xl6g1c,"Multilingual embeddings (e5), cosine",-1,0.82071
xm7yyg,"Multilingual embeddings (e5), cosine",-1,0.84264
xmd3mb,"Multilingual embeddings (e5), cosine",-1,0.75016
xmh6ll,"Multilingual embeddings (e5), cosine",-1,0.78017
xo476c,"Multilingual embeddings (e5), cosine",-1,0.80994
xoh2kc,"Multilingual embeddings (e5), cosine",-1,0.8149
xp3dns,"Multilingual embeddings (e5), cosine",-1,0.8036
xpa8ir,"Multilingual embeddings (e5), cosine",-1,0.76663
xpnn73,"Multilingual embeddings (e5), cosine",-1,0.8078
xr31ed,"Multilingual embeddings (e5), cosine",-1,0.74387
xr4cyd,"Multilingual embeddings (e5), cosine",-1,0.80437
xs6spm,"Multilingual embeddings (e5), cosine",-1,0.79502
xu9dy6,"Multilingual embeddings (e5), cosine",-1,0.83143
xwsryq,"Multilingual embeddings (e5), cosine",-1,0.81956
xx6ccb,"Multilingual embeddings (e5), cosine",-1,0.82544
xx8h0w,"Multilingual embeddings (e5), cosine",-1,0.84413
xymafi,"Multilingual embeddings (e5), cosine",-1,0.8302
xzh765,"Multilingual embeddings (e5), cosine",-1,0.78046
y09nwo,"Multilingual embeddings (e5), cosine",-1,0.81186
y1b9q2,"Multilingual embeddings (e5), cosine",-1,0.80071
y2unrx,"Multilingual embeddings (e5), cosine",-1,0.84408
y2uqw1,"Multilingual embeddings (e5), cosine",-1,0.80137
y322ea,"Multilingual embeddings (e5), cosine",-1,0.80381
y3m3m6,"Multilingual embeddings (e5), cosine",-1,0.78878
y3ojmz,"Multilingual embeddings (e5), cosine",-1,0.83854
y3rzcj,"Multilingual embeddings (e5), cosine",-1,0.7879
y57x33,"Multilingual embeddings (e5), cosine",-1,0.77543
y6508z,"Multilingual embeddings (e5), cosine",-1,0.75611
y67acv,"Multilingual embeddings (e5), cosine",-1,0.81549
y70bh7,"Multilingual embeddings (e5), cosine",-1,0.81366
y772l0,"Multilingual embeddings (e5), cosine",-1,0.83424
y7flqf,"Multilingual embeddings (e5), cosine",-1,0.77996
y7sgen,"Multilingual embeddings (e5), cosine",-1,0.76313
y7vnpu,"Multilingual embeddings (e5), cosine",-1,0.78955
y7ydqc,"Multilingual embeddings (e5), cosine",-1,0.81444
y8v06b,"Multilingual embeddings (e5), cosine",-1,0.80295
y9jfj9,"Multilingual embeddings (e5), cosine",-1,0.84213
y9pbe0,"Multilingual embeddings (e5), cosine",-1,0.79254
ya0oo0,"Multilingual embeddings (e5), cosine",-1,0.79413
ya0vz3,"Multilingual embeddings (e5), cosine",-1,0.83065
yayqyf,"Multilingual embeddings (e5), cosine",-1,0.77522
ybi13h,"Multilingual embeddings (e5), cosine",-1,0.85247
ybjgjo,"Multilingual embeddings (e5), cosine",-1,0.83934
yc5ckl,"Multilingual embeddings (e5), cosine",-1,0.83307
yc5qrl,"Multilingual embeddings (e5), cosine",-1,0.8469
yc6o95,"Multilingual embeddings (e5), cosine",-1,0.79449
yc7pdp,"Multilingual embeddings (e5), cosine",-1,0.82504
yccbvb,"Multilingual embeddings (e5), cosine",-1,0.78574
ycd4xu,"Multilingual embeddings (e5), cosine",-1,0.82154
ycmn79,"Multilingual embeddings (e5), cosine",-1,0.80976
ydad37,"Multilingual embeddings (e5), cosine",-1,0.8104
yddfgd,"Multilingual embeddings (e5), cosine",-1,0.80869
ydvxvo,"Multilingual embeddings (e5), cosine",-1,0.80819
yew101,"Multilingual embeddings (e5), cosine",-1,0.83252
yff571,"Multilingual embeddings (e5), cosine",-1,0.80911
yghar1,"Multilingual embeddings (e5), cosine",-1,0.789
yh87tu,"Multilingual embeddings (e5), cosine",-1,0.85849
yhelbe,"Multilingual embeddings (e5), cosine",-1,0.80851
yhlu8o,"Multilingual embeddings (e5), cosine",-1,0.82172
yibcjz,"Multilingual embeddings (e5), cosine",-1,0.84533
yj84wo,"Multilingual embeddings (e5), cosine",-1,0.77585
yj9iqd,"Multilingual embeddings (e5), cosine",-1,0.77067
yk7f0z,"Multilingual embeddings (e5), cosine",-1,0.8073
ykmuv3,"Multilingual embeddings (e5), cosine",-1,0.77842
ylcoz0,"Multilingual embeddings (e5), cosine",-1,0.76705
ylgzxo,"Multilingual embeddings (e5), cosine",-1,0.84708
ylt6sd,"Multilingual embeddings (e5), cosine",-1,0.74245
ymehyd,"Multilingual embeddings (e5), cosine",-1,0.8013
ympewy,"Multilingual embeddings (e5), cosine",-1,0.78279
ynrjsu,"Multilingual embeddings (e5), cosine",-1,0.83508
yojbib,"Multilingual embeddings (e5), cosine",-1,0.79809
yok97w,"Multilingual embeddings (e5), cosine",-1,0.77675
yomwdv,"Multilingual embeddings (e5), cosine",-1,0.78264
ypkenn,"Multilingual embeddings (e5), cosine",-1,0.85843
ypqdpt,"Multilingual embeddings (e5), cosine",-1,0.80619
yptma9,"Multilingual embeddings (e5), cosine",-1,0.77306
yqkrxy,"Multilingual embeddings (e5), cosine",-1,0.81841
yrb5ve,"Multilingual embeddings (e5), cosine",-1,0.78175
ys1f1z,"Multilingual embeddings (e5), cosine",-1,0.83699
yt5wxs,"Multilingual embeddings (e5), cosine",-1,0.80151
ytcjvl,"Multilingual embeddings (e5), cosine",-1,0.76502
yty2zl,"Multilingual embeddings (e5), cosine",-1,0.79099
yu7mq4,"Multilingual embeddings (e5), cosine",-1,0.78097
yu8pj0,"Multilingual embeddings (e5), cosine",-1,0.79278
yu8yu0,"Multilingual embeddings (e5), cosine",-1,0.77914
yut4a3,"Multilingual embeddings (e5), cosine",-1,0.7869
yvqklt,"Multilingual embeddings (e5), cosine",-1,0.77824
yvw5nm,"Multilingual embeddings (e5), cosine",-1,0.81919
ywpoaw,"Multilingual embeddings (e5), cosine",-1,0.78743
yxmt72,"Multilingual embeddings (e5), cosine",-1,0.7575
yyf3mh,"Multilingual embeddings (e5), cosine",-1,0.74941
yyifu6,"Multilingual embeddings (e5), cosine",-1,0.8215
yzhtwl,"Multilingual embeddings (e5), cosine",-1,0.83228
yzi2oj,"Multilingual embeddings (e5), cosine",-1,0.76901
yzy7g7,"Multilingual embeddings (e5), cosine",-1,0.79047
z08fem,"Multilingual embeddings (e5), cosine",-1,0.8457
z217fn,"Multilingual embeddings (e5), cosine",-1,0.88297
z2t1dd,"Multilingual embeddings (e5), cosine",-1,0.76494
z2wg3i,"Multilingual embeddings (e5), cosine",-1,0.79609
z3n2bd,"Multilingual embeddings (e5), cosine",-1,0.75489
z4hbb5,"Multilingual embeddings (e5), cosine",-1,0.81695
z4hcoq,"Multilingual embeddings (e5), cosine",-1,0.76469
z6t1gp,"Multilingual embeddings (e5), cosine",-1,0.81976
z6tf3q,"Multilingual embeddings (e5), cosine",-1,0.80028
z6wm48,"Multilingual embeddings (e5), cosine",-1,0.80016
z6wyy8,"Multilingual embeddings (e5), cosine",-1,0.81701
z6yxp0,"Multilingual embeddings (e5), cosine",-1,0.79203
z7174d,"Multilingual embeddings (e5), cosine",-1,0.82276
zac957,"Multilingual embeddings (e5), cosine",-1,0.8243
zalgtq,"Multilingual embeddings (e5), cosine",-1,0.7705
zaowq2,"Multilingual embeddings (e5), cosine",-1,0.82228
zasifl,"Multilingual embeddings (e5), cosine",-1,0.77234
zc3v10,"Multilingual embeddings (e5), cosine",-1,0.7992
zcf7zw,"Multilingual embeddings (e5), cosine",-1,0.78449
zcff9z,"Multilingual embeddings (e5), cosine",-1,0.75332
zcmrow,"Multilingual embeddings (e5), cosine",-1,0.79985
zcq6um,"Multilingual embeddings (e5), cosine",-1,0.8423
zd64up,"Multilingual embeddings (e5), cosine",-1,0.83865
zdui50,"Multilingual embeddings (e5), cosine",-1,0.78879
ze12xr,"Multilingual embeddings (e5), cosine",-1,0.82423
zeb5v6,"Multilingual embeddings (e5), cosine",-1,0.82905
zefq0o,"Multilingual embeddings (e5), cosine",-1,0.82023
zgt2g6,"Multilingual embeddings (e5), cosine",-1,0.81388
zgt2jj,"Multilingual embeddings (e5), cosine",-1,0.82266
zgzt0a,"Multilingual embeddings (e5), cosine",-1,0.82917
zhtj3j,"Multilingual embeddings (e5), cosine",-1,0.79156
zhx9ym,"Multilingual embeddings (e5), cosine",-1,0.7699
zl3bjt,"Multilingual embeddings (e5), cosine",-1,0.76797
zlgp2y,"Multilingual embeddings (e5), cosine",-1,0.79731
zlnftq,"Multilingual embeddings (e5), cosine",-1,0.85122
zmdnn0,"Multilingual embeddings (e5), cosine",-1,0.85805
zmhqdd,"Multilingual embeddings (e5), cosine",-1,0.78321
zmjuhx,"Multilingual embeddings (e5), cosine",-1,0.83937
znaiu7,"Multilingual embeddings (e5), cosine",-1,0.81316
zpmpk6,"Multilingual embeddings (e5), cosine",-1,0.83264
zpmvbz,"Multilingual embeddings (e5), cosine",-1,0.82732
zpn35n,"Multilingual embeddings (e5), cosine",-1,0.82079
zqj2oc,"Multilingual embeddings (e5), cosine",-1,0.73116
zqjfhd,"Multilingual embeddings (e5), cosine",-1,0.82704
zqknq3,"Multilingual embeddings (e5), cosine",-1,0.79397
zr75tz,"Multilingual embeddings (e5), cosine",-1,0.83038
zr7d8d,"Multilingual embeddings (e5), cosine",-1,0.82302
zryrqz,"Multilingual embeddings (e5), cosine",-1,0.7897
zsjr52,"Multilingual embeddings (e5), cosine",-1,0.77554
zu93n1,"Multilingual embeddings (e5), cosine",-1,0.76209
zuchli,"Multilingual embeddings (e5), cosine",-1,0.7978
zuvven,"Multilingual embeddings (e5), cosine",-1,0.77822
zvy2tn,"Multilingual embeddings (e5), cosine",-1,0.76109
zwbcm1,"Multilingual embeddings (e5), cosine",-1,0.79526
zwdt7q,"Multilingual embeddings (e5), cosine",-1,0.80472
zwlkjj,"Multilingual embeddings (e5), cosine",-1,0.80548
zx78lo,"Multilingual embeddings (e5), cosine",-1,0.767
zxmbj8,"Multilingual embeddings (e5), cosine",-1,0.77035
zy28vs,"Multilingual embeddings (e5), cosine",-1,0.80896
zy2ssi,"Multilingual embeddings (e5), cosine",-1,0.76422
zy2z2i,"Multilingual embeddings (e5), cosine",-1,0.82245
zyezwp,"Multilingual embeddings (e5), cosine",-1,0.79552
100hfq1,Zero-shot NLI (mDeBERTa),-1,0.00017
101aehd,Zero-shot NLI (mDeBERTa),-1,0.04304
102y4vm,Zero-shot NLI (mDeBERTa),-1,0.18702
102zk07,Zero-shot NLI (mDeBERTa),-1,0.03086
103ykgf,Zero-shot NLI (mDeBERTa),-1,0.00165
1049976,Zero-shot NLI (mDeBERTa),-1,0.08153
104updy,Zero-shot NLI (mDeBERTa),-1,0.00523
105of9u,Zero-shot NLI (mDeBERTa),-1,0.14458
105ut3d,Zero-shot NLI (mDeBERTa),-1,0.26454
105yef6,Zero-shot NLI (mDeBERTa),-1,0.16389
106htar,Zero-shot NLI (mDeBERTa),-1,0.05027
106obfl,Zero-shot NLI (mDeBERTa),-1,0.60919
107acdv,Zero-shot NLI (mDeBERTa),-1,0.00279
107ai30,Zero-shot NLI (mDeBERTa),-1,0.17526
107k677,Zero-shot NLI (mDeBERTa),-1,0.32618
1083d63,Zero-shot NLI (mDeBERTa),-1,0.0445
1085vco,Zero-shot NLI (mDeBERTa),-1,0.18296
108au1g,Zero-shot NLI (mDeBERTa),-1,0.03574
108dj01,Zero-shot NLI (mDeBERTa),-1,0.0092
108jho8,Zero-shot NLI (mDeBERTa),-1,0.18665
108lvx8,Zero-shot NLI (mDeBERTa),-1,0.01787
109060s,Zero-shot NLI (mDeBERTa),-1,0.88382
109dle6,Zero-shot NLI (mDeBERTa),-1,0.00178
109t68i,Zero-shot NLI (mDeBERTa),-1,0.00667
109vdiz,Zero-shot NLI (mDeBERTa),-1,0.007
109wo9y,Zero-shot NLI (mDeBERTa),-1,0.00186
109wufc,Zero-shot NLI (mDeBERTa),-1,0.97694
109wvby,Zero-shot NLI (mDeBERTa),-1,0.45201
10ar4tu,Zero-shot NLI (mDeBERTa),-1,0.69318
10ar69a,Zero-shot NLI (mDeBERTa),-1,0.13033
10azz4b,Zero-shot NLI (mDeBERTa),-1,0.01535
10bojv6,Zero-shot NLI (mDeBERTa),-1,0.08169
10cfvrk,Zero-shot NLI (mDeBERTa),-1,0.02423
10cx7gi,Zero-shot NLI (mDeBERTa),-1,0.01435
10ef5bk,Zero-shot NLI (mDeBERTa),-1,0.35092
10emso6,Zero-shot NLI (mDeBERTa),-1,0.20595
10f1fr1,Zero-shot NLI (mDeBERTa),-1,0.00097
10f72tg,Zero-shot NLI (mDeBERTa),-1,0.04755
10f9eqa,Zero-shot NLI (mDeBERTa),-1,0.27268
10f9jjw,Zero-shot NLI (mDeBERTa),-1,0.01986
10gs3zg,Zero-shot NLI (mDeBERTa),-1,0.13913
10ihoa3,Zero-shot NLI (mDeBERTa),-1,0.17253
10iplkg,Zero-shot NLI (mDeBERTa),-1,0.14003
10jb309,Zero-shot NLI (mDeBERTa),-1,0.3737
10jopb1,Zero-shot NLI (mDeBERTa),-1,0.00091
10k12o9,Zero-shot NLI (mDeBERTa),-1,0.00653
10kz71e,Zero-shot NLI (mDeBERTa),-1,0.00504
10loyb9,Zero-shot NLI (mDeBERTa),-1,0.04065
10lq0pd,Zero-shot NLI (mDeBERTa),-1,0.00061
10lt2gk,Zero-shot NLI (mDeBERTa),-1,0.00868
10mhy4q,Zero-shot NLI (mDeBERTa),-1,0.70904
10mxok4,Zero-shot NLI (mDeBERTa),-1,0.00942
10nbec0,Zero-shot NLI (mDeBERTa),-1,0.9294
10o0u9n,Zero-shot NLI (mDeBERTa),-1,0.89666
10o4p3a,Zero-shot NLI (mDeBERTa),-1,0.21037
10ou65s,Zero-shot NLI (mDeBERTa),-1,0.53929
10oxcxt,Zero-shot NLI (mDeBERTa),-1,0.07902
10oy6iq,Zero-shot NLI (mDeBERTa),-1,0.1187
10ozpbg,Zero-shot NLI (mDeBERTa),-1,0.00889
10pisjx,Zero-shot NLI (mDeBERTa),-1,0.11967
10ptgx2,Zero-shot NLI (mDeBERTa),-1,0.00854
10q30di,Zero-shot NLI (mDeBERTa),-1,0.30741
10r1m8y,Zero-shot NLI (mDeBERTa),-1,0.00846
10rmjaw,Zero-shot NLI (mDeBERTa),-1,0.07608
10set1d,Zero-shot NLI (mDeBERTa),-1,0.13919
10sg9d9,Zero-shot NLI (mDeBERTa),-1,0.33849
10si603,Zero-shot NLI (mDeBERTa),-1,0.0395
10td81j,Zero-shot NLI (mDeBERTa),-1,0.00352
10te1kt,Zero-shot NLI (mDeBERTa),-1,0.16957
10u97r9,Zero-shot NLI (mDeBERTa),-1,0.00672
10uli5k,Zero-shot NLI (mDeBERTa),-1,0.01167
10uonu8,Zero-shot NLI (mDeBERTa),-1,0.01717
10v25p3,Zero-shot NLI (mDeBERTa),-1,0.01344
10vzejp,Zero-shot NLI (mDeBERTa),-1,0.00335
10w4phk,Zero-shot NLI (mDeBERTa),-1,0.55895
10wv3eo,Zero-shot NLI (mDeBERTa),-1,0.24232
10ww7ko,Zero-shot NLI (mDeBERTa),-1,0.42601
10xdz8j,Zero-shot NLI (mDeBERTa),-1,0.50929
10xs8iy,Zero-shot NLI (mDeBERTa),-1,0.50929
10z13f7,Zero-shot NLI (mDeBERTa),-1,0.07799
10zs908,Zero-shot NLI (mDeBERTa),-1,0.02067
110c52b,Zero-shot NLI (mDeBERTa),-1,0.00807
111agco,Zero-shot NLI (mDeBERTa),-1,0.02585
112d7gi,Zero-shot NLI (mDeBERTa),-1,0.00013
112hhpt,Zero-shot NLI (mDeBERTa),-1,0.00622
112u3yl,Zero-shot NLI (mDeBERTa),-1,0.12259
112vvj2,Zero-shot NLI (mDeBERTa),-1,0.22275
114db0u,Zero-shot NLI (mDeBERTa),-1,0.38398
114e0fy,Zero-shot NLI (mDeBERTa),-1,0.06282
114fny3,Zero-shot NLI (mDeBERTa),-1,0.14231
114j6i4,Zero-shot NLI (mDeBERTa),-1,0.09672
114kq6q,Zero-shot NLI (mDeBERTa),-1,0.00091
114r0wo,Zero-shot NLI (mDeBERTa),-1,0.07171
115kdqw,Zero-shot NLI (mDeBERTa),-1,0.0318
115wkch,Zero-shot NLI (mDeBERTa),-1,0.50054
11665fz,Zero-shot NLI (mDeBERTa),-1,0.02582
1170g85,Zero-shot NLI (mDeBERTa),-1,0.01075
1176lct,Zero-shot NLI (mDeBERTa),-1,0.12152
1180hws,Zero-shot NLI (mDeBERTa),-1,0.00216
11832w4,Zero-shot NLI (mDeBERTa),-1,0.76881
118trfu,Zero-shot NLI (mDeBERTa),-1,0.00351
118uwmk,Zero-shot NLI (mDeBERTa),-1,0.02277
11945kv,Zero-shot NLI (mDeBERTa),-1,0.36303
119rjhv,Zero-shot NLI (mDeBERTa),-1,0.10735
11a0bue,Zero-shot NLI (mDeBERTa),-1,0.97929
11a46o0,Zero-shot NLI (mDeBERTa),-1,0.20167
11a9pwr,Zero-shot NLI (mDeBERTa),-1,0.00944
11b87lm,Zero-shot NLI (mDeBERTa),-1,0.01746
11cfl1w,Zero-shot NLI (mDeBERTa),-1,0.00804
11d7ubq,Zero-shot NLI (mDeBERTa),-1,0.21438
11d7zw6,Zero-shot NLI (mDeBERTa),-1,0.00813
11dadun,Zero-shot NLI (mDeBERTa),-1,0.15189
11dalu6,Zero-shot NLI (mDeBERTa),-1,0.00204
11dlehi,Zero-shot NLI (mDeBERTa),-1,0.00054
11e0oqx,Zero-shot NLI (mDeBERTa),-1,0.01147
11e409a,Zero-shot NLI (mDeBERTa),-1,0.02015
11edn0p,Zero-shot NLI (mDeBERTa),-1,0.14573
11ee61o,Zero-shot NLI (mDeBERTa),-1,0.30368
11ey8z6,Zero-shot NLI (mDeBERTa),-1,0.00763
11f3eeg,Zero-shot NLI (mDeBERTa),-1,0.39969
11fccha,Zero-shot NLI (mDeBERTa),-1,0.00772
11fdksb,Zero-shot NLI (mDeBERTa),-1,0.57183
11fz3md,Zero-shot NLI (mDeBERTa),-1,0.24271
11fz8xh,Zero-shot NLI (mDeBERTa),-1,0.01321
11huqoo,Zero-shot NLI (mDeBERTa),-1,0.00677
11irsxz,Zero-shot NLI (mDeBERTa),-1,0.00792
11j4n7z,Zero-shot NLI (mDeBERTa),-1,0.01129
11jdw4c,Zero-shot NLI (mDeBERTa),-1,0.04108
11jitw6,Zero-shot NLI (mDeBERTa),-1,0.00993
11l3gjg,Zero-shot NLI (mDeBERTa),-1,0.1394
11l5mgy,Zero-shot NLI (mDeBERTa),-1,0.73539
11lfciv,Zero-shot NLI (mDeBERTa),-1,0.62855
11lv4dm,Zero-shot NLI (mDeBERTa),-1,0.11753
11m0jps,Zero-shot NLI (mDeBERTa),-1,0.00117
11marvj,Zero-shot NLI (mDeBERTa),-1,0.63074
11mbhhs,Zero-shot NLI (mDeBERTa),-1,0.00391
11mrjs6,Zero-shot NLI (mDeBERTa),-1,0.23548
11nj3q3,Zero-shot NLI (mDeBERTa),-1,0.24288
11oha77,Zero-shot NLI (mDeBERTa),-1,0.02149
11ok2qd,Zero-shot NLI (mDeBERTa),-1,0.00376
11oof25,Zero-shot NLI (mDeBERTa),-1,0.09055
11pjlaw,Zero-shot NLI (mDeBERTa),-1,0.69215
11q5nwm,Zero-shot NLI (mDeBERTa),-1,0.82464
11q71hx,Zero-shot NLI (mDeBERTa),-1,0.20438
11rbj7x,Zero-shot NLI (mDeBERTa),-1,0.01274
11rusfi,Zero-shot NLI (mDeBERTa),-1,0.01866
11s17mi,Zero-shot NLI (mDeBERTa),-1,0.01474
11s1mwn,Zero-shot NLI (mDeBERTa),-1,0.32173
11s5x0w,Zero-shot NLI (mDeBERTa),-1,0.00505
11sbdcc,Zero-shot NLI (mDeBERTa),-1,0.00076
11srgyr,Zero-shot NLI (mDeBERTa),-1,0.09728
11srmee,Zero-shot NLI (mDeBERTa),-1,0.74749
11swh9c,Zero-shot NLI (mDeBERTa),-1,0.80718
11szwem,Zero-shot NLI (mDeBERTa),-1,0.01889
11t3igh,Zero-shot NLI (mDeBERTa),-1,0.43463
11tuxpn,Zero-shot NLI (mDeBERTa),-1,0.03977
11txcv3,Zero-shot NLI (mDeBERTa),-1,0.15824
11vrlso,Zero-shot NLI (mDeBERTa),-1,0.0006
11wowlb,Zero-shot NLI (mDeBERTa),-1,0.03558
11wowov,Zero-shot NLI (mDeBERTa),-1,0.00524
11wrm9q,Zero-shot NLI (mDeBERTa),-1,0.0007
11wwgwj,Zero-shot NLI (mDeBERTa),-1,0.2865
11wz0me,Zero-shot NLI (mDeBERTa),-1,0.00169
11xhao1,Zero-shot NLI (mDeBERTa),-1,0.02118
11xwpn3,Zero-shot NLI (mDeBERTa),-1,0.00245
11zdm9m,Zero-shot NLI (mDeBERTa),-1,0.33354
11zdohu,Zero-shot NLI (mDeBERTa),-1,0.97235
11zldij,Zero-shot NLI (mDeBERTa),-1,0.75689
11zlvvp,Zero-shot NLI (mDeBERTa),-1,0.06373
120fq4u,Zero-shot NLI (mDeBERTa),-1,0.44835
120sr6e,Zero-shot NLI (mDeBERTa),-1,0.85892
120uouk,Zero-shot NLI (mDeBERTa),-1,0.09686
121hlom,Zero-shot NLI (mDeBERTa),-1,0.00231
121jajz,Zero-shot NLI (mDeBERTa),-1,0.00135
121tiuj,Zero-shot NLI (mDeBERTa),-1,0.15746
122kkoa,Zero-shot NLI (mDeBERTa),-1,0.02869
123lveb,Zero-shot NLI (mDeBERTa),-1,0.1554
123oj7s,Zero-shot NLI (mDeBERTa),-1,0.00091
124p7cf,Zero-shot NLI (mDeBERTa),-1,0.94111
124sqph,Zero-shot NLI (mDeBERTa),-1,0.01479
125j6of,Zero-shot NLI (mDeBERTa),-1,0.26861
126ftbj,Zero-shot NLI (mDeBERTa),-1,0.00077
126ms18,Zero-shot NLI (mDeBERTa),-1,0.00633
126yspz,Zero-shot NLI (mDeBERTa),-1,0.00227
1281hx0,Zero-shot NLI (mDeBERTa),-1,0.00128
12ahekq,Zero-shot NLI (mDeBERTa),-1,0.11385
12baklv,Zero-shot NLI (mDeBERTa),-1,0.00077
12brpfm,Zero-shot NLI (mDeBERTa),-1,0.01192
12csy2q,Zero-shot NLI (mDeBERTa),-1,0.82564
12cvhvs,Zero-shot NLI (mDeBERTa),-1,0.00076
12dddt7,Zero-shot NLI (mDeBERTa),-1,0.00629
12ddpq6,Zero-shot NLI (mDeBERTa),-1,0.17796
12decva,Zero-shot NLI (mDeBERTa),-1,0.3076
12dri6t,Zero-shot NLI (mDeBERTa),-1,0.02215
12ee5ls,Zero-shot NLI (mDeBERTa),-1,0.00307
12ezowh,Zero-shot NLI (mDeBERTa),-1,0.06722
12fpn6i,Zero-shot NLI (mDeBERTa),-1,0.12197
12gto59,Zero-shot NLI (mDeBERTa),-1,0.00272
12gw98e,Zero-shot NLI (mDeBERTa),-1,0.04935
12gwpn6,Zero-shot NLI (mDeBERTa),-1,0.64027
12gwtc1,Zero-shot NLI (mDeBERTa),-1,0.03291
12kbigt,Zero-shot NLI (mDeBERTa),-1,0.01719
12kid2q,Zero-shot NLI (mDeBERTa),-1,0.15276
12kvpdm,Zero-shot NLI (mDeBERTa),-1,0.80542
12lpsbh,Zero-shot NLI (mDeBERTa),-1,0.03229
12lq3tk,Zero-shot NLI (mDeBERTa),-1,0.00768
12lq801,Zero-shot NLI (mDeBERTa),-1,0.12273
12lwnfm,Zero-shot NLI (mDeBERTa),-1,0.02771
12m1wgz,Zero-shot NLI (mDeBERTa),-1,0.00046
12o315k,Zero-shot NLI (mDeBERTa),-1,0.09952
12o3f3q,Zero-shot NLI (mDeBERTa),-1,0.02988
12ocqg4,Zero-shot NLI (mDeBERTa),-1,0.18113
12oedgl,Zero-shot NLI (mDeBERTa),-1,0.25168
12oespk,Zero-shot NLI (mDeBERTa),-1,0.75364
12p6nlt,Zero-shot NLI (mDeBERTa),-1,0.96801
12p9mzj,Zero-shot NLI (mDeBERTa),-1,0.76791
12pb3sj,Zero-shot NLI (mDeBERTa),-1,0.15224
12pgfl4,Zero-shot NLI (mDeBERTa),-1,0.24036
12pmju1,Zero-shot NLI (mDeBERTa),-1,0.00233
12qe6r6,Zero-shot NLI (mDeBERTa),-1,0.05955
12qkylt,Zero-shot NLI (mDeBERTa),-1,0.34794
12ql713,Zero-shot NLI (mDeBERTa),-1,0.00266
12s50vj,Zero-shot NLI (mDeBERTa),-1,0.01103
12ssj9h,Zero-shot NLI (mDeBERTa),-1,0.01857
12ssvfv,Zero-shot NLI (mDeBERTa),-1,0.61442
12swxs5,Zero-shot NLI (mDeBERTa),-1,0.03969
12vijhs,Zero-shot NLI (mDeBERTa),-1,0.03568
12vjdw9,Zero-shot NLI (mDeBERTa),-1,0.15859
12vjy4g,Zero-shot NLI (mDeBERTa),-1,0.42462
12vkgvs,Zero-shot NLI (mDeBERTa),-1,0.22658
12vko0o,Zero-shot NLI (mDeBERTa),-1,0.00251
12vksn1,Zero-shot NLI (mDeBERTa),-1,0.24255
12wh6q7,Zero-shot NLI (mDeBERTa),-1,0.0619
12x5uwd,Zero-shot NLI (mDeBERTa),-1,0.4249
12yhx4y,Zero-shot NLI (mDeBERTa),-1,0.79969
12yifx8,Zero-shot NLI (mDeBERTa),-1,0.06659
12ynguc,Zero-shot NLI (mDeBERTa),-1,0.01025
12z9ned,Zero-shot NLI (mDeBERTa),-1,0.21724
12zjevs,Zero-shot NLI (mDeBERTa),-1,0.84839
12zodvi,Zero-shot NLI (mDeBERTa),-1,0.46211
130hcib,Zero-shot NLI (mDeBERTa),-1,0.00508
130hy1l,Zero-shot NLI (mDeBERTa),-1,0.00084
130jjlk,Zero-shot NLI (mDeBERTa),-1,0.0317
13130cj,Zero-shot NLI (mDeBERTa),-1,0.02615
1313d0e,Zero-shot NLI (mDeBERTa),-1,0.0003
131ji0g,Zero-shot NLI (mDeBERTa),-1,0.01431
131lzz7,Zero-shot NLI (mDeBERTa),-1,0.00497
131mwun,Zero-shot NLI (mDeBERTa),-1,0.92846
131nftw,Zero-shot NLI (mDeBERTa),-1,0.10087
131nq93,Zero-shot NLI (mDeBERTa),-1,0.80073
132n7xl,Zero-shot NLI (mDeBERTa),-1,0.0144
132o4fs,Zero-shot NLI (mDeBERTa),-1,0.17118
132oc0k,Zero-shot NLI (mDeBERTa),-1,0.34546
132rtf2,Zero-shot NLI (mDeBERTa),-1,0.179
134n3l2,Zero-shot NLI (mDeBERTa),-1,0.52707
136daux,Zero-shot NLI (mDeBERTa),-1,0.0031
136kq85,Zero-shot NLI (mDeBERTa),-1,0.57426
137fc3o,Zero-shot NLI (mDeBERTa),-1,0.05303
137fjhy,Zero-shot NLI (mDeBERTa),-1,0.28986
137gmqe,Zero-shot NLI (mDeBERTa),-1,0.0043
139lq41,Zero-shot NLI (mDeBERTa),-1,0.80665
139ojd7,Zero-shot NLI (mDeBERTa),-1,0.00135
13as6v3,Zero-shot NLI (mDeBERTa),-1,0.06268
13aw8ny,Zero-shot NLI (mDeBERTa),-1,0.0144
13awlh9,Zero-shot NLI (mDeBERTa),-1,0.01819
13awtoy,Zero-shot NLI (mDeBERTa),-1,0.00504
13bhtuu,Zero-shot NLI (mDeBERTa),-1,0.34187
13bibgx,Zero-shot NLI (mDeBERTa),-1,0.02695
13booh4,Zero-shot NLI (mDeBERTa),-1,0.62003
13c5obs,Zero-shot NLI (mDeBERTa),-1,0.00037
13cjg9f,Zero-shot NLI (mDeBERTa),-1,0.00023
13dkuds,Zero-shot NLI (mDeBERTa),-1,0.04326
13edi9y,Zero-shot NLI (mDeBERTa),-1,0.09929
13eky2c,Zero-shot NLI (mDeBERTa),-1,0.62888
13f15oh,Zero-shot NLI (mDeBERTa),-1,0.03655
13f2snt,Zero-shot NLI (mDeBERTa),-1,0.02632
13fcqcj,Zero-shot NLI (mDeBERTa),-1,0.03637
13fd1pa,Zero-shot NLI (mDeBERTa),-1,0.00548
13fhzph,Zero-shot NLI (mDeBERTa),-1,0.00748
13hd97w,Zero-shot NLI (mDeBERTa),-1,0.27759
13hilrj,Zero-shot NLI (mDeBERTa),-1,0.01811
13i4svg,Zero-shot NLI (mDeBERTa),-1,0.07465
13i72vg,Zero-shot NLI (mDeBERTa),-1,0.00986
13igcdn,Zero-shot NLI (mDeBERTa),-1,0.106
13ju5kw,Zero-shot NLI (mDeBERTa),-1,0.14967
13k1fqx,Zero-shot NLI (mDeBERTa),-1,0.02523
13kb1cf,Zero-shot NLI (mDeBERTa),-1,0.00629
13kztxp,Zero-shot NLI (mDeBERTa),-1,0.04878
13lhwle,Zero-shot NLI (mDeBERTa),-1,0.00963
13n6u9z,Zero-shot NLI (mDeBERTa),-1,0.00511
13nr2lt,Zero-shot NLI (mDeBERTa),-1,0.01262
13p0urf,Zero-shot NLI (mDeBERTa),-1,0.67427
13peyn8,Zero-shot NLI (mDeBERTa),-1,0.00089
13qjnlp,Zero-shot NLI (mDeBERTa),-1,0.03991
13r4a7k,Zero-shot NLI (mDeBERTa),-1,0.00251
13rj771,Zero-shot NLI (mDeBERTa),-1,0.00948
13rmhyo,Zero-shot NLI (mDeBERTa),-1,0.00382
13sb7od,Zero-shot NLI (mDeBERTa),-1,0.63088
13sdty3,Zero-shot NLI (mDeBERTa),-1,0.19151
13seli6,Zero-shot NLI (mDeBERTa),-1,0.01319
13tvumk,Zero-shot NLI (mDeBERTa),-1,0.32939
13vkidb,Zero-shot NLI (mDeBERTa),-1,0.27996
13voob9,Zero-shot NLI (mDeBERTa),-1,0.00388
13vqx03,Zero-shot NLI (mDeBERTa),-1,0.2405
13vrw1z,Zero-shot NLI (mDeBERTa),-1,0.055
13vzorq,Zero-shot NLI (mDeBERTa),-1,0.03897
13wezig,Zero-shot NLI (mDeBERTa),-1,0.03348
13ww9my,Zero-shot NLI (mDeBERTa),-1,0.54284
13xd35y,Zero-shot NLI (mDeBERTa),-1,0.05297
13y6y7v,Zero-shot NLI (mDeBERTa),-1,0.06506
13z4905,Zero-shot NLI (mDeBERTa),-1,0.38529
141dend,Zero-shot NLI (mDeBERTa),-1,0.3843
141gi0z,Zero-shot NLI (mDeBERTa),-1,0.19968
142a1c9,Zero-shot NLI (mDeBERTa),-1,0.00959
143d0ua,Zero-shot NLI (mDeBERTa),-1,0.65421
144cn05,Zero-shot NLI (mDeBERTa),-1,0.02717
1455ths,Zero-shot NLI (mDeBERTa),-1,0.45414
146zvpu,Zero-shot NLI (mDeBERTa),-1,0.00088
14945l9,Zero-shot NLI (mDeBERTa),-1,0.00716
1495e2s,Zero-shot NLI (mDeBERTa),-1,0.00335
1496bbe,Zero-shot NLI (mDeBERTa),-1,0.36475
149y7n0,Zero-shot NLI (mDeBERTa),-1,0.13601
14a0iy8,Zero-shot NLI (mDeBERTa),-1,0.02069
14a48ox,Zero-shot NLI (mDeBERTa),-1,0.29039
14a4coz,Zero-shot NLI (mDeBERTa),-1,0.00356
14a4hia,Zero-shot NLI (mDeBERTa),-1,0.85062
14a4lgz,Zero-shot NLI (mDeBERTa),-1,0.85434
14aswpe,Zero-shot NLI (mDeBERTa),-1,0.02636
14bxm4j,Zero-shot NLI (mDeBERTa),-1,0.44314
14clvdt,Zero-shot NLI (mDeBERTa),-1,0.00893
14dmbhp,Zero-shot NLI (mDeBERTa),-1,0.16138
14dmur2,Zero-shot NLI (mDeBERTa),-1,0.26834
14e5zwh,Zero-shot NLI (mDeBERTa),-1,0.78211
14jateg,Zero-shot NLI (mDeBERTa),-1,0.00125
14jimzx,Zero-shot NLI (mDeBERTa),-1,0.34016
14jnqwd,Zero-shot NLI (mDeBERTa),-1,0.0036
14lwal3,Zero-shot NLI (mDeBERTa),-1,0.00221
14m4oke,Zero-shot NLI (mDeBERTa),-1,0.01672
14mznfn,Zero-shot NLI (mDeBERTa),-1,0.45747
14n81kn,Zero-shot NLI (mDeBERTa),-1,0.05161
14nq474,Zero-shot NLI (mDeBERTa),-1,0.01515
14peh0c,Zero-shot NLI (mDeBERTa),-1,0.15162
14t6i25,Zero-shot NLI (mDeBERTa),-1,0.46335
14u0n1t,Zero-shot NLI (mDeBERTa),-1,0.11595
14v7943,Zero-shot NLI (mDeBERTa),-1,0.25204
14wo22a,Zero-shot NLI (mDeBERTa),-1,0.00104
14yge8b,Zero-shot NLI (mDeBERTa),-1,0.01575
1509mag,Zero-shot NLI (mDeBERTa),-1,0.00093
152psh8,Zero-shot NLI (mDeBERTa),-1,0.00724
152u6w6,Zero-shot NLI (mDeBERTa),-1,0.17335
15312zr,Zero-shot NLI (mDeBERTa),-1,0.05863
155kxt6,Zero-shot NLI (mDeBERTa),-1,0.3127
156mub1,Zero-shot NLI (mDeBERTa),-1,0.00114
1584uxr,Zero-shot NLI (mDeBERTa),-1,0.00188
1586vte,Zero-shot NLI (mDeBERTa),-1,0.00387
159c7gq,Zero-shot NLI (mDeBERTa),-1,0.01181
159g1b5,Zero-shot NLI (mDeBERTa),-1,0.02172
15a8prv,Zero-shot NLI (mDeBERTa),-1,0.01564
15a8vyw,Zero-shot NLI (mDeBERTa),-1,0.01824
15aaw83,Zero-shot NLI (mDeBERTa),-1,0.00144
15auuwg,Zero-shot NLI (mDeBERTa),-1,0.06085
15crqft,Zero-shot NLI (mDeBERTa),-1,0.00916
15cxyur,Zero-shot NLI (mDeBERTa),-1,0.00123
15d3csi,Zero-shot NLI (mDeBERTa),-1,0.0103
15e9adj,Zero-shot NLI (mDeBERTa),-1,0.00836
15eb6kt,Zero-shot NLI (mDeBERTa),-1,0.32986
15ebd5k,Zero-shot NLI (mDeBERTa),-1,0.44249
15eg570,Zero-shot NLI (mDeBERTa),-1,0.12404
15ffsmu,Zero-shot NLI (mDeBERTa),-1,0.01923
15g8q72,Zero-shot NLI (mDeBERTa),-1,0.04106
15gyjp3,Zero-shot NLI (mDeBERTa),-1,0.02367
15hw0om,Zero-shot NLI (mDeBERTa),-1,0.17454
15hwdky,Zero-shot NLI (mDeBERTa),-1,0.08141
15isioa,Zero-shot NLI (mDeBERTa),-1,0.04079
15j2pz9,Zero-shot NLI (mDeBERTa),-1,0.03895
15j43lf,Zero-shot NLI (mDeBERTa),-1,0.24294
15kosj0,Zero-shot NLI (mDeBERTa),-1,0.01599
15krhgh,Zero-shot NLI (mDeBERTa),-1,0.04562
15kvv3y,Zero-shot NLI (mDeBERTa),-1,0.01023
15lu2d2,Zero-shot NLI (mDeBERTa),-1,0.00311
15lunx9,Zero-shot NLI (mDeBERTa),-1,0.09746
15mia1y,Zero-shot NLI (mDeBERTa),-1,0.41777
15midjy,Zero-shot NLI (mDeBERTa),-1,0.7658
15mlo3k,Zero-shot NLI (mDeBERTa),-1,0.01859
15o4636,Zero-shot NLI (mDeBERTa),-1,0.10559
15ozc9o,Zero-shot NLI (mDeBERTa),-1,0.00186
15q3j5b,Zero-shot NLI (mDeBERTa),-1,0.32462
15qtbrv,Zero-shot NLI (mDeBERTa),-1,0.37775
15qug5c,Zero-shot NLI (mDeBERTa),-1,0.05861
15r4ala,Zero-shot NLI (mDeBERTa),-1,0.1086
15rqqca,Zero-shot NLI (mDeBERTa),-1,0.88871
15su48d,Zero-shot NLI (mDeBERTa),-1,0.71582
15tkvmf,Zero-shot NLI (mDeBERTa),-1,0.04492
15wbys2,Zero-shot NLI (mDeBERTa),-1,0.0015
15wcsc1,Zero-shot NLI (mDeBERTa),-1,0.00674
15wfdns,Zero-shot NLI (mDeBERTa),-1,0.00951
15wfjod,Zero-shot NLI (mDeBERTa),-1,0.01033
15xlqhu,Zero-shot NLI (mDeBERTa),-1,0.08788
15y9ex8,Zero-shot NLI (mDeBERTa),-1,0.2343
15yd899,Zero-shot NLI (mDeBERTa),-1,0.4461
15z41xe,Zero-shot NLI (mDeBERTa),-1,0.51979
15z6om4,Zero-shot NLI (mDeBERTa),-1,0.03295
161d2au,Zero-shot NLI (mDeBERTa),-1,0.03325
161vpoq,Zero-shot NLI (mDeBERTa),-1,0.13989
163mu5b,Zero-shot NLI (mDeBERTa),-1,0.0078
163sc1p,Zero-shot NLI (mDeBERTa),-1,0.0273
164lrkh,Zero-shot NLI (mDeBERTa),-1,0.10783
164rpz4,Zero-shot NLI (mDeBERTa),-1,0.9012
165fb4w,Zero-shot NLI (mDeBERTa),-1,0.00688
166zkc4,Zero-shot NLI (mDeBERTa),-1,0.0005
167573w,Zero-shot NLI (mDeBERTa),-1,0.12769
1677z9e,Zero-shot NLI (mDeBERTa),-1,0.00051
167xq4e,Zero-shot NLI (mDeBERTa),-1,0.82764
168elrj,Zero-shot NLI (mDeBERTa),-1,0.0783
16a85oh,Zero-shot NLI (mDeBERTa),-1,0.09249
16ax72h,Zero-shot NLI (mDeBERTa),-1,0.34444
16ca2qs,Zero-shot NLI (mDeBERTa),-1,0.05971
16cci0i,Zero-shot NLI (mDeBERTa),-1,0.34684
16cgp44,Zero-shot NLI (mDeBERTa),-1,0.02623
16chxuz,Zero-shot NLI (mDeBERTa),-1,0.36529
16cw8gk,Zero-shot NLI (mDeBERTa),-1,0.00341
16d3srr,Zero-shot NLI (mDeBERTa),-1,0.00709
16d4mmj,Zero-shot NLI (mDeBERTa),-1,0.89825
16dghd5,Zero-shot NLI (mDeBERTa),-1,0.0492
16e5828,Zero-shot NLI (mDeBERTa),-1,0.67814
16e7s2x,Zero-shot NLI (mDeBERTa),-1,0.66947
16e81se,Zero-shot NLI (mDeBERTa),-1,0.00093
16f0cxx,Zero-shot NLI (mDeBERTa),-1,0.81225
16g0xjy,Zero-shot NLI (mDeBERTa),-1,0.24241
16gomka,Zero-shot NLI (mDeBERTa),-1,0.60734
16gqjvl,Zero-shot NLI (mDeBERTa),-1,0.01191
16gr6ue,Zero-shot NLI (mDeBERTa),-1,0.00325
16gr6us,Zero-shot NLI (mDeBERTa),-1,0.00161
16hhee9,Zero-shot NLI (mDeBERTa),-1,0.01621
16htgir,Zero-shot NLI (mDeBERTa),-1,0.57544
16hwuoa,Zero-shot NLI (mDeBERTa),-1,0.58435
16icokg,Zero-shot NLI (mDeBERTa),-1,0.42819
16k5rp4,Zero-shot NLI (mDeBERTa),-1,0.11625
16k8y7n,Zero-shot NLI (mDeBERTa),-1,0.02321
16ke5mv,Zero-shot NLI (mDeBERTa),-1,0.07826
16kmu0r,Zero-shot NLI (mDeBERTa),-1,0.85117
16loklq,Zero-shot NLI (mDeBERTa),-1,0.00119
16mswgu,Zero-shot NLI (mDeBERTa),-1,0.03386
16o9ehf,Zero-shot NLI (mDeBERTa),-1,0.00939
16odvg2,Zero-shot NLI (mDeBERTa),-1,0.17136
16p7zot,Zero-shot NLI (mDeBERTa),-1,0.27485
16pjo9s,Zero-shot NLI (mDeBERTa),-1,0.19426
16pkcq2,Zero-shot NLI (mDeBERTa),-1,0.15172
16r0gyf,Zero-shot NLI (mDeBERTa),-1,0.05988
16r3zkq,Zero-shot NLI (mDeBERTa),-1,0.02319
16r8aq1,Zero-shot NLI (mDeBERTa),-1,0.20608
16rs6u9,Zero-shot NLI (mDeBERTa),-1,0.00142
16smogb,Zero-shot NLI (mDeBERTa),-1,0.04035
16sp2dr,Zero-shot NLI (mDeBERTa),-1,0.03088
16sqt88,Zero-shot NLI (mDeBERTa),-1,0.64407
16tix22,Zero-shot NLI (mDeBERTa),-1,0.72055
16tlycw,Zero-shot NLI (mDeBERTa),-1,0.06145
16twv4u,Zero-shot NLI (mDeBERTa),-1,0.00597
16ugxlr,Zero-shot NLI (mDeBERTa),-1,0.00092
16ul3yh,Zero-shot NLI (mDeBERTa),-1,0.01224
16upbwq,Zero-shot NLI (mDeBERTa),-1,0.00096
16v762m,Zero-shot NLI (mDeBERTa),-1,0.139
16v7q95,Zero-shot NLI (mDeBERTa),-1,0.17677
16vce90,Zero-shot NLI (mDeBERTa),-1,0.21296
16vd6oq,Zero-shot NLI (mDeBERTa),-1,0.04546
16vi53c,Zero-shot NLI (mDeBERTa),-1,0.00174
16w1j2q,Zero-shot NLI (mDeBERTa),-1,0.06841
16wyj2y,Zero-shot NLI (mDeBERTa),-1,0.0057
16x4aop,Zero-shot NLI (mDeBERTa),-1,0.19589
16x84jw,Zero-shot NLI (mDeBERTa),-1,0.45937
16x8a98,Zero-shot NLI (mDeBERTa),-1,0.91302
16y0qvf,Zero-shot NLI (mDeBERTa),-1,0.07715
16y56gn,Zero-shot NLI (mDeBERTa),-1,0.01594
16yn74r,Zero-shot NLI (mDeBERTa),-1,0.10025
16ysshv,Zero-shot NLI (mDeBERTa),-1,0.01905
16yz3hx,Zero-shot NLI (mDeBERTa),-1,0.01178
16zj5r5,Zero-shot NLI (mDeBERTa),-1,0.13012
16zjc06,Zero-shot NLI (mDeBERTa),-1,0.8015
16zt3tl,Zero-shot NLI (mDeBERTa),-1,0.49935
170fc85,Zero-shot NLI (mDeBERTa),-1,0.00323
170inab,Zero-shot NLI (mDeBERTa),-1,0.03859
170l9pf,Zero-shot NLI (mDeBERTa),-1,0.01667
17189pc,Zero-shot NLI (mDeBERTa),-1,0.9788
1729dyz,Zero-shot NLI (mDeBERTa),-1,0.11844
172eim1,Zero-shot NLI (mDeBERTa),-1,0.07383
172xrre,Zero-shot NLI (mDeBERTa),-1,0.00073
172ze4c,Zero-shot NLI (mDeBERTa),-1,0.01877
173mnc4,Zero-shot NLI (mDeBERTa),-1,0.11032
173of82,Zero-shot NLI (mDeBERTa),-1,0.07809
1744jgk,Zero-shot NLI (mDeBERTa),-1,0.02411
174ncsh,Zero-shot NLI (mDeBERTa),-1,0.06989
175bp6w,Zero-shot NLI (mDeBERTa),-1,0.32895
175btwz,Zero-shot NLI (mDeBERTa),-1,0.63467
175eka1,Zero-shot NLI (mDeBERTa),-1,0.00113
175exug,Zero-shot NLI (mDeBERTa),-1,0.00594
175mczu,Zero-shot NLI (mDeBERTa),-1,0.69256
1762vqk,Zero-shot NLI (mDeBERTa),-1,0.00696
176ubug,Zero-shot NLI (mDeBERTa),-1,0.00728
176wy47,Zero-shot NLI (mDeBERTa),-1,0.00061
176x0ru,Zero-shot NLI (mDeBERTa),-1,0.01037
1773xza,Zero-shot NLI (mDeBERTa),-1,0.67045
177kndo,Zero-shot NLI (mDeBERTa),-1,0.00028
177kxnq,Zero-shot NLI (mDeBERTa),-1,0.06164
177l9lj,Zero-shot NLI (mDeBERTa),-1,0.18563
177lcz9,Zero-shot NLI (mDeBERTa),-1,0.65869
177qlr4,Zero-shot NLI (mDeBERTa),-1,0.00105
177qona,Zero-shot NLI (mDeBERTa),-1,0.46122
177uh6e,Zero-shot NLI (mDeBERTa),-1,0.06651
178bf8r,Zero-shot NLI (mDeBERTa),-1,0.17782
178bl57,Zero-shot NLI (mDeBERTa),-1,0.02517
178bor1,Zero-shot NLI (mDeBERTa),-1,0.03963
178gobg,Zero-shot NLI (mDeBERTa),-1,0.09788
178h5v8,Zero-shot NLI (mDeBERTa),-1,0.63776
178hc7m,Zero-shot NLI (mDeBERTa),-1,0.99113
178hgso,Zero-shot NLI (mDeBERTa),-1,0.93613
178lxh6,Zero-shot NLI (mDeBERTa),-1,0.10737
1791af0,Zero-shot NLI (mDeBERTa),-1,0.01198
1791ey5,Zero-shot NLI (mDeBERTa),-1,0.00848
1791izf,Zero-shot NLI (mDeBERTa),-1,0.43216
1796igl,Zero-shot NLI (mDeBERTa),-1,0.00408
179bbei,Zero-shot NLI (mDeBERTa),-1,0.15635
179wux9,Zero-shot NLI (mDeBERTa),-1,0.0651
17a2dvq,Zero-shot NLI (mDeBERTa),-1,0.00067
17a4h3e,Zero-shot NLI (mDeBERTa),-1,0.01407
17a4ydp,Zero-shot NLI (mDeBERTa),-1,0.03529
17a5lai,Zero-shot NLI (mDeBERTa),-1,0.00063
17aow7x,Zero-shot NLI (mDeBERTa),-1,0.78451
17ap4yo,Zero-shot NLI (mDeBERTa),-1,0.74968
17bdh8a,Zero-shot NLI (mDeBERTa),-1,0.00269
17bdilh,Zero-shot NLI (mDeBERTa),-1,0.4873
17bhfzx,Zero-shot NLI (mDeBERTa),-1,0.87654
17bhmqe,Zero-shot NLI (mDeBERTa),-1,0.48698
17c78fe,Zero-shot NLI (mDeBERTa),-1,0.00331
17c7ae5,Zero-shot NLI (mDeBERTa),-1,0.27037
17ca0u9,Zero-shot NLI (mDeBERTa),-1,0.2908
17can30,Zero-shot NLI (mDeBERTa),-1,0.00373
17ccflo,Zero-shot NLI (mDeBERTa),-1,0.06027
17cf1ne,Zero-shot NLI (mDeBERTa),-1,0.0066
17cfavw,Zero-shot NLI (mDeBERTa),-1,0.78451
17chatq,Zero-shot NLI (mDeBERTa),-1,0.01022
17ckv6d,Zero-shot NLI (mDeBERTa),-1,0.89763
17cpvzj,Zero-shot NLI (mDeBERTa),-1,0.70721
17cye3n,Zero-shot NLI (mDeBERTa),-1,0.02948
17cynwv,Zero-shot NLI (mDeBERTa),-1,0.68835
17cywvl,Zero-shot NLI (mDeBERTa),-1,0.94777
17czuik,Zero-shot NLI (mDeBERTa),-1,0.07798
17d077w,Zero-shot NLI (mDeBERTa),-1,0.08917
17d1yl0,Zero-shot NLI (mDeBERTa),-1,0.06279
17da0ni,Zero-shot NLI (mDeBERTa),-1,0.00331
17da4nk,Zero-shot NLI (mDeBERTa),-1,0.71236
17dp4xg,Zero-shot NLI (mDeBERTa),-1,0.70369
17dp77a,Zero-shot NLI (mDeBERTa),-1,0.02332
17dq75e,Zero-shot NLI (mDeBERTa),-1,0.20391
17dtush,Zero-shot NLI (mDeBERTa),-1,0.01265
17dwend,Zero-shot NLI (mDeBERTa),-1,0.71089
17eggl8,Zero-shot NLI (mDeBERTa),-1,0.22012
17eiakh,Zero-shot NLI (mDeBERTa),-1,0.2432
17ekmiq,Zero-shot NLI (mDeBERTa),-1,0.56289
17f78kf,Zero-shot NLI (mDeBERTa),-1,0.02066
17f8e7i,Zero-shot NLI (mDeBERTa),-1,0.41448
17fab58,Zero-shot NLI (mDeBERTa),-1,0.51795
17fe9p5,Zero-shot NLI (mDeBERTa),-1,0.00927
17fs39k,Zero-shot NLI (mDeBERTa),-1,0.05157
17fyyjr,Zero-shot NLI (mDeBERTa),-1,0.04003
17g0klk,Zero-shot NLI (mDeBERTa),-1,0.01308
17g0ohb,Zero-shot NLI (mDeBERTa),-1,0.02794
17g0vid,Zero-shot NLI (mDeBERTa),-1,0.25814
17g4ud5,Zero-shot NLI (mDeBERTa),-1,0.00021
17g4xur,Zero-shot NLI (mDeBERTa),-1,0.02039
17g52dg,Zero-shot NLI (mDeBERTa),-1,0.16069
17g54ko,Zero-shot NLI (mDeBERTa),-1,0.09196
17g5gsb,Zero-shot NLI (mDeBERTa),-1,0.13702
17g5slm,Zero-shot NLI (mDeBERTa),-1,0.14439
17gqyos,Zero-shot NLI (mDeBERTa),-1,0.00638
17gt48g,Zero-shot NLI (mDeBERTa),-1,0.033
17h47lj,Zero-shot NLI (mDeBERTa),-1,0.79137
17hjn2y,Zero-shot NLI (mDeBERTa),-1,0.00231
17hjr3w,Zero-shot NLI (mDeBERTa),-1,0.28898
17hjuf6,Zero-shot NLI (mDeBERTa),-1,0.00626
17ho3bw,Zero-shot NLI (mDeBERTa),-1,0.19161
17ho5rx,Zero-shot NLI (mDeBERTa),-1,0.06202
17hoa26,Zero-shot NLI (mDeBERTa),-1,0.01433
17iae01,Zero-shot NLI (mDeBERTa),-1,0.98103
17iaejm,Zero-shot NLI (mDeBERTa),-1,0.00034
17iamqo,Zero-shot NLI (mDeBERTa),-1,0.90943
17iannx,Zero-shot NLI (mDeBERTa),-1,0.80541
17iauno,Zero-shot NLI (mDeBERTa),-1,0.54092
17iawlp,Zero-shot NLI (mDeBERTa),-1,0.00252
17ido0o,Zero-shot NLI (mDeBERTa),-1,0.04024
17ii2hd,Zero-shot NLI (mDeBERTa),-1,0.81247
17iif8e,Zero-shot NLI (mDeBERTa),-1,0.00686
17jppj6,Zero-shot NLI (mDeBERTa),-1,0.57694
17jrogf,Zero-shot NLI (mDeBERTa),-1,0.01999
17jx18j,Zero-shot NLI (mDeBERTa),-1,0.0013
17k06ry,Zero-shot NLI (mDeBERTa),-1,0.03211
17kob73,Zero-shot NLI (mDeBERTa),-1,0.00101
17kpefv,Zero-shot NLI (mDeBERTa),-1,0.66985
17kpy4c,Zero-shot NLI (mDeBERTa),-1,0.311
17l17qa,Zero-shot NLI (mDeBERTa),-1,0.42515
17l1oyi,Zero-shot NLI (mDeBERTa),-1,0.08248
17l94kp,Zero-shot NLI (mDeBERTa),-1,0.16166
17l9cfg,Zero-shot NLI (mDeBERTa),-1,0.21817
17lzxyu,Zero-shot NLI (mDeBERTa),-1,0.03288
17m43n2,Zero-shot NLI (mDeBERTa),-1,0.02049
17n2jzw,Zero-shot NLI (mDeBERTa),-1,0.01446
17n4esf,Zero-shot NLI (mDeBERTa),-1,0.16584
17nfb1w,Zero-shot NLI (mDeBERTa),-1,0.00319
17nhvc9,Zero-shot NLI (mDeBERTa),-1,0.00798
17nieyp,Zero-shot NLI (mDeBERTa),-1,0.00899
17nistv,Zero-shot NLI (mDeBERTa),-1,0.0356
17nli9l,Zero-shot NLI (mDeBERTa),-1,0.65934
17nvpqg,Zero-shot NLI (mDeBERTa),-1,0.15575
17o0js5,Zero-shot NLI (mDeBERTa),-1,0.00409
17o8mtz,Zero-shot NLI (mDeBERTa),-1,0.10048
17olzxc,Zero-shot NLI (mDeBERTa),-1,0.04061
17ouc19,Zero-shot NLI (mDeBERTa),-1,0.06324
17p0wzh,Zero-shot NLI (mDeBERTa),-1,0.00042
17p1bid,Zero-shot NLI (mDeBERTa),-1,0.0151
17p1eq5,Zero-shot NLI (mDeBERTa),-1,0.23756
17p93s4,Zero-shot NLI (mDeBERTa),-1,0.00729
17pixc6,Zero-shot NLI (mDeBERTa),-1,0.02624
17pj11w,Zero-shot NLI (mDeBERTa),-1,0.01291
17pz339,Zero-shot NLI (mDeBERTa),-1,0.01541
17q7ckw,Zero-shot NLI (mDeBERTa),-1,0.01691
17q7ke6,Zero-shot NLI (mDeBERTa),-1,0.98691
17qjfkb,Zero-shot NLI (mDeBERTa),-1,0.00606
17qjrht,Zero-shot NLI (mDeBERTa),-1,0.19822
17qjtu2,Zero-shot NLI (mDeBERTa),-1,0.08283
17ql75o,Zero-shot NLI (mDeBERTa),-1,0.01884
17qmh3g,Zero-shot NLI (mDeBERTa),-1,0.00112
17qqlay,Zero-shot NLI (mDeBERTa),-1,0.07394
17qqpls,Zero-shot NLI (mDeBERTa),-1,0.7478
17r8wgz,Zero-shot NLI (mDeBERTa),-1,0.19472
17r8ywj,Zero-shot NLI (mDeBERTa),-1,0.00482
17r91qt,Zero-shot NLI (mDeBERTa),-1,0.06729
17rfgqy,Zero-shot NLI (mDeBERTa),-1,0.02633
17rfln4,Zero-shot NLI (mDeBERTa),-1,0.03948
17rfwdv,Zero-shot NLI (mDeBERTa),-1,0.13346
17rg103,Zero-shot NLI (mDeBERTa),-1,0.00043
17rkc1r,Zero-shot NLI (mDeBERTa),-1,0.00266
17rkfqs,Zero-shot NLI (mDeBERTa),-1,0.25591
17rz7zt,Zero-shot NLI (mDeBERTa),-1,0.01171
17s0lcp,Zero-shot NLI (mDeBERTa),-1,0.17355
17s5u23,Zero-shot NLI (mDeBERTa),-1,0.08898
17s6v2z,Zero-shot NLI (mDeBERTa),-1,0.29255
17seqtw,Zero-shot NLI (mDeBERTa),-1,0.99033
17srut1,Zero-shot NLI (mDeBERTa),-1,0.19663
17srxob,Zero-shot NLI (mDeBERTa),-1,0.00115
17svvfw,Zero-shot NLI (mDeBERTa),-1,0.29996
17t04r0,Zero-shot NLI (mDeBERTa),-1,0.02865
17t4bqy,Zero-shot NLI (mDeBERTa),-1,0.00052
17tre0p,Zero-shot NLI (mDeBERTa),-1,0.39229
17u7fsv,Zero-shot NLI (mDeBERTa),-1,0.01847
17u7jn5,Zero-shot NLI (mDeBERTa),-1,0.00772
17u9mf8,Zero-shot NLI (mDeBERTa),-1,0.01331
17uce4d,Zero-shot NLI (mDeBERTa),-1,0.21723
17uy214,Zero-shot NLI (mDeBERTa),-1,0.01429
17uyohx,Zero-shot NLI (mDeBERTa),-1,0.26794
17uzwv9,Zero-shot NLI (mDeBERTa),-1,0.00161
17vuhgh,Zero-shot NLI (mDeBERTa),-1,0.00119
17vusou,Zero-shot NLI (mDeBERTa),-1,0.04153
17vv5od,Zero-shot NLI (mDeBERTa),-1,0.00455
17w0mo4,Zero-shot NLI (mDeBERTa),-1,0.12222
17wae18,Zero-shot NLI (mDeBERTa),-1,0.82087
17wif51,Zero-shot NLI (mDeBERTa),-1,0.7997
17wigvp,Zero-shot NLI (mDeBERTa),-1,0.7997
17wj1ur,Zero-shot NLI (mDeBERTa),-1,0.10214
17wj4sm,Zero-shot NLI (mDeBERTa),-1,0.00034
17wjcbs,Zero-shot NLI (mDeBERTa),-1,0.52726
17wkm70,Zero-shot NLI (mDeBERTa),-1,0.00568
17wmvg8,Zero-shot NLI (mDeBERTa),-1,0.13644
17wtwjw,Zero-shot NLI (mDeBERTa),-1,0.0046
17wze5i,Zero-shot NLI (mDeBERTa),-1,0.33584
17wzgt0,Zero-shot NLI (mDeBERTa),-1,0.72876
17wzmxn,Zero-shot NLI (mDeBERTa),-1,0.03851
17wzrdj,Zero-shot NLI (mDeBERTa),-1,0.00587
17xe21a,Zero-shot NLI (mDeBERTa),-1,0.3024
17xh60w,Zero-shot NLI (mDeBERTa),-1,0.14941
17xhfxx,Zero-shot NLI (mDeBERTa),-1,0.00442
17xhitq,Zero-shot NLI (mDeBERTa),-1,0.17302
17y2c0r,Zero-shot NLI (mDeBERTa),-1,0.05506
17y2d6p,Zero-shot NLI (mDeBERTa),-1,0.00106
17y2p8g,Zero-shot NLI (mDeBERTa),-1,0.05757
17yckag,Zero-shot NLI (mDeBERTa),-1,0.01128
17ykgu1,Zero-shot NLI (mDeBERTa),-1,0.61003
17yu2b0,Zero-shot NLI (mDeBERTa),-1,0.14364
17yu8cn,Zero-shot NLI (mDeBERTa),-1,0.06281
17zke8j,Zero-shot NLI (mDeBERTa),-1,0.02382
17zkjfy,Zero-shot NLI (mDeBERTa),-1,0.3336
17zn0im,Zero-shot NLI (mDeBERTa),-1,0.24572
17zpay1,Zero-shot NLI (mDeBERTa),-1,0.0122
17zqr7n,Zero-shot NLI (mDeBERTa),-1,0.62647
18033zt,Zero-shot NLI (mDeBERTa),-1,0.18121
180gs5o,Zero-shot NLI (mDeBERTa),-1,0.61003
180gxn5,Zero-shot NLI (mDeBERTa),-1,0.00069
180h3tr,Zero-shot NLI (mDeBERTa),-1,0.00959
180hb5x,Zero-shot NLI (mDeBERTa),-1,0.00442
180mjsi,Zero-shot NLI (mDeBERTa),-1,0.05671
180msvv,Zero-shot NLI (mDeBERTa),-1,0.04241
180nlrn,Zero-shot NLI (mDeBERTa),-1,0.02527
180nx0v,Zero-shot NLI (mDeBERTa),-1,0.11365
180nzeq,Zero-shot NLI (mDeBERTa),-1,0.05664
180o1j9,Zero-shot NLI (mDeBERTa),-1,0.19554
1818f84,Zero-shot NLI (mDeBERTa),-1,0.03841
181ge9x,Zero-shot NLI (mDeBERTa),-1,0.95255
181xudn,Zero-shot NLI (mDeBERTa),-1,0.01981
181y11r,Zero-shot NLI (mDeBERTa),-1,0.06247
181y4rx,Zero-shot NLI (mDeBERTa),-1,0.05937
181y8id,Zero-shot NLI (mDeBERTa),-1,0.00358
181yt3j,Zero-shot NLI (mDeBERTa),-1,0.11772
182rkfa,Zero-shot NLI (mDeBERTa),-1,0.42188
182tbwj,Zero-shot NLI (mDeBERTa),-1,0.0043
1845zqp,Zero-shot NLI (mDeBERTa),-1,0.73981
18461pq,Zero-shot NLI (mDeBERTa),-1,0.19116
1846ami,Zero-shot NLI (mDeBERTa),-1,0.71672
1848134,Zero-shot NLI (mDeBERTa),-1,0.29156
1849x68,Zero-shot NLI (mDeBERTa),-1,0.919
184a09p,Zero-shot NLI (mDeBERTa),-1,0.08402
184dmng,Zero-shot NLI (mDeBERTa),-1,0.11808
184e3hw,Zero-shot NLI (mDeBERTa),-1,0.28606
184ervp,Zero-shot NLI (mDeBERTa),-1,0.00056
1853400,Zero-shot NLI (mDeBERTa),-1,0.00293
18538if,Zero-shot NLI (mDeBERTa),-1,0.22914
1853fml,Zero-shot NLI (mDeBERTa),-1,0.4201
185wk08,Zero-shot NLI (mDeBERTa),-1,0.10532
185ymm1,Zero-shot NLI (mDeBERTa),-1,0.00378
185yzts,Zero-shot NLI (mDeBERTa),-1,0.01542
185z2sz,Zero-shot NLI (mDeBERTa),-1,0.03768
185zzg9,Zero-shot NLI (mDeBERTa),-1,0.01149
18608yt,Zero-shot NLI (mDeBERTa),-1,0.0458
1866wpi,Zero-shot NLI (mDeBERTa),-1,0.00074
186j9k3,Zero-shot NLI (mDeBERTa),-1,0.65878
186kpuv,Zero-shot NLI (mDeBERTa),-1,0.00182
186l8tl,Zero-shot NLI (mDeBERTa),-1,0.01182
186lcv4,Zero-shot NLI (mDeBERTa),-1,0.19393
186lkq4,Zero-shot NLI (mDeBERTa),-1,0.05448
186lwdb,Zero-shot NLI (mDeBERTa),-1,0.00404
186m1z9,Zero-shot NLI (mDeBERTa),-1,0.17121
186m7ff,Zero-shot NLI (mDeBERTa),-1,0.0016
186mde8,Zero-shot NLI (mDeBERTa),-1,0.01076
186mhdi,Zero-shot NLI (mDeBERTa),-1,0.16512
186mjkp,Zero-shot NLI (mDeBERTa),-1,0.76572
186ml6s,Zero-shot NLI (mDeBERTa),-1,0.0216
186mpba,Zero-shot NLI (mDeBERTa),-1,0.07801
186n1dn,Zero-shot NLI (mDeBERTa),-1,0.00165
186n4c0,Zero-shot NLI (mDeBERTa),-1,0.90037
187g4qk,Zero-shot NLI (mDeBERTa),-1,0.00128
187ghw2,Zero-shot NLI (mDeBERTa),-1,0.03443
187gprg,Zero-shot NLI (mDeBERTa),-1,0.73673
187hltt,Zero-shot NLI (mDeBERTa),-1,0.00134
187u1pc,Zero-shot NLI (mDeBERTa),-1,0.84665
188badl,Zero-shot NLI (mDeBERTa),-1,0.43852
188bvzu,Zero-shot NLI (mDeBERTa),-1,0.02184
188bzfj,Zero-shot NLI (mDeBERTa),-1,0.08536
188klhd,Zero-shot NLI (mDeBERTa),-1,0.0409
188krlj,Zero-shot NLI (mDeBERTa),-1,0.1244
1890ej0,Zero-shot NLI (mDeBERTa),-1,0.00122
18983zo,Zero-shot NLI (mDeBERTa),-1,0.01972
189phwz,Zero-shot NLI (mDeBERTa),-1,0.02625
189tufg,Zero-shot NLI (mDeBERTa),-1,0.22217
189ubhv,Zero-shot NLI (mDeBERTa),-1,0.10578
18ah4jw,Zero-shot NLI (mDeBERTa),-1,0.02526
18ahajl,Zero-shot NLI (mDeBERTa),-1,0.37593
18ahfdd,Zero-shot NLI (mDeBERTa),-1,0.094
18ahlwf,Zero-shot NLI (mDeBERTa),-1,0.02843
18akrnj,Zero-shot NLI (mDeBERTa),-1,0.68873
18apftn,Zero-shot NLI (mDeBERTa),-1,0.01366
18bc16q,Zero-shot NLI (mDeBERTa),-1,0.02939
18bc5dm,Zero-shot NLI (mDeBERTa),-1,0.42686
18bcasp,Zero-shot NLI (mDeBERTa),-1,0.0165
18bgnbe,Zero-shot NLI (mDeBERTa),-1,0.32237
18bgtno,Zero-shot NLI (mDeBERTa),-1,0.09431
18bh4e6,Zero-shot NLI (mDeBERTa),-1,0.12305
18bh80k,Zero-shot NLI (mDeBERTa),-1,0.06445
18bhh9b,Zero-shot NLI (mDeBERTa),-1,0.01195
18bigzz,Zero-shot NLI (mDeBERTa),-1,0.0004
18bitft,Zero-shot NLI (mDeBERTa),-1,0.15924
18bkx1d,Zero-shot NLI (mDeBERTa),-1,0.59642
18c09cg,Zero-shot NLI (mDeBERTa),-1,0.43583
18c0edo,Zero-shot NLI (mDeBERTa),-1,0.02094
18cabd1,Zero-shot NLI (mDeBERTa),-1,0.01094
18cdet8,Zero-shot NLI (mDeBERTa),-1,0.24633
18cdyur,Zero-shot NLI (mDeBERTa),-1,0.23239
18ce85y,Zero-shot NLI (mDeBERTa),-1,0.00256
18crzkr,Zero-shot NLI (mDeBERTa),-1,0.0573
18csp0f,Zero-shot NLI (mDeBERTa),-1,0.01062
18ct27d,Zero-shot NLI (mDeBERTa),-1,0.32781
18ctaip,Zero-shot NLI (mDeBERTa),-1,0.02845
18d2p1k,Zero-shot NLI (mDeBERTa),-1,0.00731
18d47zq,Zero-shot NLI (mDeBERTa),-1,0.02164
18dji17,Zero-shot NLI (mDeBERTa),-1,0.35355
18djrl4,Zero-shot NLI (mDeBERTa),-1,0.00307
18dk7z9,Zero-shot NLI (mDeBERTa),-1,0.03253
18e92co,Zero-shot NLI (mDeBERTa),-1,0.07149
18eaykt,Zero-shot NLI (mDeBERTa),-1,0.00475
18elnh6,Zero-shot NLI (mDeBERTa),-1,0.27217
18eltoc,Zero-shot NLI (mDeBERTa),-1,0.00054
18em1f5,Zero-shot NLI (mDeBERTa),-1,0.14441
18f05rm,Zero-shot NLI (mDeBERTa),-1,0.00211
18f5v4o,Zero-shot NLI (mDeBERTa),-1,0.66183
18ffwfz,Zero-shot NLI (mDeBERTa),-1,0.62036
18fg7bf,Zero-shot NLI (mDeBERTa),-1,0.00914
18fgddi,Zero-shot NLI (mDeBERTa),-1,0.00095
18fgvak,Zero-shot NLI (mDeBERTa),-1,0.06455
18fh1qp,Zero-shot NLI (mDeBERTa),-1,0.81594
18fh9jf,Zero-shot NLI (mDeBERTa),-1,0.00548
18ftw1l,Zero-shot NLI (mDeBERTa),-1,0.05911
18fzegb,Zero-shot NLI (mDeBERTa),-1,0.01912
18g5a25,Zero-shot NLI (mDeBERTa),-1,0.10961
18gkq9h,Zero-shot NLI (mDeBERTa),-1,0.00731
18gkv34,Zero-shot NLI (mDeBERTa),-1,0.00189
18gl6xg,Zero-shot NLI (mDeBERTa),-1,0.90712
18gll5i,Zero-shot NLI (mDeBERTa),-1,0.03192
18gmv74,Zero-shot NLI (mDeBERTa),-1,0.00185
18gn7la,Zero-shot NLI (mDeBERTa),-1,0.11091
18gpia4,Zero-shot NLI (mDeBERTa),-1,0.00675
18gzi0z,Zero-shot NLI (mDeBERTa),-1,0.02753
18hdw6j,Zero-shot NLI (mDeBERTa),-1,0.00447
18he60e,Zero-shot NLI (mDeBERTa),-1,0.00037
18he9jd,Zero-shot NLI (mDeBERTa),-1,0.14753
18hi268,Zero-shot NLI (mDeBERTa),-1,0.00046
18hkqmo,Zero-shot NLI (mDeBERTa),-1,0.00318
18hodpk,Zero-shot NLI (mDeBERTa),-1,0.02564
18hoj7y,Zero-shot NLI (mDeBERTa),-1,0.29828
18hops5,Zero-shot NLI (mDeBERTa),-1,0.01161
18hotvp,Zero-shot NLI (mDeBERTa),-1,0.21305
18hox14,Zero-shot NLI (mDeBERTa),-1,0.01082
18i38xr,Zero-shot NLI (mDeBERTa),-1,0.02671
18i9c99,Zero-shot NLI (mDeBERTa),-1,0.02375
18i9h8d,Zero-shot NLI (mDeBERTa),-1,0.74046
18i9mdf,Zero-shot NLI (mDeBERTa),-1,0.47037
18i9uoj,Zero-shot NLI (mDeBERTa),-1,0.00154
18i9yzx,Zero-shot NLI (mDeBERTa),-1,0.00398
18ia0w9,Zero-shot NLI (mDeBERTa),-1,0.05908
18iez0f,Zero-shot NLI (mDeBERTa),-1,0.00909
18ig4g1,Zero-shot NLI (mDeBERTa),-1,0.13272
18iuqhn,Zero-shot NLI (mDeBERTa),-1,0.01208
18iwhdy,Zero-shot NLI (mDeBERTa),-1,0.62562
18j02eh,Zero-shot NLI (mDeBERTa),-1,0.07207
18jajeq,Zero-shot NLI (mDeBERTa),-1,0.01013
18jo0xl,Zero-shot NLI (mDeBERTa),-1,0.00073
18jolzj,Zero-shot NLI (mDeBERTa),-1,0.04673
18joqsp,Zero-shot NLI (mDeBERTa),-1,0.00823
18jotju,Zero-shot NLI (mDeBERTa),-1,0.06325
18jowp8,Zero-shot NLI (mDeBERTa),-1,0.00132
18jp4i1,Zero-shot NLI (mDeBERTa),-1,0.00095
18jvway,Zero-shot NLI (mDeBERTa),-1,0.01616
18jwnqu,Zero-shot NLI (mDeBERTa),-1,0.00204
18jyht1,Zero-shot NLI (mDeBERTa),-1,0.01616
18k11hj,Zero-shot NLI (mDeBERTa),-1,0.59342
18kd2ws,Zero-shot NLI (mDeBERTa),-1,0.01108
18khw8l,Zero-shot NLI (mDeBERTa),-1,0.0193
18ki60k,Zero-shot NLI (mDeBERTa),-1,0.05329
18kixym,Zero-shot NLI (mDeBERTa),-1,0.05829
18kltku,Zero-shot NLI (mDeBERTa),-1,0.00064
18kn70h,Zero-shot NLI (mDeBERTa),-1,0.00053
18ktaz7,Zero-shot NLI (mDeBERTa),-1,0.5625
18lfe9z,Zero-shot NLI (mDeBERTa),-1,0.01153
18lhwlp,Zero-shot NLI (mDeBERTa),-1,0.0011
18mbu1m,Zero-shot NLI (mDeBERTa),-1,0.00769
18mcpij,Zero-shot NLI (mDeBERTa),-1,0.00084
18mq8nl,Zero-shot NLI (mDeBERTa),-1,0.00066
18mrsc2,Zero-shot NLI (mDeBERTa),-1,0.43893
18mrxtj,Zero-shot NLI (mDeBERTa),-1,0.0047
18n2ri8,Zero-shot NLI (mDeBERTa),-1,0.07748
18n3o0k,Zero-shot NLI (mDeBERTa),-1,0.00446
18nj44y,Zero-shot NLI (mDeBERTa),-1,0.28828
18oa7yj,Zero-shot NLI (mDeBERTa),-1,0.14879
18oabde,Zero-shot NLI (mDeBERTa),-1,0.00747
18oag62,Zero-shot NLI (mDeBERTa),-1,0.20602
18oeukn,Zero-shot NLI (mDeBERTa),-1,0.02842
18ol12a,Zero-shot NLI (mDeBERTa),-1,0.66212
18p13so,Zero-shot NLI (mDeBERTa),-1,0.67331
18p4exy,Zero-shot NLI (mDeBERTa),-1,0.01305
18p4uxt,Zero-shot NLI (mDeBERTa),-1,0.62174
18pxdpb,Zero-shot NLI (mDeBERTa),-1,0.00419
18q02g4,Zero-shot NLI (mDeBERTa),-1,0.90248
18q08fw,Zero-shot NLI (mDeBERTa),-1,0.00178
18q0me8,Zero-shot NLI (mDeBERTa),-1,0.33098
18q1315,Zero-shot NLI (mDeBERTa),-1,0.0261
18q18c5,Zero-shot NLI (mDeBERTa),-1,0.42228
18q7dok,Zero-shot NLI (mDeBERTa),-1,0.13454
18q7pay,Zero-shot NLI (mDeBERTa),-1,0.00966
18qbah5,Zero-shot NLI (mDeBERTa),-1,0.00197
18qjn6e,Zero-shot NLI (mDeBERTa),-1,0.01313
18qqy7h,Zero-shot NLI (mDeBERTa),-1,0.00201
18r3me2,Zero-shot NLI (mDeBERTa),-1,0.0006
18r3p7w,Zero-shot NLI (mDeBERTa),-1,0.70596
18r3utj,Zero-shot NLI (mDeBERTa),-1,0.00186
18r3zxh,Zero-shot NLI (mDeBERTa),-1,0.05606
18r4o3e,Zero-shot NLI (mDeBERTa),-1,0.66909
18r7rl7,Zero-shot NLI (mDeBERTa),-1,0.00545
18r9fac,Zero-shot NLI (mDeBERTa),-1,0.00293
18r9y4a,Zero-shot NLI (mDeBERTa),-1,0.00185
18rc9to,Zero-shot NLI (mDeBERTa),-1,0.02707
18rcq5b,Zero-shot NLI (mDeBERTa),-1,0.3328
18rlu95,Zero-shot NLI (mDeBERTa),-1,0.42549
18rxowk,Zero-shot NLI (mDeBERTa),-1,0.00286
18sb59t,Zero-shot NLI (mDeBERTa),-1,0.09635
18sbu84,Zero-shot NLI (mDeBERTa),-1,0.05128
18shlh2,Zero-shot NLI (mDeBERTa),-1,0.0002
18slya9,Zero-shot NLI (mDeBERTa),-1,0.00957
18sst67,Zero-shot NLI (mDeBERTa),-1,0.00054
18ssxll,Zero-shot NLI (mDeBERTa),-1,0.17433
18stoaj,Zero-shot NLI (mDeBERTa),-1,0.0007
18syhnz,Zero-shot NLI (mDeBERTa),-1,0.04145
18sys0u,Zero-shot NLI (mDeBERTa),-1,0.38842
18syus6,Zero-shot NLI (mDeBERTa),-1,0.01177
18sznlx,Zero-shot NLI (mDeBERTa),-1,0.08961
18thi0b,Zero-shot NLI (mDeBERTa),-1,0.33643
18tkb7c,Zero-shot NLI (mDeBERTa),-1,0.84917
18tkd9z,Zero-shot NLI (mDeBERTa),-1,0.00962
18tksdh,Zero-shot NLI (mDeBERTa),-1,0.02771
18tky9x,Zero-shot NLI (mDeBERTa),-1,0.00304
18tnkph,Zero-shot NLI (mDeBERTa),-1,0.00608
18ubqiv,Zero-shot NLI (mDeBERTa),-1,0.00919
18ud4q6,Zero-shot NLI (mDeBERTa),-1,0.00392
18ud9zr,Zero-shot NLI (mDeBERTa),-1,0.83937
18uil8k,Zero-shot NLI (mDeBERTa),-1,0.00286
18ujwi7,Zero-shot NLI (mDeBERTa),-1,0.86785
18v49ec,Zero-shot NLI (mDeBERTa),-1,0.42936
18v4gph,Zero-shot NLI (mDeBERTa),-1,0.00121
18v4q9i,Zero-shot NLI (mDeBERTa),-1,0.007
18v4zat,Zero-shot NLI (mDeBERTa),-1,0.00043
18v55p3,Zero-shot NLI (mDeBERTa),-1,0.20321
18vhgav,Zero-shot NLI (mDeBERTa),-1,0.01095
18vn34a,Zero-shot NLI (mDeBERTa),-1,0.2441
18vzkmg,Zero-shot NLI (mDeBERTa),-1,0.81166
18w3tlb,Zero-shot NLI (mDeBERTa),-1,0.77947
18w3yia,Zero-shot NLI (mDeBERTa),-1,0.01057
18w4epy,Zero-shot NLI (mDeBERTa),-1,0.30864
18w4jfb,Zero-shot NLI (mDeBERTa),-1,0.32293
18w4p3e,Zero-shot NLI (mDeBERTa),-1,0.03846
18wpjsm,Zero-shot NLI (mDeBERTa),-1,0.01364
18wuwyn,Zero-shot NLI (mDeBERTa),-1,0.01408
18ww0tj,Zero-shot NLI (mDeBERTa),-1,0.00635
18wwmkc,Zero-shot NLI (mDeBERTa),-1,0.00073
18x3iki,Zero-shot NLI (mDeBERTa),-1,0.08516
18xshjc,Zero-shot NLI (mDeBERTa),-1,0.01091
18y7fex,Zero-shot NLI (mDeBERTa),-1,0.38915
18y7lpi,Zero-shot NLI (mDeBERTa),-1,0.49358
18y7ryg,Zero-shot NLI (mDeBERTa),-1,0.19523
18y7u0t,Zero-shot NLI (mDeBERTa),-1,0.00413
18y85v6,Zero-shot NLI (mDeBERTa),-1,0.22373
18yhcjt,Zero-shot NLI (mDeBERTa),-1,0.87143
18z23gl,Zero-shot NLI (mDeBERTa),-1,0.00296
18zc6ze,Zero-shot NLI (mDeBERTa),-1,0.07748
18zd4gk,Zero-shot NLI (mDeBERTa),-1,0.00088
19029rc,Zero-shot NLI (mDeBERTa),-1,0.01621
1902iz3,Zero-shot NLI (mDeBERTa),-1,0.0198
19037uo,Zero-shot NLI (mDeBERTa),-1,0.01391
1903ls9,Zero-shot NLI (mDeBERTa),-1,0.01713
1904g3f,Zero-shot NLI (mDeBERTa),-1,0.11931
1905p5l,Zero-shot NLI (mDeBERTa),-1,0.675
190yp28,Zero-shot NLI (mDeBERTa),-1,0.00422
1911hjg,Zero-shot NLI (mDeBERTa),-1,0.35482
191jc6z,Zero-shot NLI (mDeBERTa),-1,0.06068
191lgbs,Zero-shot NLI (mDeBERTa),-1,0.00193
191mhsu,Zero-shot NLI (mDeBERTa),-1,0.00041
191zmco,Zero-shot NLI (mDeBERTa),-1,0.001
19292qm,Zero-shot NLI (mDeBERTa),-1,0.00591
192zy7d,Zero-shot NLI (mDeBERTa),-1,0.57788
193yzzs,Zero-shot NLI (mDeBERTa),-1,0.08757
19442rl,Zero-shot NLI (mDeBERTa),-1,0.82413
1954lu5,Zero-shot NLI (mDeBERTa),-1,0.00348
19562p7,Zero-shot NLI (mDeBERTa),-1,0.1175
195e8mq,Zero-shot NLI (mDeBERTa),-1,0.04975
195eipr,Zero-shot NLI (mDeBERTa),-1,0.00083
195eo0f,Zero-shot NLI (mDeBERTa),-1,0.00364
195evcr,Zero-shot NLI (mDeBERTa),-1,0.03647
195f7af,Zero-shot NLI (mDeBERTa),-1,0.11799
195mgrp,Zero-shot NLI (mDeBERTa),-1,0.32404
195p9q1,Zero-shot NLI (mDeBERTa),-1,0.01221
195q3zc,Zero-shot NLI (mDeBERTa),-1,0.18151
195qf4w,Zero-shot NLI (mDeBERTa),-1,0.10863
195r29w,Zero-shot NLI (mDeBERTa),-1,0.01339
195w8db,Zero-shot NLI (mDeBERTa),-1,0.2827
196e0pm,Zero-shot NLI (mDeBERTa),-1,0.24286
196fq04,Zero-shot NLI (mDeBERTa),-1,0.89504
196n1eh,Zero-shot NLI (mDeBERTa),-1,0.52324
1978onb,Zero-shot NLI (mDeBERTa),-1,0.03576
1978to1,Zero-shot NLI (mDeBERTa),-1,0.0004
197buyi,Zero-shot NLI (mDeBERTa),-1,0.13494
197c75f,Zero-shot NLI (mDeBERTa),-1,0.02167
1994aor,Zero-shot NLI (mDeBERTa),-1,0.26474
1994hrx,Zero-shot NLI (mDeBERTa),-1,0.03585
1994lra,Zero-shot NLI (mDeBERTa),-1,0.21855
1995ve0,Zero-shot NLI (mDeBERTa),-1,0.2468
199lpii,Zero-shot NLI (mDeBERTa),-1,0.01572
199ts0c,Zero-shot NLI (mDeBERTa),-1,0.18855
199uls5,Zero-shot NLI (mDeBERTa),-1,0.02019
199upem,Zero-shot NLI (mDeBERTa),-1,0.2073
199v5nt,Zero-shot NLI (mDeBERTa),-1,0.07595
199y5hj,Zero-shot NLI (mDeBERTa),-1,0.68829
19ayc6c,Zero-shot NLI (mDeBERTa),-1,0.40282
19beihz,Zero-shot NLI (mDeBERTa),-1,0.31861
19blujd,Zero-shot NLI (mDeBERTa),-1,0.00361
19c61q1,Zero-shot NLI (mDeBERTa),-1,0.00789
19cvv32,Zero-shot NLI (mDeBERTa),-1,0.00038
19czl9q,Zero-shot NLI (mDeBERTa),-1,0.05062
19eor6q,Zero-shot NLI (mDeBERTa),-1,0.00437
19eoy1h,Zero-shot NLI (mDeBERTa),-1,0.04876
19epeh5,Zero-shot NLI (mDeBERTa),-1,0.53779
19eplt5,Zero-shot NLI (mDeBERTa),-1,0.00035
19eq8em,Zero-shot NLI (mDeBERTa),-1,0.00242
19f7ecz,Zero-shot NLI (mDeBERTa),-1,0.01508
19fc0i6,Zero-shot NLI (mDeBERTa),-1,0.00467
1abdwax,Zero-shot NLI (mDeBERTa),-1,0.00466
1acemay,Zero-shot NLI (mDeBERTa),-1,0.00402
1acjpbe,Zero-shot NLI (mDeBERTa),-1,0.10287
1acjvmx,Zero-shot NLI (mDeBERTa),-1,0.04207
1ack4bv,Zero-shot NLI (mDeBERTa),-1,0.00657
1ackamm,Zero-shot NLI (mDeBERTa),-1,0.002
1ackdsr,Zero-shot NLI (mDeBERTa),-1,0.00048
1ackjao,Zero-shot NLI (mDeBERTa),-1,0.01338
1ackrld,Zero-shot NLI (mDeBERTa),-1,0.00353
1ackyue,Zero-shot NLI (mDeBERTa),-1,0.00624
1ae0xrq,Zero-shot NLI (mDeBERTa),-1,0.12758
1aejl66,Zero-shot NLI (mDeBERTa),-1,0.00535
1aejqeg,Zero-shot NLI (mDeBERTa),-1,0.01099
1aeq6f6,Zero-shot NLI (mDeBERTa),-1,0.00196
1aewo2e,Zero-shot NLI (mDeBERTa),-1,0.00311
1aff1eg,Zero-shot NLI (mDeBERTa),-1,0.01951
1afitmc,Zero-shot NLI (mDeBERTa),-1,0.01095
1ag3jzd,Zero-shot NLI (mDeBERTa),-1,0.04491
1agbqh8,Zero-shot NLI (mDeBERTa),-1,0.03306
1agd6q8,Zero-shot NLI (mDeBERTa),-1,0.01378
1agz31y,Zero-shot NLI (mDeBERTa),-1,0.09854
1agzeig,Zero-shot NLI (mDeBERTa),-1,0.48499
1agzll5,Zero-shot NLI (mDeBERTa),-1,0.04831
1agzvsv,Zero-shot NLI (mDeBERTa),-1,0.09565
1ah00b4,Zero-shot NLI (mDeBERTa),-1,0.00082
1ah0e99,Zero-shot NLI (mDeBERTa),-1,0.02802
1ah0h9v,Zero-shot NLI (mDeBERTa),-1,0.1697
1ahrm8p,Zero-shot NLI (mDeBERTa),-1,0.25161
1ahw49n,Zero-shot NLI (mDeBERTa),-1,0.00085
1ahwd11,Zero-shot NLI (mDeBERTa),-1,0.00196
1ahx4px,Zero-shot NLI (mDeBERTa),-1,0.00149
1ailjqg,Zero-shot NLI (mDeBERTa),-1,0.2968
1aim3u9,Zero-shot NLI (mDeBERTa),-1,0.72696
1aivqtm,Zero-shot NLI (mDeBERTa),-1,0.60087
1ajbytz,Zero-shot NLI (mDeBERTa),-1,0.001
1ajgxwq,Zero-shot NLI (mDeBERTa),-1,0.00194
1ajhwrl,Zero-shot NLI (mDeBERTa),-1,0.8488
1aji02k,Zero-shot NLI (mDeBERTa),-1,0.38741
1ajihqi,Zero-shot NLI (mDeBERTa),-1,0.17828
1ajj42n,Zero-shot NLI (mDeBERTa),-1,0.15509
1ajjbr9,Zero-shot NLI (mDeBERTa),-1,0.02147
1ajo0j6,Zero-shot NLI (mDeBERTa),-1,0.01583
1ak5mhd,Zero-shot NLI (mDeBERTa),-1,0.5676
1ak60m3,Zero-shot NLI (mDeBERTa),-1,0.81616
1ak6eyp,Zero-shot NLI (mDeBERTa),-1,0.64692
1akcx06,Zero-shot NLI (mDeBERTa),-1,0.00627
1akd7pl,Zero-shot NLI (mDeBERTa),-1,0.03561
1akhn9s,Zero-shot NLI (mDeBERTa),-1,0.00222
1akhr6q,Zero-shot NLI (mDeBERTa),-1,0.98771
1akhv4r,Zero-shot NLI (mDeBERTa),-1,0.03199
1akifm8,Zero-shot NLI (mDeBERTa),-1,0.03216
1akipte,Zero-shot NLI (mDeBERTa),-1,0.35021
1akiuyh,Zero-shot NLI (mDeBERTa),-1,0.00172
1akizay,Zero-shot NLI (mDeBERTa),-1,0.01052
1akjtd4,Zero-shot NLI (mDeBERTa),-1,0.0005
1akxo26,Zero-shot NLI (mDeBERTa),-1,0.0061
1al11d0,Zero-shot NLI (mDeBERTa),-1,0.02107
1al13nz,Zero-shot NLI (mDeBERTa),-1,0.0065
1al1xgb,Zero-shot NLI (mDeBERTa),-1,0.02027
1al43u9,Zero-shot NLI (mDeBERTa),-1,0.02174
1alsav6,Zero-shot NLI (mDeBERTa),-1,0.28599
1altizo,Zero-shot NLI (mDeBERTa),-1,0.12574
1am0eci,Zero-shot NLI (mDeBERTa),-1,0.02477
1am1bo0,Zero-shot NLI (mDeBERTa),-1,0.03277
1am1lnv,Zero-shot NLI (mDeBERTa),-1,0.00014
1am2aa6,Zero-shot NLI (mDeBERTa),-1,0.0011
1amlld2,Zero-shot NLI (mDeBERTa),-1,0.0718
1amnwe6,Zero-shot NLI (mDeBERTa),-1,0.18767
1anh93u,Zero-shot NLI (mDeBERTa),-1,0.06055
1anl486,Zero-shot NLI (mDeBERTa),-1,0.1804
1anmqz7,Zero-shot NLI (mDeBERTa),-1,0.75605
1annt6e,Zero-shot NLI (mDeBERTa),-1,0.00188
1ao2tgt,Zero-shot NLI (mDeBERTa),-1,0.04892
1ao2y4u,Zero-shot NLI (mDeBERTa),-1,0.00163
1ao3cy1,Zero-shot NLI (mDeBERTa),-1,0.58
1ao4hr2,Zero-shot NLI (mDeBERTa),-1,0.00312
1aod503,Zero-shot NLI (mDeBERTa),-1,0.345
1aoez3c,Zero-shot NLI (mDeBERTa),-1,0.00429
1aof953,Zero-shot NLI (mDeBERTa),-1,0.01169
1aofsdm,Zero-shot NLI (mDeBERTa),-1,0.04273
1aogflc,Zero-shot NLI (mDeBERTa),-1,0.00133
1aoze9t,Zero-shot NLI (mDeBERTa),-1,0.0014
1apiqqr,Zero-shot NLI (mDeBERTa),-1,0.28054
1apt1vt,Zero-shot NLI (mDeBERTa),-1,0.02747
1apymz0,Zero-shot NLI (mDeBERTa),-1,0.37506
1aq026k,Zero-shot NLI (mDeBERTa),-1,0.00232
1aq0f7k,Zero-shot NLI (mDeBERTa),-1,0.26959
1aq0wn0,Zero-shot NLI (mDeBERTa),-1,0.32831
1aq1vss,Zero-shot NLI (mDeBERTa),-1,0.00315
1aq28aa,Zero-shot NLI (mDeBERTa),-1,0.13086
1aqp0no,Zero-shot NLI (mDeBERTa),-1,0.01074
1aqpi80,Zero-shot NLI (mDeBERTa),-1,0.50168
1aqrcu7,Zero-shot NLI (mDeBERTa),-1,0.1654
1aqrfc7,Zero-shot NLI (mDeBERTa),-1,0.00032
1aqrv3e,Zero-shot NLI (mDeBERTa),-1,0.01325
1aqryg1,Zero-shot NLI (mDeBERTa),-1,0.29304
1aqs2i8,Zero-shot NLI (mDeBERTa),-1,0.19921
1arcw8y,Zero-shot NLI (mDeBERTa),-1,0.06781
1as4h14,Zero-shot NLI (mDeBERTa),-1,0.60694
1as4xpw,Zero-shot NLI (mDeBERTa),-1,0.0109
1as55sb,Zero-shot NLI (mDeBERTa),-1,0.93773
1as5bg0,Zero-shot NLI (mDeBERTa),-1,0.00959
1as5lzr,Zero-shot NLI (mDeBERTa),-1,0.17603
1as5qzu,Zero-shot NLI (mDeBERTa),-1,0.08925
1as5tdk,Zero-shot NLI (mDeBERTa),-1,0.02154
1as6hiz,Zero-shot NLI (mDeBERTa),-1,0.12989
1as9gdm,Zero-shot NLI (mDeBERTa),-1,0.00173
1asdwa6,Zero-shot NLI (mDeBERTa),-1,0.0229
1asz15m,Zero-shot NLI (mDeBERTa),-1,0.04267
1aszv6y,Zero-shot NLI (mDeBERTa),-1,0.26522
1ath8xx,Zero-shot NLI (mDeBERTa),-1,0.23792
1awlo4p,Zero-shot NLI (mDeBERTa),-1,0.07474
1axghys,Zero-shot NLI (mDeBERTa),-1,0.17335
1azpvx6,Zero-shot NLI (mDeBERTa),-1,0.75912
1b17kx5,Zero-shot NLI (mDeBERTa),-1,0.99267
1b1blip,Zero-shot NLI (mDeBERTa),-1,0.00141
1b1jhg2,Zero-shot NLI (mDeBERTa),-1,0.24588
1b2a8ts,Zero-shot NLI (mDeBERTa),-1,0.02626
1b3mmao,Zero-shot NLI (mDeBERTa),-1,0.66941
1b3zhav,Zero-shot NLI (mDeBERTa),-1,0.00269
1b5uwh9,Zero-shot NLI (mDeBERTa),-1,0.06767
1b7ee96,Zero-shot NLI (mDeBERTa),-1,0.71617
1b7vdil,Zero-shot NLI (mDeBERTa),-1,0.39991
1b7w65o,Zero-shot NLI (mDeBERTa),-1,0.06876
1b8creq,Zero-shot NLI (mDeBERTa),-1,0.64943
1b8cx6y,Zero-shot NLI (mDeBERTa),-1,0.18642
1b8jfkl,Zero-shot NLI (mDeBERTa),-1,0.34737
1b8jlqh,Zero-shot NLI (mDeBERTa),-1,0.03774
1b8k9i6,Zero-shot NLI (mDeBERTa),-1,0.36194
1b8kfw1,Zero-shot NLI (mDeBERTa),-1,0.1718
1b8pmmi,Zero-shot NLI (mDeBERTa),-1,0.02613
1b8qmy7,Zero-shot NLI (mDeBERTa),-1,0.76402
1b9lhgk,Zero-shot NLI (mDeBERTa),-1,0.00123
1b9osxh,Zero-shot NLI (mDeBERTa),-1,0.00174
1b9py2e,Zero-shot NLI (mDeBERTa),-1,0.49491
1b9qjeh,Zero-shot NLI (mDeBERTa),-1,0.00041
1b9sch0,Zero-shot NLI (mDeBERTa),-1,0.00639
1b9sxdk,Zero-shot NLI (mDeBERTa),-1,0.00441
1b9tqw9,Zero-shot NLI (mDeBERTa),-1,0.0216
1b9ypda,Zero-shot NLI (mDeBERTa),-1,0.61443
1b9yy29,Zero-shot NLI (mDeBERTa),-1,0.04772
1bacba5,Zero-shot NLI (mDeBERTa),-1,0.00558
1bcu5o4,Zero-shot NLI (mDeBERTa),-1,0.00429
1bcuigb,Zero-shot NLI (mDeBERTa),-1,0.10025
1bcv28t,Zero-shot NLI (mDeBERTa),-1,0.16331
1bcvmhl,Zero-shot NLI (mDeBERTa),-1,0.095
1bdakef,Zero-shot NLI (mDeBERTa),-1,0.02816
1bdljph,Zero-shot NLI (mDeBERTa),-1,0.4831
1bdoho9,Zero-shot NLI (mDeBERTa),-1,0.00645
1bdr2r5,Zero-shot NLI (mDeBERTa),-1,0.01457
1bdrv5j,Zero-shot NLI (mDeBERTa),-1,0.21119
1bdtnx3,Zero-shot NLI (mDeBERTa),-1,0.01235
1beh8mn,Zero-shot NLI (mDeBERTa),-1,0.00192
1bei9em,Zero-shot NLI (mDeBERTa),-1,0.61184
1beifxc,Zero-shot NLI (mDeBERTa),-1,0.01047
1beky3j,Zero-shot NLI (mDeBERTa),-1,0.00105
1ben3cs,Zero-shot NLI (mDeBERTa),-1,0.24575
1ben4xw,Zero-shot NLI (mDeBERTa),-1,0.0107
1bewdxd,Zero-shot NLI (mDeBERTa),-1,0.4895
1bfl1hm,Zero-shot NLI (mDeBERTa),-1,0.01191
1bg3m43,Zero-shot NLI (mDeBERTa),-1,0.09169
1bg3pzf,Zero-shot NLI (mDeBERTa),-1,0.00165
1bg3u66,Zero-shot NLI (mDeBERTa),-1,0.16289
1bg3wey,Zero-shot NLI (mDeBERTa),-1,0.00057
1bg4123,Zero-shot NLI (mDeBERTa),-1,0.06971
1bg77po,Zero-shot NLI (mDeBERTa),-1,0.00277
1bgfcbc,Zero-shot NLI (mDeBERTa),-1,0.00131
1bgu5zi,Zero-shot NLI (mDeBERTa),-1,0.76796
1bgz5ah,Zero-shot NLI (mDeBERTa),-1,0.14018
1bh735v,Zero-shot NLI (mDeBERTa),-1,0.59493
1bhs7kz,Zero-shot NLI (mDeBERTa),-1,0.52808
1bi3jjx,Zero-shot NLI (mDeBERTa),-1,0.00296
1biu7df,Zero-shot NLI (mDeBERTa),-1,0.27331
1biufo3,Zero-shot NLI (mDeBERTa),-1,0.00091
1bj8m0n,Zero-shot NLI (mDeBERTa),-1,0.01259
1bj98dv,Zero-shot NLI (mDeBERTa),-1,0.00123
1bjc25j,Zero-shot NLI (mDeBERTa),-1,0.05876
1bjiqz4,Zero-shot NLI (mDeBERTa),-1,0.05214
1bjm4ag,Zero-shot NLI (mDeBERTa),-1,0.00034
1bjyqro,Zero-shot NLI (mDeBERTa),-1,0.08116
1bjyyeq,Zero-shot NLI (mDeBERTa),-1,0.09946
1bjz2ok,Zero-shot NLI (mDeBERTa),-1,0.01352
1bjzcrm,Zero-shot NLI (mDeBERTa),-1,0.00781
1bkttoh,Zero-shot NLI (mDeBERTa),-1,0.04859
1bku2zx,Zero-shot NLI (mDeBERTa),-1,0.36165
1bkua8v,Zero-shot NLI (mDeBERTa),-1,0.00124
1bkubkn,Zero-shot NLI (mDeBERTa),-1,0.02944
1bkugao,Zero-shot NLI (mDeBERTa),-1,0.00165
1bkuier,Zero-shot NLI (mDeBERTa),-1,0.00441
1bl8e8r,Zero-shot NLI (mDeBERTa),-1,0.15391
1bl8me7,Zero-shot NLI (mDeBERTa),-1,0.00041
1blo2vs,Zero-shot NLI (mDeBERTa),-1,0.12918
1blo6d1,Zero-shot NLI (mDeBERTa),-1,0.83466
1blrkoa,Zero-shot NLI (mDeBERTa),-1,0.00421
1blsbzn,Zero-shot NLI (mDeBERTa),-1,0.66489
1blxjpc,Zero-shot NLI (mDeBERTa),-1,0.00503
1blxolr,Zero-shot NLI (mDeBERTa),-1,0.03389
1bmj13o,Zero-shot NLI (mDeBERTa),-1,0.26693
1bmmss6,Zero-shot NLI (mDeBERTa),-1,0.00658
1bnuyhx,Zero-shot NLI (mDeBERTa),-1,0.00217
1boyxp2,Zero-shot NLI (mDeBERTa),-1,0.01446
1boyzwh,Zero-shot NLI (mDeBERTa),-1,0.17041
1boz5sd,Zero-shot NLI (mDeBERTa),-1,0.00261
1bp6uhy,Zero-shot NLI (mDeBERTa),-1,0.07604
1bp71yt,Zero-shot NLI (mDeBERTa),-1,0.77791
1bpqwc0,Zero-shot NLI (mDeBERTa),-1,0.00477
1bpqxt5,Zero-shot NLI (mDeBERTa),-1,0.07349
1bpr1pd,Zero-shot NLI (mDeBERTa),-1,0.43774
1bpr607,Zero-shot NLI (mDeBERTa),-1,0.00053
1bprcsk,Zero-shot NLI (mDeBERTa),-1,0.00191
1bprhnx,Zero-shot NLI (mDeBERTa),-1,0.23178
1bpsc5l,Zero-shot NLI (mDeBERTa),-1,0.66312
1bpy1xg,Zero-shot NLI (mDeBERTa),-1,0.72962
1bqui38,Zero-shot NLI (mDeBERTa),-1,0.24595
1bre7fd,Zero-shot NLI (mDeBERTa),-1,0.00754
1brgcf5,Zero-shot NLI (mDeBERTa),-1,0.76693
1brgsd4,Zero-shot NLI (mDeBERTa),-1,0.05612
1brguvr,Zero-shot NLI (mDeBERTa),-1,0.00201
1brgymp,Zero-shot NLI (mDeBERTa),-1,0.03815
1brh3fp,Zero-shot NLI (mDeBERTa),-1,0.02616
1bttjzq,Zero-shot NLI (mDeBERTa),-1,0.01314
1bupp91,Zero-shot NLI (mDeBERTa),-1,0.57338
1butdv4,Zero-shot NLI (mDeBERTa),-1,0.41773
1bvjmgm,Zero-shot NLI (mDeBERTa),-1,0.06016
1bvrt4h,Zero-shot NLI (mDeBERTa),-1,0.15231
1bvupup,Zero-shot NLI (mDeBERTa),-1,0.86642
1bx6piv,Zero-shot NLI (mDeBERTa),-1,0.1376
1c0e70q,Zero-shot NLI (mDeBERTa),-1,0.05573
1c0h6qv,Zero-shot NLI (mDeBERTa),-1,0.23563
1c0lloj,Zero-shot NLI (mDeBERTa),-1,0.60802
1c0o7bl,Zero-shot NLI (mDeBERTa),-1,0.00594
1c0t3sx,Zero-shot NLI (mDeBERTa),-1,0.40079
1c21byc,Zero-shot NLI (mDeBERTa),-1,0.65923
1c27osd,Zero-shot NLI (mDeBERTa),-1,0.00844
1c2a1gl,Zero-shot NLI (mDeBERTa),-1,0.70316
1c3qkzj,Zero-shot NLI (mDeBERTa),-1,0.01129
1c3qnq1,Zero-shot NLI (mDeBERTa),-1,0.94719
1c4sj07,Zero-shot NLI (mDeBERTa),-1,0.80144
1c4yhit,Zero-shot NLI (mDeBERTa),-1,0.01487
1c5hgob,Zero-shot NLI (mDeBERTa),-1,0.00063
1c65n5g,Zero-shot NLI (mDeBERTa),-1,0.0381
1c6cxua,Zero-shot NLI (mDeBERTa),-1,0.35583
1c6vp3p,Zero-shot NLI (mDeBERTa),-1,0.0092
1c6vqsz,Zero-shot NLI (mDeBERTa),-1,0.00022
1cac9tl,Zero-shot NLI (mDeBERTa),-1,0.00067
1cdi9mx,Zero-shot NLI (mDeBERTa),-1,0.08615
1cemajh,Zero-shot NLI (mDeBERTa),-1,0.15791
1cf6ni3,Zero-shot NLI (mDeBERTa),-1,0.15144
1cia37b,Zero-shot NLI (mDeBERTa),-1,0.00425
1cidi5e,Zero-shot NLI (mDeBERTa),-1,0.26011
1cmyai6,Zero-shot NLI (mDeBERTa),-1,0.09791
1co8ccx,Zero-shot NLI (mDeBERTa),-1,0.80609
1corcr4,Zero-shot NLI (mDeBERTa),-1,0.00298
1cow4pc,Zero-shot NLI (mDeBERTa),-1,0.22276
1cq3spj,Zero-shot NLI (mDeBERTa),-1,0.00353
1crid3e,Zero-shot NLI (mDeBERTa),-1,0.22613
1crx10r,Zero-shot NLI (mDeBERTa),-1,0.04289
1csfpit,Zero-shot NLI (mDeBERTa),-1,0.00268
1csntuz,Zero-shot NLI (mDeBERTa),-1,0.09743
1cu0aj5,Zero-shot NLI (mDeBERTa),-1,0.18465
1cubufv,Zero-shot NLI (mDeBERTa),-1,0.1798
1cubzin,Zero-shot NLI (mDeBERTa),-1,0.25215
1cusgbb,Zero-shot NLI (mDeBERTa),-1,0.00263
1cynsa1,Zero-shot NLI (mDeBERTa),-1,0.00164
1cyrov7,Zero-shot NLI (mDeBERTa),-1,0.01525
1czrn2k,Zero-shot NLI (mDeBERTa),-1,0.038
1d08gwl,Zero-shot NLI (mDeBERTa),-1,0.0016
1d10shk,Zero-shot NLI (mDeBERTa),-1,0.00258
1d1qdq9,Zero-shot NLI (mDeBERTa),-1,0.03725
1d2t9x7,Zero-shot NLI (mDeBERTa),-1,0.02177
1d5ohgk,Zero-shot NLI (mDeBERTa),-1,0.00585
1d7c185,Zero-shot NLI (mDeBERTa),-1,0.0506
1d8kd43,Zero-shot NLI (mDeBERTa),-1,0.0127
1d8mic3,Zero-shot NLI (mDeBERTa),-1,0.02593
1d8offt,Zero-shot NLI (mDeBERTa),-1,0.26988
1d8s1ie,Zero-shot NLI (mDeBERTa),-1,0.01296
1d9csi9,Zero-shot NLI (mDeBERTa),-1,0.00582
1d9defb,Zero-shot NLI (mDeBERTa),-1,0.0042
1da7njk,Zero-shot NLI (mDeBERTa),-1,0.2611
1da927o,Zero-shot NLI (mDeBERTa),-1,0.06768
1dadxjg,Zero-shot NLI (mDeBERTa),-1,0.00929
1dafkpi,Zero-shot NLI (mDeBERTa),-1,0.00202
1daz7gt,Zero-shot NLI (mDeBERTa),-1,0.18939
1dbpd5d,Zero-shot NLI (mDeBERTa),-1,0.0629
1dbt8zf,Zero-shot NLI (mDeBERTa),-1,0.35516
1dc1d9n,Zero-shot NLI (mDeBERTa),-1,0.03788
1dce6tz,Zero-shot NLI (mDeBERTa),-1,0.0116
1dcf2fh,Zero-shot NLI (mDeBERTa),-1,0.00992
1dcgfo1,Zero-shot NLI (mDeBERTa),-1,0.0344
1dciusk,Zero-shot NLI (mDeBERTa),-1,0.0017
1dczefz,Zero-shot NLI (mDeBERTa),-1,0.05231
1dd6thg,Zero-shot NLI (mDeBERTa),-1,0.00451
1ddi96d,Zero-shot NLI (mDeBERTa),-1,0.00132
1de040h,Zero-shot NLI (mDeBERTa),-1,0.00053
1debgw2,Zero-shot NLI (mDeBERTa),-1,0.01638
1deh5x0,Zero-shot NLI (mDeBERTa),-1,0.00812
1df1ij1,Zero-shot NLI (mDeBERTa),-1,0.02002
1dfjxkf,Zero-shot NLI (mDeBERTa),-1,0.00229
1dfuspz,Zero-shot NLI (mDeBERTa),-1,0.00044
1dg0yts,Zero-shot NLI (mDeBERTa),-1,0.15397
1dgbnph,Zero-shot NLI (mDeBERTa),-1,0.05163
1dgfoey,Zero-shot NLI (mDeBERTa),-1,0.00344
1dgk657,Zero-shot NLI (mDeBERTa),-1,0.00376
1dgwae8,Zero-shot NLI (mDeBERTa),-1,0.28721
1dh48f2,Zero-shot NLI (mDeBERTa),-1,0.05643
1dhhn6b,Zero-shot NLI (mDeBERTa),-1,0.98462
1dhrn9r,Zero-shot NLI (mDeBERTa),-1,0.01268
1dhvl4n,Zero-shot NLI (mDeBERTa),-1,0.00086
1dhvt8s,Zero-shot NLI (mDeBERTa),-1,0.02967
1dikv20,Zero-shot NLI (mDeBERTa),-1,0.01782
1dil8h2,Zero-shot NLI (mDeBERTa),-1,0.0076
1dj28yd,Zero-shot NLI (mDeBERTa),-1,0.00083
1dkbozg,Zero-shot NLI (mDeBERTa),-1,0.00528
1dkdkms,Zero-shot NLI (mDeBERTa),-1,0.63279
1dkl9d9,Zero-shot NLI (mDeBERTa),-1,0.18708
1dkmhn1,Zero-shot NLI (mDeBERTa),-1,0.44194
1dkzwoh,Zero-shot NLI (mDeBERTa),-1,0.12583
1dlchla,Zero-shot NLI (mDeBERTa),-1,0.00031
1dlu8wq,Zero-shot NLI (mDeBERTa),-1,0.00599
1dm1xlr,Zero-shot NLI (mDeBERTa),-1,0.08377
1dnlrek,Zero-shot NLI (mDeBERTa),-1,0.00267
1dny95b,Zero-shot NLI (mDeBERTa),-1,0.02314
1do0zun,Zero-shot NLI (mDeBERTa),-1,0.10937
1do8npk,Zero-shot NLI (mDeBERTa),-1,0.03108
1doah2p,Zero-shot NLI (mDeBERTa),-1,0.06262
1dobijv,Zero-shot NLI (mDeBERTa),-1,0.78993
1dosoob,Zero-shot NLI (mDeBERTa),-1,0.00136
1dp6x90,Zero-shot NLI (mDeBERTa),-1,0.00112
1dp7lq4,Zero-shot NLI (mDeBERTa),-1,0.07468
1dpf9h8,Zero-shot NLI (mDeBERTa),-1,0.00609
1dpmd6j,Zero-shot NLI (mDeBERTa),-1,0.11245
1dpt4w3,Zero-shot NLI (mDeBERTa),-1,0.00434
1dq0rm2,Zero-shot NLI (mDeBERTa),-1,0.0108
1dqj6mf,Zero-shot NLI (mDeBERTa),-1,0.00235
1dr7p6o,Zero-shot NLI (mDeBERTa),-1,0.00374
1drbfvz,Zero-shot NLI (mDeBERTa),-1,0.01593
1ds7f7r,Zero-shot NLI (mDeBERTa),-1,0.00499
1dslge2,Zero-shot NLI (mDeBERTa),-1,0.05024
1dsrb9h,Zero-shot NLI (mDeBERTa),-1,0.81644
1dtf4fi,Zero-shot NLI (mDeBERTa),-1,0.04024
1dtm3r0,Zero-shot NLI (mDeBERTa),-1,0.00263
1dtx7p4,Zero-shot NLI (mDeBERTa),-1,0.57684
1du768r,Zero-shot NLI (mDeBERTa),-1,0.04468
1dukqf3,Zero-shot NLI (mDeBERTa),-1,0.08994
1dv6hry,Zero-shot NLI (mDeBERTa),-1,0.02185
1dv87gw,Zero-shot NLI (mDeBERTa),-1,0.78081
1dv89kh,Zero-shot NLI (mDeBERTa),-1,0.0148
1dxisst,Zero-shot NLI (mDeBERTa),-1,0.00171
1dy24o5,Zero-shot NLI (mDeBERTa),-1,0.00133
1dywnc4,Zero-shot NLI (mDeBERTa),-1,0.03792
1dzt80b,Zero-shot NLI (mDeBERTa),-1,0.01381
1e0hgnf,Zero-shot NLI (mDeBERTa),-1,0.64631
1e1bu76,Zero-shot NLI (mDeBERTa),-1,0.00094
1e1iz84,Zero-shot NLI (mDeBERTa),-1,0.53106
1e1j4d9,Zero-shot NLI (mDeBERTa),-1,0.02532
1e3s5hh,Zero-shot NLI (mDeBERTa),-1,0.00502
1e4ks0l,Zero-shot NLI (mDeBERTa),-1,0.41787
1e4n0px,Zero-shot NLI (mDeBERTa),-1,0.00104
1e4pzmv,Zero-shot NLI (mDeBERTa),-1,0.00421
1e4qpix,Zero-shot NLI (mDeBERTa),-1,0.03507
1e5ci39,Zero-shot NLI (mDeBERTa),-1,0.68355
1e5htqp,Zero-shot NLI (mDeBERTa),-1,0.79609
1e5ok5h,Zero-shot NLI (mDeBERTa),-1,0.66372
1e67ex8,Zero-shot NLI (mDeBERTa),-1,0.08467
1e6gxpc,Zero-shot NLI (mDeBERTa),-1,0.15436
1e787n6,Zero-shot NLI (mDeBERTa),-1,0.00176
1e81mgl,Zero-shot NLI (mDeBERTa),-1,0.61368
1e8v02c,Zero-shot NLI (mDeBERTa),-1,0.05118
1e8z7xp,Zero-shot NLI (mDeBERTa),-1,0.0022
1e9k9a7,Zero-shot NLI (mDeBERTa),-1,0.80892
1eahmzg,Zero-shot NLI (mDeBERTa),-1,0.24247
1eauomt,Zero-shot NLI (mDeBERTa),-1,0.00917
1eaxfbq,Zero-shot NLI (mDeBERTa),-1,0.69078
1ebpsok,Zero-shot NLI (mDeBERTa),-1,0.6758
1ebs243,Zero-shot NLI (mDeBERTa),-1,0.61881
1ebtarw,Zero-shot NLI (mDeBERTa),-1,0.00407
1ec19f9,Zero-shot NLI (mDeBERTa),-1,0.54779
1ecryfs,Zero-shot NLI (mDeBERTa),-1,0.7297
1edaz1f,Zero-shot NLI (mDeBERTa),-1,0.36824
1eddctw,Zero-shot NLI (mDeBERTa),-1,0.77482
1ee6eul,Zero-shot NLI (mDeBERTa),-1,0.48002
1ee7svn,Zero-shot NLI (mDeBERTa),-1,0.48138
1eevmh5,Zero-shot NLI (mDeBERTa),-1,0.67944
1ef3cq1,Zero-shot NLI (mDeBERTa),-1,0.46888
1efayex,Zero-shot NLI (mDeBERTa),-1,0.78924
1efnhye,Zero-shot NLI (mDeBERTa),-1,0.64896
1efsnxh,Zero-shot NLI (mDeBERTa),-1,0.50174
1eftexl,Zero-shot NLI (mDeBERTa),-1,0.67674
1efuetm,Zero-shot NLI (mDeBERTa),-1,0.64656
1efwjrz,Zero-shot NLI (mDeBERTa),-1,0.00548
1eg7v4g,Zero-shot NLI (mDeBERTa),-1,0.82435
1eggnu9,Zero-shot NLI (mDeBERTa),-1,0.3521
1eggq7w,Zero-shot NLI (mDeBERTa),-1,0.07375
1ehg8fx,Zero-shot NLI (mDeBERTa),-1,0.53382
1ehn3st,Zero-shot NLI (mDeBERTa),-1,0.80648
1ei3rkv,Zero-shot NLI (mDeBERTa),-1,0.55731
1ej1snr,Zero-shot NLI (mDeBERTa),-1,0.45506
1ejbu1m,Zero-shot NLI (mDeBERTa),-1,0.39703
1ejuwk0,Zero-shot NLI (mDeBERTa),-1,0.39489
1ek47ig,Zero-shot NLI (mDeBERTa),-1,0.58592
1ekjjwe,Zero-shot NLI (mDeBERTa),-1,0.38471
1elarbx,Zero-shot NLI (mDeBERTa),-1,0.68493
1elhpc6,Zero-shot NLI (mDeBERTa),-1,0.74961
1elhzdn,Zero-shot NLI (mDeBERTa),-1,0.01701
1encwnm,Zero-shot NLI (mDeBERTa),-1,0.59472
1eny8p8,Zero-shot NLI (mDeBERTa),-1,0.55616
1eo4eta,Zero-shot NLI (mDeBERTa),-1,0.47251
1ep2jor,Zero-shot NLI (mDeBERTa),-1,0.465
1epnvej,Zero-shot NLI (mDeBERTa),-1,0.16689
1epo7f9,Zero-shot NLI (mDeBERTa),-1,0.06994
1eptigv,Zero-shot NLI (mDeBERTa),-1,0.03153
1eqbcee,Zero-shot NLI (mDeBERTa),-1,0.58598
1eqr741,Zero-shot NLI (mDeBERTa),-1,0.12011
1er84xt,Zero-shot NLI (mDeBERTa),-1,0.87288
1eyhz0x,Zero-shot NLI (mDeBERTa),-1,0.00579
1ezcfgb,Zero-shot NLI (mDeBERTa),-1,0.00374
1f1l3cv,Zero-shot NLI (mDeBERTa),-1,0.00586
1f3443m,Zero-shot NLI (mDeBERTa),-1,0.00299
1f4b5wr,Zero-shot NLI (mDeBERTa),-1,0.10387
1f4wdfl,Zero-shot NLI (mDeBERTa),-1,0.01831
1f6jwov,Zero-shot NLI (mDeBERTa),-1,0.00171
1f6pvnp,Zero-shot NLI (mDeBERTa),-1,0.50221
1f72a4j,Zero-shot NLI (mDeBERTa),-1,0.0079
1f9k578,Zero-shot NLI (mDeBERTa),-1,0.02465
1fbxury,Zero-shot NLI (mDeBERTa),-1,0.15539
1fcv2tf,Zero-shot NLI (mDeBERTa),-1,0.55074
1fd8o6t,Zero-shot NLI (mDeBERTa),-1,0.90264
1feub3j,Zero-shot NLI (mDeBERTa),-1,0.01619
1fhyjl8,Zero-shot NLI (mDeBERTa),-1,0.00153
1fks6e4,Zero-shot NLI (mDeBERTa),-1,0.03617
1fl5s5s,Zero-shot NLI (mDeBERTa),-1,0.02328
1fl6mcl,Zero-shot NLI (mDeBERTa),-1,0.10761
1foxbds,Zero-shot NLI (mDeBERTa),-1,0.03908
1fp03ct,Zero-shot NLI (mDeBERTa),-1,0.07892
1fp880l,Zero-shot NLI (mDeBERTa),-1,0.03427
1fpxjmh,Zero-shot NLI (mDeBERTa),-1,0.07197
1fsplqe,Zero-shot NLI (mDeBERTa),-1,0.30393
1ft3bdf,Zero-shot NLI (mDeBERTa),-1,0.04308
1ft7qo3,Zero-shot NLI (mDeBERTa),-1,0.00121
1fv7cc5,Zero-shot NLI (mDeBERTa),-1,0.00772
1fy3t6h,Zero-shot NLI (mDeBERTa),-1,0.04653
1fzrqe1,Zero-shot NLI (mDeBERTa),-1,0.22004
1fztvth,Zero-shot NLI (mDeBERTa),-1,0.20687
1g0ca1k,Zero-shot NLI (mDeBERTa),-1,0.05859
1g13egl,Zero-shot NLI (mDeBERTa),-1,0.98656
1g2zhjt,Zero-shot NLI (mDeBERTa),-1,0.82418
1g3a6yi,Zero-shot NLI (mDeBERTa),-1,0.00311
1g48b3h,Zero-shot NLI (mDeBERTa),-1,0.46653
1g4wao0,Zero-shot NLI (mDeBERTa),-1,0.54261
1g5ln0v,Zero-shot NLI (mDeBERTa),-1,0.01328
1g6cqni,Zero-shot NLI (mDeBERTa),-1,0.07812
1g83j28,Zero-shot NLI (mDeBERTa),-1,0.00337
1g8myad,Zero-shot NLI (mDeBERTa),-1,0.98345
1g8qt3a,Zero-shot NLI (mDeBERTa),-1,0.02074
1g9eloj,Zero-shot NLI (mDeBERTa),-1,0.08599
1g9hlg9,Zero-shot NLI (mDeBERTa),-1,0.03455
1gagde0,Zero-shot NLI (mDeBERTa),-1,0.03103
1gaxvyj,Zero-shot NLI (mDeBERTa),-1,0.00311
1gbv39k,Zero-shot NLI (mDeBERTa),-1,0.01249
1gc5enm,Zero-shot NLI (mDeBERTa),-1,0.00269
1gdha3r,Zero-shot NLI (mDeBERTa),-1,0.01707
1gdz53k,Zero-shot NLI (mDeBERTa),-1,0.24698
1ggftpo,Zero-shot NLI (mDeBERTa),-1,0.06599
1ggjlxr,Zero-shot NLI (mDeBERTa),-1,0.00072
1gh1x3r,Zero-shot NLI (mDeBERTa),-1,0.13006
1gk5aqh,Zero-shot NLI (mDeBERTa),-1,0.09314
1gktp3b,Zero-shot NLI (mDeBERTa),-1,0.00305
1gluet4,Zero-shot NLI (mDeBERTa),-1,0.00929
1gmcgh7,Zero-shot NLI (mDeBERTa),-1,0.35721
1gn8qpg,Zero-shot NLI (mDeBERTa),-1,0.0008
1gozh3k,Zero-shot NLI (mDeBERTa),-1,0.00409
1gpv0ke,Zero-shot NLI (mDeBERTa),-1,0.02701
1gq95wb,Zero-shot NLI (mDeBERTa),-1,0.2156
1gq9vso,Zero-shot NLI (mDeBERTa),-1,0.00484
1gqkobf,Zero-shot NLI (mDeBERTa),-1,0.75644
1gsmqzu,Zero-shot NLI (mDeBERTa),-1,0.00168
1gusx02,Zero-shot NLI (mDeBERTa),-1,0.02004
1gut8f7,Zero-shot NLI (mDeBERTa),-1,0.12124
1gvuolb,Zero-shot NLI (mDeBERTa),-1,0.04786
1gwgfse,Zero-shot NLI (mDeBERTa),-1,0.0233
1h0naf9,Zero-shot NLI (mDeBERTa),-1,0.01121
1h0yeip,Zero-shot NLI (mDeBERTa),-1,0.45625
1h148x3,Zero-shot NLI (mDeBERTa),-1,0.31603
1h1agmg,Zero-shot NLI (mDeBERTa),-1,0.00989
1h43ail,Zero-shot NLI (mDeBERTa),-1,0.04623
1h50c4x,Zero-shot NLI (mDeBERTa),-1,0.00583
1h5ujg5,Zero-shot NLI (mDeBERTa),-1,0.29336
1h6c44o,Zero-shot NLI (mDeBERTa),-1,0.54223
1h6jsfq,Zero-shot NLI (mDeBERTa),-1,0.35438
1ha5uf5,Zero-shot NLI (mDeBERTa),-1,0.19973
1ha7mzh,Zero-shot NLI (mDeBERTa),-1,0.0012
1hapzx9,Zero-shot NLI (mDeBERTa),-1,0.08448
1hb5l6u,Zero-shot NLI (mDeBERTa),-1,0.08755
1hbp8gi,Zero-shot NLI (mDeBERTa),-1,0.00052
1hc3gcw,Zero-shot NLI (mDeBERTa),-1,0.31944
1hc46hu,Zero-shot NLI (mDeBERTa),-1,0.02809
1hcu28q,Zero-shot NLI (mDeBERTa),-1,0.32859
1hdaa42,Zero-shot NLI (mDeBERTa),-1,0.5336
1hdi0kn,Zero-shot NLI (mDeBERTa),-1,0.98326
1hfhac4,Zero-shot NLI (mDeBERTa),-1,0.05215
1hfikff,Zero-shot NLI (mDeBERTa),-1,0.00175
1hgjn5n,Zero-shot NLI (mDeBERTa),-1,0.08949
1hhbyvd,Zero-shot NLI (mDeBERTa),-1,0.43081
1hin2h3,Zero-shot NLI (mDeBERTa),-1,0.20006
1hj9s5a,Zero-shot NLI (mDeBERTa),-1,0.00364
1hjdevb,Zero-shot NLI (mDeBERTa),-1,0.00017
1hmltqw,Zero-shot NLI (mDeBERTa),-1,0.01354
1hnndcr,Zero-shot NLI (mDeBERTa),-1,0.02516
1ho8n68,Zero-shot NLI (mDeBERTa),-1,0.22764
1hqhe8n,Zero-shot NLI (mDeBERTa),-1,0.03626
1hr82n0,Zero-shot NLI (mDeBERTa),-1,0.00173
1hrsn74,Zero-shot NLI (mDeBERTa),-1,0.0138
1htc6ow,Zero-shot NLI (mDeBERTa),-1,0.05057
1htczxo,Zero-shot NLI (mDeBERTa),-1,0.00039
1hufee1,Zero-shot NLI (mDeBERTa),-1,0.04566
1hvo0zx,Zero-shot NLI (mDeBERTa),-1,0.32089
1hvpi1h,Zero-shot NLI (mDeBERTa),-1,0.04802
1hvq823,Zero-shot NLI (mDeBERTa),-1,0.08463
1hwi09l,Zero-shot NLI (mDeBERTa),-1,0.90927
1hx8pwq,Zero-shot NLI (mDeBERTa),-1,0.02172
1hx8x8q,Zero-shot NLI (mDeBERTa),-1,0.00028
1hxbe2s,Zero-shot NLI (mDeBERTa),-1,0.06969
1hxxy5b,Zero-shot NLI (mDeBERTa),-1,0.02494
1hy04tq,Zero-shot NLI (mDeBERTa),-1,0.69216
1hyg0l8,Zero-shot NLI (mDeBERTa),-1,0.02675
1hyiyks,Zero-shot NLI (mDeBERTa),-1,0.03369
1hyzp7t,Zero-shot NLI (mDeBERTa),-1,0.18067
1i0covs,Zero-shot NLI (mDeBERTa),-1,0.38503
1i11ann,Zero-shot NLI (mDeBERTa),-1,0.01704
1i11tx2,Zero-shot NLI (mDeBERTa),-1,0.01168
1i1glkr,Zero-shot NLI (mDeBERTa),-1,0.51064
1i3a84e,Zero-shot NLI (mDeBERTa),-1,0.43716
1i3deqt,Zero-shot NLI (mDeBERTa),-1,0.00716
1i3do0y,Zero-shot NLI (mDeBERTa),-1,0.22625
1i5m6qi,Zero-shot NLI (mDeBERTa),-1,0.05125
1i66ogv,Zero-shot NLI (mDeBERTa),-1,0.33747
1i7yh9h,Zero-shot NLI (mDeBERTa),-1,0.00161
1i81a29,Zero-shot NLI (mDeBERTa),-1,0.00524
1i81gdj,Zero-shot NLI (mDeBERTa),-1,0.00119
1i8sbuw,Zero-shot NLI (mDeBERTa),-1,0.36565
1i8vrzn,Zero-shot NLI (mDeBERTa),-1,0.1181
1iaef4b,Zero-shot NLI (mDeBERTa),-1,0.02704
1ib5egz,Zero-shot NLI (mDeBERTa),-1,0.19778
1ic7jen,Zero-shot NLI (mDeBERTa),-1,0.5003
1icbj4w,Zero-shot NLI (mDeBERTa),-1,0.04682
1id18ec,Zero-shot NLI (mDeBERTa),-1,0.01781
1ie7byj,Zero-shot NLI (mDeBERTa),-1,0.00272
1if751o,Zero-shot NLI (mDeBERTa),-1,0.00357
1ifzfhj,Zero-shot NLI (mDeBERTa),-1,0.00958
1igmw0o,Zero-shot NLI (mDeBERTa),-1,0.97565
1igqw7t,Zero-shot NLI (mDeBERTa),-1,0.00257
1ihpo79,Zero-shot NLI (mDeBERTa),-1,0.01869
1iixvvo,Zero-shot NLI (mDeBERTa),-1,0.13241
1ij0hgz,Zero-shot NLI (mDeBERTa),-1,0.01029
1ijr7gd,Zero-shot NLI (mDeBERTa),-1,0.7168
1ijs5ob,Zero-shot NLI (mDeBERTa),-1,0.04046
1ijylle,Zero-shot NLI (mDeBERTa),-1,0.00686
1im199p,Zero-shot NLI (mDeBERTa),-1,0.0061
1im2tam,Zero-shot NLI (mDeBERTa),-1,0.10856
1imwlav,Zero-shot NLI (mDeBERTa),-1,0.00177
1in284x,Zero-shot NLI (mDeBERTa),-1,0.05351
1inmns6,Zero-shot NLI (mDeBERTa),-1,0.02197
1ipadvs,Zero-shot NLI (mDeBERTa),-1,0.4317
1ipdkp5,Zero-shot NLI (mDeBERTa),-1,0.36645
1iq0dp6,Zero-shot NLI (mDeBERTa),-1,0.59156
1iswcqa,Zero-shot NLI (mDeBERTa),-1,0.23629
1it0s8n,Zero-shot NLI (mDeBERTa),-1,0.00548
1ituppo,Zero-shot NLI (mDeBERTa),-1,0.02935
1iuj56b,Zero-shot NLI (mDeBERTa),-1,0.00589
1iun1kw,Zero-shot NLI (mDeBERTa),-1,0.20312
1iuyk4n,Zero-shot NLI (mDeBERTa),-1,0.39545
1iwdhfd,Zero-shot NLI (mDeBERTa),-1,0.11129
1iyug40,Zero-shot NLI (mDeBERTa),-1,0.06744
1j1rf8d,Zero-shot NLI (mDeBERTa),-1,0.33756
1j3jh04,Zero-shot NLI (mDeBERTa),-1,0.05034
1j3kjt2,Zero-shot NLI (mDeBERTa),-1,0.68298
1j49sfh,Zero-shot NLI (mDeBERTa),-1,0.00164
1j5jitq,Zero-shot NLI (mDeBERTa),-1,0.03227
1j5ovgx,Zero-shot NLI (mDeBERTa),-1,0.00232
1j6lvx0,Zero-shot NLI (mDeBERTa),-1,0.3128
1j7uext,Zero-shot NLI (mDeBERTa),-1,0.08762
1j7w2rf,Zero-shot NLI (mDeBERTa),-1,0.50178
1j9rxig,Zero-shot NLI (mDeBERTa),-1,0.32688
1ja0ns4,Zero-shot NLI (mDeBERTa),-1,0.00361
1jaa8gs,Zero-shot NLI (mDeBERTa),-1,0.00269
1jacozo,Zero-shot NLI (mDeBERTa),-1,0.0066
1jbzbnk,Zero-shot NLI (mDeBERTa),-1,0.02968
1jc8doo,Zero-shot NLI (mDeBERTa),-1,0.08267
1jcudse,Zero-shot NLI (mDeBERTa),-1,0.15815
1jee6nr,Zero-shot NLI (mDeBERTa),-1,0.0028
1jim3gj,Zero-shot NLI (mDeBERTa),-1,0.00012
1jkcw2a,Zero-shot NLI (mDeBERTa),-1,0.01404
1jl0adx,Zero-shot NLI (mDeBERTa),-1,0.00098
1jlc1df,Zero-shot NLI (mDeBERTa),-1,0.09673
1jmjhz5,Zero-shot NLI (mDeBERTa),-1,0.30357
1jmkx80,Zero-shot NLI (mDeBERTa),-1,0.33045
1jn90x9,Zero-shot NLI (mDeBERTa),-1,0.0104
1jnlz07,Zero-shot NLI (mDeBERTa),-1,0.0048
1jnyt37,Zero-shot NLI (mDeBERTa),-1,0.43124
1jnzdy2,Zero-shot NLI (mDeBERTa),-1,0.00499
1jnzub5,Zero-shot NLI (mDeBERTa),-1,0.73016
1jo0i7v,Zero-shot NLI (mDeBERTa),-1,0.31881
1jo10t9,Zero-shot NLI (mDeBERTa),-1,0.25617
1jo28i9,Zero-shot NLI (mDeBERTa),-1,0.02227
1jo46y3,Zero-shot NLI (mDeBERTa),-1,0.7356
1jo83tu,Zero-shot NLI (mDeBERTa),-1,0.25109
1joad9b,Zero-shot NLI (mDeBERTa),-1,0.57059
1jocksy,Zero-shot NLI (mDeBERTa),-1,0.72961
1joneqw,Zero-shot NLI (mDeBERTa),-1,0.85172
1joq4h3,Zero-shot NLI (mDeBERTa),-1,0.12876
1jp23rz,Zero-shot NLI (mDeBERTa),-1,0.10119
1jphe7w,Zero-shot NLI (mDeBERTa),-1,0.37255
1jpkvyf,Zero-shot NLI (mDeBERTa),-1,0.74074
1jpl22e,Zero-shot NLI (mDeBERTa),-1,0.24397
1jpmasw,Zero-shot NLI (mDeBERTa),-1,0.57576
1jpp80q,Zero-shot NLI (mDeBERTa),-1,0.00773
1jprt1e,Zero-shot NLI (mDeBERTa),-1,0.37301
1jpv8vq,Zero-shot NLI (mDeBERTa),-1,0.04249
1jqqtde,Zero-shot NLI (mDeBERTa),-1,0.00354
1jr5577,Zero-shot NLI (mDeBERTa),-1,0.74472
1jr688z,Zero-shot NLI (mDeBERTa),-1,0.7951
1jrafld,Zero-shot NLI (mDeBERTa),-1,0.12984
1js7lsl,Zero-shot NLI (mDeBERTa),-1,0.92993
1jsr12u,Zero-shot NLI (mDeBERTa),-1,0.0028
1jsutxx,Zero-shot NLI (mDeBERTa),-1,0.26402
1jtd9pp,Zero-shot NLI (mDeBERTa),-1,0.00433
1juze39,Zero-shot NLI (mDeBERTa),-1,0.00767
1jv1432,Zero-shot NLI (mDeBERTa),-1,0.06762
1jv1tpc,Zero-shot NLI (mDeBERTa),-1,0.00154
1jw3g0e,Zero-shot NLI (mDeBERTa),-1,0.84132
1jye6fe,Zero-shot NLI (mDeBERTa),-1,0.00169
1k1itoj,Zero-shot NLI (mDeBERTa),-1,0.00744
1k27tg8,Zero-shot NLI (mDeBERTa),-1,0.03294
1k27uxd,Zero-shot NLI (mDeBERTa),-1,0.84046
1k2m4vs,Zero-shot NLI (mDeBERTa),-1,0.04254
1k2u7y8,Zero-shot NLI (mDeBERTa),-1,0.05273
1k54kf0,Zero-shot NLI (mDeBERTa),-1,0.00211
1k5569e,Zero-shot NLI (mDeBERTa),-1,0.00191
1k5bkkx,Zero-shot NLI (mDeBERTa),-1,0.00308
1k643iq,Zero-shot NLI (mDeBERTa),-1,0.00076
1k7w1j5,Zero-shot NLI (mDeBERTa),-1,0.99311
1k9ry0u,Zero-shot NLI (mDeBERTa),-1,0.00423
1k9xhcs,Zero-shot NLI (mDeBERTa),-1,0.04097
1ka6v47,Zero-shot NLI (mDeBERTa),-1,0.00042
1kamfwx,Zero-shot NLI (mDeBERTa),-1,0.11589
1katfve,Zero-shot NLI (mDeBERTa),-1,0.01272
1kcy87o,Zero-shot NLI (mDeBERTa),-1,0.03924
1ke82uh,Zero-shot NLI (mDeBERTa),-1,0.00187
1kl7twc,Zero-shot NLI (mDeBERTa),-1,0.63156
1klgqeh,Zero-shot NLI (mDeBERTa),-1,0.05827
1klipsg,Zero-shot NLI (mDeBERTa),-1,0.44603
1km8ijo,Zero-shot NLI (mDeBERTa),-1,0.24923
1kmda67,Zero-shot NLI (mDeBERTa),-1,0.00651
1kmfoup,Zero-shot NLI (mDeBERTa),-1,0.1825
1knvqry,Zero-shot NLI (mDeBERTa),-1,0.47765
1ko25wn,Zero-shot NLI (mDeBERTa),-1,0.00123
1ko7oem,Zero-shot NLI (mDeBERTa),-1,0.42466
1kpd8dv,Zero-shot NLI (mDeBERTa),-1,0.09877
1kq99jd,Zero-shot NLI (mDeBERTa),-1,0.01923
1kqd8xa,Zero-shot NLI (mDeBERTa),-1,0.00191
1krcbyz,Zero-shot NLI (mDeBERTa),-1,0.02173
1kthgc8,Zero-shot NLI (mDeBERTa),-1,0.24856
1ktj5x9,Zero-shot NLI (mDeBERTa),-1,0.26004
1kttop0,Zero-shot NLI (mDeBERTa),-1,0.04105
1kuag2w,Zero-shot NLI (mDeBERTa),-1,0.03089
1kvobxy,Zero-shot NLI (mDeBERTa),-1,0.00318
1kvzwfx,Zero-shot NLI (mDeBERTa),-1,0.18696
1kwlwe8,Zero-shot NLI (mDeBERTa),-1,0.03292
1kwtd72,Zero-shot NLI (mDeBERTa),-1,0.46331
1kxdu77,Zero-shot NLI (mDeBERTa),-1,0.0814
1kz19te,Zero-shot NLI (mDeBERTa),-1,0.01094
1kzwmx8,Zero-shot NLI (mDeBERTa),-1,0.17637
1l1c7i0,Zero-shot NLI (mDeBERTa),-1,0.02044
1l29u95,Zero-shot NLI (mDeBERTa),-1,0.27269
1l2kjvv,Zero-shot NLI (mDeBERTa),-1,0.03593
1l3178n,Zero-shot NLI (mDeBERTa),-1,0.79276
1l3cown,Zero-shot NLI (mDeBERTa),-1,0.00167
1l46ruf,Zero-shot NLI (mDeBERTa),-1,0.00139
1l47zya,Zero-shot NLI (mDeBERTa),-1,0.21659
1l72s05,Zero-shot NLI (mDeBERTa),-1,0.05342
1l7se5k,Zero-shot NLI (mDeBERTa),-1,0.02511
1l80rbv,Zero-shot NLI (mDeBERTa),-1,0.11742
1l8216k,Zero-shot NLI (mDeBERTa),-1,0.00249
1l87zf2,Zero-shot NLI (mDeBERTa),-1,0.00071
1l90tcf,Zero-shot NLI (mDeBERTa),-1,0.01815
1l9u2my,Zero-shot NLI (mDeBERTa),-1,0.03703
1lbumx0,Zero-shot NLI (mDeBERTa),-1,0.0226
1lbz6gz,Zero-shot NLI (mDeBERTa),-1,0.02635
1ldh464,Zero-shot NLI (mDeBERTa),-1,0.00421
1lfvi3m,Zero-shot NLI (mDeBERTa),-1,0.00012
1lfxh0w,Zero-shot NLI (mDeBERTa),-1,0.00681
1lfyerd,Zero-shot NLI (mDeBERTa),-1,0.1318
1lg8edj,Zero-shot NLI (mDeBERTa),-1,0.47912
1lgssgk,Zero-shot NLI (mDeBERTa),-1,0.7441
1lhh86x,Zero-shot NLI (mDeBERTa),-1,0.00055
1lhl4ii,Zero-shot NLI (mDeBERTa),-1,0.74992
1lhr2qg,Zero-shot NLI (mDeBERTa),-1,0.02282
1lidzfg,Zero-shot NLI (mDeBERTa),-1,0.90457
1lihtgy,Zero-shot NLI (mDeBERTa),-1,0.00128
1lj94fo,Zero-shot NLI (mDeBERTa),-1,0.00255
1ljio9k,Zero-shot NLI (mDeBERTa),-1,0.05647
1lk22jw,Zero-shot NLI (mDeBERTa),-1,0.45476
1lktm2h,Zero-shot NLI (mDeBERTa),-1,0.99597
1lkvd8l,Zero-shot NLI (mDeBERTa),-1,0.93327
1lkvwgy,Zero-shot NLI (mDeBERTa),-1,0.013
1ll3qvg,Zero-shot NLI (mDeBERTa),-1,0.00638
1ll5ke3,Zero-shot NLI (mDeBERTa),-1,0.0018
1lltmwj,Zero-shot NLI (mDeBERTa),-1,0.07117
1lnaa3b,Zero-shot NLI (mDeBERTa),-1,0.8506
1lnkdjr,Zero-shot NLI (mDeBERTa),-1,0.97676
1lnl6nc,Zero-shot NLI (mDeBERTa),-1,0.83175
1lo23v1,Zero-shot NLI (mDeBERTa),-1,0.12674
1loaoov,Zero-shot NLI (mDeBERTa),-1,0.0031
1loembe,Zero-shot NLI (mDeBERTa),-1,0.0105
1lomeea,Zero-shot NLI (mDeBERTa),-1,0.01006
1louyid,Zero-shot NLI (mDeBERTa),-1,0.58987
1loz2kf,Zero-shot NLI (mDeBERTa),-1,0.06768
1lpilhq,Zero-shot NLI (mDeBERTa),-1,0.0992
1lpr0n6,Zero-shot NLI (mDeBERTa),-1,0.08112
1lpsj7n,Zero-shot NLI (mDeBERTa),-1,0.04325
1lpztio,Zero-shot NLI (mDeBERTa),-1,0.00597
1lqaa0q,Zero-shot NLI (mDeBERTa),-1,0.19098
1lqpgq1,Zero-shot NLI (mDeBERTa),-1,0.10149
1lqu21x,Zero-shot NLI (mDeBERTa),-1,0.33332
1lreoc5,Zero-shot NLI (mDeBERTa),-1,0.07639
1lrhamx,Zero-shot NLI (mDeBERTa),-1,0.0046
1lrl3rm,Zero-shot NLI (mDeBERTa),-1,0.00091
1lrpzay,Zero-shot NLI (mDeBERTa),-1,0.5574
1ls2kso,Zero-shot NLI (mDeBERTa),-1,0.68017
1ls7ybf,Zero-shot NLI (mDeBERTa),-1,0.01198
1ltn316,Zero-shot NLI (mDeBERTa),-1,0.03308
1lttu2k,Zero-shot NLI (mDeBERTa),-1,0.00067
1lumn3f,Zero-shot NLI (mDeBERTa),-1,0.03821
1luug1d,Zero-shot NLI (mDeBERTa),-1,0.22995
1lvbkkb,Zero-shot NLI (mDeBERTa),-1,0.04858
1lvhasv,Zero-shot NLI (mDeBERTa),-1,0.00134
1lvq9jg,Zero-shot NLI (mDeBERTa),-1,0.01846
1lws0nc,Zero-shot NLI (mDeBERTa),-1,0.43792
1lxsvbn,Zero-shot NLI (mDeBERTa),-1,0.0045
1lxwxac,Zero-shot NLI (mDeBERTa),-1,0.00199
1lxxudv,Zero-shot NLI (mDeBERTa),-1,0.07175
1lxzhs4,Zero-shot NLI (mDeBERTa),-1,0.02971
1lz4t29,Zero-shot NLI (mDeBERTa),-1,0.5469
1lzbd5g,Zero-shot NLI (mDeBERTa),-1,0.00054
1m0ckky,Zero-shot NLI (mDeBERTa),-1,0.13783
1m0mcfn,Zero-shot NLI (mDeBERTa),-1,0.05074
1m0pqg1,Zero-shot NLI (mDeBERTa),-1,0.01886
1m183tv,Zero-shot NLI (mDeBERTa),-1,0.47404
1m2964x,Zero-shot NLI (mDeBERTa),-1,0.02112
1m34eik,Zero-shot NLI (mDeBERTa),-1,0.00054
1m3pnm5,Zero-shot NLI (mDeBERTa),-1,0.0876
1m4f1wx,Zero-shot NLI (mDeBERTa),-1,0.00373
1m4iult,Zero-shot NLI (mDeBERTa),-1,0.0861
1m4m9rz,Zero-shot NLI (mDeBERTa),-1,0.00373
1m4yfj2,Zero-shot NLI (mDeBERTa),-1,0.34923
1m5hb1j,Zero-shot NLI (mDeBERTa),-1,0.01232
1m5qui7,Zero-shot NLI (mDeBERTa),-1,0.02021
1m5tooc,Zero-shot NLI (mDeBERTa),-1,0.25037
1m6i27q,Zero-shot NLI (mDeBERTa),-1,0.06402
1m8qv12,Zero-shot NLI (mDeBERTa),-1,0.13093
1m8wmlx,Zero-shot NLI (mDeBERTa),-1,0.386
1m8zs6c,Zero-shot NLI (mDeBERTa),-1,0.00977
1m91l87,Zero-shot NLI (mDeBERTa),-1,0.01148
1madrnd,Zero-shot NLI (mDeBERTa),-1,0.0781
1mc6322,Zero-shot NLI (mDeBERTa),-1,0.64981
1mc73gw,Zero-shot NLI (mDeBERTa),-1,0.06676
1mc8bfv,Zero-shot NLI (mDeBERTa),-1,0.01806
1mcqw1b,Zero-shot NLI (mDeBERTa),-1,0.96322
1md1s57,Zero-shot NLI (mDeBERTa),-1,0.00419
1md5ss3,Zero-shot NLI (mDeBERTa),-1,0.00602
1mdj68n,Zero-shot NLI (mDeBERTa),-1,0.58768
1mei15u,Zero-shot NLI (mDeBERTa),-1,0.01609
1mes1ce,Zero-shot NLI (mDeBERTa),-1,0.08446
1met49u,Zero-shot NLI (mDeBERTa),-1,0.00769
1mhqow0,Zero-shot NLI (mDeBERTa),-1,0.14045
1mi4i3n,Zero-shot NLI (mDeBERTa),-1,0.71778
1mi6o5o,Zero-shot NLI (mDeBERTa),-1,0.20543
1miewf0,Zero-shot NLI (mDeBERTa),-1,0.00252
1mihwst,Zero-shot NLI (mDeBERTa),-1,0.14766
1miv7op,Zero-shot NLI (mDeBERTa),-1,0.0057
1mk0b4y,Zero-shot NLI (mDeBERTa),-1,0.00121
1mk5oz2,Zero-shot NLI (mDeBERTa),-1,0.03429
1mk82z0,Zero-shot NLI (mDeBERTa),-1,0.00077
1mk83ge,Zero-shot NLI (mDeBERTa),-1,0.00712
1mkrn7g,Zero-shot NLI (mDeBERTa),-1,0.25826
1mmdxdf,Zero-shot NLI (mDeBERTa),-1,0.4646
1mnzdhe,Zero-shot NLI (mDeBERTa),-1,0.03767
1mpxent,Zero-shot NLI (mDeBERTa),-1,0.01757
1msdabb,Zero-shot NLI (mDeBERTa),-1,0.20225
1msmenf,Zero-shot NLI (mDeBERTa),-1,0.04551
1mst8sl,Zero-shot NLI (mDeBERTa),-1,0.00946
1mu3ve3,Zero-shot NLI (mDeBERTa),-1,0.05608
1mvx5vj,Zero-shot NLI (mDeBERTa),-1,0.24646
1mw6wdr,Zero-shot NLI (mDeBERTa),-1,0.51929
1mx0rsb,Zero-shot NLI (mDeBERTa),-1,0.01031
1mxiec8,Zero-shot NLI (mDeBERTa),-1,0.12634
1myr3zi,Zero-shot NLI (mDeBERTa),-1,0.21497
1mysrmi,Zero-shot NLI (mDeBERTa),-1,0.06477
1n00mwq,Zero-shot NLI (mDeBERTa),-1,0.31
1n0idwd,Zero-shot NLI (mDeBERTa),-1,0.00075
1n29zvi,Zero-shot NLI (mDeBERTa),-1,0.26234
1n2ko37,Zero-shot NLI (mDeBERTa),-1,0.00169
1n2n1vi,Zero-shot NLI (mDeBERTa),-1,0.00231
1n6d412,Zero-shot NLI (mDeBERTa),-1,0.00754
1n7m037,Zero-shot NLI (mDeBERTa),-1,0.0453
1n7t1i2,Zero-shot NLI (mDeBERTa),-1,0.97061
1n80kbv,Zero-shot NLI (mDeBERTa),-1,0.04306
1n8ylf6,Zero-shot NLI (mDeBERTa),-1,0.18904
1n97f25,Zero-shot NLI (mDeBERTa),-1,0.00259
1n9tcns,Zero-shot NLI (mDeBERTa),-1,0.00105
1nabpfj,Zero-shot NLI (mDeBERTa),-1,0.16136
1nam6s4,Zero-shot NLI (mDeBERTa),-1,0.07062
1nb0gug,Zero-shot NLI (mDeBERTa),-1,0.00647
1nbhfqe,Zero-shot NLI (mDeBERTa),-1,0.18848
1nbt91a,Zero-shot NLI (mDeBERTa),-1,0.10614
1ncftmo,Zero-shot NLI (mDeBERTa),-1,0.38705
1ncgjf2,Zero-shot NLI (mDeBERTa),-1,0.01027
1ncgw0y,Zero-shot NLI (mDeBERTa),-1,0.14375
1ncgwyi,Zero-shot NLI (mDeBERTa),-1,0.00101
1ncijfc,Zero-shot NLI (mDeBERTa),-1,0.00071
1ncwrna,Zero-shot NLI (mDeBERTa),-1,0.04165
1ndappw,Zero-shot NLI (mDeBERTa),-1,0.0418
1neeiru,Zero-shot NLI (mDeBERTa),-1,0.144
1nexvca,Zero-shot NLI (mDeBERTa),-1,0.01374
1nfeyyx,Zero-shot NLI (mDeBERTa),-1,0.0849
1ngl5zs,Zero-shot NLI (mDeBERTa),-1,0.02516
1ngmicc,Zero-shot NLI (mDeBERTa),-1,0.16175
1ngvc84,Zero-shot NLI (mDeBERTa),-1,0.07998
1nhdbex,Zero-shot NLI (mDeBERTa),-1,0.03929
1nhf5mw,Zero-shot NLI (mDeBERTa),-1,0.15249
1nhgp7g,Zero-shot NLI (mDeBERTa),-1,0.00518
1ni8qr8,Zero-shot NLI (mDeBERTa),-1,0.06641
1nix6rd,Zero-shot NLI (mDeBERTa),-1,0.01595
1njhtof,Zero-shot NLI (mDeBERTa),-1,0.02379
1nkxy37,Zero-shot NLI (mDeBERTa),-1,0.01603
1nm3oh1,Zero-shot NLI (mDeBERTa),-1,0.14682
1nogham,Zero-shot NLI (mDeBERTa),-1,0.00989
1nojzpd,Zero-shot NLI (mDeBERTa),-1,0.00782
1nq29i0,Zero-shot NLI (mDeBERTa),-1,0.00154
1nq55bf,Zero-shot NLI (mDeBERTa),-1,0.44727
1nqv1j0,Zero-shot NLI (mDeBERTa),-1,0.01863
1ns3gi4,Zero-shot NLI (mDeBERTa),-1,0.23211
1nsyao7,Zero-shot NLI (mDeBERTa),-1,0.35289
1nu83so,Zero-shot NLI (mDeBERTa),-1,0.02937
1nvg1xa,Zero-shot NLI (mDeBERTa),-1,0.00294
1nwvfm8,Zero-shot NLI (mDeBERTa),-1,0.39341
1nx33q5,Zero-shot NLI (mDeBERTa),-1,0.09094
1nx88d8,Zero-shot NLI (mDeBERTa),-1,0.00568
1nzf1wi,Zero-shot NLI (mDeBERTa),-1,0.59069
1o14a93,Zero-shot NLI (mDeBERTa),-1,0.03902
1o17n4f,Zero-shot NLI (mDeBERTa),-1,0.15509
1o1nnzq,Zero-shot NLI (mDeBERTa),-1,0.00567
1o2t5yg,Zero-shot NLI (mDeBERTa),-1,0.07202
1o3s8mo,Zero-shot NLI (mDeBERTa),-1,0.01645
1o6atgl,Zero-shot NLI (mDeBERTa),-1,0.0406
1o6fuw1,Zero-shot NLI (mDeBERTa),-1,0.0744
1o6n4jn,Zero-shot NLI (mDeBERTa),-1,0.00295
1o7ao18,Zero-shot NLI (mDeBERTa),-1,0.41442
1o7q2x6,Zero-shot NLI (mDeBERTa),-1,0.05251
1o82bav,Zero-shot NLI (mDeBERTa),-1,0.00603
1o8w5dz,Zero-shot NLI (mDeBERTa),-1,0.00378
1o910np,Zero-shot NLI (mDeBERTa),-1,0.01401
1oap7hx,Zero-shot NLI (mDeBERTa),-1,0.06337
1obf6uu,Zero-shot NLI (mDeBERTa),-1,0.02683
1odvydw,Zero-shot NLI (mDeBERTa),-1,0.12515
1of72w0,Zero-shot NLI (mDeBERTa),-1,0.00195
1of8aqg,Zero-shot NLI (mDeBERTa),-1,0.06577
1ofkfcd,Zero-shot NLI (mDeBERTa),-1,0.00195
1ohgn8t,Zero-shot NLI (mDeBERTa),-1,0.98034
1oix0j8,Zero-shot NLI (mDeBERTa),-1,0.13908
1oizce9,Zero-shot NLI (mDeBERTa),-1,0.00048
1omf2bj,Zero-shot NLI (mDeBERTa),-1,0.00323
1omiph5,Zero-shot NLI (mDeBERTa),-1,0.04517
1omtvfj,Zero-shot NLI (mDeBERTa),-1,0.01477
1onydfe,Zero-shot NLI (mDeBERTa),-1,0.17452
1opy0dr,Zero-shot NLI (mDeBERTa),-1,0.01148
1orjr7o,Zero-shot NLI (mDeBERTa),-1,0.32593
1orq7u2,Zero-shot NLI (mDeBERTa),-1,0.00014
1osl6lf,Zero-shot NLI (mDeBERTa),-1,0.00708
1ow3e6f,Zero-shot NLI (mDeBERTa),-1,0.03948
1owwg9n,Zero-shot NLI (mDeBERTa),-1,0.19676
1owy5j3,Zero-shot NLI (mDeBERTa),-1,0.09745
1ozf5qw,Zero-shot NLI (mDeBERTa),-1,0.11214
1p06cgi,Zero-shot NLI (mDeBERTa),-1,0.15253
1p087r7,Zero-shot NLI (mDeBERTa),-1,0.00765
1p2yeuc,Zero-shot NLI (mDeBERTa),-1,0.38047
1p4nk1a,Zero-shot NLI (mDeBERTa),-1,0.00218
1p5umvg,Zero-shot NLI (mDeBERTa),-1,0.0394
1p62ymr,Zero-shot NLI (mDeBERTa),-1,0.02958
1p86rh3,Zero-shot NLI (mDeBERTa),-1,0.95666
1p9k4yj,Zero-shot NLI (mDeBERTa),-1,0.26488
1pasmbq,Zero-shot NLI (mDeBERTa),-1,0.13734
1pcpxei,Zero-shot NLI (mDeBERTa),-1,0.21784
1pdkeq0,Zero-shot NLI (mDeBERTa),-1,0.16973
1pdz39d,Zero-shot NLI (mDeBERTa),-1,0.03204
1pe3wez,Zero-shot NLI (mDeBERTa),-1,0.19689
1pef3e6,Zero-shot NLI (mDeBERTa),-1,0.01633
1pet9xw,Zero-shot NLI (mDeBERTa),-1,0.00407
1peyxlj,Zero-shot NLI (mDeBERTa),-1,0.23996
1pfm6eu,Zero-shot NLI (mDeBERTa),-1,0.00161
1pgfwsk,Zero-shot NLI (mDeBERTa),-1,0.1249
1pgivxz,Zero-shot NLI (mDeBERTa),-1,0.00151
1pgmijn,Zero-shot NLI (mDeBERTa),-1,0.12865
1pgtmiu,Zero-shot NLI (mDeBERTa),-1,0.01295
1phahga,Zero-shot NLI (mDeBERTa),-1,0.00348
1phe0pu,Zero-shot NLI (mDeBERTa),-1,0.24827
1pj2pqo,Zero-shot NLI (mDeBERTa),-1,0.00863
1plqvis,Zero-shot NLI (mDeBERTa),-1,0.15242
1pm75ub,Zero-shot NLI (mDeBERTa),-1,0.58857
1pn5wsc,Zero-shot NLI (mDeBERTa),-1,0.0919
1po7ogz,Zero-shot NLI (mDeBERTa),-1,0.00266
1poc8m9,Zero-shot NLI (mDeBERTa),-1,0.15196
1poeu11,Zero-shot NLI (mDeBERTa),-1,0.0041
1pqlsws,Zero-shot NLI (mDeBERTa),-1,0.98772
1pqxg9a,Zero-shot NLI (mDeBERTa),-1,0.09848
1pujygt,Zero-shot NLI (mDeBERTa),-1,0.06091
1pw2rqh,Zero-shot NLI (mDeBERTa),-1,0.03696
1pwvvqj,Zero-shot NLI (mDeBERTa),-1,0.89265
1px0wkk,Zero-shot NLI (mDeBERTa),-1,0.12045
1pxmn20,Zero-shot NLI (mDeBERTa),-1,0.01197
1pxt9gw,Zero-shot NLI (mDeBERTa),-1,0.0066
1pzbls0,Zero-shot NLI (mDeBERTa),-1,0.00362
1pzi6hi,Zero-shot NLI (mDeBERTa),-1,0.02969
1pzzaun,Zero-shot NLI (mDeBERTa),-1,0.03867
1q0ev6v,Zero-shot NLI (mDeBERTa),-1,0.01089
1q1cr6i,Zero-shot NLI (mDeBERTa),-1,0.92312
1q1e6uh,Zero-shot NLI (mDeBERTa),-1,0.00718
1q21n6s,Zero-shot NLI (mDeBERTa),-1,0.01429
1q3yeyk,Zero-shot NLI (mDeBERTa),-1,0.0105
1q4q3or,Zero-shot NLI (mDeBERTa),-1,0.02183
1q5pxku,Zero-shot NLI (mDeBERTa),-1,0.0264
1q6vwuh,Zero-shot NLI (mDeBERTa),-1,0.85453
1q77uke,Zero-shot NLI (mDeBERTa),-1,0.89554
1q783he,Zero-shot NLI (mDeBERTa),-1,0.00055
1q7acst,Zero-shot NLI (mDeBERTa),-1,0.17893
1q7mcad,Zero-shot NLI (mDeBERTa),-1,0.04266
1q8dehd,Zero-shot NLI (mDeBERTa),-1,0.01387
1q8mkok,Zero-shot NLI (mDeBERTa),-1,0.00902
1q96b6k,Zero-shot NLI (mDeBERTa),-1,0.01225
1q9w17h,Zero-shot NLI (mDeBERTa),-1,0.30147
1qan5pt,Zero-shot NLI (mDeBERTa),-1,0.11837
1qaqati,Zero-shot NLI (mDeBERTa),-1,0.00198
1qbjzxk,Zero-shot NLI (mDeBERTa),-1,0.0006
1qbkslz,Zero-shot NLI (mDeBERTa),-1,0.87972
1qcjny6,Zero-shot NLI (mDeBERTa),-1,0.16825
1qcs0yc,Zero-shot NLI (mDeBERTa),-1,0.03405
1qczd1g,Zero-shot NLI (mDeBERTa),-1,0.29676
1qdecph,Zero-shot NLI (mDeBERTa),-1,0.01185
1qdi910,Zero-shot NLI (mDeBERTa),-1,0.00593
1qdljdd,Zero-shot NLI (mDeBERTa),-1,0.00336
1qeu1wt,Zero-shot NLI (mDeBERTa),-1,0.01082
1qfb0hb,Zero-shot NLI (mDeBERTa),-1,0.00099
1qg4ydc,Zero-shot NLI (mDeBERTa),-1,0.78378
1qgnkjt,Zero-shot NLI (mDeBERTa),-1,0.87476
1qh7cug,Zero-shot NLI (mDeBERTa),-1,0.00081
1qhw74q,Zero-shot NLI (mDeBERTa),-1,0.00262
1qhwsr1,Zero-shot NLI (mDeBERTa),-1,0.31037
1qhxf21,Zero-shot NLI (mDeBERTa),-1,0.96513
1qibnjv,Zero-shot NLI (mDeBERTa),-1,0.0068
1qisrex,Zero-shot NLI (mDeBERTa),-1,0.2545
1qizru6,Zero-shot NLI (mDeBERTa),-1,0.69242
1qj6om2,Zero-shot NLI (mDeBERTa),-1,0.42144
1qjocn3,Zero-shot NLI (mDeBERTa),-1,0.67903
1qjsii6,Zero-shot NLI (mDeBERTa),-1,0.02074
1qkrtq4,Zero-shot NLI (mDeBERTa),-1,0.0626
1qkud9i,Zero-shot NLI (mDeBERTa),-1,0.00912
1qm1r5m,Zero-shot NLI (mDeBERTa),-1,0.00694
1qnt4lu,Zero-shot NLI (mDeBERTa),-1,0.01099
1qp5y2u,Zero-shot NLI (mDeBERTa),-1,0.00326
1qpn10u,Zero-shot NLI (mDeBERTa),-1,0.05647
1qtryqi,Zero-shot NLI (mDeBERTa),-1,0.82743
1qu8m5h,Zero-shot NLI (mDeBERTa),-1,0.0218
1qum6vr,Zero-shot NLI (mDeBERTa),-1,0.20075
1qv2yvb,Zero-shot NLI (mDeBERTa),-1,0.83383
1qv6axe,Zero-shot NLI (mDeBERTa),-1,0.96202
1qvj5pp,Zero-shot NLI (mDeBERTa),-1,0.0011
1qvlvxc,Zero-shot NLI (mDeBERTa),-1,0.02402
1qwhzqe,Zero-shot NLI (mDeBERTa),-1,0.00714
1qxdb60,Zero-shot NLI (mDeBERTa),-1,0.03444
1r0uop7,Zero-shot NLI (mDeBERTa),-1,0.00295
1r130xh,Zero-shot NLI (mDeBERTa),-1,0.22038
1r1tiqi,Zero-shot NLI (mDeBERTa),-1,0.00092
1r1vg9h,Zero-shot NLI (mDeBERTa),-1,0.26864
1r65d64,Zero-shot NLI (mDeBERTa),-1,0.00915
1r6jmns,Zero-shot NLI (mDeBERTa),-1,0.04647
1r7l1bb,Zero-shot NLI (mDeBERTa),-1,0.16929
1r8bfym,Zero-shot NLI (mDeBERTa),-1,0.12813
1r8ccuf,Zero-shot NLI (mDeBERTa),-1,0.88606
1ra36ml,Zero-shot NLI (mDeBERTa),-1,0.08233
1ra4vtc,Zero-shot NLI (mDeBERTa),-1,0.00689
1rabbnu,Zero-shot NLI (mDeBERTa),-1,0.00352
1rat6ox,Zero-shot NLI (mDeBERTa),-1,0.35451
1rav8tg,Zero-shot NLI (mDeBERTa),-1,0.36102
1rbfwn3,Zero-shot NLI (mDeBERTa),-1,0.46704
1rcawrg,Zero-shot NLI (mDeBERTa),-1,0.00544
1rd9yix,Zero-shot NLI (mDeBERTa),-1,0.01313
1re7rj2,Zero-shot NLI (mDeBERTa),-1,0.06525
1rg2wdb,Zero-shot NLI (mDeBERTa),-1,0.0067
1rgz1af,Zero-shot NLI (mDeBERTa),-1,0.19591
1rjr1x1,Zero-shot NLI (mDeBERTa),-1,0.01433
1rkphll,Zero-shot NLI (mDeBERTa),-1,0.03992
1rlefml,Zero-shot NLI (mDeBERTa),-1,0.06163
1rmg8c3,Zero-shot NLI (mDeBERTa),-1,0.67791
1rof0ad,Zero-shot NLI (mDeBERTa),-1,0.00179
1rogd55,Zero-shot NLI (mDeBERTa),-1,0.0063
1rotuec,Zero-shot NLI (mDeBERTa),-1,0.25572
1rpu82g,Zero-shot NLI (mDeBERTa),-1,0.00073
1rrseuk,Zero-shot NLI (mDeBERTa),-1,0.60742
1rt6d2o,Zero-shot NLI (mDeBERTa),-1,0.00636
1rtbzgc,Zero-shot NLI (mDeBERTa),-1,0.01769
1rtpwfg,Zero-shot NLI (mDeBERTa),-1,0.01029
1ru8am6,Zero-shot NLI (mDeBERTa),-1,0.08128
1rw50ee,Zero-shot NLI (mDeBERTa),-1,0.02487
1rznsvr,Zero-shot NLI (mDeBERTa),-1,0.00369
1s1va1n,Zero-shot NLI (mDeBERTa),-1,0.95596
1s2bonu,Zero-shot NLI (mDeBERTa),-1,0.00761
1s35kne,Zero-shot NLI (mDeBERTa),-1,0.00323
1s47azr,Zero-shot NLI (mDeBERTa),-1,0.03391
1s4tr82,Zero-shot NLI (mDeBERTa),-1,0.00565
1s4wlw4,Zero-shot NLI (mDeBERTa),-1,0.99619
1s4xew8,Zero-shot NLI (mDeBERTa),-1,0.06663
1s622sq,Zero-shot NLI (mDeBERTa),-1,0.02004
1s9jscs,Zero-shot NLI (mDeBERTa),-1,0.00816
1s9kmzd,Zero-shot NLI (mDeBERTa),-1,0.00132
1sal794,Zero-shot NLI (mDeBERTa),-1,0.36849
1scd5bd,Zero-shot NLI (mDeBERTa),-1,0.01361
1sdcpel,Zero-shot NLI (mDeBERTa),-1,0.72838
1seuh00,Zero-shot NLI (mDeBERTa),-1,0.28731
1sf62pi,Zero-shot NLI (mDeBERTa),-1,0.01933
1sfptq0,Zero-shot NLI (mDeBERTa),-1,0.00811
1sfql8i,Zero-shot NLI (mDeBERTa),-1,0.22253
1shi0re,Zero-shot NLI (mDeBERTa),-1,0.02739
1si0a94,Zero-shot NLI (mDeBERTa),-1,0.00121
1sithhr,Zero-shot NLI (mDeBERTa),-1,0.09224
1sk3m6l,Zero-shot NLI (mDeBERTa),-1,0.02104
1sm4vlc,Zero-shot NLI (mDeBERTa),-1,0.02272
1smwix4,Zero-shot NLI (mDeBERTa),-1,0.00358
1smzxog,Zero-shot NLI (mDeBERTa),-1,0.0059
1sp8uoe,Zero-shot NLI (mDeBERTa),-1,0.54303
1spnkt7,Zero-shot NLI (mDeBERTa),-1,0.39134
1spnmqo,Zero-shot NLI (mDeBERTa),-1,0.00773
1spsrht,Zero-shot NLI (mDeBERTa),-1,0.31479
1sqxpn7,Zero-shot NLI (mDeBERTa),-1,0.00465
1sr9ehr,Zero-shot NLI (mDeBERTa),-1,0.02386
1srmu52,Zero-shot NLI (mDeBERTa),-1,0.10927
1ssonai,Zero-shot NLI (mDeBERTa),-1,0.07746
1stpw5m,Zero-shot NLI (mDeBERTa),-1,0.11764
1suc8yz,Zero-shot NLI (mDeBERTa),-1,0.00275
1supuh6,Zero-shot NLI (mDeBERTa),-1,0.13879
1sv5bj3,Zero-shot NLI (mDeBERTa),-1,0.13879
1svddie,Zero-shot NLI (mDeBERTa),-1,0.49223
1sx7qgw,Zero-shot NLI (mDeBERTa),-1,0.03142
1sxtmsr,Zero-shot NLI (mDeBERTa),-1,0.70731
1sxz12z,Zero-shot NLI (mDeBERTa),-1,0.00599
1sy7v8w,Zero-shot NLI (mDeBERTa),-1,0.0067
1syf21d,Zero-shot NLI (mDeBERTa),-1,0.01678
1sys0yr,Zero-shot NLI (mDeBERTa),-1,0.86873
1xm9ft,Zero-shot NLI (mDeBERTa),-1,0.00772
26ii7z,Zero-shot NLI (mDeBERTa),-1,0.11152
2b2i70,Zero-shot NLI (mDeBERTa),-1,0.05469
2e2os9,Zero-shot NLI (mDeBERTa),-1,0.00227
2h6e28,Zero-shot NLI (mDeBERTa),-1,0.01302
2i3v7s,Zero-shot NLI (mDeBERTa),-1,0.00087
2q62xj,Zero-shot NLI (mDeBERTa),-1,0.47558
2w86e7,Zero-shot NLI (mDeBERTa),-1,0.01623
31vl51,Zero-shot NLI (mDeBERTa),-1,0.0555
321shc,Zero-shot NLI (mDeBERTa),-1,0.00746
334a8d,Zero-shot NLI (mDeBERTa),-1,0.01266
33otbl,Zero-shot NLI (mDeBERTa),-1,0.0305
340itv,Zero-shot NLI (mDeBERTa),-1,0.00967
34xkzo,Zero-shot NLI (mDeBERTa),-1,0.01857
351qdk,Zero-shot NLI (mDeBERTa),-1,0.00402
35owc4,Zero-shot NLI (mDeBERTa),-1,0.01272
38oz5m,Zero-shot NLI (mDeBERTa),-1,0.00107
3a1grd,Zero-shot NLI (mDeBERTa),-1,0.01903
3b92zr,Zero-shot NLI (mDeBERTa),-1,0.0076
3b9cdx,Zero-shot NLI (mDeBERTa),-1,0.02416
3d5gtr,Zero-shot NLI (mDeBERTa),-1,0.03419
3eddti,Zero-shot NLI (mDeBERTa),-1,0.00424
3err0k,Zero-shot NLI (mDeBERTa),-1,0.00146
3fuumz,Zero-shot NLI (mDeBERTa),-1,0.15461
3fz8em,Zero-shot NLI (mDeBERTa),-1,0.01263
3gn1op,Zero-shot NLI (mDeBERTa),-1,0.00587
3pszvd,Zero-shot NLI (mDeBERTa),-1,0.66744
3q9eou,Zero-shot NLI (mDeBERTa),-1,0.01505
3rww9o,Zero-shot NLI (mDeBERTa),-1,0.00036
3schd5,Zero-shot NLI (mDeBERTa),-1,0.03523
3w14cr,Zero-shot NLI (mDeBERTa),-1,0.08471
40n33m,Zero-shot NLI (mDeBERTa),-1,0.22324
41p2uz,Zero-shot NLI (mDeBERTa),-1,0.00084
41qfg7,Zero-shot NLI (mDeBERTa),-1,0.02095
423pa0,Zero-shot NLI (mDeBERTa),-1,0.02229
42evys,Zero-shot NLI (mDeBERTa),-1,0.00229
438qdk,Zero-shot NLI (mDeBERTa),-1,0.01375
465cbb,Zero-shot NLI (mDeBERTa),-1,0.00295
47ia4p,Zero-shot NLI (mDeBERTa),-1,0.00425
4ck34b,Zero-shot NLI (mDeBERTa),-1,0.06266
4h6s4d,Zero-shot NLI (mDeBERTa),-1,0.00021
4keg77,Zero-shot NLI (mDeBERTa),-1,0.00879
4kibjk,Zero-shot NLI (mDeBERTa),-1,0.00138
4kvrdi,Zero-shot NLI (mDeBERTa),-1,0.03056
4m7v8k,Zero-shot NLI (mDeBERTa),-1,0.00109
4sh0tc,Zero-shot NLI (mDeBERTa),-1,0.00288
4t9u5n,Zero-shot NLI (mDeBERTa),-1,0.26213
4tc1ne,Zero-shot NLI (mDeBERTa),-1,0.51455
4tfmoj,Zero-shot NLI (mDeBERTa),-1,0.00188
4vsyz6,Zero-shot NLI (mDeBERTa),-1,0.01363
4w5b6n,Zero-shot NLI (mDeBERTa),-1,0.00342
4w5vkf,Zero-shot NLI (mDeBERTa),-1,0.00055
4wpecq,Zero-shot NLI (mDeBERTa),-1,0.01123
4zlvsv,Zero-shot NLI (mDeBERTa),-1,0.00111
50ibsa,Zero-shot NLI (mDeBERTa),-1,0.06398
53atzi,Zero-shot NLI (mDeBERTa),-1,0.37201
53mq3w,Zero-shot NLI (mDeBERTa),-1,0.00295
558n00,Zero-shot NLI (mDeBERTa),-1,0.11702
579g29,Zero-shot NLI (mDeBERTa),-1,0.15271
58mlme,Zero-shot NLI (mDeBERTa),-1,0.06614
58mxli,Zero-shot NLI (mDeBERTa),-1,0.01807
58ysn8,Zero-shot NLI (mDeBERTa),-1,0.00029
5ar97d,Zero-shot NLI (mDeBERTa),-1,0.12654
5bsjo1,Zero-shot NLI (mDeBERTa),-1,0.00135
5e34gi,Zero-shot NLI (mDeBERTa),-1,0.58698
5ij73u,Zero-shot NLI (mDeBERTa),-1,0.10659
5ing61,Zero-shot NLI (mDeBERTa),-1,0.50127
5ku91y,Zero-shot NLI (mDeBERTa),-1,0.2681
5ls4eh,Zero-shot NLI (mDeBERTa),-1,0.00124
5me65r,Zero-shot NLI (mDeBERTa),-1,0.01968
5oqaye,Zero-shot NLI (mDeBERTa),-1,0.00124
5srv8q,Zero-shot NLI (mDeBERTa),-1,0.00028
5u0yx7,Zero-shot NLI (mDeBERTa),-1,0.0126
5x4u0v,Zero-shot NLI (mDeBERTa),-1,0.11106
5ydrdh,Zero-shot NLI (mDeBERTa),-1,0.32805
5zia5v,Zero-shot NLI (mDeBERTa),-1,0.05135
5zy9kd,Zero-shot NLI (mDeBERTa),-1,0.00406
615460,Zero-shot NLI (mDeBERTa),-1,0.00678
61axzl,Zero-shot NLI (mDeBERTa),-1,0.28478
626ly6,Zero-shot NLI (mDeBERTa),-1,0.01325
62embp,Zero-shot NLI (mDeBERTa),-1,0.0004
64k0up,Zero-shot NLI (mDeBERTa),-1,0.00063
64xizb,Zero-shot NLI (mDeBERTa),-1,0.02892
65tmbv,Zero-shot NLI (mDeBERTa),-1,0.00777
6684pv,Zero-shot NLI (mDeBERTa),-1,0.00229
6690ac,Zero-shot NLI (mDeBERTa),-1,0.0582
66fsni,Zero-shot NLI (mDeBERTa),-1,0.14721
66h9mf,Zero-shot NLI (mDeBERTa),-1,0.07423
688gvu,Zero-shot NLI (mDeBERTa),-1,0.23911
689x42,Zero-shot NLI (mDeBERTa),-1,0.01535
68dw9p,Zero-shot NLI (mDeBERTa),-1,0.03126
68euzg,Zero-shot NLI (mDeBERTa),-1,0.00228
68l0ln,Zero-shot NLI (mDeBERTa),-1,0.05461
68zmng,Zero-shot NLI (mDeBERTa),-1,0.06973
69ksmc,Zero-shot NLI (mDeBERTa),-1,0.38999
69kvmc,Zero-shot NLI (mDeBERTa),-1,0.06251
69sb4b,Zero-shot NLI (mDeBERTa),-1,0.51287
69snyu,Zero-shot NLI (mDeBERTa),-1,0.00967
69twpr,Zero-shot NLI (mDeBERTa),-1,0.08193
6ak8du,Zero-shot NLI (mDeBERTa),-1,0.01444
6awrdj,Zero-shot NLI (mDeBERTa),-1,0.15069
6chrdz,Zero-shot NLI (mDeBERTa),-1,0.08439
6clqf4,Zero-shot NLI (mDeBERTa),-1,0.11907
6cna1l,Zero-shot NLI (mDeBERTa),-1,0.06375
6ctng1,Zero-shot NLI (mDeBERTa),-1,0.04239
6e8no8,Zero-shot NLI (mDeBERTa),-1,0.64286
6fsp1s,Zero-shot NLI (mDeBERTa),-1,0.40581
6giyno,Zero-shot NLI (mDeBERTa),-1,0.02939
6gm1be,Zero-shot NLI (mDeBERTa),-1,0.0075
6gsbos,Zero-shot NLI (mDeBERTa),-1,0.00484
6ho431,Zero-shot NLI (mDeBERTa),-1,0.02265
6hzc93,Zero-shot NLI (mDeBERTa),-1,0.0302
6i0c5t,Zero-shot NLI (mDeBERTa),-1,0.00689
6l8pej,Zero-shot NLI (mDeBERTa),-1,0.03553
6lrzd8,Zero-shot NLI (mDeBERTa),-1,0.17383
6ltt76,Zero-shot NLI (mDeBERTa),-1,0.01151
6ng2qr,Zero-shot NLI (mDeBERTa),-1,0.15689
6nscbf,Zero-shot NLI (mDeBERTa),-1,0.03515
6q9xp0,Zero-shot NLI (mDeBERTa),-1,0.01483
6quykg,Zero-shot NLI (mDeBERTa),-1,0.60427
6s4yk2,Zero-shot NLI (mDeBERTa),-1,0.00461
6stumu,Zero-shot NLI (mDeBERTa),-1,0.0284
6t96ec,Zero-shot NLI (mDeBERTa),-1,0.01882
6tzzi6,Zero-shot NLI (mDeBERTa),-1,0.22664
6ughno,Zero-shot NLI (mDeBERTa),-1,0.5211
6vec64,Zero-shot NLI (mDeBERTa),-1,0.29294
6yjfcy,Zero-shot NLI (mDeBERTa),-1,0.04838
6ym3lb,Zero-shot NLI (mDeBERTa),-1,0.00056
6yvijc,Zero-shot NLI (mDeBERTa),-1,0.02695
6zwa36,Zero-shot NLI (mDeBERTa),-1,0.1953
700wa6,Zero-shot NLI (mDeBERTa),-1,0.46107
70tyb7,Zero-shot NLI (mDeBERTa),-1,0.25923
711t5y,Zero-shot NLI (mDeBERTa),-1,0.84298
71tia4,Zero-shot NLI (mDeBERTa),-1,0.00193
73fwq3,Zero-shot NLI (mDeBERTa),-1,0.18527
73tccy,Zero-shot NLI (mDeBERTa),-1,0.00088
73zein,Zero-shot NLI (mDeBERTa),-1,0.00164
74ulmr,Zero-shot NLI (mDeBERTa),-1,0.02041
74v0tg,Zero-shot NLI (mDeBERTa),-1,0.00528
75o2tl,Zero-shot NLI (mDeBERTa),-1,0.00044
77supo,Zero-shot NLI (mDeBERTa),-1,0.09929
79528b,Zero-shot NLI (mDeBERTa),-1,0.29081
79nhhe,Zero-shot NLI (mDeBERTa),-1,0.02774
7b71pf,Zero-shot NLI (mDeBERTa),-1,0.00053
7c62jb,Zero-shot NLI (mDeBERTa),-1,0.00727
7d3zt0,Zero-shot NLI (mDeBERTa),-1,0.09964
7fm9jz,Zero-shot NLI (mDeBERTa),-1,0.02506
7gfoqi,Zero-shot NLI (mDeBERTa),-1,0.05862
7hg3yp,Zero-shot NLI (mDeBERTa),-1,0.02373
7ljsut,Zero-shot NLI (mDeBERTa),-1,0.01377
7myqzz,Zero-shot NLI (mDeBERTa),-1,0.00167
7o781c,Zero-shot NLI (mDeBERTa),-1,0.02815
7ochcg,Zero-shot NLI (mDeBERTa),-1,0.74388
7pr866,Zero-shot NLI (mDeBERTa),-1,0.0749
7pvbsv,Zero-shot NLI (mDeBERTa),-1,0.0749
7qqwpg,Zero-shot NLI (mDeBERTa),-1,0.33194
7s4ufe,Zero-shot NLI (mDeBERTa),-1,0.06383
7xpi3g,Zero-shot NLI (mDeBERTa),-1,0.17409
7ymejv,Zero-shot NLI (mDeBERTa),-1,0.01392
83em1z,Zero-shot NLI (mDeBERTa),-1,0.03922
83f25c,Zero-shot NLI (mDeBERTa),-1,0.09356
83of25,Zero-shot NLI (mDeBERTa),-1,0.00329
85rbhc,Zero-shot NLI (mDeBERTa),-1,0.01025
861k6n,Zero-shot NLI (mDeBERTa),-1,0.0088
8b7gr3,Zero-shot NLI (mDeBERTa),-1,0.01494
8bqvkt,Zero-shot NLI (mDeBERTa),-1,0.0165
8bxi3w,Zero-shot NLI (mDeBERTa),-1,0.16083
8cmq95,Zero-shot NLI (mDeBERTa),-1,0.03867
8e6k9p,Zero-shot NLI (mDeBERTa),-1,0.13126
8eaxjl,Zero-shot NLI (mDeBERTa),-1,0.14844
8guuvd,Zero-shot NLI (mDeBERTa),-1,0.00031
8h6l9c,Zero-shot NLI (mDeBERTa),-1,0.01335
8hmdsh,Zero-shot NLI (mDeBERTa),-1,0.02637
8i3zs8,Zero-shot NLI (mDeBERTa),-1,0.0134
8j6y4x,Zero-shot NLI (mDeBERTa),-1,0.035
8lqsn3,Zero-shot NLI (mDeBERTa),-1,0.00171
8lw08j,Zero-shot NLI (mDeBERTa),-1,0.00248
8m089h,Zero-shot NLI (mDeBERTa),-1,0.35136
8n6x3s,Zero-shot NLI (mDeBERTa),-1,0.00646
8oqyiq,Zero-shot NLI (mDeBERTa),-1,0.00262
8qr57h,Zero-shot NLI (mDeBERTa),-1,0.02957
8rdvo,Zero-shot NLI (mDeBERTa),-1,0.00508
8rtdev,Zero-shot NLI (mDeBERTa),-1,0.20248
8thivx,Zero-shot NLI (mDeBERTa),-1,0.29023
8ukd74,Zero-shot NLI (mDeBERTa),-1,0.00063
8upvzl,Zero-shot NLI (mDeBERTa),-1,0.00807
8uwqzt,Zero-shot NLI (mDeBERTa),-1,0.20602
8w2awd,Zero-shot NLI (mDeBERTa),-1,0.01283
8wveig,Zero-shot NLI (mDeBERTa),-1,0.00298
8ybj73,Zero-shot NLI (mDeBERTa),-1,0.00844
8zbi91,Zero-shot NLI (mDeBERTa),-1,0.00065
8zjuu0,Zero-shot NLI (mDeBERTa),-1,0.02534
8zune6,Zero-shot NLI (mDeBERTa),-1,0.96327
904jy9,Zero-shot NLI (mDeBERTa),-1,0.00133
907lnw,Zero-shot NLI (mDeBERTa),-1,0.23324
90ga1w,Zero-shot NLI (mDeBERTa),-1,0.00897
91vcf0,Zero-shot NLI (mDeBERTa),-1,0.0072
93cpy1,Zero-shot NLI (mDeBERTa),-1,0.00268
93d57n,Zero-shot NLI (mDeBERTa),-1,0.86169
94hsqm,Zero-shot NLI (mDeBERTa),-1,0.00408
94s2ry,Zero-shot NLI (mDeBERTa),-1,0.00614
951q9m,Zero-shot NLI (mDeBERTa),-1,0.22091
95ko1b,Zero-shot NLI (mDeBERTa),-1,0.0046
95pxyn,Zero-shot NLI (mDeBERTa),-1,0.00097
967yts,Zero-shot NLI (mDeBERTa),-1,0.00438
96pkb3,Zero-shot NLI (mDeBERTa),-1,0.00081
99m68g,Zero-shot NLI (mDeBERTa),-1,0.01145
9aotrf,Zero-shot NLI (mDeBERTa),-1,0.02225
9b1od2,Zero-shot NLI (mDeBERTa),-1,0.14355
9b8c4p,Zero-shot NLI (mDeBERTa),-1,0.91202
9b8uhu,Zero-shot NLI (mDeBERTa),-1,0.13454
9bhywi,Zero-shot NLI (mDeBERTa),-1,0.00191
9bt0lu,Zero-shot NLI (mDeBERTa),-1,0.12558
9cd07l,Zero-shot NLI (mDeBERTa),-1,0.01821
9cu072,Zero-shot NLI (mDeBERTa),-1,0.00042
9cwku0,Zero-shot NLI (mDeBERTa),-1,0.16602
9dmmxr,Zero-shot NLI (mDeBERTa),-1,0.00237
9eocv2,Zero-shot NLI (mDeBERTa),-1,0.344
9ewhky,Zero-shot NLI (mDeBERTa),-1,0.02495
9g0oij,Zero-shot NLI (mDeBERTa),-1,0.03155
9hzn0r,Zero-shot NLI (mDeBERTa),-1,0.17363
9i7b81,Zero-shot NLI (mDeBERTa),-1,0.0017
9i7ot6,Zero-shot NLI (mDeBERTa),-1,0.21
9ipva2,Zero-shot NLI (mDeBERTa),-1,0.00126
9iswb7,Zero-shot NLI (mDeBERTa),-1,0.14518
9ita19,Zero-shot NLI (mDeBERTa),-1,0.0359
9jcvgf,Zero-shot NLI (mDeBERTa),-1,0.03168
9krhfl,Zero-shot NLI (mDeBERTa),-1,0.05475
9lasl6,Zero-shot NLI (mDeBERTa),-1,0.01047
9mno6e,Zero-shot NLI (mDeBERTa),-1,0.00223
9moo1u,Zero-shot NLI (mDeBERTa),-1,0.13286
9mrp1j,Zero-shot NLI (mDeBERTa),-1,0.04318
9myhyd,Zero-shot NLI (mDeBERTa),-1,0.0399
9mzcvq,Zero-shot NLI (mDeBERTa),-1,0.00534
9n8nap,Zero-shot NLI (mDeBERTa),-1,0.01597
9nt13c,Zero-shot NLI (mDeBERTa),-1,0.00041
9ol266,Zero-shot NLI (mDeBERTa),-1,0.10839
9s2n6w,Zero-shot NLI (mDeBERTa),-1,0.10251
9slu0t,Zero-shot NLI (mDeBERTa),-1,0.01942
9trq9c,Zero-shot NLI (mDeBERTa),-1,0.00088
9ve83u,Zero-shot NLI (mDeBERTa),-1,0.86231
9w971b,Zero-shot NLI (mDeBERTa),-1,0.00262
9wfi0p,Zero-shot NLI (mDeBERTa),-1,0.01425
9xwy8o,Zero-shot NLI (mDeBERTa),-1,0.8744
9y4e31,Zero-shot NLI (mDeBERTa),-1,0.17021
9zdmcq,Zero-shot NLI (mDeBERTa),-1,0.0289
9zgnix,Zero-shot NLI (mDeBERTa),-1,0.02057
9zoxcy,Zero-shot NLI (mDeBERTa),-1,0.0583
9zpdkw,Zero-shot NLI (mDeBERTa),-1,0.016
a0iarh,Zero-shot NLI (mDeBERTa),-1,0.39548
a151zv,Zero-shot NLI (mDeBERTa),-1,0.00242
a1v7ph,Zero-shot NLI (mDeBERTa),-1,0.01118
a2zpof,Zero-shot NLI (mDeBERTa),-1,0.03669
a3cb50,Zero-shot NLI (mDeBERTa),-1,0.00036
a3fx5v,Zero-shot NLI (mDeBERTa),-1,0.01231
a3m7au,Zero-shot NLI (mDeBERTa),-1,0.001
a3rf6,Zero-shot NLI (mDeBERTa),-1,0.01707
a4kdrr,Zero-shot NLI (mDeBERTa),-1,0.59717
a4xsib,Zero-shot NLI (mDeBERTa),-1,0.2439
a5ch1l,Zero-shot NLI (mDeBERTa),-1,0.67692
a5rrh2,Zero-shot NLI (mDeBERTa),-1,0.08212
a5ss93,Zero-shot NLI (mDeBERTa),-1,0.00153
a6yde4,Zero-shot NLI (mDeBERTa),-1,0.02802
a6yw2g,Zero-shot NLI (mDeBERTa),-1,0.01161
adae5b,Zero-shot NLI (mDeBERTa),-1,0.07379
adia3d,Zero-shot NLI (mDeBERTa),-1,0.02394
adik0y,Zero-shot NLI (mDeBERTa),-1,0.0027
ae4vrk,Zero-shot NLI (mDeBERTa),-1,0.01058
ae6t3b,Zero-shot NLI (mDeBERTa),-1,0.14915
aegsg8,Zero-shot NLI (mDeBERTa),-1,0.00102
aephtl,Zero-shot NLI (mDeBERTa),-1,0.06121
afj03f,Zero-shot NLI (mDeBERTa),-1,0.01855
aiag9z,Zero-shot NLI (mDeBERTa),-1,0.00654
aim8fj,Zero-shot NLI (mDeBERTa),-1,0.00467
ajldzr,Zero-shot NLI (mDeBERTa),-1,0.00707
alczp8,Zero-shot NLI (mDeBERTa),-1,0.00283
alq3f2,Zero-shot NLI (mDeBERTa),-1,0.0125
amql9l,Zero-shot NLI (mDeBERTa),-1,0.09518
ancn40,Zero-shot NLI (mDeBERTa),-1,0.0115
anoqse,Zero-shot NLI (mDeBERTa),-1,0.00458
ao546f,Zero-shot NLI (mDeBERTa),-1,0.11255
aosx6d,Zero-shot NLI (mDeBERTa),-1,0.0093
aou0rm,Zero-shot NLI (mDeBERTa),-1,0.03584
apvc02,Zero-shot NLI (mDeBERTa),-1,0.0027
aq84kk,Zero-shot NLI (mDeBERTa),-1,0.00823
aqohqe,Zero-shot NLI (mDeBERTa),-1,0.13983
ar6h7j,Zero-shot NLI (mDeBERTa),-1,0.0384
ar7ec8,Zero-shot NLI (mDeBERTa),-1,0.00032
ari3sz,Zero-shot NLI (mDeBERTa),-1,0.00089
arn3mb,Zero-shot NLI (mDeBERTa),-1,0.00083
avwxqi,Zero-shot NLI (mDeBERTa),-1,0.0629
azk9wf,Zero-shot NLI (mDeBERTa),-1,0.001
azzjcs,Zero-shot NLI (mDeBERTa),-1,0.4784
azzpfa,Zero-shot NLI (mDeBERTa),-1,0.01231
b04uo3,Zero-shot NLI (mDeBERTa),-1,0.057
b0cilf,Zero-shot NLI (mDeBERTa),-1,0.0417
b1ecj1,Zero-shot NLI (mDeBERTa),-1,0.00236
b3unvm,Zero-shot NLI (mDeBERTa),-1,0.00772
b46ji0,Zero-shot NLI (mDeBERTa),-1,0.35676
b587v3,Zero-shot NLI (mDeBERTa),-1,0.03337
b9dhs5,Zero-shot NLI (mDeBERTa),-1,0.02208
bbxmcl,Zero-shot NLI (mDeBERTa),-1,0.03787
bcb5bq,Zero-shot NLI (mDeBERTa),-1,0.10323
bcgxj3,Zero-shot NLI (mDeBERTa),-1,0.00569
bd7wwu,Zero-shot NLI (mDeBERTa),-1,0.0033
bdjnc2,Zero-shot NLI (mDeBERTa),-1,0.02735
bdrtng,Zero-shot NLI (mDeBERTa),-1,0.15609
bepsxe,Zero-shot NLI (mDeBERTa),-1,0.00834
bfyjiv,Zero-shot NLI (mDeBERTa),-1,0.00199
bgeguu,Zero-shot NLI (mDeBERTa),-1,0.03259
bggieq,Zero-shot NLI (mDeBERTa),-1,0.02962
bhb76w,Zero-shot NLI (mDeBERTa),-1,0.03024
bhowol,Zero-shot NLI (mDeBERTa),-1,0.60055
bjfb3e,Zero-shot NLI (mDeBERTa),-1,0.0031
bmvw9h,Zero-shot NLI (mDeBERTa),-1,0.0188
bnoy8x,Zero-shot NLI (mDeBERTa),-1,0.02136
bqn8hv,Zero-shot NLI (mDeBERTa),-1,0.00152
bqwtsg,Zero-shot NLI (mDeBERTa),-1,0.02041
br75o0,Zero-shot NLI (mDeBERTa),-1,0.02273
brmib7,Zero-shot NLI (mDeBERTa),-1,0.02972
brrqig,Zero-shot NLI (mDeBERTa),-1,0.12065
bsja0x,Zero-shot NLI (mDeBERTa),-1,0.34246
btbfi4,Zero-shot NLI (mDeBERTa),-1,0.00374
btnqcc,Zero-shot NLI (mDeBERTa),-1,0.03055
bxkheg,Zero-shot NLI (mDeBERTa),-1,0.00373
bxmyu8,Zero-shot NLI (mDeBERTa),-1,0.00289
bzb17g,Zero-shot NLI (mDeBERTa),-1,0.00697
c1zmfq,Zero-shot NLI (mDeBERTa),-1,0.21998
c5oat5,Zero-shot NLI (mDeBERTa),-1,0.00295
c64ss6,Zero-shot NLI (mDeBERTa),-1,0.10514
c71xlq,Zero-shot NLI (mDeBERTa),-1,0.02064
c8le3c,Zero-shot NLI (mDeBERTa),-1,0.91572
cbtzq1,Zero-shot NLI (mDeBERTa),-1,0.18279
ceqpay,Zero-shot NLI (mDeBERTa),-1,0.06596
ceshxz,Zero-shot NLI (mDeBERTa),-1,0.02977
cg9psx,Zero-shot NLI (mDeBERTa),-1,0.00246
cgqoso,Zero-shot NLI (mDeBERTa),-1,0.00713
cgtjqm,Zero-shot NLI (mDeBERTa),-1,0.0028
cjbe5s,Zero-shot NLI (mDeBERTa),-1,0.00358
ckcv0t,Zero-shot NLI (mDeBERTa),-1,0.57195
cl3tzg,Zero-shot NLI (mDeBERTa),-1,0.44639
co1e76,Zero-shot NLI (mDeBERTa),-1,0.02369
coghm8,Zero-shot NLI (mDeBERTa),-1,0.27025
cqbbso,Zero-shot NLI (mDeBERTa),-1,0.41562
csm2pt,Zero-shot NLI (mDeBERTa),-1,0.02941
ctb8b7,Zero-shot NLI (mDeBERTa),-1,0.01755
cue8ed,Zero-shot NLI (mDeBERTa),-1,0.6099
cw131i,Zero-shot NLI (mDeBERTa),-1,0.13923
d0dalv,Zero-shot NLI (mDeBERTa),-1,0.07907
d3m3ni,Zero-shot NLI (mDeBERTa),-1,0.00155
d4ba7s,Zero-shot NLI (mDeBERTa),-1,0.00133
d5f1h9,Zero-shot NLI (mDeBERTa),-1,0.00169
d5yj8l,Zero-shot NLI (mDeBERTa),-1,0.01022
d82gx6,Zero-shot NLI (mDeBERTa),-1,0.05822
d8qza8,Zero-shot NLI (mDeBERTa),-1,0.00341
d8r9xm,Zero-shot NLI (mDeBERTa),-1,0.09914
d9wvlq,Zero-shot NLI (mDeBERTa),-1,0.25888
da0fiz,Zero-shot NLI (mDeBERTa),-1,0.0204
dc78wc,Zero-shot NLI (mDeBERTa),-1,0.70348
ddqpea,Zero-shot NLI (mDeBERTa),-1,0.10823
dexel2,Zero-shot NLI (mDeBERTa),-1,0.00046
dfk9iz,Zero-shot NLI (mDeBERTa),-1,0.78972
dioiij,Zero-shot NLI (mDeBERTa),-1,0.04826
dlev5c,Zero-shot NLI (mDeBERTa),-1,0.01421
dlyr5s,Zero-shot NLI (mDeBERTa),-1,0.45792
dnblhd,Zero-shot NLI (mDeBERTa),-1,0.00519
dnpdj9,Zero-shot NLI (mDeBERTa),-1,0.00667
dqbtcn,Zero-shot NLI (mDeBERTa),-1,0.01376
dthkqo,Zero-shot NLI (mDeBERTa),-1,0.0007
dwahhl,Zero-shot NLI (mDeBERTa),-1,0.00317
dwfmqg,Zero-shot NLI (mDeBERTa),-1,0.00391
dyj4xf,Zero-shot NLI (mDeBERTa),-1,0.00086
e1edg3,Zero-shot NLI (mDeBERTa),-1,0.00898
e1xvqm,Zero-shot NLI (mDeBERTa),-1,0.02197
e3ehbz,Zero-shot NLI (mDeBERTa),-1,0.80233
e3g5q5,Zero-shot NLI (mDeBERTa),-1,0.93262
e3rlhk,Zero-shot NLI (mDeBERTa),-1,0.01089
e3tuaa,Zero-shot NLI (mDeBERTa),-1,0.2973
e4ywaj,Zero-shot NLI (mDeBERTa),-1,0.04323
e5e2aq,Zero-shot NLI (mDeBERTa),-1,0.95339
e5gitz,Zero-shot NLI (mDeBERTa),-1,0.03602
e5kvnz,Zero-shot NLI (mDeBERTa),-1,0.00412
e5maon,Zero-shot NLI (mDeBERTa),-1,0.51811
e5ui60,Zero-shot NLI (mDeBERTa),-1,0.03198
e5xiiq,Zero-shot NLI (mDeBERTa),-1,0.01788
e62zgs,Zero-shot NLI (mDeBERTa),-1,0.01981
e64n22,Zero-shot NLI (mDeBERTa),-1,0.0154
e6ax6h,Zero-shot NLI (mDeBERTa),-1,0.7682
e6f0rc,Zero-shot NLI (mDeBERTa),-1,0.38854
e94ixf,Zero-shot NLI (mDeBERTa),-1,0.54361
ea2jip,Zero-shot NLI (mDeBERTa),-1,0.73171
ea30og,Zero-shot NLI (mDeBERTa),-1,0.00356
ea9bpv,Zero-shot NLI (mDeBERTa),-1,0.03446
ecfmdx,Zero-shot NLI (mDeBERTa),-1,0.00155
echy7t,Zero-shot NLI (mDeBERTa),-1,0.0413
edot6p,Zero-shot NLI (mDeBERTa),-1,0.00177
edwwgn,Zero-shot NLI (mDeBERTa),-1,0.13997
ee9n9o,Zero-shot NLI (mDeBERTa),-1,0.1486
ejdjr5,Zero-shot NLI (mDeBERTa),-1,0.0063
ejdunf,Zero-shot NLI (mDeBERTa),-1,0.01462
eks8lr,Zero-shot NLI (mDeBERTa),-1,0.00723
el8xqn,Zero-shot NLI (mDeBERTa),-1,0.09242
elbwld,Zero-shot NLI (mDeBERTa),-1,0.06736
elqv0f,Zero-shot NLI (mDeBERTa),-1,0.96863
eo40n4,Zero-shot NLI (mDeBERTa),-1,0.00454
eo5006,Zero-shot NLI (mDeBERTa),-1,0.02768
eqb0h,Zero-shot NLI (mDeBERTa),-1,0.00834
eqf7ot,Zero-shot NLI (mDeBERTa),-1,0.01085
esq6p1,Zero-shot NLI (mDeBERTa),-1,0.25452
etxpnm,Zero-shot NLI (mDeBERTa),-1,0.00239
eu15v2,Zero-shot NLI (mDeBERTa),-1,0.12196
eua0wf,Zero-shot NLI (mDeBERTa),-1,0.20349
eup1di,Zero-shot NLI (mDeBERTa),-1,0.00014
evtrx4,Zero-shot NLI (mDeBERTa),-1,0.06483
ew9bu2,Zero-shot NLI (mDeBERTa),-1,0.00065
eynxpz,Zero-shot NLI (mDeBERTa),-1,0.12531
eyul8b,Zero-shot NLI (mDeBERTa),-1,0.4322
ezpyag,Zero-shot NLI (mDeBERTa),-1,0.03014
f2715d,Zero-shot NLI (mDeBERTa),-1,0.01237
f283vi,Zero-shot NLI (mDeBERTa),-1,0.00041
f4qms4,Zero-shot NLI (mDeBERTa),-1,0.00014
f69ncu,Zero-shot NLI (mDeBERTa),-1,0.29819
f799k5,Zero-shot NLI (mDeBERTa),-1,0.28725
f96tbe,Zero-shot NLI (mDeBERTa),-1,0.00417
fbgn5m,Zero-shot NLI (mDeBERTa),-1,0.25654
fc8jpk,Zero-shot NLI (mDeBERTa),-1,0.07215
fcaghn,Zero-shot NLI (mDeBERTa),-1,0.07155
fccnsv,Zero-shot NLI (mDeBERTa),-1,0.00743
ffsbpi,Zero-shot NLI (mDeBERTa),-1,0.37036
fgbezz,Zero-shot NLI (mDeBERTa),-1,0.05321
fgo3lf,Zero-shot NLI (mDeBERTa),-1,0.01593
fguory,Zero-shot NLI (mDeBERTa),-1,0.00204
fhdstg,Zero-shot NLI (mDeBERTa),-1,0.0058
fhepc7,Zero-shot NLI (mDeBERTa),-1,0.32147
fhk2vt,Zero-shot NLI (mDeBERTa),-1,0.58978
fhxqf7,Zero-shot NLI (mDeBERTa),-1,0.13885
fhz1tr,Zero-shot NLI (mDeBERTa),-1,0.27064
fhzis1,Zero-shot NLI (mDeBERTa),-1,0.00318
figt2n,Zero-shot NLI (mDeBERTa),-1,0.25781
fiybcu,Zero-shot NLI (mDeBERTa),-1,0.01322
fji10d,Zero-shot NLI (mDeBERTa),-1,0.0028
fk0cbe,Zero-shot NLI (mDeBERTa),-1,0.06528
fkfxtw,Zero-shot NLI (mDeBERTa),-1,0.05124
fkldua,Zero-shot NLI (mDeBERTa),-1,0.02139
fkm6y5,Zero-shot NLI (mDeBERTa),-1,0.00235
fl6pbu,Zero-shot NLI (mDeBERTa),-1,0.02291
flhf5m,Zero-shot NLI (mDeBERTa),-1,0.03361
fls9mk,Zero-shot NLI (mDeBERTa),-1,0.00623
flx35c,Zero-shot NLI (mDeBERTa),-1,0.00257
flx637,Zero-shot NLI (mDeBERTa),-1,0.25233
flyoyg,Zero-shot NLI (mDeBERTa),-1,0.00157
fm41er,Zero-shot NLI (mDeBERTa),-1,0.22096
fmbrtd,Zero-shot NLI (mDeBERTa),-1,0.04845
fmgq9v,Zero-shot NLI (mDeBERTa),-1,0.01908
fmkdde,Zero-shot NLI (mDeBERTa),-1,0.00076
fmzraj,Zero-shot NLI (mDeBERTa),-1,0.00846
fo70ft,Zero-shot NLI (mDeBERTa),-1,0.75443
folx5c,Zero-shot NLI (mDeBERTa),-1,0.00976
fp6tij,Zero-shot NLI (mDeBERTa),-1,0.39452
fpxm9f,Zero-shot NLI (mDeBERTa),-1,0.00686
fqfc29,Zero-shot NLI (mDeBERTa),-1,0.01946
fqhu9s,Zero-shot NLI (mDeBERTa),-1,0.0344
fqmsg2,Zero-shot NLI (mDeBERTa),-1,0.00699
frmgqu,Zero-shot NLI (mDeBERTa),-1,0.00399
ftllrc,Zero-shot NLI (mDeBERTa),-1,0.00373
fueee3,Zero-shot NLI (mDeBERTa),-1,0.07645
furh3t,Zero-shot NLI (mDeBERTa),-1,0.14666
fvaxja,Zero-shot NLI (mDeBERTa),-1,0.55535
fviobo,Zero-shot NLI (mDeBERTa),-1,0.3143
fwgse8,Zero-shot NLI (mDeBERTa),-1,0.00235
fwlvl4,Zero-shot NLI (mDeBERTa),-1,0.53645
fx3xjv,Zero-shot NLI (mDeBERTa),-1,0.111
fy2oj3,Zero-shot NLI (mDeBERTa),-1,0.15179
fy2p7f,Zero-shot NLI (mDeBERTa),-1,0.15179
g0i8rm,Zero-shot NLI (mDeBERTa),-1,0.44542
g19p90,Zero-shot NLI (mDeBERTa),-1,0.08856
g1othi,Zero-shot NLI (mDeBERTa),-1,0.01137
g2bytp,Zero-shot NLI (mDeBERTa),-1,0.02158
g2gixl,Zero-shot NLI (mDeBERTa),-1,0.08407
g2idz0,Zero-shot NLI (mDeBERTa),-1,0.00769
g34bbf,Zero-shot NLI (mDeBERTa),-1,0.70029
g4ewn0,Zero-shot NLI (mDeBERTa),-1,0.18739
g4nxk5,Zero-shot NLI (mDeBERTa),-1,0.01536
g5ky43,Zero-shot NLI (mDeBERTa),-1,0.09426
g8y3o6,Zero-shot NLI (mDeBERTa),-1,0.57474
gan3eg,Zero-shot NLI (mDeBERTa),-1,0.00137
gbdhgn,Zero-shot NLI (mDeBERTa),-1,0.97845
gd8rcb,Zero-shot NLI (mDeBERTa),-1,0.09032
gecn8f,Zero-shot NLI (mDeBERTa),-1,0.21777
ggbp5b,Zero-shot NLI (mDeBERTa),-1,0.00311
ghjdyj,Zero-shot NLI (mDeBERTa),-1,0.03036
ghslu9,Zero-shot NLI (mDeBERTa),-1,0.04685
gksuau,Zero-shot NLI (mDeBERTa),-1,0.00641
gl5kwt,Zero-shot NLI (mDeBERTa),-1,0.737
go1u33,Zero-shot NLI (mDeBERTa),-1,0.01287
go6pl2,Zero-shot NLI (mDeBERTa),-1,0.07525
gp3xs4,Zero-shot NLI (mDeBERTa),-1,0.79495
gpwapq,Zero-shot NLI (mDeBERTa),-1,0.00465
gvqoq3,Zero-shot NLI (mDeBERTa),-1,0.06563
h9dp2s,Zero-shot NLI (mDeBERTa),-1,0.01636
h9hstb,Zero-shot NLI (mDeBERTa),-1,0.00777
ha4om1,Zero-shot NLI (mDeBERTa),-1,0.13556
haav14,Zero-shot NLI (mDeBERTa),-1,0.01663
hbfvim,Zero-shot NLI (mDeBERTa),-1,0.00723
hdo19g,Zero-shot NLI (mDeBERTa),-1,0.05597
hegmoy,Zero-shot NLI (mDeBERTa),-1,0.00309
hfj7qz,Zero-shot NLI (mDeBERTa),-1,0.34675
hgeu6a,Zero-shot NLI (mDeBERTa),-1,0.00695
hgk0yr,Zero-shot NLI (mDeBERTa),-1,0.3785
hjdm2t,Zero-shot NLI (mDeBERTa),-1,0.0612
hjxc3u,Zero-shot NLI (mDeBERTa),-1,0.01463
hkqsgq,Zero-shot NLI (mDeBERTa),-1,0.15279
ho7nah,Zero-shot NLI (mDeBERTa),-1,0.29282
hojmh7,Zero-shot NLI (mDeBERTa),-1,0.11077
hwfz7k,Zero-shot NLI (mDeBERTa),-1,0.24258
hzd5d1,Zero-shot NLI (mDeBERTa),-1,0.06286
i0k0k5,Zero-shot NLI (mDeBERTa),-1,0.43088
i0mhd5,Zero-shot NLI (mDeBERTa),-1,0.73174
i0n5gc,Zero-shot NLI (mDeBERTa),-1,0.12674
i3msyd,Zero-shot NLI (mDeBERTa),-1,0.00237
i7rlrt,Zero-shot NLI (mDeBERTa),-1,0.05519
i8b5uo,Zero-shot NLI (mDeBERTa),-1,0.03721
ia99vr,Zero-shot NLI (mDeBERTa),-1,0.18223
ibcu2q,Zero-shot NLI (mDeBERTa),-1,0.00289
ic2g86,Zero-shot NLI (mDeBERTa),-1,0.42614
ice0kk,Zero-shot NLI (mDeBERTa),-1,0.00367
ici56t,Zero-shot NLI (mDeBERTa),-1,0.32659
ictrw8,Zero-shot NLI (mDeBERTa),-1,0.00029
iguhj6,Zero-shot NLI (mDeBERTa),-1,0.00266
ih08v3,Zero-shot NLI (mDeBERTa),-1,0.03669
ih7ei3,Zero-shot NLI (mDeBERTa),-1,0.13949
ihj6bx,Zero-shot NLI (mDeBERTa),-1,0.97215
iiqap8,Zero-shot NLI (mDeBERTa),-1,0.6593
iiqu94,Zero-shot NLI (mDeBERTa),-1,0.02405
ij8qio,Zero-shot NLI (mDeBERTa),-1,0.00254
iket8f,Zero-shot NLI (mDeBERTa),-1,0.53805
ilv17f,Zero-shot NLI (mDeBERTa),-1,0.42727
imb0ri,Zero-shot NLI (mDeBERTa),-1,0.02866
imc2uz,Zero-shot NLI (mDeBERTa),-1,0.11362
imi2li,Zero-shot NLI (mDeBERTa),-1,0.02542
ioql0z,Zero-shot NLI (mDeBERTa),-1,0.86347
iotgaz,Zero-shot NLI (mDeBERTa),-1,0.05043
irrxv6,Zero-shot NLI (mDeBERTa),-1,0.00599
isj1z0,Zero-shot NLI (mDeBERTa),-1,0.00512
isp3z6,Zero-shot NLI (mDeBERTa),-1,0.19122
ittyao,Zero-shot NLI (mDeBERTa),-1,0.25942
iu2a3a,Zero-shot NLI (mDeBERTa),-1,0.06489
ivghce,Zero-shot NLI (mDeBERTa),-1,0.96001
ivn1mm,Zero-shot NLI (mDeBERTa),-1,0.55955
ix01hq,Zero-shot NLI (mDeBERTa),-1,0.99667
ixrd8y,Zero-shot NLI (mDeBERTa),-1,0.00024
iy2bft,Zero-shot NLI (mDeBERTa),-1,0.05586
iyumys,Zero-shot NLI (mDeBERTa),-1,0.46498
iyvzvz,Zero-shot NLI (mDeBERTa),-1,0.02055
izsgni,Zero-shot NLI (mDeBERTa),-1,0.50602
j0t2d2,Zero-shot NLI (mDeBERTa),-1,0.0812
j1069i,Zero-shot NLI (mDeBERTa),-1,0.08125
j1zsiy,Zero-shot NLI (mDeBERTa),-1,0.00533
j29je4,Zero-shot NLI (mDeBERTa),-1,0.11439
j3wawt,Zero-shot NLI (mDeBERTa),-1,0.00617
j61gsa,Zero-shot NLI (mDeBERTa),-1,0.88392
j70xoi,Zero-shot NLI (mDeBERTa),-1,0.96354
j9sy3n,Zero-shot NLI (mDeBERTa),-1,0.06977
jaaj86,Zero-shot NLI (mDeBERTa),-1,0.64743
jbtcwk,Zero-shot NLI (mDeBERTa),-1,0.01487
jc5uzf,Zero-shot NLI (mDeBERTa),-1,0.32756
jc6461,Zero-shot NLI (mDeBERTa),-1,0.64799
jcberw,Zero-shot NLI (mDeBERTa),-1,0.04862
jgkjnm,Zero-shot NLI (mDeBERTa),-1,0.00066
jgkvtb,Zero-shot NLI (mDeBERTa),-1,0.44391
jgl84e,Zero-shot NLI (mDeBERTa),-1,0.00934
jh46cv,Zero-shot NLI (mDeBERTa),-1,0.0049
jia61d,Zero-shot NLI (mDeBERTa),-1,0.23854
jivlvr,Zero-shot NLI (mDeBERTa),-1,0.05193
jjwuzn,Zero-shot NLI (mDeBERTa),-1,0.1718
jjylnj,Zero-shot NLI (mDeBERTa),-1,0.54045
jkh3zx,Zero-shot NLI (mDeBERTa),-1,0.0384
jkrv3d,Zero-shot NLI (mDeBERTa),-1,0.00361
jkrze6,Zero-shot NLI (mDeBERTa),-1,0.0032
jm32gj,Zero-shot NLI (mDeBERTa),-1,0.09682
jncki5,Zero-shot NLI (mDeBERTa),-1,0.00329
jnyj70,Zero-shot NLI (mDeBERTa),-1,0.02289
jogf8j,Zero-shot NLI (mDeBERTa),-1,0.02019
jp39k1,Zero-shot NLI (mDeBERTa),-1,0.02159
jpqv0v,Zero-shot NLI (mDeBERTa),-1,0.07918
jrjcgw,Zero-shot NLI (mDeBERTa),-1,0.00101
js5av6,Zero-shot NLI (mDeBERTa),-1,0.0032
jvpzh0,Zero-shot NLI (mDeBERTa),-1,0.11929
jvqnsn,Zero-shot NLI (mDeBERTa),-1,0.17073
jx5mib,Zero-shot NLI (mDeBERTa),-1,0.00092
jzldwr,Zero-shot NLI (mDeBERTa),-1,0.03407
k577mi,Zero-shot NLI (mDeBERTa),-1,0.17334
k603dd,Zero-shot NLI (mDeBERTa),-1,0.01415
k603y6,Zero-shot NLI (mDeBERTa),-1,0.67702
k624c4,Zero-shot NLI (mDeBERTa),-1,0.06182
k6o6bw,Zero-shot NLI (mDeBERTa),-1,0.78292
k90kjc,Zero-shot NLI (mDeBERTa),-1,0.03315
k9ajeu,Zero-shot NLI (mDeBERTa),-1,0.75427
k9tt6x,Zero-shot NLI (mDeBERTa),-1,0.13167
kabbn0,Zero-shot NLI (mDeBERTa),-1,0.01155
kc99mr,Zero-shot NLI (mDeBERTa),-1,0.11377
keiyka,Zero-shot NLI (mDeBERTa),-1,0.00063
kfjwh1,Zero-shot NLI (mDeBERTa),-1,0.01772
kgrai2,Zero-shot NLI (mDeBERTa),-1,0.53902
khpbim,Zero-shot NLI (mDeBERTa),-1,0.1147
kixuic,Zero-shot NLI (mDeBERTa),-1,0.05468
kj9yic,Zero-shot NLI (mDeBERTa),-1,0.01095
kjm1a3,Zero-shot NLI (mDeBERTa),-1,0.14607
knlqii,Zero-shot NLI (mDeBERTa),-1,0.00994
knlr19,Zero-shot NLI (mDeBERTa),-1,0.00994
ko9dyf,Zero-shot NLI (mDeBERTa),-1,0.12483
kp0re0,Zero-shot NLI (mDeBERTa),-1,0.04368
krjrvz,Zero-shot NLI (mDeBERTa),-1,0.22882
krnvhz,Zero-shot NLI (mDeBERTa),-1,0.0233
ksik3u,Zero-shot NLI (mDeBERTa),-1,0.08866
kslmtn,Zero-shot NLI (mDeBERTa),-1,0.00727
kt1iuf,Zero-shot NLI (mDeBERTa),-1,0.11169
kt8gmt,Zero-shot NLI (mDeBERTa),-1,0.0839
kuyyyj,Zero-shot NLI (mDeBERTa),-1,0.0006
kyt8fg,Zero-shot NLI (mDeBERTa),-1,0.17563
kz90ac,Zero-shot NLI (mDeBERTa),-1,0.40634
l0kqeb,Zero-shot NLI (mDeBERTa),-1,0.99104
l1v347,Zero-shot NLI (mDeBERTa),-1,0.01847
l25gdq,Zero-shot NLI (mDeBERTa),-1,0.14318
l4i7ej,Zero-shot NLI (mDeBERTa),-1,0.1715
l4vujj,Zero-shot NLI (mDeBERTa),-1,0.04028
l5djp3,Zero-shot NLI (mDeBERTa),-1,0.99903
l5g4qt,Zero-shot NLI (mDeBERTa),-1,0.0094
l5k8py,Zero-shot NLI (mDeBERTa),-1,0.0543
l769em,Zero-shot NLI (mDeBERTa),-1,0.02688
l79sl5,Zero-shot NLI (mDeBERTa),-1,0.00115
l7ou1m,Zero-shot NLI (mDeBERTa),-1,0.17509
la0a8q,Zero-shot NLI (mDeBERTa),-1,0.00122
la93c7,Zero-shot NLI (mDeBERTa),-1,0.07116
lcp4ri,Zero-shot NLI (mDeBERTa),-1,0.23614
ld48jf,Zero-shot NLI (mDeBERTa),-1,0.00172
ld93pc,Zero-shot NLI (mDeBERTa),-1,0.00292
lfh2sm,Zero-shot NLI (mDeBERTa),-1,0.00211
lfzbmy,Zero-shot NLI (mDeBERTa),-1,0.01045
lg2dzw,Zero-shot NLI (mDeBERTa),-1,0.0173
lg2k8j,Zero-shot NLI (mDeBERTa),-1,0.26615
li83kz,Zero-shot NLI (mDeBERTa),-1,0.00305
lm0xgx,Zero-shot NLI (mDeBERTa),-1,0.00843
lp5f2u,Zero-shot NLI (mDeBERTa),-1,0.11741
lpj2mi,Zero-shot NLI (mDeBERTa),-1,0.00167
lpkviw,Zero-shot NLI (mDeBERTa),-1,0.14637
lpuvub,Zero-shot NLI (mDeBERTa),-1,0.00024
lpv6b2,Zero-shot NLI (mDeBERTa),-1,0.01763
lv2ls2,Zero-shot NLI (mDeBERTa),-1,0.08304
lvxwqy,Zero-shot NLI (mDeBERTa),-1,0.77187
lx1vgg,Zero-shot NLI (mDeBERTa),-1,0.57521
m0aaur,Zero-shot NLI (mDeBERTa),-1,0.00185
m1ethl,Zero-shot NLI (mDeBERTa),-1,0.1661
m3bs8z,Zero-shot NLI (mDeBERTa),-1,0.36977
m4tu00,Zero-shot NLI (mDeBERTa),-1,0.05608
m5h2ks,Zero-shot NLI (mDeBERTa),-1,0.00702
m5kxle,Zero-shot NLI (mDeBERTa),-1,0.0871
m8cg12,Zero-shot NLI (mDeBERTa),-1,0.01209
m9eho9,Zero-shot NLI (mDeBERTa),-1,0.08635
mai7eq,Zero-shot NLI (mDeBERTa),-1,0.00312
mbi4r0,Zero-shot NLI (mDeBERTa),-1,0.43026
mckjmc,Zero-shot NLI (mDeBERTa),-1,0.05008
mdj0lc,Zero-shot NLI (mDeBERTa),-1,0.06697
meh6b8,Zero-shot NLI (mDeBERTa),-1,0.1007
meujox,Zero-shot NLI (mDeBERTa),-1,0.18832
mfkofn,Zero-shot NLI (mDeBERTa),-1,0.00102
mh20h1,Zero-shot NLI (mDeBERTa),-1,0.01694
mhhicw,Zero-shot NLI (mDeBERTa),-1,0.65323
mhrbt0,Zero-shot NLI (mDeBERTa),-1,0.0396
mjgb76,Zero-shot NLI (mDeBERTa),-1,0.01743
mk65eu,Zero-shot NLI (mDeBERTa),-1,0.00704
mkefb8,Zero-shot NLI (mDeBERTa),-1,0.02114
ml6tfy,Zero-shot NLI (mDeBERTa),-1,0.75113
ml8s52,Zero-shot NLI (mDeBERTa),-1,0.00612
mlwbui,Zero-shot NLI (mDeBERTa),-1,0.00967
mlyr54,Zero-shot NLI (mDeBERTa),-1,0.40938
mnfunz,Zero-shot NLI (mDeBERTa),-1,0.03654
mo3jua,Zero-shot NLI (mDeBERTa),-1,0.22518
mpauaf,Zero-shot NLI (mDeBERTa),-1,0.06905
mpxraz,Zero-shot NLI (mDeBERTa),-1,0.00421
mqbsvc,Zero-shot NLI (mDeBERTa),-1,0.10972
mqm14i,Zero-shot NLI (mDeBERTa),-1,0.06655
mrqhab,Zero-shot NLI (mDeBERTa),-1,0.01729
mss81s,Zero-shot NLI (mDeBERTa),-1,0.59359
mtfpga,Zero-shot NLI (mDeBERTa),-1,0.87172
mun21m,Zero-shot NLI (mDeBERTa),-1,0.80311
munkj0,Zero-shot NLI (mDeBERTa),-1,0.00066
mwtpq2,Zero-shot NLI (mDeBERTa),-1,0.41137
mwv5qu,Zero-shot NLI (mDeBERTa),-1,0.00118
myfex3,Zero-shot NLI (mDeBERTa),-1,0.03813
myq7qn,Zero-shot NLI (mDeBERTa),-1,0.00671
n0dmbg,Zero-shot NLI (mDeBERTa),-1,0.04916
n14wzz,Zero-shot NLI (mDeBERTa),-1,0.52409
n2ckjs,Zero-shot NLI (mDeBERTa),-1,0.00721
n5jatz,Zero-shot NLI (mDeBERTa),-1,0.61978
n6i122,Zero-shot NLI (mDeBERTa),-1,0.8532
n79v3,Zero-shot NLI (mDeBERTa),-1,0.30248
n90ru9,Zero-shot NLI (mDeBERTa),-1,0.21248
nbgk37,Zero-shot NLI (mDeBERTa),-1,0.16132
ndy44b,Zero-shot NLI (mDeBERTa),-1,0.00555
nelkdp,Zero-shot NLI (mDeBERTa),-1,0.50821
nh21mm,Zero-shot NLI (mDeBERTa),-1,0.0248
nh2xbd,Zero-shot NLI (mDeBERTa),-1,0.24304
nhmo1w,Zero-shot NLI (mDeBERTa),-1,0.21908
nhp74a,Zero-shot NLI (mDeBERTa),-1,0.00754
nid4xk,Zero-shot NLI (mDeBERTa),-1,0.35567
njswvw,Zero-shot NLI (mDeBERTa),-1,0.00059
nmud4m,Zero-shot NLI (mDeBERTa),-1,0.11104
np2d26,Zero-shot NLI (mDeBERTa),-1,0.03851
nqefuh,Zero-shot NLI (mDeBERTa),-1,0.00013
nqk4aw,Zero-shot NLI (mDeBERTa),-1,0.26515
nquxge,Zero-shot NLI (mDeBERTa),-1,0.5325
nra3e8,Zero-shot NLI (mDeBERTa),-1,0.00381
nryb61,Zero-shot NLI (mDeBERTa),-1,0.00232
nu4qwm,Zero-shot NLI (mDeBERTa),-1,0.05227
nuepgt,Zero-shot NLI (mDeBERTa),-1,0.00283
nulmqc,Zero-shot NLI (mDeBERTa),-1,0.42142
nv4089,Zero-shot NLI (mDeBERTa),-1,0.01753
nv9hr6,Zero-shot NLI (mDeBERTa),-1,0.01753
nvbh3w,Zero-shot NLI (mDeBERTa),-1,0.01549
nxvq3a,Zero-shot NLI (mDeBERTa),-1,0.31711
nyq4wo,Zero-shot NLI (mDeBERTa),-1,0.80642
nys24t,Zero-shot NLI (mDeBERTa),-1,0.02117
nyvi2e,Zero-shot NLI (mDeBERTa),-1,0.65419
nyxyka,Zero-shot NLI (mDeBERTa),-1,0.30534
o18i8w,Zero-shot NLI (mDeBERTa),-1,0.00356
o3c60p,Zero-shot NLI (mDeBERTa),-1,0.00494
o4diru,Zero-shot NLI (mDeBERTa),-1,0.09543
o6lnfo,Zero-shot NLI (mDeBERTa),-1,0.47578
o7toq9,Zero-shot NLI (mDeBERTa),-1,0.06368
o9yu8w,Zero-shot NLI (mDeBERTa),-1,0.24147
objeos,Zero-shot NLI (mDeBERTa),-1,0.00784
obpuh8,Zero-shot NLI (mDeBERTa),-1,0.0105
obsrfj,Zero-shot NLI (mDeBERTa),-1,0.0136
oc48n5,Zero-shot NLI (mDeBERTa),-1,0.00359
oc89ax,Zero-shot NLI (mDeBERTa),-1,0.0003
oe1lri,Zero-shot NLI (mDeBERTa),-1,0.20243
offbxc,Zero-shot NLI (mDeBERTa),-1,0.01222
ohim6f,Zero-shot NLI (mDeBERTa),-1,0.00194
ohz00h,Zero-shot NLI (mDeBERTa),-1,0.15558
oit39s,Zero-shot NLI (mDeBERTa),-1,0.01594
ojb4cb,Zero-shot NLI (mDeBERTa),-1,0.377
ojmy4l,Zero-shot NLI (mDeBERTa),-1,0.07428
ok75sy,Zero-shot NLI (mDeBERTa),-1,0.06176
oknoru,Zero-shot NLI (mDeBERTa),-1,0.04294
okqta8,Zero-shot NLI (mDeBERTa),-1,0.07428
old392,Zero-shot NLI (mDeBERTa),-1,0.2257
olukpq,Zero-shot NLI (mDeBERTa),-1,0.16081
onwka1,Zero-shot NLI (mDeBERTa),-1,0.0998
ooa0ki,Zero-shot NLI (mDeBERTa),-1,0.00461
oomes0,Zero-shot NLI (mDeBERTa),-1,0.00523
oon4a8,Zero-shot NLI (mDeBERTa),-1,0.105
op3cu9,Zero-shot NLI (mDeBERTa),-1,0.08433
oq3df1,Zero-shot NLI (mDeBERTa),-1,0.02275
orj107,Zero-shot NLI (mDeBERTa),-1,0.00747
ot4rej,Zero-shot NLI (mDeBERTa),-1,0.01065
oug55y,Zero-shot NLI (mDeBERTa),-1,0.09646
ovsuej,Zero-shot NLI (mDeBERTa),-1,0.00286
owq7xx,Zero-shot NLI (mDeBERTa),-1,0.00252
owxain,Zero-shot NLI (mDeBERTa),-1,0.01613
oxyd6v,Zero-shot NLI (mDeBERTa),-1,0.08259
p0vx4n,Zero-shot NLI (mDeBERTa),-1,0.12327
p19ls2,Zero-shot NLI (mDeBERTa),-1,0.08
p1l865,Zero-shot NLI (mDeBERTa),-1,0.0659
p1q2yw,Zero-shot NLI (mDeBERTa),-1,0.26497
p370dc,Zero-shot NLI (mDeBERTa),-1,0.91538
p3kigu,Zero-shot NLI (mDeBERTa),-1,0.0333
p3nfil,Zero-shot NLI (mDeBERTa),-1,0.00102
p51lhn,Zero-shot NLI (mDeBERTa),-1,0.00508
p6eek4,Zero-shot NLI (mDeBERTa),-1,0.1454
p7iocm,Zero-shot NLI (mDeBERTa),-1,0.00994
p7m4ro,Zero-shot NLI (mDeBERTa),-1,0.02918
p96cry,Zero-shot NLI (mDeBERTa),-1,0.33755
p9uw35,Zero-shot NLI (mDeBERTa),-1,0.21087
pa139w,Zero-shot NLI (mDeBERTa),-1,0.05059
pb8yww,Zero-shot NLI (mDeBERTa),-1,0.88002
pbj8bp,Zero-shot NLI (mDeBERTa),-1,0.00736
pc3h4n,Zero-shot NLI (mDeBERTa),-1,0.01036
peeucn,Zero-shot NLI (mDeBERTa),-1,0.19363
pekj2t,Zero-shot NLI (mDeBERTa),-1,0.01223
pezlht,Zero-shot NLI (mDeBERTa),-1,0.85954
pf1pew,Zero-shot NLI (mDeBERTa),-1,0.02656
pfxx55,Zero-shot NLI (mDeBERTa),-1,0.01344
phrd2s,Zero-shot NLI (mDeBERTa),-1,0.40798
phv7m2,Zero-shot NLI (mDeBERTa),-1,0.75497
pid6cq,Zero-shot NLI (mDeBERTa),-1,0.32977
piezlr,Zero-shot NLI (mDeBERTa),-1,0.00463
piugjq,Zero-shot NLI (mDeBERTa),-1,0.30969
pjmyno,Zero-shot NLI (mDeBERTa),-1,0.15359
pk6bln,Zero-shot NLI (mDeBERTa),-1,0.02358
pkts2h,Zero-shot NLI (mDeBERTa),-1,0.14607
plkpyx,Zero-shot NLI (mDeBERTa),-1,0.00355
pnawuz,Zero-shot NLI (mDeBERTa),-1,0.20278
pov23z,Zero-shot NLI (mDeBERTa),-1,0.00405
pqsmie,Zero-shot NLI (mDeBERTa),-1,0.17468
prtvou,Zero-shot NLI (mDeBERTa),-1,0.05843
pt7fzz,Zero-shot NLI (mDeBERTa),-1,0.01889
ptqhaw,Zero-shot NLI (mDeBERTa),-1,0.09558
pttfys,Zero-shot NLI (mDeBERTa),-1,0.38123
pu3wbk,Zero-shot NLI (mDeBERTa),-1,0.06963
pu5seb,Zero-shot NLI (mDeBERTa),-1,0.08987
puk6sq,Zero-shot NLI (mDeBERTa),-1,0.00412
pvl8c7,Zero-shot NLI (mDeBERTa),-1,0.00213
pyiy57,Zero-shot NLI (mDeBERTa),-1,0.00112
q12fz2,Zero-shot NLI (mDeBERTa),-1,0.0348
q1p1n6,Zero-shot NLI (mDeBERTa),-1,0.01379
q1z1tr,Zero-shot NLI (mDeBERTa),-1,0.1611
q4ppb6,Zero-shot NLI (mDeBERTa),-1,0.07665
q5qhh3,Zero-shot NLI (mDeBERTa),-1,0.01084
q5sw9e,Zero-shot NLI (mDeBERTa),-1,0.0011
q5ysp8,Zero-shot NLI (mDeBERTa),-1,0.00208
q6gnqh,Zero-shot NLI (mDeBERTa),-1,0.0073
qc2lzn,Zero-shot NLI (mDeBERTa),-1,0.00088
qcolhb,Zero-shot NLI (mDeBERTa),-1,0.06379
qdjokh,Zero-shot NLI (mDeBERTa),-1,0.00118
qffqm2,Zero-shot NLI (mDeBERTa),-1,0.00512
qg7f5j,Zero-shot NLI (mDeBERTa),-1,0.00041
qj2ez7,Zero-shot NLI (mDeBERTa),-1,0.00456
qjlr54,Zero-shot NLI (mDeBERTa),-1,0.00121
qkc9ob,Zero-shot NLI (mDeBERTa),-1,0.00349
qlponw,Zero-shot NLI (mDeBERTa),-1,0.00117
qm3zs5,Zero-shot NLI (mDeBERTa),-1,0.00037
qmj0et,Zero-shot NLI (mDeBERTa),-1,0.01545
qmpcrf,Zero-shot NLI (mDeBERTa),-1,0.52201
qn5bzy,Zero-shot NLI (mDeBERTa),-1,0.44422
qo5r1s,Zero-shot NLI (mDeBERTa),-1,0.20971
qol0qg,Zero-shot NLI (mDeBERTa),-1,0.6185
qpcpda,Zero-shot NLI (mDeBERTa),-1,0.00171
qqnm18,Zero-shot NLI (mDeBERTa),-1,0.01403
qqou2m,Zero-shot NLI (mDeBERTa),-1,0.48069
qqzv8s,Zero-shot NLI (mDeBERTa),-1,0.47777
qr5jpf,Zero-shot NLI (mDeBERTa),-1,0.00079
qrg5l7,Zero-shot NLI (mDeBERTa),-1,0.01069
qtqqh5,Zero-shot NLI (mDeBERTa),-1,0.51943
qulnig,Zero-shot NLI (mDeBERTa),-1,0.2457
qve6b0,Zero-shot NLI (mDeBERTa),-1,0.05303
qvl6qi,Zero-shot NLI (mDeBERTa),-1,0.00697
qy9h6x,Zero-shot NLI (mDeBERTa),-1,0.04278
qzmhg7,Zero-shot NLI (mDeBERTa),-1,0.01024
r0bzft,Zero-shot NLI (mDeBERTa),-1,0.05126
r0kqab,Zero-shot NLI (mDeBERTa),-1,0.03561
r1sqhl,Zero-shot NLI (mDeBERTa),-1,0.06808
r1vvup,Zero-shot NLI (mDeBERTa),-1,0.18459
r1yxhd,Zero-shot NLI (mDeBERTa),-1,0.77044
r2ie0y,Zero-shot NLI (mDeBERTa),-1,0.92507
r3ibr2,Zero-shot NLI (mDeBERTa),-1,0.00599
r7flie,Zero-shot NLI (mDeBERTa),-1,0.07995
r7ia29,Zero-shot NLI (mDeBERTa),-1,0.20928
r7knn3,Zero-shot NLI (mDeBERTa),-1,0.11856
raut39,Zero-shot NLI (mDeBERTa),-1,0.02014
rcetl2,Zero-shot NLI (mDeBERTa),-1,0.02646
rdtec3,Zero-shot NLI (mDeBERTa),-1,0.79571
rek0w8,Zero-shot NLI (mDeBERTa),-1,0.02419
ri6vc6,Zero-shot NLI (mDeBERTa),-1,0.00913
riqfj6,Zero-shot NLI (mDeBERTa),-1,0.09994
rir6v3,Zero-shot NLI (mDeBERTa),-1,0.00287
rmxsrq,Zero-shot NLI (mDeBERTa),-1,0.09117
rmyfyx,Zero-shot NLI (mDeBERTa),-1,0.0041
rp43h1,Zero-shot NLI (mDeBERTa),-1,0.23946
rpj0v2,Zero-shot NLI (mDeBERTa),-1,0.10668
rr8ahf,Zero-shot NLI (mDeBERTa),-1,0.04028
rri8xa,Zero-shot NLI (mDeBERTa),-1,0.51096
rt15y0,Zero-shot NLI (mDeBERTa),-1,0.48191
rtqq9p,Zero-shot NLI (mDeBERTa),-1,0.34712
rtuung,Zero-shot NLI (mDeBERTa),-1,0.16659
rus5sh,Zero-shot NLI (mDeBERTa),-1,0.01451
ruxsws,Zero-shot NLI (mDeBERTa),-1,0.12391
rvq046,Zero-shot NLI (mDeBERTa),-1,0.00454
rvtgmr,Zero-shot NLI (mDeBERTa),-1,0.02582
rwjt89,Zero-shot NLI (mDeBERTa),-1,0.04469
rwmqxx,Zero-shot NLI (mDeBERTa),-1,0.00527
rworgg,Zero-shot NLI (mDeBERTa),-1,0.08172
rxlufc,Zero-shot NLI (mDeBERTa),-1,0.01339
ry2y0q,Zero-shot NLI (mDeBERTa),-1,0.39365
ry3nne,Zero-shot NLI (mDeBERTa),-1,0.07861
rzrsx7,Zero-shot NLI (mDeBERTa),-1,0.01228
s0ep2s,Zero-shot NLI (mDeBERTa),-1,0.47003
s0lfxs,Zero-shot NLI (mDeBERTa),-1,0.10595
s19u4b,Zero-shot NLI (mDeBERTa),-1,0.02837
s25tsv,Zero-shot NLI (mDeBERTa),-1,0.00132
s2zl4w,Zero-shot NLI (mDeBERTa),-1,0.79479
s3vm5c,Zero-shot NLI (mDeBERTa),-1,0.00363
s427nc,Zero-shot NLI (mDeBERTa),-1,0.01193
s4k0lg,Zero-shot NLI (mDeBERTa),-1,0.52015
s5dzze,Zero-shot NLI (mDeBERTa),-1,0.00676
s5yy4a,Zero-shot NLI (mDeBERTa),-1,0.01187
s6v32r,Zero-shot NLI (mDeBERTa),-1,0.53711
s6viqn,Zero-shot NLI (mDeBERTa),-1,0.37876
s6y1k2,Zero-shot NLI (mDeBERTa),-1,0.0045
s71noq,Zero-shot NLI (mDeBERTa),-1,0.17504
s8gkdj,Zero-shot NLI (mDeBERTa),-1,0.02072
s8kcsj,Zero-shot NLI (mDeBERTa),-1,0.00766
s8kxgt,Zero-shot NLI (mDeBERTa),-1,0.14696
s8nkyw,Zero-shot NLI (mDeBERTa),-1,0.00077
say4xj,Zero-shot NLI (mDeBERTa),-1,0.00723
sbmf6b,Zero-shot NLI (mDeBERTa),-1,0.87456
sd73xx,Zero-shot NLI (mDeBERTa),-1,0.43191
sdx1zh,Zero-shot NLI (mDeBERTa),-1,0.13467
se849k,Zero-shot NLI (mDeBERTa),-1,0.00753
seor6s,Zero-shot NLI (mDeBERTa),-1,0.08143
sg3lfk,Zero-shot NLI (mDeBERTa),-1,0.01649
sgvtsu,Zero-shot NLI (mDeBERTa),-1,0.19193
si6c5r,Zero-shot NLI (mDeBERTa),-1,0.26093
sii340,Zero-shot NLI (mDeBERTa),-1,0.18922
sit78i,Zero-shot NLI (mDeBERTa),-1,0.98644
siuakv,Zero-shot NLI (mDeBERTa),-1,0.06182
sjxrk3,Zero-shot NLI (mDeBERTa),-1,0.20168
smkm1j,Zero-shot NLI (mDeBERTa),-1,0.09835
smzl0y,Zero-shot NLI (mDeBERTa),-1,0.03824
sqnak8,Zero-shot NLI (mDeBERTa),-1,0.00146
sqrcuv,Zero-shot NLI (mDeBERTa),-1,0.00826
sqrsf0,Zero-shot NLI (mDeBERTa),-1,0.03707
stsis1,Zero-shot NLI (mDeBERTa),-1,0.00219
stu70x,Zero-shot NLI (mDeBERTa),-1,0.7611
svfoic,Zero-shot NLI (mDeBERTa),-1,0.01141
swaij2,Zero-shot NLI (mDeBERTa),-1,0.01677
sxnj3u,Zero-shot NLI (mDeBERTa),-1,0.00308
sxqmas,Zero-shot NLI (mDeBERTa),-1,0.00186
t0zqxo,Zero-shot NLI (mDeBERTa),-1,0.00222
t1991p,Zero-shot NLI (mDeBERTa),-1,0.03495
t2m2sp,Zero-shot NLI (mDeBERTa),-1,0.02651
t3cbqx,Zero-shot NLI (mDeBERTa),-1,0.1869
t3f6jf,Zero-shot NLI (mDeBERTa),-1,0.00306
t5jolk,Zero-shot NLI (mDeBERTa),-1,0.00352
t8k9bm,Zero-shot NLI (mDeBERTa),-1,0.60808
t8m8br,Zero-shot NLI (mDeBERTa),-1,0.01903
t9h37p,Zero-shot NLI (mDeBERTa),-1,0.01804
t9rxro,Zero-shot NLI (mDeBERTa),-1,0.56623
ta9hzg,Zero-shot NLI (mDeBERTa),-1,0.00447
tcd4ea,Zero-shot NLI (mDeBERTa),-1,0.02785
tcdy59,Zero-shot NLI (mDeBERTa),-1,0.00828
tdti6b,Zero-shot NLI (mDeBERTa),-1,0.36623
tex3t2,Zero-shot NLI (mDeBERTa),-1,0.04219
tfex6r,Zero-shot NLI (mDeBERTa),-1,0.00192
tff4oo,Zero-shot NLI (mDeBERTa),-1,0.00276
tga5wh,Zero-shot NLI (mDeBERTa),-1,0.01483
tgx9do,Zero-shot NLI (mDeBERTa),-1,0.01835
thqmny,Zero-shot NLI (mDeBERTa),-1,0.03787
tj5mon,Zero-shot NLI (mDeBERTa),-1,0.02456
tj64pr,Zero-shot NLI (mDeBERTa),-1,0.14825
tj9grk,Zero-shot NLI (mDeBERTa),-1,0.02979
tjd9sg,Zero-shot NLI (mDeBERTa),-1,0.488
tkah7f,Zero-shot NLI (mDeBERTa),-1,0.0439
tko0oa,Zero-shot NLI (mDeBERTa),-1,0.70811
tne29w,Zero-shot NLI (mDeBERTa),-1,0.08401
tngso3,Zero-shot NLI (mDeBERTa),-1,0.31477
tpp04o,Zero-shot NLI (mDeBERTa),-1,0.11471
tq9ql5,Zero-shot NLI (mDeBERTa),-1,0.02758
tq9whl,Zero-shot NLI (mDeBERTa),-1,0.33986
tqs9hv,Zero-shot NLI (mDeBERTa),-1,0.06659
tqzpga,Zero-shot NLI (mDeBERTa),-1,0.10034
trz6tx,Zero-shot NLI (mDeBERTa),-1,0.29317
tsszug,Zero-shot NLI (mDeBERTa),-1,0.17782
ttajh4,Zero-shot NLI (mDeBERTa),-1,0.00244
tu5kvn,Zero-shot NLI (mDeBERTa),-1,0.02363
tuigm2,Zero-shot NLI (mDeBERTa),-1,0.94866
tulwnl,Zero-shot NLI (mDeBERTa),-1,0.04223
tuxfqm,Zero-shot NLI (mDeBERTa),-1,0.01059
tv6jha,Zero-shot NLI (mDeBERTa),-1,0.00876
tvv6l3,Zero-shot NLI (mDeBERTa),-1,0.35875
tvvlsn,Zero-shot NLI (mDeBERTa),-1,0.00662
twno29,Zero-shot NLI (mDeBERTa),-1,0.44072
twqbiv,Zero-shot NLI (mDeBERTa),-1,0.45891
twtj3l,Zero-shot NLI (mDeBERTa),-1,0.07584
twzazb,Zero-shot NLI (mDeBERTa),-1,0.68544
twzdpb,Zero-shot NLI (mDeBERTa),-1,0.00337
txev90,Zero-shot NLI (mDeBERTa),-1,0.03813
txiefh,Zero-shot NLI (mDeBERTa),-1,0.03479
txj2le,Zero-shot NLI (mDeBERTa),-1,0.13241
txu6iw,Zero-shot NLI (mDeBERTa),-1,0.23071
ty61qq,Zero-shot NLI (mDeBERTa),-1,0.17784
tye0kt,Zero-shot NLI (mDeBERTa),-1,0.00032
tyg26z,Zero-shot NLI (mDeBERTa),-1,0.0094
tzjv11,Zero-shot NLI (mDeBERTa),-1,0.61
tzq230,Zero-shot NLI (mDeBERTa),-1,0.01463
u0dwf0,Zero-shot NLI (mDeBERTa),-1,0.20128
u1725f,Zero-shot NLI (mDeBERTa),-1,0.00056
u175uu,Zero-shot NLI (mDeBERTa),-1,0.13773
u1a0we,Zero-shot NLI (mDeBERTa),-1,0.0211
u1stp9,Zero-shot NLI (mDeBERTa),-1,0.50632
u1uv83,Zero-shot NLI (mDeBERTa),-1,0.00809
u20isz,Zero-shot NLI (mDeBERTa),-1,0.02417
u28xy6,Zero-shot NLI (mDeBERTa),-1,0.1303
u2k2hi,Zero-shot NLI (mDeBERTa),-1,0.02435
u2koj4,Zero-shot NLI (mDeBERTa),-1,0.00574
u2sccm,Zero-shot NLI (mDeBERTa),-1,0.0523
u2w1gt,Zero-shot NLI (mDeBERTa),-1,0.02459
u2wov2,Zero-shot NLI (mDeBERTa),-1,0.03749
u45mul,Zero-shot NLI (mDeBERTa),-1,0.07041
u4xjdq,Zero-shot NLI (mDeBERTa),-1,0.56206
u5imm7,Zero-shot NLI (mDeBERTa),-1,0.00425
u5iqno,Zero-shot NLI (mDeBERTa),-1,0.25909
u6wyq8,Zero-shot NLI (mDeBERTa),-1,0.0012
u6zb89,Zero-shot NLI (mDeBERTa),-1,0.12731
u7tu70,Zero-shot NLI (mDeBERTa),-1,0.87044
u7uhz2,Zero-shot NLI (mDeBERTa),-1,0.0044
u80a3u,Zero-shot NLI (mDeBERTa),-1,0.1883
u8o54e,Zero-shot NLI (mDeBERTa),-1,0.00061
u9in0y,Zero-shot NLI (mDeBERTa),-1,0.00461
ubia9r,Zero-shot NLI (mDeBERTa),-1,0.00016
ujkb6o,Zero-shot NLI (mDeBERTa),-1,0.00306
ullr4v,Zero-shot NLI (mDeBERTa),-1,0.0037
ulo9ot,Zero-shot NLI (mDeBERTa),-1,0.42221
ulp0es,Zero-shot NLI (mDeBERTa),-1,0.30611
umehos,Zero-shot NLI (mDeBERTa),-1,0.09448
uorpth,Zero-shot NLI (mDeBERTa),-1,0.37352
urftnb,Zero-shot NLI (mDeBERTa),-1,0.00124
urgn2d,Zero-shot NLI (mDeBERTa),-1,0.0019
us26sy,Zero-shot NLI (mDeBERTa),-1,0.00844
usyrk1,Zero-shot NLI (mDeBERTa),-1,0.45095
ut1w2k,Zero-shot NLI (mDeBERTa),-1,0.00989
uv7rco,Zero-shot NLI (mDeBERTa),-1,0.01977
uvvzyu,Zero-shot NLI (mDeBERTa),-1,0.02853
uw0gg6,Zero-shot NLI (mDeBERTa),-1,0.0311
uwln53,Zero-shot NLI (mDeBERTa),-1,0.00779
uxeake,Zero-shot NLI (mDeBERTa),-1,0.00097
v0j1qf,Zero-shot NLI (mDeBERTa),-1,0.01672
v2bfj2,Zero-shot NLI (mDeBERTa),-1,0.08896
v3412y,Zero-shot NLI (mDeBERTa),-1,0.15578
v3bd7k,Zero-shot NLI (mDeBERTa),-1,0.01648
v3zw9e,Zero-shot NLI (mDeBERTa),-1,0.01267
v5a8iu,Zero-shot NLI (mDeBERTa),-1,0.00267
v5j9ny,Zero-shot NLI (mDeBERTa),-1,0.1896
v66cxj,Zero-shot NLI (mDeBERTa),-1,0.01
v6qwzm,Zero-shot NLI (mDeBERTa),-1,0.01506
v7iaoe,Zero-shot NLI (mDeBERTa),-1,0.07054
v7j4nq,Zero-shot NLI (mDeBERTa),-1,0.07127
v7ul64,Zero-shot NLI (mDeBERTa),-1,0.00183
v8gd7u,Zero-shot NLI (mDeBERTa),-1,0.01979
v8jpq9,Zero-shot NLI (mDeBERTa),-1,0.60256
v95jzy,Zero-shot NLI (mDeBERTa),-1,0.00082
vaj364,Zero-shot NLI (mDeBERTa),-1,0.00099
valify,Zero-shot NLI (mDeBERTa),-1,0.17848
vctood,Zero-shot NLI (mDeBERTa),-1,0.11212
vd2qqh,Zero-shot NLI (mDeBERTa),-1,0.45579
vdm3or,Zero-shot NLI (mDeBERTa),-1,0.04231
vec520,Zero-shot NLI (mDeBERTa),-1,0.01092
veq5sm,Zero-shot NLI (mDeBERTa),-1,0.01537
vg3z1x,Zero-shot NLI (mDeBERTa),-1,0.01084
vgk4kj,Zero-shot NLI (mDeBERTa),-1,0.11061
vhn3ne,Zero-shot NLI (mDeBERTa),-1,0.00254
vi8zcb,Zero-shot NLI (mDeBERTa),-1,0.0015
vo65bw,Zero-shot NLI (mDeBERTa),-1,0.02406
vqndkq,Zero-shot NLI (mDeBERTa),-1,0.09632
vs0jf2,Zero-shot NLI (mDeBERTa),-1,0.01897
vskks,Zero-shot NLI (mDeBERTa),-1,0.00064
vu7hw1,Zero-shot NLI (mDeBERTa),-1,0.00888
vy62fx,Zero-shot NLI (mDeBERTa),-1,0.00788
vyq0jh,Zero-shot NLI (mDeBERTa),-1,0.00089
vyr2ez,Zero-shot NLI (mDeBERTa),-1,0.73924
vyrf29,Zero-shot NLI (mDeBERTa),-1,0.09983
w1fc4i,Zero-shot NLI (mDeBERTa),-1,0.01591
w28bbb,Zero-shot NLI (mDeBERTa),-1,0.04707
w4l7b3,Zero-shot NLI (mDeBERTa),-1,0.01884
w524xy,Zero-shot NLI (mDeBERTa),-1,0.00217
w64hnf,Zero-shot NLI (mDeBERTa),-1,0.9359
w8et95,Zero-shot NLI (mDeBERTa),-1,0.52018
w8go16,Zero-shot NLI (mDeBERTa),-1,0.01022
w9esue,Zero-shot NLI (mDeBERTa),-1,0.10784
wanv20,Zero-shot NLI (mDeBERTa),-1,0.81081
wb29ee,Zero-shot NLI (mDeBERTa),-1,0.82562
wb2z5l,Zero-shot NLI (mDeBERTa),-1,0.41177
wddtzu,Zero-shot NLI (mDeBERTa),-1,0.00049
we62zs,Zero-shot NLI (mDeBERTa),-1,0.01357
we8icr,Zero-shot NLI (mDeBERTa),-1,0.01085
wek1a5,Zero-shot NLI (mDeBERTa),-1,0.02353
wf2346,Zero-shot NLI (mDeBERTa),-1,0.05202
wg2uk5,Zero-shot NLI (mDeBERTa),-1,0.004
whjlsz,Zero-shot NLI (mDeBERTa),-1,0.0004
whlcrv,Zero-shot NLI (mDeBERTa),-1,0.01481
whnjn2,Zero-shot NLI (mDeBERTa),-1,0.15384
whv4p3,Zero-shot NLI (mDeBERTa),-1,0.0015
wjwke8,Zero-shot NLI (mDeBERTa),-1,0.00113
wkx90y,Zero-shot NLI (mDeBERTa),-1,0.41774
wmkpt6,Zero-shot NLI (mDeBERTa),-1,0.07933
wmq4gv,Zero-shot NLI (mDeBERTa),-1,0.04266
wnfaz5,Zero-shot NLI (mDeBERTa),-1,0.00147
wnyvp2,Zero-shot NLI (mDeBERTa),-1,0.00033
wo5be0,Zero-shot NLI (mDeBERTa),-1,0.35354
woeakw,Zero-shot NLI (mDeBERTa),-1,0.01555
woxjy6,Zero-shot NLI (mDeBERTa),-1,0.17172
wp50za,Zero-shot NLI (mDeBERTa),-1,0.14526
wpoc3s,Zero-shot NLI (mDeBERTa),-1,0.00306
wqnif4,Zero-shot NLI (mDeBERTa),-1,0.02618
ws6jxa,Zero-shot NLI (mDeBERTa),-1,0.21814
wtcent,Zero-shot NLI (mDeBERTa),-1,0.00342
wvyxjh,Zero-shot NLI (mDeBERTa),-1,0.00434
wwtpd0,Zero-shot NLI (mDeBERTa),-1,0.11633
wxhwdi,Zero-shot NLI (mDeBERTa),-1,0.00054
wxj8ki,Zero-shot NLI (mDeBERTa),-1,0.55198
wxqe1u,Zero-shot NLI (mDeBERTa),-1,0.00377
wy04r2,Zero-shot NLI (mDeBERTa),-1,0.11102
wy39bp,Zero-shot NLI (mDeBERTa),-1,0.03289
wycyn8,Zero-shot NLI (mDeBERTa),-1,0.01403
x1hl3b,Zero-shot NLI (mDeBERTa),-1,0.0012
x1ng5s,Zero-shot NLI (mDeBERTa),-1,0.00287
x1tmzz,Zero-shot NLI (mDeBERTa),-1,0.02318
x1tuwu,Zero-shot NLI (mDeBERTa),-1,0.00109
x40f2a,Zero-shot NLI (mDeBERTa),-1,0.01716
x40j9m,Zero-shot NLI (mDeBERTa),-1,0.00546
x4q66o,Zero-shot NLI (mDeBERTa),-1,0.04662
x57627,Zero-shot NLI (mDeBERTa),-1,0.08627
x5vcc8,Zero-shot NLI (mDeBERTa),-1,0.03606
x5x6ac,Zero-shot NLI (mDeBERTa),-1,0.26831
x67dzf,Zero-shot NLI (mDeBERTa),-1,0.05529
x6c8r8,Zero-shot NLI (mDeBERTa),-1,0.00455
x93zqn,Zero-shot NLI (mDeBERTa),-1,0.00161
xbgp47,Zero-shot NLI (mDeBERTa),-1,0.00754
xdp6gr,Zero-shot NLI (mDeBERTa),-1,0.02091
xex9ql,Zero-shot NLI (mDeBERTa),-1,0.0374
xfpchd,Zero-shot NLI (mDeBERTa),-1,0.00123
xg2sys,Zero-shot NLI (mDeBERTa),-1,0.05753
xgtphy,Zero-shot NLI (mDeBERTa),-1,0.35463
xgtu36,Zero-shot NLI (mDeBERTa),-1,0.01604
xhmdpu,Zero-shot NLI (mDeBERTa),-1,0.00022
xi1day,Zero-shot NLI (mDeBERTa),-1,0.00885
xi3luv,Zero-shot NLI (mDeBERTa),-1,0.44509
xjbhsq,Zero-shot NLI (mDeBERTa),-1,0.0084
xk04ig,Zero-shot NLI (mDeBERTa),-1,0.00682
xk7uo0,Zero-shot NLI (mDeBERTa),-1,0.31535
xl6g1c,Zero-shot NLI (mDeBERTa),-1,0.01403
xm7yyg,Zero-shot NLI (mDeBERTa),-1,0.02771
xmd3mb,Zero-shot NLI (mDeBERTa),-1,0.245
xmh6ll,Zero-shot NLI (mDeBERTa),-1,0.3769
xo476c,Zero-shot NLI (mDeBERTa),-1,0.00163
xoh2kc,Zero-shot NLI (mDeBERTa),-1,0.00289
xp3dns,Zero-shot NLI (mDeBERTa),-1,0.64319
xpa8ir,Zero-shot NLI (mDeBERTa),-1,0.06671
xpnn73,Zero-shot NLI (mDeBERTa),-1,0.04245
xr31ed,Zero-shot NLI (mDeBERTa),-1,0.08492
xr4cyd,Zero-shot NLI (mDeBERTa),-1,0.03292
xs6spm,Zero-shot NLI (mDeBERTa),-1,0.00974
xu9dy6,Zero-shot NLI (mDeBERTa),-1,0.09962
xwsryq,Zero-shot NLI (mDeBERTa),-1,0.19347
xx6ccb,Zero-shot NLI (mDeBERTa),-1,0.00087
xx8h0w,Zero-shot NLI (mDeBERTa),-1,0.00101
xymafi,Zero-shot NLI (mDeBERTa),-1,0.03918
xzh765,Zero-shot NLI (mDeBERTa),-1,0.0358
y09nwo,Zero-shot NLI (mDeBERTa),-1,0.11318
y1b9q2,Zero-shot NLI (mDeBERTa),-1,0.31244
y2unrx,Zero-shot NLI (mDeBERTa),-1,0.00048
y2uqw1,Zero-shot NLI (mDeBERTa),-1,0.74038
y322ea,Zero-shot NLI (mDeBERTa),-1,0.00151
y3m3m6,Zero-shot NLI (mDeBERTa),-1,0.09723
y3ojmz,Zero-shot NLI (mDeBERTa),-1,0.00024
y3rzcj,Zero-shot NLI (mDeBERTa),-1,0.22252
y57x33,Zero-shot NLI (mDeBERTa),-1,0.1267
y6508z,Zero-shot NLI (mDeBERTa),-1,0.07972
y67acv,Zero-shot NLI (mDeBERTa),-1,0.16003
y70bh7,Zero-shot NLI (mDeBERTa),-1,0.02216
y772l0,Zero-shot NLI (mDeBERTa),-1,0.65593
y7flqf,Zero-shot NLI (mDeBERTa),-1,0.00222
y7sgen,Zero-shot NLI (mDeBERTa),-1,0.00278
y7vnpu,Zero-shot NLI (mDeBERTa),-1,0.14625
y7ydqc,Zero-shot NLI (mDeBERTa),-1,0.00921
y8v06b,Zero-shot NLI (mDeBERTa),-1,0.00551
y9jfj9,Zero-shot NLI (mDeBERTa),-1,0.00204
y9pbe0,Zero-shot NLI (mDeBERTa),-1,0.004
ya0oo0,Zero-shot NLI (mDeBERTa),-1,0.0421
ya0vz3,Zero-shot NLI (mDeBERTa),-1,0.00017
yayqyf,Zero-shot NLI (mDeBERTa),-1,0.92632
ybi13h,Zero-shot NLI (mDeBERTa),-1,0.00232
ybjgjo,Zero-shot NLI (mDeBERTa),-1,0.28624
yc5ckl,Zero-shot NLI (mDeBERTa),-1,0.12891
yc5qrl,Zero-shot NLI (mDeBERTa),-1,0.03047
yc6o95,Zero-shot NLI (mDeBERTa),-1,0.09139
yc7pdp,Zero-shot NLI (mDeBERTa),-1,0.0036
yccbvb,Zero-shot NLI (mDeBERTa),-1,0.04043
ycd4xu,Zero-shot NLI (mDeBERTa),-1,0.00183
ycmn79,Zero-shot NLI (mDeBERTa),-1,0.00245
ydad37,Zero-shot NLI (mDeBERTa),-1,0.22682
yddfgd,Zero-shot NLI (mDeBERTa),-1,0.00688
ydvxvo,Zero-shot NLI (mDeBERTa),-1,0.50964
yew101,Zero-shot NLI (mDeBERTa),-1,0.00385
yff571,Zero-shot NLI (mDeBERTa),-1,0.09316
yghar1,Zero-shot NLI (mDeBERTa),-1,0.01467
yh87tu,Zero-shot NLI (mDeBERTa),-1,0.03637
yhelbe,Zero-shot NLI (mDeBERTa),-1,0.93049
yhlu8o,Zero-shot NLI (mDeBERTa),-1,0.17545
yibcjz,Zero-shot NLI (mDeBERTa),-1,0.03548
yj84wo,Zero-shot NLI (mDeBERTa),-1,0.03739
yj9iqd,Zero-shot NLI (mDeBERTa),-1,0.00159
yk7f0z,Zero-shot NLI (mDeBERTa),-1,0.01493
ykmuv3,Zero-shot NLI (mDeBERTa),-1,0.02025
ylcoz0,Zero-shot NLI (mDeBERTa),-1,0.25091
ylgzxo,Zero-shot NLI (mDeBERTa),-1,0.05764
ylt6sd,Zero-shot NLI (mDeBERTa),-1,0.00156
ymehyd,Zero-shot NLI (mDeBERTa),-1,0.02935
ympewy,Zero-shot NLI (mDeBERTa),-1,0.01714
ynrjsu,Zero-shot NLI (mDeBERTa),-1,0.05163
yojbib,Zero-shot NLI (mDeBERTa),-1,0.37385
yok97w,Zero-shot NLI (mDeBERTa),-1,0.00168
yomwdv,Zero-shot NLI (mDeBERTa),-1,0.08998
ypkenn,Zero-shot NLI (mDeBERTa),-1,0.00511
ypqdpt,Zero-shot NLI (mDeBERTa),-1,0.00811
yptma9,Zero-shot NLI (mDeBERTa),-1,0.91822
yqkrxy,Zero-shot NLI (mDeBERTa),-1,0.01896
yrb5ve,Zero-shot NLI (mDeBERTa),-1,0.56983
ys1f1z,Zero-shot NLI (mDeBERTa),-1,0.00148
yt5wxs,Zero-shot NLI (mDeBERTa),-1,0.55628
ytcjvl,Zero-shot NLI (mDeBERTa),-1,0.01908
yty2zl,Zero-shot NLI (mDeBERTa),-1,0.00754
yu7mq4,Zero-shot NLI (mDeBERTa),-1,0.00373
yu8pj0,Zero-shot NLI (mDeBERTa),-1,0.71025
yu8yu0,Zero-shot NLI (mDeBERTa),-1,0.09277
yut4a3,Zero-shot NLI (mDeBERTa),-1,0.2134
yvqklt,Zero-shot NLI (mDeBERTa),-1,0.36593
yvw5nm,Zero-shot NLI (mDeBERTa),-1,0.68847
ywpoaw,Zero-shot NLI (mDeBERTa),-1,0.01226
yxmt72,Zero-shot NLI (mDeBERTa),-1,0.02002
yyf3mh,Zero-shot NLI (mDeBERTa),-1,0.00181
yyifu6,Zero-shot NLI (mDeBERTa),-1,0.21534
yzhtwl,Zero-shot NLI (mDeBERTa),-1,0.48752
yzi2oj,Zero-shot NLI (mDeBERTa),-1,0.07152
yzy7g7,Zero-shot NLI (mDeBERTa),-1,0.48216
z08fem,Zero-shot NLI (mDeBERTa),-1,0.061
z217fn,Zero-shot NLI (mDeBERTa),-1,0.47347
z2t1dd,Zero-shot NLI (mDeBERTa),-1,0.05866
z2wg3i,Zero-shot NLI (mDeBERTa),-1,0.15308
z3n2bd,Zero-shot NLI (mDeBERTa),-1,0.2
z4hbb5,Zero-shot NLI (mDeBERTa),-1,0.17299
z4hcoq,Zero-shot NLI (mDeBERTa),-1,0.54933
z6t1gp,Zero-shot NLI (mDeBERTa),-1,0.02385
z6tf3q,Zero-shot NLI (mDeBERTa),-1,0.0382
z6wm48,Zero-shot NLI (mDeBERTa),-1,0.08521
z6wyy8,Zero-shot NLI (mDeBERTa),-1,0.56193
z6yxp0,Zero-shot NLI (mDeBERTa),-1,0.22869
z7174d,Zero-shot NLI (mDeBERTa),-1,0.26059
zac957,Zero-shot NLI (mDeBERTa),-1,0.1568
zalgtq,Zero-shot NLI (mDeBERTa),-1,0.08919
zaowq2,Zero-shot NLI (mDeBERTa),-1,0.23483
zasifl,Zero-shot NLI (mDeBERTa),-1,0.01566
zc3v10,Zero-shot NLI (mDeBERTa),-1,0.00224
zcf7zw,Zero-shot NLI (mDeBERTa),-1,0.00264
zcff9z,Zero-shot NLI (mDeBERTa),-1,0.01857
zcmrow,Zero-shot NLI (mDeBERTa),-1,0.12601
zcq6um,Zero-shot NLI (mDeBERTa),-1,0.02871
zd64up,Zero-shot NLI (mDeBERTa),-1,0.24386
zdui50,Zero-shot NLI (mDeBERTa),-1,0.61519
ze12xr,Zero-shot NLI (mDeBERTa),-1,0.74733
zeb5v6,Zero-shot NLI (mDeBERTa),-1,0.18866
zefq0o,Zero-shot NLI (mDeBERTa),-1,0.00158
zgt2g6,Zero-shot NLI (mDeBERTa),-1,0.06316
zgt2jj,Zero-shot NLI (mDeBERTa),-1,0.15095
zgzt0a,Zero-shot NLI (mDeBERTa),-1,0.15033
zhtj3j,Zero-shot NLI (mDeBERTa),-1,0.63131
zhx9ym,Zero-shot NLI (mDeBERTa),-1,0.78653
zl3bjt,Zero-shot NLI (mDeBERTa),-1,0.10315
zlgp2y,Zero-shot NLI (mDeBERTa),-1,0.01124
zlnftq,Zero-shot NLI (mDeBERTa),-1,0.05641
zmdnn0,Zero-shot NLI (mDeBERTa),-1,0.03363
zmhqdd,Zero-shot NLI (mDeBERTa),-1,0.02719
zmjuhx,Zero-shot NLI (mDeBERTa),-1,0.00131
znaiu7,Zero-shot NLI (mDeBERTa),-1,0.16131
zpmpk6,Zero-shot NLI (mDeBERTa),-1,0.00094
zpmvbz,Zero-shot NLI (mDeBERTa),-1,0.00377
zpn35n,Zero-shot NLI (mDeBERTa),-1,0.00124
zqj2oc,Zero-shot NLI (mDeBERTa),-1,0.00138
zqjfhd,Zero-shot NLI (mDeBERTa),-1,0.00149
zqknq3,Zero-shot NLI (mDeBERTa),-1,0.00375
zr75tz,Zero-shot NLI (mDeBERTa),-1,0.00104
zr7d8d,Zero-shot NLI (mDeBERTa),-1,0.0027
zryrqz,Zero-shot NLI (mDeBERTa),-1,0.06805
zsjr52,Zero-shot NLI (mDeBERTa),-1,0.01244
zu93n1,Zero-shot NLI (mDeBERTa),-1,0.76278
zuchli,Zero-shot NLI (mDeBERTa),-1,0.01513
zuvven,Zero-shot NLI (mDeBERTa),-1,0.05912
zvy2tn,Zero-shot NLI (mDeBERTa),-1,0.00102
zwbcm1,Zero-shot NLI (mDeBERTa),-1,0.01844
zwdt7q,Zero-shot NLI (mDeBERTa),-1,0.00343
zwlkjj,Zero-shot NLI (mDeBERTa),-1,0.0217
zx78lo,Zero-shot NLI (mDeBERTa),-1,0.34726
zxmbj8,Zero-shot NLI (mDeBERTa),-1,0.14038
zy28vs,Zero-shot NLI (mDeBERTa),-1,0.00029
zy2ssi,Zero-shot NLI (mDeBERTa),-1,0.05948
zy2z2i,Zero-shot NLI (mDeBERTa),-1,0.00035
zyezwp,Zero-shot NLI (mDeBERTa),-1,0.01748
100hfq1,"CamemBERT fine-tuned on (claim, post) pairs",0,0.03079
101aehd,"CamemBERT fine-tuned on (claim, post) pairs",0,0.03073
102y4vm,"CamemBERT fine-tuned on (claim, post) pairs",0,0.03162
102zk07,"CamemBERT fine-tuned on (claim, post) pairs",0,0.03281
103ykgf,"CamemBERT fine-tuned on (claim, post) pairs",0,0.03231
1049976,"CamemBERT fine-tuned on (claim, post) pairs",0,0.03296
104updy,"CamemBERT fine-tuned on (claim, post) pairs",0,0.03514
105of9u,"CamemBERT fine-tuned on (claim, post) pairs",0,0.10932
105ut3d,"CamemBERT fine-tuned on (claim, post) pairs",0,0.03253
105yef6,"CamemBERT fine-tuned on (claim, post) pairs",0,0.03615
106htar,"CamemBERT fine-tuned on (claim, post) pairs",0,0.12836
106obfl,"CamemBERT fine-tuned on (claim, post) pairs",0,0.02904
107acdv,"CamemBERT fine-tuned on (claim, post) pairs",0,0.02973
107ai30,"CamemBERT fine-tuned on (claim, post) pairs",0,0.03274
107k677,"CamemBERT fine-tuned on (claim, post) pairs",0,0.08094
1083d63,"CamemBERT fine-tuned on (claim, post) pairs",0,0.0686
1085vco,"CamemBERT fine-tuned on (claim, post) pairs",0,0.10302
108au1g,"CamemBERT fine-tuned on (claim, post) pairs",0,0.04447
108dj01,"CamemBERT fine-tuned on (claim, post) pairs",0,0.02895
108jho8,"CamemBERT fine-tuned on (claim, post) pairs",0,0.03656
108lvx8,"CamemBERT fine-tuned on (claim, post) pairs",0,0.04621
109060s,"CamemBERT fine-tuned on (claim, post) pairs",0,0.05856
109dle6,"CamemBERT fine-tuned on (claim, post) pairs",0,0.10132
109t68i,"CamemBERT fine-tuned on (claim, post) pairs",0,0.28443
109vdiz,"CamemBERT fine-tuned on (claim, post) pairs",0,0.03044
109wo9y,"CamemBERT fine-tuned on (claim, post) pairs",0,0.02982
109wufc,"CamemBERT fine-tuned on (claim, post) pairs",0,0.02793
109wvby,"CamemBERT fine-tuned on (claim, post) pairs",0,0.03548
10ar4tu,"CamemBERT fine-tuned on (claim, post) pairs",0,0.03004
10ar69a,"CamemBERT fine-tuned on (claim, post) pairs",0,0.33128
10azz4b,"CamemBERT fine-tuned on (claim, post) pairs",0,0.03274
10bojv6,"CamemBERT fine-tuned on (claim, post) pairs",0,0.05189
10cfvrk,"CamemBERT fine-tuned on (claim, post) pairs",0,0.03201
10cx7gi,"CamemBERT fine-tuned on (claim, post) pairs",0,0.35818
10ef5bk,"CamemBERT fine-tuned on (claim, post) pairs",0,0.02956
10emso6,"CamemBERT fine-tuned on (claim, post) pairs",0,0.84822
10f1fr1,"CamemBERT fine-tuned on (claim, post) pairs",0,0.03265
10f72tg,"CamemBERT fine-tuned on (claim, post) pairs",0,0.18352
10f9eqa,"CamemBERT fine-tuned on (claim, post) pairs",0,0.03629
10f9jjw,"CamemBERT fine-tuned on (claim, post) pairs",0,0.03094
10gs3zg,"CamemBERT fine-tuned on (claim, post) pairs",0,0.03818
10ihoa3,"CamemBERT fine-tuned on (claim, post) pairs",0,0.03305
10iplkg,"CamemBERT fine-tuned on (claim, post) pairs",0,0.03159
10jb309,"CamemBERT fine-tuned on (claim, post) pairs",0,0.0375
10jopb1,"CamemBERT fine-tuned on (claim, post) pairs",0,0.78679
10k12o9,"CamemBERT fine-tuned on (claim, post) pairs",0,0.03439
10kz71e,"CamemBERT fine-tuned on (claim, post) pairs",0,0.03372
10loyb9,"CamemBERT fine-tuned on (claim, post) pairs",0,0.04111
10lq0pd,"CamemBERT fine-tuned on (claim, post) pairs",0,0.03156
10lt2gk,"CamemBERT fine-tuned on (claim, post) pairs",0,0.03144
10mhy4q,"CamemBERT fine-tuned on (claim, post) pairs",0,0.03019
10mxok4,"CamemBERT fine-tuned on (claim, post) pairs",0,0.02809
10nbec0,"CamemBERT fine-tuned on (claim, post) pairs",0,0.09782
10o0u9n,"CamemBERT fine-tuned on (claim, post) pairs",0,0.0871
10o4p3a,"CamemBERT fine-tuned on (claim, post) pairs",0,0.03036
10ou65s,"CamemBERT fine-tuned on (claim, post) pairs",0,0.03865
10oxcxt,"CamemBERT fine-tuned on (claim, post) pairs",0,0.02973
10oy6iq,"CamemBERT fine-tuned on (claim, post) pairs",0,0.03581
10ozpbg,"CamemBERT fine-tuned on (claim, post) pairs",0,0.03923
10pisjx,"CamemBERT fine-tuned on (claim, post) pairs",0,0.08725
10ptgx2,"CamemBERT fine-tuned on (claim, post) pairs",0,0.06407
10q30di,"CamemBERT fine-tuned on (claim, post) pairs",0,0.03334
10r1m8y,"CamemBERT fine-tuned on (claim, post) pairs",0,0.03643
10rmjaw,"CamemBERT fine-tuned on (claim, post) pairs",0,0.03391
10set1d,"CamemBERT fine-tuned on (claim, post) pairs",0,0.07297
10sg9d9,"CamemBERT fine-tuned on (claim, post) pairs",0,0.03277
10si603,"CamemBERT fine-tuned on (claim, post) pairs",0,0.03027
10td81j,"CamemBERT fine-tuned on (claim, post) pairs",0,0.02774
10te1kt,"CamemBERT fine-tuned on (claim, post) pairs",0,0.03302
10u97r9,"CamemBERT fine-tuned on (claim, post) pairs",0,0.03636
10uli5k,"CamemBERT fine-tuned on (claim, post) pairs",0,0.03318
10uonu8,"CamemBERT fine-tuned on (claim, post) pairs",0,0.03684
10v25p3,"CamemBERT fine-tuned on (claim, post) pairs",0,0.03062
10vzejp,"CamemBERT fine-tuned on (claim, post) pairs",0,0.0446
10w4phk,"CamemBERT fine-tuned on (claim, post) pairs",0,0.04991
10wv3eo,"CamemBERT fine-tuned on (claim, post) pairs",0,0.03216
10ww7ko,"CamemBERT fine-tuned on (claim, post) pairs",0,0.02912
10xdz8j,"CamemBERT fine-tuned on (claim, post) pairs",0,0.03036
10xs8iy,"CamemBERT fine-tuned on (claim, post) pairs",0,0.03036
10z13f7,"CamemBERT fine-tuned on (claim, post) pairs",0,0.24051
10zs908,"CamemBERT fine-tuned on (claim, post) pairs",0,0.03843
110c52b,"CamemBERT fine-tuned on (claim, post) pairs",0,0.17953
111agco,"CamemBERT fine-tuned on (claim, post) pairs",0,0.02817
112d7gi,"CamemBERT fine-tuned on (claim, post) pairs",0,0.82956
112hhpt,"CamemBERT fine-tuned on (claim, post) pairs",0,0.04264
112u3yl,"CamemBERT fine-tuned on (claim, post) pairs",0,0.03097
112vvj2,"CamemBERT fine-tuned on (claim, post) pairs",0,0.04304
114db0u,"CamemBERT fine-tuned on (claim, post) pairs",0,0.53838
114e0fy,"CamemBERT fine-tuned on (claim, post) pairs",0,0.05495
114fny3,"CamemBERT fine-tuned on (claim, post) pairs",0,0.03171
114j6i4,"CamemBERT fine-tuned on (claim, post) pairs",0,0.17717
114kq6q,"CamemBERT fine-tuned on (claim, post) pairs",0,0.02761
114r0wo,"CamemBERT fine-tuned on (claim, post) pairs",0,0.05233
115kdqw,"CamemBERT fine-tuned on (claim, post) pairs",0,0.33323
115wkch,"CamemBERT fine-tuned on (claim, post) pairs",0,0.02976
11665fz,"CamemBERT fine-tuned on (claim, post) pairs",0,0.03013
1170g85,"CamemBERT fine-tuned on (claim, post) pairs",0,0.04244
1176lct,"CamemBERT fine-tuned on (claim, post) pairs",0,0.0334
1180hws,"CamemBERT fine-tuned on (claim, post) pairs",0,0.03195
11832w4,"CamemBERT fine-tuned on (claim, post) pairs",0,0.0301
118trfu,"CamemBERT fine-tuned on (claim, post) pairs",0,0.05061
118uwmk,"CamemBERT fine-tuned on (claim, post) pairs",0,0.02887
11945kv,"CamemBERT fine-tuned on (claim, post) pairs",0,0.03274
119rjhv,"CamemBERT fine-tuned on (claim, post) pairs",0,0.03619
11a0bue,"CamemBERT fine-tuned on (claim, post) pairs",0,0.03222
11a46o0,"CamemBERT fine-tuned on (claim, post) pairs",0,0.08803
11a9pwr,"CamemBERT fine-tuned on (claim, post) pairs",0,0.0548
11b87lm,"CamemBERT fine-tuned on (claim, post) pairs",0,0.03225
11cfl1w,"CamemBERT fine-tuned on (claim, post) pairs",0,0.03595
11d7ubq,"CamemBERT fine-tuned on (claim, post) pairs",0,0.13893
11d7zw6,"CamemBERT fine-tuned on (claim, post) pairs",0,0.06053
11dadun,"CamemBERT fine-tuned on (claim, post) pairs",0,0.04751
11dalu6,"CamemBERT fine-tuned on (claim, post) pairs",0,0.08655
11dlehi,"CamemBERT fine-tuned on (claim, post) pairs",0,0.0299
11e0oqx,"CamemBERT fine-tuned on (claim, post) pairs",0,0.03558
11e409a,"CamemBERT fine-tuned on (claim, post) pairs",0,0.05808
11edn0p,"CamemBERT fine-tuned on (claim, post) pairs",0,0.0294
11ee61o,"CamemBERT fine-tuned on (claim, post) pairs",0,0.03337
11ey8z6,"CamemBERT fine-tuned on (claim, post) pairs",0,0.03521
11f3eeg,"CamemBERT fine-tuned on (claim, post) pairs",0,0.03343
11fccha,"CamemBERT fine-tuned on (claim, post) pairs",0,0.04721
11fdksb,"CamemBERT fine-tuned on (claim, post) pairs",0,0.0329
11fz3md,"CamemBERT fine-tuned on (claim, post) pairs",0,0.0294
11fz8xh,"CamemBERT fine-tuned on (claim, post) pairs",0,0.0278
11huqoo,"CamemBERT fine-tuned on (claim, post) pairs",0,0.05142
11irsxz,"CamemBERT fine-tuned on (claim, post) pairs",0,0.82825
11j4n7z,"CamemBERT fine-tuned on (claim, post) pairs",0,0.02809
11jdw4c,"CamemBERT fine-tuned on (claim, post) pairs",0,0.06285
11jitw6,"CamemBERT fine-tuned on (claim, post) pairs",0,0.05204
11l3gjg,"CamemBERT fine-tuned on (claim, post) pairs",0,0.17406
11l5mgy,"CamemBERT fine-tuned on (claim, post) pairs",0,0.03024
11lfciv,"CamemBERT fine-tuned on (claim, post) pairs",0,0.0325
11lv4dm,"CamemBERT fine-tuned on (claim, post) pairs",0,0.123
11m0jps,"CamemBERT fine-tuned on (claim, post) pairs",0,0.02801
11marvj,"CamemBERT fine-tuned on (claim, post) pairs",0,0.05707
11mbhhs,"CamemBERT fine-tuned on (claim, post) pairs",0,0.10106
11mrjs6,"CamemBERT fine-tuned on (claim, post) pairs",0,0.03353
11nj3q3,"CamemBERT fine-tuned on (claim, post) pairs",0,0.07185
11oha77,"CamemBERT fine-tuned on (claim, post) pairs",0,0.03558
11ok2qd,"CamemBERT fine-tuned on (claim, post) pairs",0,0.0283
11oof25,"CamemBERT fine-tuned on (claim, post) pairs",0,0.0301
11pjlaw,"CamemBERT fine-tuned on (claim, post) pairs",0,0.03372
11q5nwm,"CamemBERT fine-tuned on (claim, post) pairs",0,0.02844
11q71hx,"CamemBERT fine-tuned on (claim, post) pairs",0,0.03942
11rbj7x,"CamemBERT fine-tuned on (claim, post) pairs",0,0.08029
11rusfi,"CamemBERT fine-tuned on (claim, post) pairs",0,0.8417
11s17mi,"CamemBERT fine-tuned on (claim, post) pairs",0,0.08788
11s1mwn,"CamemBERT fine-tuned on (claim, post) pairs",0,0.06165
11s5x0w,"CamemBERT fine-tuned on (claim, post) pairs",0,0.0597
11sbdcc,"CamemBERT fine-tuned on (claim, post) pairs",0,0.03712
11srgyr,"CamemBERT fine-tuned on (claim, post) pairs",0,0.03024
11srmee,"CamemBERT fine-tuned on (claim, post) pairs",0,0.03047
11swh9c,"CamemBERT fine-tuned on (claim, post) pairs",0,0.03508
11szwem,"CamemBERT fine-tuned on (claim, post) pairs",0,0.06829
11t3igh,"CamemBERT fine-tuned on (claim, post) pairs",0,0.03649
11tuxpn,"CamemBERT fine-tuned on (claim, post) pairs",0,0.21568
11txcv3,"CamemBERT fine-tuned on (claim, post) pairs",0,0.03534
11vrlso,"CamemBERT fine-tuned on (claim, post) pairs",0,0.77915
11wowlb,"CamemBERT fine-tuned on (claim, post) pairs",0,0.0909
11wowov,"CamemBERT fine-tuned on (claim, post) pairs",0,0.03204
11wrm9q,"CamemBERT fine-tuned on (claim, post) pairs",0,0.02841
11wwgwj,"CamemBERT fine-tuned on (claim, post) pairs",0,0.03615
11wz0me,"CamemBERT fine-tuned on (claim, post) pairs",0,0.03365
11xhao1,"CamemBERT fine-tuned on (claim, post) pairs",0,0.03065
11xwpn3,"CamemBERT fine-tuned on (claim, post) pairs",0,0.04096
11zdm9m,"CamemBERT fine-tuned on (claim, post) pairs",0,0.12858
11zdohu,"CamemBERT fine-tuned on (claim, post) pairs",0,0.0476
11zldij,"CamemBERT fine-tuned on (claim, post) pairs",0,0.04625
11zlvvp,"CamemBERT fine-tuned on (claim, post) pairs",0,0.28577
120fq4u,"CamemBERT fine-tuned on (claim, post) pairs",0,0.03312
120sr6e,"CamemBERT fine-tuned on (claim, post) pairs",0,0.03277
120uouk,"CamemBERT fine-tuned on (claim, post) pairs",0,0.03971
121hlom,"CamemBERT fine-tuned on (claim, post) pairs",0,0.03694
121jajz,"CamemBERT fine-tuned on (claim, post) pairs",0,0.15134
121tiuj,"CamemBERT fine-tuned on (claim, post) pairs",0,0.05247
122kkoa,"CamemBERT fine-tuned on (claim, post) pairs",0,0.25507
123lveb,"CamemBERT fine-tuned on (claim, post) pairs",0,0.05792
123oj7s,"CamemBERT fine-tuned on (claim, post) pairs",0,0.04721
124p7cf,"CamemBERT fine-tuned on (claim, post) pairs",0,0.03397
124sqph,"CamemBERT fine-tuned on (claim, post) pairs",0,0.03548
125j6of,"CamemBERT fine-tuned on (claim, post) pairs",0,0.22773
126ftbj,"CamemBERT fine-tuned on (claim, post) pairs",0,0.37442
126ms18,"CamemBERT fine-tuned on (claim, post) pairs",0,0.10678
126yspz,"CamemBERT fine-tuned on (claim, post) pairs",0,0.02871
1281hx0,"CamemBERT fine-tuned on (claim, post) pairs",0,0.03825
12ahekq,"CamemBERT fine-tuned on (claim, post) pairs",0,0.04863
12baklv,"CamemBERT fine-tuned on (claim, post) pairs",0,0.6892
12brpfm,"CamemBERT fine-tuned on (claim, post) pairs",0,0.03719
12csy2q,"CamemBERT fine-tuned on (claim, post) pairs",0,0.04841
12cvhvs,"CamemBERT fine-tuned on (claim, post) pairs",0,0.12226
12dddt7,"CamemBERT fine-tuned on (claim, post) pairs",0,0.04394
12ddpq6,"CamemBERT fine-tuned on (claim, post) pairs",0,0.14811
12decva,"CamemBERT fine-tuned on (claim, post) pairs",0,0.03079
12dri6t,"CamemBERT fine-tuned on (claim, post) pairs",0,0.05593
12ee5ls,"CamemBERT fine-tuned on (claim, post) pairs",0,0.03065
12ezowh,"CamemBERT fine-tuned on (claim, post) pairs",0,0.08827
12fpn6i,"CamemBERT fine-tuned on (claim, post) pairs",0,0.05851
12gto59,"CamemBERT fine-tuned on (claim, post) pairs",0,0.03044
12gw98e,"CamemBERT fine-tuned on (claim, post) pairs",0,0.02785
12gwpn6,"CamemBERT fine-tuned on (claim, post) pairs",0,0.03244
12gwtc1,"CamemBERT fine-tuned on (claim, post) pairs",0,0.02785
12kbigt,"CamemBERT fine-tuned on (claim, post) pairs",0,0.04725
12kid2q,"CamemBERT fine-tuned on (claim, post) pairs",0,0.05085
12kvpdm,"CamemBERT fine-tuned on (claim, post) pairs",0,0.03259
12lpsbh,"CamemBERT fine-tuned on (claim, post) pairs",0,0.02854
12lq3tk,"CamemBERT fine-tuned on (claim, post) pairs",0,0.06176
12lq801,"CamemBERT fine-tuned on (claim, post) pairs",0,0.04154
12lwnfm,"CamemBERT fine-tuned on (claim, post) pairs",0,0.04595
12m1wgz,"CamemBERT fine-tuned on (claim, post) pairs",0,0.22194
12o315k,"CamemBERT fine-tuned on (claim, post) pairs",0,0.22474
12o3f3q,"CamemBERT fine-tuned on (claim, post) pairs",0,0.03375
12ocqg4,"CamemBERT fine-tuned on (claim, post) pairs",0,0.03407
12oedgl,"CamemBERT fine-tuned on (claim, post) pairs",0,0.03293
12oespk,"CamemBERT fine-tuned on (claim, post) pairs",0,0.03362
12p6nlt,"CamemBERT fine-tuned on (claim, post) pairs",0,0.2317
12p9mzj,"CamemBERT fine-tuned on (claim, post) pairs",0,0.13006
12pb3sj,"CamemBERT fine-tuned on (claim, post) pairs",0,0.05296
12pgfl4,"CamemBERT fine-tuned on (claim, post) pairs",0,0.0292
12pmju1,"CamemBERT fine-tuned on (claim, post) pairs",0,0.05175
12qe6r6,"CamemBERT fine-tuned on (claim, post) pairs",0,0.06086
12qkylt,"CamemBERT fine-tuned on (claim, post) pairs",0,0.03284
12ql713,"CamemBERT fine-tuned on (claim, post) pairs",0,0.03207
12s50vj,"CamemBERT fine-tuned on (claim, post) pairs",0,0.04796
12ssj9h,"CamemBERT fine-tuned on (claim, post) pairs",0,0.02954
12ssvfv,"CamemBERT fine-tuned on (claim, post) pairs",0,0.03478
12swxs5,"CamemBERT fine-tuned on (claim, post) pairs",0,0.03465
12vijhs,"CamemBERT fine-tuned on (claim, post) pairs",0,0.02846
12vjdw9,"CamemBERT fine-tuned on (claim, post) pairs",0,0.02854
12vjy4g,"CamemBERT fine-tuned on (claim, post) pairs",0,0.03334
12vkgvs,"CamemBERT fine-tuned on (claim, post) pairs",0,0.03315
12vko0o,"CamemBERT fine-tuned on (claim, post) pairs",0,0.03439
12vksn1,"CamemBERT fine-tuned on (claim, post) pairs",0,0.02787
12wh6q7,"CamemBERT fine-tuned on (claim, post) pairs",0,0.03091
12x5uwd,"CamemBERT fine-tuned on (claim, post) pairs",0,0.03265
12yhx4y,"CamemBERT fine-tuned on (claim, post) pairs",0,0.02982
12yifx8,"CamemBERT fine-tuned on (claim, post) pairs",0,0.03299
12ynguc,"CamemBERT fine-tuned on (claim, post) pairs",0,0.03213
12z9ned,"CamemBERT fine-tuned on (claim, post) pairs",0,0.05465
12zjevs,"CamemBERT fine-tuned on (claim, post) pairs",0,0.02871
12zodvi,"CamemBERT fine-tuned on (claim, post) pairs",0,0.03708
130hcib,"CamemBERT fine-tuned on (claim, post) pairs",0,0.02909
130hy1l,"CamemBERT fine-tuned on (claim, post) pairs",0,0.05146
130jjlk,"CamemBERT fine-tuned on (claim, post) pairs",0,0.02769
13130cj,"CamemBERT fine-tuned on (claim, post) pairs",0,0.03177
1313d0e,"CamemBERT fine-tuned on (claim, post) pairs",0,0.02849
131ji0g,"CamemBERT fine-tuned on (claim, post) pairs",0,0.06651
131lzz7,"CamemBERT fine-tuned on (claim, post) pairs",0,0.04081
131mwun,"CamemBERT fine-tuned on (claim, post) pairs",0,0.03204
131nftw,"CamemBERT fine-tuned on (claim, post) pairs",0,0.02774
131nq93,"CamemBERT fine-tuned on (claim, post) pairs",0,0.03186
132n7xl,"CamemBERT fine-tuned on (claim, post) pairs",0,0.03156
132o4fs,"CamemBERT fine-tuned on (claim, post) pairs",0,0.03365
132oc0k,"CamemBERT fine-tuned on (claim, post) pairs",0,0.02809
132rtf2,"CamemBERT fine-tuned on (claim, post) pairs",0,0.03234
134n3l2,"CamemBERT fine-tuned on (claim, post) pairs",0,0.02968
136daux,"CamemBERT fine-tuned on (claim, post) pairs",0,0.35265
136kq85,"CamemBERT fine-tuned on (claim, post) pairs",0,0.03065
137fc3o,"CamemBERT fine-tuned on (claim, post) pairs",0,0.02904
137fjhy,"CamemBERT fine-tuned on (claim, post) pairs",0,0.02814
137gmqe,"CamemBERT fine-tuned on (claim, post) pairs",0,0.15902
139lq41,"CamemBERT fine-tuned on (claim, post) pairs",0,0.03117
139ojd7,"CamemBERT fine-tuned on (claim, post) pairs",0,0.02806
13as6v3,"CamemBERT fine-tuned on (claim, post) pairs",0,0.03195
13aw8ny,"CamemBERT fine-tuned on (claim, post) pairs",0,0.03253
13awlh9,"CamemBERT fine-tuned on (claim, post) pairs",0,0.0301
13awtoy,"CamemBERT fine-tuned on (claim, post) pairs",0,0.03305
13bhtuu,"CamemBERT fine-tuned on (claim, post) pairs",0,0.07159
13bibgx,"CamemBERT fine-tuned on (claim, post) pairs",0,0.04642
13booh4,"CamemBERT fine-tuned on (claim, post) pairs",0,0.02798
13c5obs,"CamemBERT fine-tuned on (claim, post) pairs",0,0.03433
13cjg9f,"CamemBERT fine-tuned on (claim, post) pairs",0,0.03091
13dkuds,"CamemBERT fine-tuned on (claim, post) pairs",0,0.02852
13edi9y,"CamemBERT fine-tuned on (claim, post) pairs",0,0.04612
13eky2c,"CamemBERT fine-tuned on (claim, post) pairs",0,0.06501
13f15oh,"CamemBERT fine-tuned on (claim, post) pairs",0,0.03465
13f2snt,"CamemBERT fine-tuned on (claim, post) pairs",0,0.03231
13fcqcj,"CamemBERT fine-tuned on (claim, post) pairs",0,0.03213
13fd1pa,"CamemBERT fine-tuned on (claim, post) pairs",0,0.03684
13fhzph,"CamemBERT fine-tuned on (claim, post) pairs",0,0.1328
13hd97w,"CamemBERT fine-tuned on (claim, post) pairs",0,0.02982
13hilrj,"CamemBERT fine-tuned on (claim, post) pairs",0,0.02951
13i4svg,"CamemBERT fine-tuned on (claim, post) pairs",0,0.04435
13i72vg,"CamemBERT fine-tuned on (claim, post) pairs",0,0.05905
13igcdn,"CamemBERT fine-tuned on (claim, post) pairs",0,0.10828
13ju5kw,"CamemBERT fine-tuned on (claim, post) pairs",0,0.06979
13k1fqx,"CamemBERT fine-tuned on (claim, post) pairs",0,0.05052
13kb1cf,"CamemBERT fine-tuned on (claim, post) pairs",0,0.04115
13kztxp,"CamemBERT fine-tuned on (claim, post) pairs",0,0.04544
13lhwle,"CamemBERT fine-tuned on (claim, post) pairs",0,0.09114
13n6u9z,"CamemBERT fine-tuned on (claim, post) pairs",0,0.03578
13nr2lt,"CamemBERT fine-tuned on (claim, post) pairs",0,0.04836
13p0urf,"CamemBERT fine-tuned on (claim, post) pairs",0,0.32659
13peyn8,"CamemBERT fine-tuned on (claim, post) pairs",0,0.04694
13qjnlp,"CamemBERT fine-tuned on (claim, post) pairs",0,0.03764
13r4a7k,"CamemBERT fine-tuned on (claim, post) pairs",0,0.03975
13rj771,"CamemBERT fine-tuned on (claim, post) pairs",0,0.03108
13rmhyo,"CamemBERT fine-tuned on (claim, post) pairs",0,0.08556
13sb7od,"CamemBERT fine-tuned on (claim, post) pairs",0,0.02846
13sdty3,"CamemBERT fine-tuned on (claim, post) pairs",0,0.02819
13seli6,"CamemBERT fine-tuned on (claim, post) pairs",0,0.03309
13tvumk,"CamemBERT fine-tuned on (claim, post) pairs",0,0.0283
13vkidb,"CamemBERT fine-tuned on (claim, post) pairs",0,0.02798
13voob9,"CamemBERT fine-tuned on (claim, post) pairs",0,0.04217
13vqx03,"CamemBERT fine-tuned on (claim, post) pairs",0,0.03578
13vrw1z,"CamemBERT fine-tuned on (claim, post) pairs",0,0.03829
13vzorq,"CamemBERT fine-tuned on (claim, post) pairs",0,0.09679
13wezig,"CamemBERT fine-tuned on (claim, post) pairs",0,0.26712
13ww9my,"CamemBERT fine-tuned on (claim, post) pairs",0,0.0476
13xd35y,"CamemBERT fine-tuned on (claim, post) pairs",0,0.02857
13y6y7v,"CamemBERT fine-tuned on (claim, post) pairs",0,0.49136
13z4905,"CamemBERT fine-tuned on (claim, post) pairs",0,0.03327
141dend,"CamemBERT fine-tuned on (claim, post) pairs",0,0.48991
141gi0z,"CamemBERT fine-tuned on (claim, post) pairs",0,0.05655
142a1c9,"CamemBERT fine-tuned on (claim, post) pairs",0,0.03274
143d0ua,"CamemBERT fine-tuned on (claim, post) pairs",0,0.05094
144cn05,"CamemBERT fine-tuned on (claim, post) pairs",0,0.03068
1455ths,"CamemBERT fine-tuned on (claim, post) pairs",0,0.02895
146zvpu,"CamemBERT fine-tuned on (claim, post) pairs",0,0.034
14945l9,"CamemBERT fine-tuned on (claim, post) pairs",0,0.02809
1495e2s,"CamemBERT fine-tuned on (claim, post) pairs",0,0.02825
1496bbe,"CamemBERT fine-tuned on (claim, post) pairs",0,0.03256
149y7n0,"CamemBERT fine-tuned on (claim, post) pairs",0,0.05194
14a0iy8,"CamemBERT fine-tuned on (claim, post) pairs",0,0.14235
14a48ox,"CamemBERT fine-tuned on (claim, post) pairs",0,0.02787
14a4coz,"CamemBERT fine-tuned on (claim, post) pairs",0,0.02811
14a4hia,"CamemBERT fine-tuned on (claim, post) pairs",0,0.03016
14a4lgz,"CamemBERT fine-tuned on (claim, post) pairs",0,0.02973
14aswpe,"CamemBERT fine-tuned on (claim, post) pairs",0,0.03397
14bxm4j,"CamemBERT fine-tuned on (claim, post) pairs",0,0.03353
14clvdt,"CamemBERT fine-tuned on (claim, post) pairs",0,0.03265
14dmbhp,"CamemBERT fine-tuned on (claim, post) pairs",0,0.13201
14dmur2,"CamemBERT fine-tuned on (claim, post) pairs",0,0.03598
14e5zwh,"CamemBERT fine-tuned on (claim, post) pairs",0,0.09244
14jateg,"CamemBERT fine-tuned on (claim, post) pairs",0,0.04578
14jimzx,"CamemBERT fine-tuned on (claim, post) pairs",0,0.68648
14jnqwd,"CamemBERT fine-tuned on (claim, post) pairs",0,0.03964
14lwal3,"CamemBERT fine-tuned on (claim, post) pairs",0,0.03747
14m4oke,"CamemBERT fine-tuned on (claim, post) pairs",0,0.03632
14mznfn,"CamemBERT fine-tuned on (claim, post) pairs",0,0.02926
14n81kn,"CamemBERT fine-tuned on (claim, post) pairs",0,0.69756
14nq474,"CamemBERT fine-tuned on (claim, post) pairs",0,0.15501
14peh0c,"CamemBERT fine-tuned on (claim, post) pairs",0,0.15559
14t6i25,"CamemBERT fine-tuned on (claim, post) pairs",0,0.1
14u0n1t,"CamemBERT fine-tuned on (claim, post) pairs",0,0.1033
14v7943,"CamemBERT fine-tuned on (claim, post) pairs",0,0.04991
14wo22a,"CamemBERT fine-tuned on (claim, post) pairs",0,0.04031
14yge8b,"CamemBERT fine-tuned on (claim, post) pairs",0,0.03829
1509mag,"CamemBERT fine-tuned on (claim, post) pairs",0,0.09688
152psh8,"CamemBERT fine-tuned on (claim, post) pairs",0,0.03281
152u6w6,"CamemBERT fine-tuned on (claim, post) pairs",0,0.03359
15312zr,"CamemBERT fine-tuned on (claim, post) pairs",0,0.68279
155kxt6,"CamemBERT fine-tuned on (claim, post) pairs",0,0.06296
156mub1,"CamemBERT fine-tuned on (claim, post) pairs",0,0.03636
1584uxr,"CamemBERT fine-tuned on (claim, post) pairs",0,0.03153
1586vte,"CamemBERT fine-tuned on (claim, post) pairs",0,0.0325
159c7gq,"CamemBERT fine-tuned on (claim, post) pairs",0,0.02854
159g1b5,"CamemBERT fine-tuned on (claim, post) pairs",0,0.03138
15a8prv,"CamemBERT fine-tuned on (claim, post) pairs",0,0.04009
15a8vyw,"CamemBERT fine-tuned on (claim, post) pairs",0,0.05797
15aaw83,"CamemBERT fine-tuned on (claim, post) pairs",0,0.03485
15auuwg,"CamemBERT fine-tuned on (claim, post) pairs",0,0.07878
15crqft,"CamemBERT fine-tuned on (claim, post) pairs",0,0.06986
15cxyur,"CamemBERT fine-tuned on (claim, post) pairs",0,0.03253
15d3csi,"CamemBERT fine-tuned on (claim, post) pairs",0,0.10952
15e9adj,"CamemBERT fine-tuned on (claim, post) pairs",0,0.08152
15eb6kt,"CamemBERT fine-tuned on (claim, post) pairs",0,0.05267
15ebd5k,"CamemBERT fine-tuned on (claim, post) pairs",0,0.04987
15eg570,"CamemBERT fine-tuned on (claim, post) pairs",0,0.41588
15ffsmu,"CamemBERT fine-tuned on (claim, post) pairs",0,0.09527
15g8q72,"CamemBERT fine-tuned on (claim, post) pairs",0,0.05262
15gyjp3,"CamemBERT fine-tuned on (claim, post) pairs",0,0.03857
15hw0om,"CamemBERT fine-tuned on (claim, post) pairs",0,0.35886
15hwdky,"CamemBERT fine-tuned on (claim, post) pairs",0,0.04945
15isioa,"CamemBERT fine-tuned on (claim, post) pairs",0,0.04069
15j2pz9,"CamemBERT fine-tuned on (claim, post) pairs",0,0.03407
15j43lf,"CamemBERT fine-tuned on (claim, post) pairs",0,0.05281
15kosj0,"CamemBERT fine-tuned on (claim, post) pairs",0,0.05052
15krhgh,"CamemBERT fine-tuned on (claim, post) pairs",0,0.02811
15kvv3y,"CamemBERT fine-tuned on (claim, post) pairs",0,0.02942
15lu2d2,"CamemBERT fine-tuned on (claim, post) pairs",0,0.02898
15lunx9,"CamemBERT fine-tuned on (claim, post) pairs",0,0.03602
15mia1y,"CamemBERT fine-tuned on (claim, post) pairs",0,0.17217
15midjy,"CamemBERT fine-tuned on (claim, post) pairs",0,0.02793
15mlo3k,"CamemBERT fine-tuned on (claim, post) pairs",0,0.08419
15o4636,"CamemBERT fine-tuned on (claim, post) pairs",0,0.66143
15ozc9o,"CamemBERT fine-tuned on (claim, post) pairs",0,0.03198
15q3j5b,"CamemBERT fine-tuned on (claim, post) pairs",0,0.22253
15qtbrv,"CamemBERT fine-tuned on (claim, post) pairs",0,0.03174
15qug5c,"CamemBERT fine-tuned on (claim, post) pairs",0,0.03277
15r4ala,"CamemBERT fine-tuned on (claim, post) pairs",0,0.02898
15rqqca,"CamemBERT fine-tuned on (claim, post) pairs",0,0.03305
15su48d,"CamemBERT fine-tuned on (claim, post) pairs",0,0.02782
15tkvmf,"CamemBERT fine-tuned on (claim, post) pairs",0,0.03204
15wbys2,"CamemBERT fine-tuned on (claim, post) pairs",0,0.04005
15wcsc1,"CamemBERT fine-tuned on (claim, post) pairs",0,0.02795
15wfdns,"CamemBERT fine-tuned on (claim, post) pairs",0,0.03331
15wfjod,"CamemBERT fine-tuned on (claim, post) pairs",0,0.03204
15xlqhu,"CamemBERT fine-tuned on (claim, post) pairs",0,0.03475
15y9ex8,"CamemBERT fine-tuned on (claim, post) pairs",0,0.03171
15yd899,"CamemBERT fine-tuned on (claim, post) pairs",0,0.03446
15z41xe,"CamemBERT fine-tuned on (claim, post) pairs",0,0.07957
15z6om4,"CamemBERT fine-tuned on (claim, post) pairs",0,0.03334
161d2au,"CamemBERT fine-tuned on (claim, post) pairs",0,0.03602
161vpoq,"CamemBERT fine-tuned on (claim, post) pairs",0,0.04001
163mu5b,"CamemBERT fine-tuned on (claim, post) pairs",0,0.04427
163sc1p,"CamemBERT fine-tuned on (claim, post) pairs",0,0.0303
164lrkh,"CamemBERT fine-tuned on (claim, post) pairs",0,0.03327
164rpz4,"CamemBERT fine-tuned on (claim, post) pairs",0,0.02912
165fb4w,"CamemBERT fine-tuned on (claim, post) pairs",0,0.03277
166zkc4,"CamemBERT fine-tuned on (claim, post) pairs",0,0.02987
167573w,"CamemBERT fine-tuned on (claim, post) pairs",0,0.03097
1677z9e,"CamemBERT fine-tuned on (claim, post) pairs",0,0.17023
167xq4e,"CamemBERT fine-tuned on (claim, post) pairs",0,0.03085
168elrj,"CamemBERT fine-tuned on (claim, post) pairs",0,0.03349
16a85oh,"CamemBERT fine-tuned on (claim, post) pairs",0,0.0286
16ax72h,"CamemBERT fine-tuned on (claim, post) pairs",0,0.03237
16ca2qs,"CamemBERT fine-tuned on (claim, post) pairs",0,0.04104
16cci0i,"CamemBERT fine-tuned on (claim, post) pairs",0,0.03056
16cgp44,"CamemBERT fine-tuned on (claim, post) pairs",0,0.03027
16chxuz,"CamemBERT fine-tuned on (claim, post) pairs",0,0.0301
16cw8gk,"CamemBERT fine-tuned on (claim, post) pairs",0,0.03397
16d3srr,"CamemBERT fine-tuned on (claim, post) pairs",0,0.03302
16d4mmj,"CamemBERT fine-tuned on (claim, post) pairs",0,0.02962
16dghd5,"CamemBERT fine-tuned on (claim, post) pairs",0,0.03551
16e5828,"CamemBERT fine-tuned on (claim, post) pairs",0,0.22876
16e7s2x,"CamemBERT fine-tuned on (claim, post) pairs",0,0.03044
16e81se,"CamemBERT fine-tuned on (claim, post) pairs",0,0.0303
16f0cxx,"CamemBERT fine-tuned on (claim, post) pairs",0,0.03442
16g0xjy,"CamemBERT fine-tuned on (claim, post) pairs",0,0.04088
16gomka,"CamemBERT fine-tuned on (claim, post) pairs",0,0.03108
16gqjvl,"CamemBERT fine-tuned on (claim, post) pairs",0,0.79598
16gr6ue,"CamemBERT fine-tuned on (claim, post) pairs",0,0.02798
16gr6us,"CamemBERT fine-tuned on (claim, post) pairs",0,0.02827
16hhee9,"CamemBERT fine-tuned on (claim, post) pairs",0,0.0278
16htgir,"CamemBERT fine-tuned on (claim, post) pairs",0,0.02785
16hwuoa,"CamemBERT fine-tuned on (claim, post) pairs",0,0.10248
16icokg,"CamemBERT fine-tuned on (claim, post) pairs",0,0.03293
16k5rp4,"CamemBERT fine-tuned on (claim, post) pairs",0,0.03195
16k8y7n,"CamemBERT fine-tuned on (claim, post) pairs",0,0.17343
16ke5mv,"CamemBERT fine-tuned on (claim, post) pairs",0,0.03019
16kmu0r,"CamemBERT fine-tuned on (claim, post) pairs",0,0.03111
16loklq,"CamemBERT fine-tuned on (claim, post) pairs",0,0.03953
16mswgu,"CamemBERT fine-tuned on (claim, post) pairs",0,0.03079
16o9ehf,"CamemBERT fine-tuned on (claim, post) pairs",0,0.04836
16odvg2,"CamemBERT fine-tuned on (claim, post) pairs",0,0.03391
16p7zot,"CamemBERT fine-tuned on (claim, post) pairs",0,0.03103
16pjo9s,"CamemBERT fine-tuned on (claim, post) pairs",0,0.03168
16pkcq2,"CamemBERT fine-tuned on (claim, post) pairs",0,0.0303
16r0gyf,"CamemBERT fine-tuned on (claim, post) pairs",0,0.02801
16r3zkq,"CamemBERT fine-tuned on (claim, post) pairs",0,0.03825
16r8aq1,"CamemBERT fine-tuned on (claim, post) pairs",0,0.02993
16rs6u9,"CamemBERT fine-tuned on (claim, post) pairs",0,0.02759
16smogb,"CamemBERT fine-tuned on (claim, post) pairs",0,0.03318
16sp2dr,"CamemBERT fine-tuned on (claim, post) pairs",0,0.04043
16sqt88,"CamemBERT fine-tuned on (claim, post) pairs",0,0.03271
16tix22,"CamemBERT fine-tuned on (claim, post) pairs",0,0.03524
16tlycw,"CamemBERT fine-tuned on (claim, post) pairs",0,0.05233
16twv4u,"CamemBERT fine-tuned on (claim, post) pairs",0,0.03094
16ugxlr,"CamemBERT fine-tuned on (claim, post) pairs",0,0.04031
16ul3yh,"CamemBERT fine-tuned on (claim, post) pairs",0,0.85633
16upbwq,"CamemBERT fine-tuned on (claim, post) pairs",0,0.03986
16v762m,"CamemBERT fine-tuned on (claim, post) pairs",0,0.02822
16v7q95,"CamemBERT fine-tuned on (claim, post) pairs",0,0.02798
16vce90,"CamemBERT fine-tuned on (claim, post) pairs",0,0.02801
16vd6oq,"CamemBERT fine-tuned on (claim, post) pairs",0,0.02801
16vi53c,"CamemBERT fine-tuned on (claim, post) pairs",0,0.04024
16w1j2q,"CamemBERT fine-tuned on (claim, post) pairs",0,0.03247
16wyj2y,"CamemBERT fine-tuned on (claim, post) pairs",0,0.03153
16x4aop,"CamemBERT fine-tuned on (claim, post) pairs",0,0.02833
16x84jw,"CamemBERT fine-tuned on (claim, post) pairs",0,0.03132
16x8a98,"CamemBERT fine-tuned on (claim, post) pairs",0,0.03274
16y0qvf,"CamemBERT fine-tuned on (claim, post) pairs",0,0.02782
16y56gn,"CamemBERT fine-tuned on (claim, post) pairs",0,0.03615
16yn74r,"CamemBERT fine-tuned on (claim, post) pairs",0,0.28032
16ysshv,"CamemBERT fine-tuned on (claim, post) pairs",0,0.02909
16yz3hx,"CamemBERT fine-tuned on (claim, post) pairs",0,0.71128
16zj5r5,"CamemBERT fine-tuned on (claim, post) pairs",0,0.03356
16zjc06,"CamemBERT fine-tuned on (claim, post) pairs",0,0.03027
16zt3tl,"CamemBERT fine-tuned on (claim, post) pairs",0,0.89488
170fc85,"CamemBERT fine-tuned on (claim, post) pairs",0,0.03368
170inab,"CamemBERT fine-tuned on (claim, post) pairs",0,0.0318
170l9pf,"CamemBERT fine-tuned on (claim, post) pairs",0,0.02822
17189pc,"CamemBERT fine-tuned on (claim, post) pairs",0,0.03106
1729dyz,"CamemBERT fine-tuned on (claim, post) pairs",0,0.02766
172eim1,"CamemBERT fine-tuned on (claim, post) pairs",0,0.02817
172xrre,"CamemBERT fine-tuned on (claim, post) pairs",0,0.03053
172ze4c,"CamemBERT fine-tuned on (claim, post) pairs",0,0.02772
173mnc4,"CamemBERT fine-tuned on (claim, post) pairs",0,0.03271
173of82,"CamemBERT fine-tuned on (claim, post) pairs",0,0.03281
1744jgk,"CamemBERT fine-tuned on (claim, post) pairs",0,0.02806
174ncsh,"CamemBERT fine-tuned on (claim, post) pairs",0,0.03271
175bp6w,"CamemBERT fine-tuned on (claim, post) pairs",0,0.03375
175btwz,"CamemBERT fine-tuned on (claim, post) pairs",0,0.02968
175eka1,"CamemBERT fine-tuned on (claim, post) pairs",0,0.02814
175exug,"CamemBERT fine-tuned on (claim, post) pairs",0,0.03132
175mczu,"CamemBERT fine-tuned on (claim, post) pairs",0,0.03541
1762vqk,"CamemBERT fine-tuned on (claim, post) pairs",0,0.03433
176ubug,"CamemBERT fine-tuned on (claim, post) pairs",0,0.02811
176wy47,"CamemBERT fine-tuned on (claim, post) pairs",0,0.02822
176x0ru,"CamemBERT fine-tuned on (claim, post) pairs",0,0.03439
1773xza,"CamemBERT fine-tuned on (claim, post) pairs",0,0.03271
177kndo,"CamemBERT fine-tuned on (claim, post) pairs",0,0.03027
177kxnq,"CamemBERT fine-tuned on (claim, post) pairs",0,0.04439
177l9lj,"CamemBERT fine-tuned on (claim, post) pairs",0,0.0297
177lcz9,"CamemBERT fine-tuned on (claim, post) pairs",0,0.03024
177qlr4,"CamemBERT fine-tuned on (claim, post) pairs",0,0.03287
177qona,"CamemBERT fine-tuned on (claim, post) pairs",0,0.03571
177uh6e,"CamemBERT fine-tuned on (claim, post) pairs",0,0.0341
178bf8r,"CamemBERT fine-tuned on (claim, post) pairs",0,0.03337
178bl57,"CamemBERT fine-tuned on (claim, post) pairs",0,0.03353
178bor1,"CamemBERT fine-tuned on (claim, post) pairs",0,0.02836
178gobg,"CamemBERT fine-tuned on (claim, post) pairs",0,0.02968
178h5v8,"CamemBERT fine-tuned on (claim, post) pairs",0,0.03073
178hc7m,"CamemBERT fine-tuned on (claim, post) pairs",0,0.02948
178hgso,"CamemBERT fine-tuned on (claim, post) pairs",0,0.03296
178lxh6,"CamemBERT fine-tuned on (claim, post) pairs",0,0.03253
1791af0,"CamemBERT fine-tuned on (claim, post) pairs",0,0.03315
1791ey5,"CamemBERT fine-tuned on (claim, post) pairs",0,0.03189
1791izf,"CamemBERT fine-tuned on (claim, post) pairs",0,0.02793
1796igl,"CamemBERT fine-tuned on (claim, post) pairs",0,0.02785
179bbei,"CamemBERT fine-tuned on (claim, post) pairs",0,0.0325
179wux9,"CamemBERT fine-tuned on (claim, post) pairs",0,0.02838
17a2dvq,"CamemBERT fine-tuned on (claim, post) pairs",0,0.03608
17a4h3e,"CamemBERT fine-tuned on (claim, post) pairs",0,0.03343
17a4ydp,"CamemBERT fine-tuned on (claim, post) pairs",0,0.02906
17a5lai,"CamemBERT fine-tuned on (claim, post) pairs",0,0.03362
17aow7x,"CamemBERT fine-tuned on (claim, post) pairs",0,0.03346
17ap4yo,"CamemBERT fine-tuned on (claim, post) pairs",0,0.02973
17bdh8a,"CamemBERT fine-tuned on (claim, post) pairs",0,0.04173
17bdilh,"CamemBERT fine-tuned on (claim, post) pairs",0,0.07101
17bhfzx,"CamemBERT fine-tuned on (claim, post) pairs",0,0.03004
17bhmqe,"CamemBERT fine-tuned on (claim, post) pairs",0,0.03368
17c78fe,"CamemBERT fine-tuned on (claim, post) pairs",0,0.04791
17c7ae5,"CamemBERT fine-tuned on (claim, post) pairs",0,0.03334
17ca0u9,"CamemBERT fine-tuned on (claim, post) pairs",0,0.02893
17can30,"CamemBERT fine-tuned on (claim, post) pairs",0,0.03296
17ccflo,"CamemBERT fine-tuned on (claim, post) pairs",0,0.03318
17cf1ne,"CamemBERT fine-tuned on (claim, post) pairs",0,0.03315
17cfavw,"CamemBERT fine-tuned on (claim, post) pairs",0,0.03346
17chatq,"CamemBERT fine-tuned on (claim, post) pairs",0,0.03346
17ckv6d,"CamemBERT fine-tuned on (claim, post) pairs",0,0.02798
17cpvzj,"CamemBERT fine-tuned on (claim, post) pairs",0,0.02809
17cye3n,"CamemBERT fine-tuned on (claim, post) pairs",0,0.03309
17cynwv,"CamemBERT fine-tuned on (claim, post) pairs",0,0.03337
17cywvl,"CamemBERT fine-tuned on (claim, post) pairs",0,0.02996
17czuik,"CamemBERT fine-tuned on (claim, post) pairs",0,0.04316
17d077w,"CamemBERT fine-tuned on (claim, post) pairs",0,0.03047
17d1yl0,"CamemBERT fine-tuned on (claim, post) pairs",0,0.03085
17da0ni,"CamemBERT fine-tuned on (claim, post) pairs",0,0.04791
17da4nk,"CamemBERT fine-tuned on (claim, post) pairs",0,0.03262
17dp4xg,"CamemBERT fine-tuned on (claim, post) pairs",0,0.03281
17dp77a,"CamemBERT fine-tuned on (claim, post) pairs",0,0.03334
17dq75e,"CamemBERT fine-tuned on (claim, post) pairs",0,0.0286
17dtush,"CamemBERT fine-tuned on (claim, post) pairs",0,0.02806
17dwend,"CamemBERT fine-tuned on (claim, post) pairs",0,0.03538
17eggl8,"CamemBERT fine-tuned on (claim, post) pairs",0,0.02793
17eiakh,"CamemBERT fine-tuned on (claim, post) pairs",0,0.02836
17ekmiq,"CamemBERT fine-tuned on (claim, post) pairs",0,0.02806
17f78kf,"CamemBERT fine-tuned on (claim, post) pairs",0,0.03327
17f8e7i,"CamemBERT fine-tuned on (claim, post) pairs",0,0.03247
17fab58,"CamemBERT fine-tuned on (claim, post) pairs",0,0.0368
17fe9p5,"CamemBERT fine-tuned on (claim, post) pairs",0,0.03013
17fs39k,"CamemBERT fine-tuned on (claim, post) pairs",0,0.08993
17fyyjr,"CamemBERT fine-tuned on (claim, post) pairs",0,0.10429
17g0klk,"CamemBERT fine-tuned on (claim, post) pairs",0,0.02879
17g0ohb,"CamemBERT fine-tuned on (claim, post) pairs",0,0.02787
17g0vid,"CamemBERT fine-tuned on (claim, post) pairs",0,0.03268
17g4ud5,"CamemBERT fine-tuned on (claim, post) pairs",0,0.03056
17g4xur,"CamemBERT fine-tuned on (claim, post) pairs",0,0.03237
17g52dg,"CamemBERT fine-tuned on (claim, post) pairs",0,0.03274
17g54ko,"CamemBERT fine-tuned on (claim, post) pairs",0,0.02782
17g5gsb,"CamemBERT fine-tuned on (claim, post) pairs",0,0.03312
17g5slm,"CamemBERT fine-tuned on (claim, post) pairs",0,0.0292
17gqyos,"CamemBERT fine-tuned on (claim, post) pairs",0,0.05541
17gt48g,"CamemBERT fine-tuned on (claim, post) pairs",0,0.03359
17h47lj,"CamemBERT fine-tuned on (claim, post) pairs",0,0.06031
17hjn2y,"CamemBERT fine-tuned on (claim, post) pairs",0,0.02811
17hjr3w,"CamemBERT fine-tuned on (claim, post) pairs",0,0.03231
17hjuf6,"CamemBERT fine-tuned on (claim, post) pairs",0,0.02785
17ho3bw,"CamemBERT fine-tuned on (claim, post) pairs",0,0.03284
17ho5rx,"CamemBERT fine-tuned on (claim, post) pairs",0,0.02777
17hoa26,"CamemBERT fine-tuned on (claim, post) pairs",0,0.02787
17iae01,"CamemBERT fine-tuned on (claim, post) pairs",0,0.69072
17iaejm,"CamemBERT fine-tuned on (claim, post) pairs",0,0.02987
17iamqo,"CamemBERT fine-tuned on (claim, post) pairs",0,0.03065
17iannx,"CamemBERT fine-tuned on (claim, post) pairs",0,0.03183
17iauno,"CamemBERT fine-tuned on (claim, post) pairs",0,0.03691
17iawlp,"CamemBERT fine-tuned on (claim, post) pairs",0,0.02782
17ido0o,"CamemBERT fine-tuned on (claim, post) pairs",0,0.03353
17ii2hd,"CamemBERT fine-tuned on (claim, post) pairs",0,0.02882
17iif8e,"CamemBERT fine-tuned on (claim, post) pairs",0,0.03407
17jppj6,"CamemBERT fine-tuned on (claim, post) pairs",0,0.05888
17jrogf,"CamemBERT fine-tuned on (claim, post) pairs",0,0.05603
17jx18j,"CamemBERT fine-tuned on (claim, post) pairs",0,0.03324
17k06ry,"CamemBERT fine-tuned on (claim, post) pairs",0,0.0329
17kob73,"CamemBERT fine-tuned on (claim, post) pairs",0,0.0299
17kpefv,"CamemBERT fine-tuned on (claim, post) pairs",0,0.03244
17kpy4c,"CamemBERT fine-tuned on (claim, post) pairs",0,0.03324
17l17qa,"CamemBERT fine-tuned on (claim, post) pairs",0,0.02844
17l1oyi,"CamemBERT fine-tuned on (claim, post) pairs",0,0.02774
17l94kp,"CamemBERT fine-tuned on (claim, post) pairs",0,0.03299
17l9cfg,"CamemBERT fine-tuned on (claim, post) pairs",0,0.03231
17lzxyu,"CamemBERT fine-tuned on (claim, post) pairs",0,0.02984
17m43n2,"CamemBERT fine-tuned on (claim, post) pairs",0,0.03073
17n2jzw,"CamemBERT fine-tuned on (claim, post) pairs",0,0.03042
17n4esf,"CamemBERT fine-tuned on (claim, post) pairs",0,0.02906
17nfb1w,"CamemBERT fine-tuned on (claim, post) pairs",0,0.02836
17nhvc9,"CamemBERT fine-tuned on (claim, post) pairs",0,0.02836
17nieyp,"CamemBERT fine-tuned on (claim, post) pairs",0,0.03397
17nistv,"CamemBERT fine-tuned on (claim, post) pairs",0,0.03343
17nli9l,"CamemBERT fine-tuned on (claim, post) pairs",0,0.03241
17nvpqg,"CamemBERT fine-tuned on (claim, post) pairs",0,0.03488
17o0js5,"CamemBERT fine-tuned on (claim, post) pairs",0,0.0279
17o8mtz,"CamemBERT fine-tuned on (claim, post) pairs",0,0.02814
17olzxc,"CamemBERT fine-tuned on (claim, post) pairs",0,0.03581
17ouc19,"CamemBERT fine-tuned on (claim, post) pairs",0,0.03684
17p0wzh,"CamemBERT fine-tuned on (claim, post) pairs",0,0.0299
17p1bid,"CamemBERT fine-tuned on (claim, post) pairs",0,0.03079
17p1eq5,"CamemBERT fine-tuned on (claim, post) pairs",0,0.02863
17p93s4,"CamemBERT fine-tuned on (claim, post) pairs",0,0.02822
17pixc6,"CamemBERT fine-tuned on (claim, post) pairs",0,0.04016
17pj11w,"CamemBERT fine-tuned on (claim, post) pairs",0,0.02857
17pz339,"CamemBERT fine-tuned on (claim, post) pairs",0,0.03047
17q7ckw,"CamemBERT fine-tuned on (claim, post) pairs",0,0.02909
17q7ke6,"CamemBERT fine-tuned on (claim, post) pairs",0,0.02793
17qjfkb,"CamemBERT fine-tuned on (claim, post) pairs",0,0.03353
17qjrht,"CamemBERT fine-tuned on (claim, post) pairs",0,0.03318
17qjtu2,"CamemBERT fine-tuned on (claim, post) pairs",0,0.25683
17ql75o,"CamemBERT fine-tuned on (claim, post) pairs",0,0.03088
17qmh3g,"CamemBERT fine-tuned on (claim, post) pairs",0,0.11192
17qqlay,"CamemBERT fine-tuned on (claim, post) pairs",0,0.0303
17qqpls,"CamemBERT fine-tuned on (claim, post) pairs",0,0.03103
17r8wgz,"CamemBERT fine-tuned on (claim, post) pairs",0,0.02798
17r8ywj,"CamemBERT fine-tuned on (claim, post) pairs",0,0.03318
17r91qt,"CamemBERT fine-tuned on (claim, post) pairs",0,0.03039
17rfgqy,"CamemBERT fine-tuned on (claim, post) pairs",0,0.02901
17rfln4,"CamemBERT fine-tuned on (claim, post) pairs",0,0.0301
17rfwdv,"CamemBERT fine-tuned on (claim, post) pairs",0,0.02772
17rg103,"CamemBERT fine-tuned on (claim, post) pairs",0,0.03485
17rkc1r,"CamemBERT fine-tuned on (claim, post) pairs",0,0.03436
17rkfqs,"CamemBERT fine-tuned on (claim, post) pairs",0,0.034
17rz7zt,"CamemBERT fine-tuned on (claim, post) pairs",0,0.05365
17s0lcp,"CamemBERT fine-tuned on (claim, post) pairs",0,0.02987
17s5u23,"CamemBERT fine-tuned on (claim, post) pairs",0,0.02795
17s6v2z,"CamemBERT fine-tuned on (claim, post) pairs",0,0.02774
17seqtw,"CamemBERT fine-tuned on (claim, post) pairs",0,0.09947
17srut1,"CamemBERT fine-tuned on (claim, post) pairs",0,0.02825
17srxob,"CamemBERT fine-tuned on (claim, post) pairs",0,0.03056
17svvfw,"CamemBERT fine-tuned on (claim, post) pairs",0,0.02915
17t04r0,"CamemBERT fine-tuned on (claim, post) pairs",0,0.05316
17t4bqy,"CamemBERT fine-tuned on (claim, post) pairs",0,0.03021
17tre0p,"CamemBERT fine-tuned on (claim, post) pairs",0,0.02893
17u7fsv,"CamemBERT fine-tuned on (claim, post) pairs",0,0.02928
17u7jn5,"CamemBERT fine-tuned on (claim, post) pairs",0,0.03141
17u9mf8,"CamemBERT fine-tuned on (claim, post) pairs",0,0.02787
17uce4d,"CamemBERT fine-tuned on (claim, post) pairs",0,0.04603
17uy214,"CamemBERT fine-tuned on (claim, post) pairs",0,0.0342
17uyohx,"CamemBERT fine-tuned on (claim, post) pairs",0,0.03106
17uzwv9,"CamemBERT fine-tuned on (claim, post) pairs",0,0.05733
17vuhgh,"CamemBERT fine-tuned on (claim, post) pairs",0,0.02965
17vusou,"CamemBERT fine-tuned on (claim, post) pairs",0,0.02973
17vv5od,"CamemBERT fine-tuned on (claim, post) pairs",0,0.03296
17w0mo4,"CamemBERT fine-tuned on (claim, post) pairs",0,0.0334
17wae18,"CamemBERT fine-tuned on (claim, post) pairs",0,0.03908
17wif51,"CamemBERT fine-tuned on (claim, post) pairs",0,0.03079
17wigvp,"CamemBERT fine-tuned on (claim, post) pairs",0,0.03079
17wj1ur,"CamemBERT fine-tuned on (claim, post) pairs",0,0.03207
17wj4sm,"CamemBERT fine-tuned on (claim, post) pairs",0,0.03085
17wjcbs,"CamemBERT fine-tuned on (claim, post) pairs",0,0.03684
17wkm70,"CamemBERT fine-tuned on (claim, post) pairs",0,0.03007
17wmvg8,"CamemBERT fine-tuned on (claim, post) pairs",0,0.03277
17wtwjw,"CamemBERT fine-tuned on (claim, post) pairs",0,0.03033
17wze5i,"CamemBERT fine-tuned on (claim, post) pairs",0,0.02814
17wzgt0,"CamemBERT fine-tuned on (claim, post) pairs",0,0.0597
17wzmxn,"CamemBERT fine-tuned on (claim, post) pairs",0,0.02836
17wzrdj,"CamemBERT fine-tuned on (claim, post) pairs",0,0.0278
17xe21a,"CamemBERT fine-tuned on (claim, post) pairs",0,0.02841
17xh60w,"CamemBERT fine-tuned on (claim, post) pairs",0,0.03016
17xhfxx,"CamemBERT fine-tuned on (claim, post) pairs",0,0.03033
17xhitq,"CamemBERT fine-tuned on (claim, post) pairs",0,0.02942
17y2c0r,"CamemBERT fine-tuned on (claim, post) pairs",0,0.02785
17y2d6p,"CamemBERT fine-tuned on (claim, post) pairs",0,0.03375
17y2p8g,"CamemBERT fine-tuned on (claim, post) pairs",0,0.03094
17yckag,"CamemBERT fine-tuned on (claim, post) pairs",0,0.0312
17ykgu1,"CamemBERT fine-tuned on (claim, post) pairs",0,0.03013
17yu2b0,"CamemBERT fine-tuned on (claim, post) pairs",0,0.03156
17yu8cn,"CamemBERT fine-tuned on (claim, post) pairs",0,0.03065
17zke8j,"CamemBERT fine-tuned on (claim, post) pairs",0,0.03262
17zkjfy,"CamemBERT fine-tuned on (claim, post) pairs",0,0.03103
17zn0im,"CamemBERT fine-tuned on (claim, post) pairs",0,0.03129
17zpay1,"CamemBERT fine-tuned on (claim, post) pairs",0,0.68711
17zqr7n,"CamemBERT fine-tuned on (claim, post) pairs",0,0.0299
18033zt,"CamemBERT fine-tuned on (claim, post) pairs",0,0.03318
180gs5o,"CamemBERT fine-tuned on (claim, post) pairs",0,0.03013
180gxn5,"CamemBERT fine-tuned on (claim, post) pairs",0,0.03019
180h3tr,"CamemBERT fine-tuned on (claim, post) pairs",0,0.02806
180hb5x,"CamemBERT fine-tuned on (claim, post) pairs",0,0.03231
180mjsi,"CamemBERT fine-tuned on (claim, post) pairs",0,0.02895
180msvv,"CamemBERT fine-tuned on (claim, post) pairs",0,0.02868
180nlrn,"CamemBERT fine-tuned on (claim, post) pairs",0,0.03082
180nx0v,"CamemBERT fine-tuned on (claim, post) pairs",0,0.02764
180nzeq,"CamemBERT fine-tuned on (claim, post) pairs",0,0.03372
180o1j9,"CamemBERT fine-tuned on (claim, post) pairs",0,0.03296
1818f84,"CamemBERT fine-tuned on (claim, post) pairs",0,0.02893
181ge9x,"CamemBERT fine-tuned on (claim, post) pairs",0,0.22781
181xudn,"CamemBERT fine-tuned on (claim, post) pairs",0,0.02849
181y11r,"CamemBERT fine-tuned on (claim, post) pairs",0,0.03296
181y4rx,"CamemBERT fine-tuned on (claim, post) pairs",0,0.05099
181y8id,"CamemBERT fine-tuned on (claim, post) pairs",0,0.02811
181yt3j,"CamemBERT fine-tuned on (claim, post) pairs",0,0.03353
182rkfa,"CamemBERT fine-tuned on (claim, post) pairs",0,0.0279
182tbwj,"CamemBERT fine-tuned on (claim, post) pairs",0,0.06891
1845zqp,"CamemBERT fine-tuned on (claim, post) pairs",0,0.03129
18461pq,"CamemBERT fine-tuned on (claim, post) pairs",0,0.03293
1846ami,"CamemBERT fine-tuned on (claim, post) pairs",0,0.03321
1848134,"CamemBERT fine-tuned on (claim, post) pairs",0,0.03365
1849x68,"CamemBERT fine-tuned on (claim, post) pairs",0,0.02931
184a09p,"CamemBERT fine-tuned on (claim, post) pairs",0,0.03216
184dmng,"CamemBERT fine-tuned on (claim, post) pairs",0,0.02801
184e3hw,"CamemBERT fine-tuned on (claim, post) pairs",0,0.02803
184ervp,"CamemBERT fine-tuned on (claim, post) pairs",0,0.02976
1853400,"CamemBERT fine-tuned on (claim, post) pairs",0,0.03019
18538if,"CamemBERT fine-tuned on (claim, post) pairs",0,0.03247
1853fml,"CamemBERT fine-tuned on (claim, post) pairs",0,0.03204
185wk08,"CamemBERT fine-tuned on (claim, post) pairs",0,0.03581
185ymm1,"CamemBERT fine-tuned on (claim, post) pairs",0,0.03004
185yzts,"CamemBERT fine-tuned on (claim, post) pairs",0,0.02801
185z2sz,"CamemBERT fine-tuned on (claim, post) pairs",0,0.03271
185zzg9,"CamemBERT fine-tuned on (claim, post) pairs",0,0.03123
18608yt,"CamemBERT fine-tuned on (claim, post) pairs",0,0.03337
1866wpi,"CamemBERT fine-tuned on (claim, post) pairs",0,0.03244
186j9k3,"CamemBERT fine-tuned on (claim, post) pairs",0,0.0597
186kpuv,"CamemBERT fine-tuned on (claim, post) pairs",0,0.03088
186l8tl,"CamemBERT fine-tuned on (claim, post) pairs",0,0.02782
186lcv4,"CamemBERT fine-tuned on (claim, post) pairs",0,0.03198
186lkq4,"CamemBERT fine-tuned on (claim, post) pairs",0,0.02987
186lwdb,"CamemBERT fine-tuned on (claim, post) pairs",0,0.02959
186m1z9,"CamemBERT fine-tuned on (claim, post) pairs",0,0.03234
186m7ff,"CamemBERT fine-tuned on (claim, post) pairs",0,0.03007
186mde8,"CamemBERT fine-tuned on (claim, post) pairs",0,0.03287
186mhdi,"CamemBERT fine-tuned on (claim, post) pairs",0,0.02782
186mjkp,"CamemBERT fine-tuned on (claim, post) pairs",0,0.03391
186ml6s,"CamemBERT fine-tuned on (claim, post) pairs",0,0.02817
186mpba,"CamemBERT fine-tuned on (claim, post) pairs",0,0.02934
186n1dn,"CamemBERT fine-tuned on (claim, post) pairs",0,0.02819
186n4c0,"CamemBERT fine-tuned on (claim, post) pairs",0,0.02979
187g4qk,"CamemBERT fine-tuned on (claim, post) pairs",0,0.02898
187ghw2,"CamemBERT fine-tuned on (claim, post) pairs",0,0.03334
187gprg,"CamemBERT fine-tuned on (claim, post) pairs",0,0.03044
187hltt,"CamemBERT fine-tuned on (claim, post) pairs",0,0.02879
187u1pc,"CamemBERT fine-tuned on (claim, post) pairs",0,0.04115
188badl,"CamemBERT fine-tuned on (claim, post) pairs",0,0.03159
188bvzu,"CamemBERT fine-tuned on (claim, post) pairs",0,0.03039
188bzfj,"CamemBERT fine-tuned on (claim, post) pairs",0,0.04173
188klhd,"CamemBERT fine-tuned on (claim, post) pairs",0,0.02822
188krlj,"CamemBERT fine-tuned on (claim, post) pairs",0,0.02798
1890ej0,"CamemBERT fine-tuned on (claim, post) pairs",0,0.03042
18983zo,"CamemBERT fine-tuned on (claim, post) pairs",0,0.03362
189phwz,"CamemBERT fine-tuned on (claim, post) pairs",0,0.03302
189tufg,"CamemBERT fine-tuned on (claim, post) pairs",0,0.0279
189ubhv,"CamemBERT fine-tuned on (claim, post) pairs",0,0.03053
18ah4jw,"CamemBERT fine-tuned on (claim, post) pairs",0,0.03244
18ahajl,"CamemBERT fine-tuned on (claim, post) pairs",0,0.03274
18ahfdd,"CamemBERT fine-tuned on (claim, post) pairs",0,0.04406
18ahlwf,"CamemBERT fine-tuned on (claim, post) pairs",0,0.02793
18akrnj,"CamemBERT fine-tuned on (claim, post) pairs",0,0.03036
18apftn,"CamemBERT fine-tuned on (claim, post) pairs",0,0.03219
18bc16q,"CamemBERT fine-tuned on (claim, post) pairs",0,0.02898
18bc5dm,"CamemBERT fine-tuned on (claim, post) pairs",0,0.03021
18bcasp,"CamemBERT fine-tuned on (claim, post) pairs",0,0.03174
18bgnbe,"CamemBERT fine-tuned on (claim, post) pairs",0,0.02809
18bgtno,"CamemBERT fine-tuned on (claim, post) pairs",0,0.03397
18bh4e6,"CamemBERT fine-tuned on (claim, post) pairs",0,0.02811
18bh80k,"CamemBERT fine-tuned on (claim, post) pairs",0,0.0299
18bhh9b,"CamemBERT fine-tuned on (claim, post) pairs",0,0.05257
18bigzz,"CamemBERT fine-tuned on (claim, post) pairs",0,0.03033
18bitft,"CamemBERT fine-tuned on (claim, post) pairs",0,0.03318
18bkx1d,"CamemBERT fine-tuned on (claim, post) pairs",0,0.02774
18c09cg,"CamemBERT fine-tuned on (claim, post) pairs",0,0.0301
18c0edo,"CamemBERT fine-tuned on (claim, post) pairs",0,0.02996
18cabd1,"CamemBERT fine-tuned on (claim, post) pairs",0,0.034
18cdet8,"CamemBERT fine-tuned on (claim, post) pairs",0,0.02819
18cdyur,"CamemBERT fine-tuned on (claim, post) pairs",0,0.03062
18ce85y,"CamemBERT fine-tuned on (claim, post) pairs",0,0.02984
18crzkr,"CamemBERT fine-tuned on (claim, post) pairs",0,0.03315
18csp0f,"CamemBERT fine-tuned on (claim, post) pairs",0,0.03024
18ct27d,"CamemBERT fine-tuned on (claim, post) pairs",0,0.03281
18ctaip,"CamemBERT fine-tuned on (claim, post) pairs",0,0.03234
18d2p1k,"CamemBERT fine-tuned on (claim, post) pairs",0,0.02841
18d47zq,"CamemBERT fine-tuned on (claim, post) pairs",0,0.03459
18dji17,"CamemBERT fine-tuned on (claim, post) pairs",0,0.03368
18djrl4,"CamemBERT fine-tuned on (claim, post) pairs",0,0.03016
18dk7z9,"CamemBERT fine-tuned on (claim, post) pairs",0,0.0278
18e92co,"CamemBERT fine-tuned on (claim, post) pairs",0,0.69295
18eaykt,"CamemBERT fine-tuned on (claim, post) pairs",0,0.03111
18elnh6,"CamemBERT fine-tuned on (claim, post) pairs",0,0.03388
18eltoc,"CamemBERT fine-tuned on (claim, post) pairs",0,0.02999
18em1f5,"CamemBERT fine-tuned on (claim, post) pairs",0,0.0283
18f05rm,"CamemBERT fine-tuned on (claim, post) pairs",0,0.0303
18f5v4o,"CamemBERT fine-tuned on (claim, post) pairs",0,0.0283
18ffwfz,"CamemBERT fine-tuned on (claim, post) pairs",0,0.0374
18fg7bf,"CamemBERT fine-tuned on (claim, post) pairs",0,0.03033
18fgddi,"CamemBERT fine-tuned on (claim, post) pairs",0,0.03195
18fgvak,"CamemBERT fine-tuned on (claim, post) pairs",0,0.0279
18fh1qp,"CamemBERT fine-tuned on (claim, post) pairs",0,0.03315
18fh9jf,"CamemBERT fine-tuned on (claim, post) pairs",0,0.02893
18ftw1l,"CamemBERT fine-tuned on (claim, post) pairs",0,0.03356
18fzegb,"CamemBERT fine-tuned on (claim, post) pairs",0,0.03296
18g5a25,"CamemBERT fine-tuned on (claim, post) pairs",0,0.03312
18gkq9h,"CamemBERT fine-tuned on (claim, post) pairs",0,0.0312
18gkv34,"CamemBERT fine-tuned on (claim, post) pairs",0,0.03073
18gl6xg,"CamemBERT fine-tuned on (claim, post) pairs",0,0.02798
18gll5i,"CamemBERT fine-tuned on (claim, post) pairs",0,0.03591
18gmv74,"CamemBERT fine-tuned on (claim, post) pairs",0,0.02901
18gn7la,"CamemBERT fine-tuned on (claim, post) pairs",0,0.07101
18gpia4,"CamemBERT fine-tuned on (claim, post) pairs",0,0.07491
18gzi0z,"CamemBERT fine-tuned on (claim, post) pairs",0,0.03331
18hdw6j,"CamemBERT fine-tuned on (claim, post) pairs",0,0.02984
18he60e,"CamemBERT fine-tuned on (claim, post) pairs",0,0.02809
18he9jd,"CamemBERT fine-tuned on (claim, post) pairs",0,0.03318
18hi268,"CamemBERT fine-tuned on (claim, post) pairs",0,0.43583
18hkqmo,"CamemBERT fine-tuned on (claim, post) pairs",0,0.03156
18hodpk,"CamemBERT fine-tuned on (claim, post) pairs",0,0.02787
18hoj7y,"CamemBERT fine-tuned on (claim, post) pairs",0,0.0283
18hops5,"CamemBERT fine-tuned on (claim, post) pairs",0,0.02868
18hotvp,"CamemBERT fine-tuned on (claim, post) pairs",0,0.02793
18hox14,"CamemBERT fine-tuned on (claim, post) pairs",0,0.02811
18i38xr,"CamemBERT fine-tuned on (claim, post) pairs",0,0.03253
18i9c99,"CamemBERT fine-tuned on (claim, post) pairs",0,0.02795
18i9h8d,"CamemBERT fine-tuned on (claim, post) pairs",0,0.03138
18i9mdf,"CamemBERT fine-tuned on (claim, post) pairs",0,0.03216
18i9uoj,"CamemBERT fine-tuned on (claim, post) pairs",0,0.02982
18i9yzx,"CamemBERT fine-tuned on (claim, post) pairs",0,0.03106
18ia0w9,"CamemBERT fine-tuned on (claim, post) pairs",0,0.0279
18iez0f,"CamemBERT fine-tuned on (claim, post) pairs",0,0.03132
18ig4g1,"CamemBERT fine-tuned on (claim, post) pairs",0,0.03327
18iuqhn,"CamemBERT fine-tuned on (claim, post) pairs",0,0.0279
18iwhdy,"CamemBERT fine-tuned on (claim, post) pairs",0,0.03324
18j02eh,"CamemBERT fine-tuned on (claim, post) pairs",0,0.04248
18jajeq,"CamemBERT fine-tuned on (claim, post) pairs",0,0.02822
18jo0xl,"CamemBERT fine-tuned on (claim, post) pairs",0,0.0305
18jolzj,"CamemBERT fine-tuned on (claim, post) pairs",0,0.03192
18joqsp,"CamemBERT fine-tuned on (claim, post) pairs",0,0.02825
18jotju,"CamemBERT fine-tuned on (claim, post) pairs",0,0.02996
18jowp8,"CamemBERT fine-tuned on (claim, post) pairs",0,0.0305
18jp4i1,"CamemBERT fine-tuned on (claim, post) pairs",0,0.03024
18jvway,"CamemBERT fine-tuned on (claim, post) pairs",0,0.02863
18jwnqu,"CamemBERT fine-tuned on (claim, post) pairs",0,0.04886
18jyht1,"CamemBERT fine-tuned on (claim, post) pairs",0,0.10466
18k11hj,"CamemBERT fine-tuned on (claim, post) pairs",0,0.02865
18kd2ws,"CamemBERT fine-tuned on (claim, post) pairs",0,0.02836
18khw8l,"CamemBERT fine-tuned on (claim, post) pairs",0,0.03262
18ki60k,"CamemBERT fine-tuned on (claim, post) pairs",0,0.03498
18kixym,"CamemBERT fine-tuned on (claim, post) pairs",0,0.02956
18kltku,"CamemBERT fine-tuned on (claim, post) pairs",0,0.03174
18kn70h,"CamemBERT fine-tuned on (claim, post) pairs",0,0.02993
18ktaz7,"CamemBERT fine-tuned on (claim, post) pairs",0,0.03362
18lfe9z,"CamemBERT fine-tuned on (claim, post) pairs",0,0.03324
18lhwlp,"CamemBERT fine-tuned on (claim, post) pairs",0,0.03013
18mbu1m,"CamemBERT fine-tuned on (claim, post) pairs",0,0.0329
18mcpij,"CamemBERT fine-tuned on (claim, post) pairs",0,0.05316
18mq8nl,"CamemBERT fine-tuned on (claim, post) pairs",0,0.03001
18mrsc2,"CamemBERT fine-tuned on (claim, post) pairs",0,0.03404
18mrxtj,"CamemBERT fine-tuned on (claim, post) pairs",0,0.02774
18n2ri8,"CamemBERT fine-tuned on (claim, post) pairs",0,0.0289
18n3o0k,"CamemBERT fine-tuned on (claim, post) pairs",0,0.05355
18nj44y,"CamemBERT fine-tuned on (claim, post) pairs",0,0.03268
18oa7yj,"CamemBERT fine-tuned on (claim, post) pairs",0,0.02868
18oabde,"CamemBERT fine-tuned on (claim, post) pairs",0,0.0278
18oag62,"CamemBERT fine-tuned on (claim, post) pairs",0,0.03201
18oeukn,"CamemBERT fine-tuned on (claim, post) pairs",0,0.02954
18ol12a,"CamemBERT fine-tuned on (claim, post) pairs",0,0.03259
18p13so,"CamemBERT fine-tuned on (claim, post) pairs",0,0.03135
18p4exy,"CamemBERT fine-tuned on (claim, post) pairs",0,0.0426
18p4uxt,"CamemBERT fine-tuned on (claim, post) pairs",0,0.02819
18pxdpb,"CamemBERT fine-tuned on (claim, post) pairs",0,0.03602
18q02g4,"CamemBERT fine-tuned on (claim, post) pairs",0,0.03312
18q08fw,"CamemBERT fine-tuned on (claim, post) pairs",0,0.02844
18q0me8,"CamemBERT fine-tuned on (claim, post) pairs",0,0.03271
18q1315,"CamemBERT fine-tuned on (claim, post) pairs",0,0.03265
18q18c5,"CamemBERT fine-tuned on (claim, post) pairs",0,0.0329
18q7dok,"CamemBERT fine-tuned on (claim, post) pairs",0,0.03321
18q7pay,"CamemBERT fine-tuned on (claim, post) pairs",0,0.03001
18qbah5,"CamemBERT fine-tuned on (claim, post) pairs",0,0.03426
18qjn6e,"CamemBERT fine-tuned on (claim, post) pairs",0,0.04638
18qqy7h,"CamemBERT fine-tuned on (claim, post) pairs",0,0.03296
18r3me2,"CamemBERT fine-tuned on (claim, post) pairs",0,0.02976
18r3p7w,"CamemBERT fine-tuned on (claim, post) pairs",0,0.03343
18r3utj,"CamemBERT fine-tuned on (claim, post) pairs",0,0.03305
18r3zxh,"CamemBERT fine-tuned on (claim, post) pairs",0,0.02814
18r4o3e,"CamemBERT fine-tuned on (claim, post) pairs",0,0.02809
18r7rl7,"CamemBERT fine-tuned on (claim, post) pairs",0,0.56882
18r9fac,"CamemBERT fine-tuned on (claim, post) pairs",0,0.03056
18r9y4a,"CamemBERT fine-tuned on (claim, post) pairs",0,0.03144
18rc9to,"CamemBERT fine-tuned on (claim, post) pairs",0,0.03228
18rcq5b,"CamemBERT fine-tuned on (claim, post) pairs",0,0.03021
18rlu95,"CamemBERT fine-tuned on (claim, post) pairs",0,0.03256
18rxowk,"CamemBERT fine-tuned on (claim, post) pairs",0,0.04603
18sb59t,"CamemBERT fine-tuned on (claim, post) pairs",0,0.55071
18sbu84,"CamemBERT fine-tuned on (claim, post) pairs",0,0.03299
18shlh2,"CamemBERT fine-tuned on (claim, post) pairs",0,0.03138
18slya9,"CamemBERT fine-tuned on (claim, post) pairs",0,0.03284
18sst67,"CamemBERT fine-tuned on (claim, post) pairs",0,0.03132
18ssxll,"CamemBERT fine-tuned on (claim, post) pairs",0,0.03256
18stoaj,"CamemBERT fine-tuned on (claim, post) pairs",0,0.03103
18syhnz,"CamemBERT fine-tuned on (claim, post) pairs",0,0.02915
18sys0u,"CamemBERT fine-tuned on (claim, post) pairs",0,0.02956
18syus6,"CamemBERT fine-tuned on (claim, post) pairs",0,0.03528
18sznlx,"CamemBERT fine-tuned on (claim, post) pairs",0,0.05572
18thi0b,"CamemBERT fine-tuned on (claim, post) pairs",0,0.02827
18tkb7c,"CamemBERT fine-tuned on (claim, post) pairs",0,0.02945
18tkd9z,"CamemBERT fine-tuned on (claim, post) pairs",0,0.02836
18tksdh,"CamemBERT fine-tuned on (claim, post) pairs",0,0.03324
18tky9x,"CamemBERT fine-tuned on (claim, post) pairs",0,0.03165
18tnkph,"CamemBERT fine-tuned on (claim, post) pairs",0,0.03001
18ubqiv,"CamemBERT fine-tuned on (claim, post) pairs",0,0.03337
18ud4q6,"CamemBERT fine-tuned on (claim, post) pairs",0,0.03244
18ud9zr,"CamemBERT fine-tuned on (claim, post) pairs",0,0.0299
18uil8k,"CamemBERT fine-tuned on (claim, post) pairs",0,0.02934
18ujwi7,"CamemBERT fine-tuned on (claim, post) pairs",0,0.02825
18v49ec,"CamemBERT fine-tuned on (claim, post) pairs",0,0.03416
18v4gph,"CamemBERT fine-tuned on (claim, post) pairs",0,0.03923
18v4q9i,"CamemBERT fine-tuned on (claim, post) pairs",0,0.0305
18v4zat,"CamemBERT fine-tuned on (claim, post) pairs",0,0.03284
18v55p3,"CamemBERT fine-tuned on (claim, post) pairs",0,0.03016
18vhgav,"CamemBERT fine-tuned on (claim, post) pairs",0,0.02769
18vn34a,"CamemBERT fine-tuned on (claim, post) pairs",0,0.03309
18vzkmg,"CamemBERT fine-tuned on (claim, post) pairs",0,0.06615
18w3tlb,"CamemBERT fine-tuned on (claim, post) pairs",0,0.03305
18w3yia,"CamemBERT fine-tuned on (claim, post) pairs",0,0.02817
18w4epy,"CamemBERT fine-tuned on (claim, post) pairs",0,0.02868
18w4jfb,"CamemBERT fine-tuned on (claim, post) pairs",0,0.02836
18w4p3e,"CamemBERT fine-tuned on (claim, post) pairs",0,0.04651
18wpjsm,"CamemBERT fine-tuned on (claim, post) pairs",0,0.02833
18wuwyn,"CamemBERT fine-tuned on (claim, post) pairs",0,0.14713
18ww0tj,"CamemBERT fine-tuned on (claim, post) pairs",0,0.02785
18wwmkc,"CamemBERT fine-tuned on (claim, post) pairs",0,0.03042
18x3iki,"CamemBERT fine-tuned on (claim, post) pairs",0,0.02827
18xshjc,"CamemBERT fine-tuned on (claim, post) pairs",0,0.04493
18y7fex,"CamemBERT fine-tuned on (claim, post) pairs",0,0.03065
18y7lpi,"CamemBERT fine-tuned on (claim, post) pairs",0,0.03439
18y7ryg,"CamemBERT fine-tuned on (claim, post) pairs",0,0.02819
18y7u0t,"CamemBERT fine-tuned on (claim, post) pairs",0,0.02801
18y85v6,"CamemBERT fine-tuned on (claim, post) pairs",0,0.03156
18yhcjt,"CamemBERT fine-tuned on (claim, post) pairs",0,0.02846
18z23gl,"CamemBERT fine-tuned on (claim, post) pairs",0,0.03065
18zc6ze,"CamemBERT fine-tuned on (claim, post) pairs",0,0.0305
18zd4gk,"CamemBERT fine-tuned on (claim, post) pairs",0,0.02996
19029rc,"CamemBERT fine-tuned on (claim, post) pairs",0,0.02825
1902iz3,"CamemBERT fine-tuned on (claim, post) pairs",0,0.02814
19037uo,"CamemBERT fine-tuned on (claim, post) pairs",0,0.03106
1903ls9,"CamemBERT fine-tuned on (claim, post) pairs",0,0.03225
1904g3f,"CamemBERT fine-tuned on (claim, post) pairs",0,0.03079
1905p5l,"CamemBERT fine-tuned on (claim, post) pairs",0,0.03318
190yp28,"CamemBERT fine-tuned on (claim, post) pairs",0,0.03001
1911hjg,"CamemBERT fine-tuned on (claim, post) pairs",0,0.02917
191jc6z,"CamemBERT fine-tuned on (claim, post) pairs",0,0.03764
191lgbs,"CamemBERT fine-tuned on (claim, post) pairs",0,0.03775
191mhsu,"CamemBERT fine-tuned on (claim, post) pairs",0,0.03135
191zmco,"CamemBERT fine-tuned on (claim, post) pairs",0,0.83842
19292qm,"CamemBERT fine-tuned on (claim, post) pairs",0,0.05
192zy7d,"CamemBERT fine-tuned on (claim, post) pairs",0,0.02901
193yzzs,"CamemBERT fine-tuned on (claim, post) pairs",0,0.03446
19442rl,"CamemBERT fine-tuned on (claim, post) pairs",0,0.02984
1954lu5,"CamemBERT fine-tuned on (claim, post) pairs",0,0.03219
19562p7,"CamemBERT fine-tuned on (claim, post) pairs",0,0.04337
195e8mq,"CamemBERT fine-tuned on (claim, post) pairs",0,0.02852
195eipr,"CamemBERT fine-tuned on (claim, post) pairs",0,0.03076
195eo0f,"CamemBERT fine-tuned on (claim, post) pairs",0,0.02999
195evcr,"CamemBERT fine-tuned on (claim, post) pairs",0,0.03004
195f7af,"CamemBERT fine-tuned on (claim, post) pairs",0,0.0283
195mgrp,"CamemBERT fine-tuned on (claim, post) pairs",0,0.03271
195p9q1,"CamemBERT fine-tuned on (claim, post) pairs",0,0.02854
195q3zc,"CamemBERT fine-tuned on (claim, post) pairs",0,0.03027
195qf4w,"CamemBERT fine-tuned on (claim, post) pairs",0,0.03346
195r29w,"CamemBERT fine-tuned on (claim, post) pairs",0,0.02833
195w8db,"CamemBERT fine-tuned on (claim, post) pairs",0,0.03353
196e0pm,"CamemBERT fine-tuned on (claim, post) pairs",0,0.07107
196fq04,"CamemBERT fine-tuned on (claim, post) pairs",0,0.05199
196n1eh,"CamemBERT fine-tuned on (claim, post) pairs",0,0.03436
1978onb,"CamemBERT fine-tuned on (claim, post) pairs",0,0.03362
1978to1,"CamemBERT fine-tuned on (claim, post) pairs",0,0.05286
197buyi,"CamemBERT fine-tuned on (claim, post) pairs",0,0.03315
197c75f,"CamemBERT fine-tuned on (claim, post) pairs",0,0.02836
1994aor,"CamemBERT fine-tuned on (claim, post) pairs",0,0.02827
1994hrx,"CamemBERT fine-tuned on (claim, post) pairs",0,0.03253
1994lra,"CamemBERT fine-tuned on (claim, post) pairs",0,0.0321
1995ve0,"CamemBERT fine-tuned on (claim, post) pairs",0,0.02772
199lpii,"CamemBERT fine-tuned on (claim, post) pairs",0,0.03234
199ts0c,"CamemBERT fine-tuned on (claim, post) pairs",0,0.02782
199uls5,"CamemBERT fine-tuned on (claim, post) pairs",0,0.03381
199upem,"CamemBERT fine-tuned on (claim, post) pairs",0,0.03222
199v5nt,"CamemBERT fine-tuned on (claim, post) pairs",0,0.02993
199y5hj,"CamemBERT fine-tuned on (claim, post) pairs",0,0.0597
19ayc6c,"CamemBERT fine-tuned on (claim, post) pairs",0,0.038
19beihz,"CamemBERT fine-tuned on (claim, post) pairs",0,0.0318
19blujd,"CamemBERT fine-tuned on (claim, post) pairs",0,0.03097
19c61q1,"CamemBERT fine-tuned on (claim, post) pairs",0,0.03168
19cvv32,"CamemBERT fine-tuned on (claim, post) pairs",0,0.03013
19czl9q,"CamemBERT fine-tuned on (claim, post) pairs",0,0.03138
19eor6q,"CamemBERT fine-tuned on (claim, post) pairs",0,0.02806
19eoy1h,"CamemBERT fine-tuned on (claim, post) pairs",0,0.02774
19epeh5,"CamemBERT fine-tuned on (claim, post) pairs",0,0.02798
19eplt5,"CamemBERT fine-tuned on (claim, post) pairs",0,0.03027
19eq8em,"CamemBERT fine-tuned on (claim, post) pairs",0,0.03274
19f7ecz,"CamemBERT fine-tuned on (claim, post) pairs",0,0.02801
19fc0i6,"CamemBERT fine-tuned on (claim, post) pairs",0,0.05185
1abdwax,"CamemBERT fine-tuned on (claim, post) pairs",0,0.1333
1acemay,"CamemBERT fine-tuned on (claim, post) pairs",0,0.02968
1acjpbe,"CamemBERT fine-tuned on (claim, post) pairs",0,0.03299
1acjvmx,"CamemBERT fine-tuned on (claim, post) pairs",0,0.03007
1ack4bv,"CamemBERT fine-tuned on (claim, post) pairs",0,0.02811
1ackamm,"CamemBERT fine-tuned on (claim, post) pairs",0,0.03126
1ackdsr,"CamemBERT fine-tuned on (claim, post) pairs",0,0.02934
1ackjao,"CamemBERT fine-tuned on (claim, post) pairs",0,0.0286
1ackrld,"CamemBERT fine-tuned on (claim, post) pairs",0,0.03059
1ackyue,"CamemBERT fine-tuned on (claim, post) pairs",0,0.02863
1ae0xrq,"CamemBERT fine-tuned on (claim, post) pairs",0,0.1809
1aejl66,"CamemBERT fine-tuned on (claim, post) pairs",0,0.09009
1aejqeg,"CamemBERT fine-tuned on (claim, post) pairs",0,0.03085
1aeq6f6,"CamemBERT fine-tuned on (claim, post) pairs",0,0.03426
1aewo2e,"CamemBERT fine-tuned on (claim, post) pairs",0,0.04612
1aff1eg,"CamemBERT fine-tuned on (claim, post) pairs",0,0.05108
1afitmc,"CamemBERT fine-tuned on (claim, post) pairs",0,0.09671
1ag3jzd,"CamemBERT fine-tuned on (claim, post) pairs",0,0.05156
1agbqh8,"CamemBERT fine-tuned on (claim, post) pairs",0,0.03213
1agd6q8,"CamemBERT fine-tuned on (claim, post) pairs",0,0.15476
1agz31y,"CamemBERT fine-tuned on (claim, post) pairs",0,0.0325
1agzeig,"CamemBERT fine-tuned on (claim, post) pairs",0,0.03044
1agzll5,"CamemBERT fine-tuned on (claim, post) pairs",0,0.03256
1agzvsv,"CamemBERT fine-tuned on (claim, post) pairs",0,0.03007
1ah00b4,"CamemBERT fine-tuned on (claim, post) pairs",0,0.02849
1ah0e99,"CamemBERT fine-tuned on (claim, post) pairs",0,0.03036
1ah0h9v,"CamemBERT fine-tuned on (claim, post) pairs",0,0.02906
1ahrm8p,"CamemBERT fine-tuned on (claim, post) pairs",0,0.03404
1ahw49n,"CamemBERT fine-tuned on (claim, post) pairs",0,0.03016
1ahwd11,"CamemBERT fine-tuned on (claim, post) pairs",0,0.03047
1ahx4px,"CamemBERT fine-tuned on (claim, post) pairs",0,0.02993
1ailjqg,"CamemBERT fine-tuned on (claim, post) pairs",0,0.03225
1aim3u9,"CamemBERT fine-tuned on (claim, post) pairs",0,0.0283
1aivqtm,"CamemBERT fine-tuned on (claim, post) pairs",0,0.06669
1ajbytz,"CamemBERT fine-tuned on (claim, post) pairs",0,0.03033
1ajgxwq,"CamemBERT fine-tuned on (claim, post) pairs",0,0.02999
1ajhwrl,"CamemBERT fine-tuned on (claim, post) pairs",0,0.0289
1aji02k,"CamemBERT fine-tuned on (claim, post) pairs",0,0.0325
1ajihqi,"CamemBERT fine-tuned on (claim, post) pairs",0,0.03312
1ajj42n,"CamemBERT fine-tuned on (claim, post) pairs",0,0.0301
1ajjbr9,"CamemBERT fine-tuned on (claim, post) pairs",0,0.02833
1ajo0j6,"CamemBERT fine-tuned on (claim, post) pairs",0,0.03047
1ak5mhd,"CamemBERT fine-tuned on (claim, post) pairs",0,0.08255
1ak60m3,"CamemBERT fine-tuned on (claim, post) pairs",0,0.04872
1ak6eyp,"CamemBERT fine-tuned on (claim, post) pairs",0,0.03388
1akcx06,"CamemBERT fine-tuned on (claim, post) pairs",0,0.06245
1akd7pl,"CamemBERT fine-tuned on (claim, post) pairs",0,0.03349
1akhn9s,"CamemBERT fine-tuned on (claim, post) pairs",0,0.0303
1akhr6q,"CamemBERT fine-tuned on (claim, post) pairs",0,0.02806
1akhv4r,"CamemBERT fine-tuned on (claim, post) pairs",0,0.03027
1akifm8,"CamemBERT fine-tuned on (claim, post) pairs",0,0.02787
1akipte,"CamemBERT fine-tuned on (claim, post) pairs",0,0.03222
1akiuyh,"CamemBERT fine-tuned on (claim, post) pairs",0,0.02841
1akizay,"CamemBERT fine-tuned on (claim, post) pairs",0,0.02884
1akjtd4,"CamemBERT fine-tuned on (claim, post) pairs",0,0.03117
1akxo26,"CamemBERT fine-tuned on (claim, post) pairs",0,0.02806
1al11d0,"CamemBERT fine-tuned on (claim, post) pairs",0,0.03013
1al13nz,"CamemBERT fine-tuned on (claim, post) pairs",0,0.69833
1al1xgb,"CamemBERT fine-tuned on (claim, post) pairs",0,0.03024
1al43u9,"CamemBERT fine-tuned on (claim, post) pairs",0,0.03534
1alsav6,"CamemBERT fine-tuned on (claim, post) pairs",0,0.03021
1altizo,"CamemBERT fine-tuned on (claim, post) pairs",0,0.03299
1am0eci,"CamemBERT fine-tuned on (claim, post) pairs",0,0.02787
1am1bo0,"CamemBERT fine-tuned on (claim, post) pairs",0,0.0283
1am1lnv,"CamemBERT fine-tuned on (claim, post) pairs",0,0.03004
1am2aa6,"CamemBERT fine-tuned on (claim, post) pairs",0,0.02814
1amlld2,"CamemBERT fine-tuned on (claim, post) pairs",0,0.0329
1amnwe6,"CamemBERT fine-tuned on (claim, post) pairs",0,0.03656
1anh93u,"CamemBERT fine-tuned on (claim, post) pairs",0,0.03106
1anl486,"CamemBERT fine-tuned on (claim, post) pairs",0,0.02798
1anmqz7,"CamemBERT fine-tuned on (claim, post) pairs",0,0.03551
1annt6e,"CamemBERT fine-tuned on (claim, post) pairs",0,0.02782
1ao2tgt,"CamemBERT fine-tuned on (claim, post) pairs",0,0.03135
1ao2y4u,"CamemBERT fine-tuned on (claim, post) pairs",0,0.02822
1ao3cy1,"CamemBERT fine-tuned on (claim, post) pairs",0,0.03256
1ao4hr2,"CamemBERT fine-tuned on (claim, post) pairs",0,0.03953
1aod503,"CamemBERT fine-tuned on (claim, post) pairs",0,0.05094
1aoez3c,"CamemBERT fine-tuned on (claim, post) pairs",0,0.03079
1aof953,"CamemBERT fine-tuned on (claim, post) pairs",0,0.02801
1aofsdm,"CamemBERT fine-tuned on (claim, post) pairs",0,0.02987
1aogflc,"CamemBERT fine-tuned on (claim, post) pairs",0,0.02838
1aoze9t,"CamemBERT fine-tuned on (claim, post) pairs",0,0.14768
1apiqqr,"CamemBERT fine-tuned on (claim, post) pairs",0,0.03331
1apt1vt,"CamemBERT fine-tuned on (claim, post) pairs",0,0.02819
1apymz0,"CamemBERT fine-tuned on (claim, post) pairs",0,0.02857
1aq026k,"CamemBERT fine-tuned on (claim, post) pairs",0,0.0278
1aq0f7k,"CamemBERT fine-tuned on (claim, post) pairs",0,0.03284
1aq0wn0,"CamemBERT fine-tuned on (claim, post) pairs",0,0.03296
1aq1vss,"CamemBERT fine-tuned on (claim, post) pairs",0,0.02798
1aq28aa,"CamemBERT fine-tuned on (claim, post) pairs",0,0.0283
1aqp0no,"CamemBERT fine-tuned on (claim, post) pairs",0,0.03019
1aqpi80,"CamemBERT fine-tuned on (claim, post) pairs",0,0.03284
1aqrcu7,"CamemBERT fine-tuned on (claim, post) pairs",0,0.03082
1aqrfc7,"CamemBERT fine-tuned on (claim, post) pairs",0,0.02999
1aqrv3e,"CamemBERT fine-tuned on (claim, post) pairs",0,0.03165
1aqryg1,"CamemBERT fine-tuned on (claim, post) pairs",0,0.02965
1aqs2i8,"CamemBERT fine-tuned on (claim, post) pairs",0,0.03284
1arcw8y,"CamemBERT fine-tuned on (claim, post) pairs",0,0.0279
1as4h14,"CamemBERT fine-tuned on (claim, post) pairs",0,0.03001
1as4xpw,"CamemBERT fine-tuned on (claim, post) pairs",0,0.0278
1as55sb,"CamemBERT fine-tuned on (claim, post) pairs",0,0.03132
1as5bg0,"CamemBERT fine-tuned on (claim, post) pairs",0,0.03168
1as5lzr,"CamemBERT fine-tuned on (claim, post) pairs",0,0.02945
1as5qzu,"CamemBERT fine-tuned on (claim, post) pairs",0,0.02976
1as5tdk,"CamemBERT fine-tuned on (claim, post) pairs",0,0.03042
1as6hiz,"CamemBERT fine-tuned on (claim, post) pairs",0,0.03309
1as9gdm,"CamemBERT fine-tuned on (claim, post) pairs",0,0.02772
1asdwa6,"CamemBERT fine-tuned on (claim, post) pairs",0,0.03082
1asz15m,"CamemBERT fine-tuned on (claim, post) pairs",0,0.02996
1aszv6y,"CamemBERT fine-tuned on (claim, post) pairs",0,0.04252
1ath8xx,"CamemBERT fine-tuned on (claim, post) pairs",0,0.03044
1awlo4p,"CamemBERT fine-tuned on (claim, post) pairs",0,0.03047
1axghys,"CamemBERT fine-tuned on (claim, post) pairs",0,0.0426
1azpvx6,"CamemBERT fine-tuned on (claim, post) pairs",0,0.06205
1b17kx5,"CamemBERT fine-tuned on (claim, post) pairs",0,0.03375
1b1blip,"CamemBERT fine-tuned on (claim, post) pairs",0,0.03183
1b1jhg2,"CamemBERT fine-tuned on (claim, post) pairs",0,0.57223
1b2a8ts,"CamemBERT fine-tuned on (claim, post) pairs",0,0.0315
1b3mmao,"CamemBERT fine-tuned on (claim, post) pairs",0,0.05326
1b3zhav,"CamemBERT fine-tuned on (claim, post) pairs",0,0.07731
1b5uwh9,"CamemBERT fine-tuned on (claim, post) pairs",0,0.10494
1b7ee96,"CamemBERT fine-tuned on (claim, post) pairs",0,0.06454
1b7vdil,"CamemBERT fine-tuned on (claim, post) pairs",0,0.03259
1b7w65o,"CamemBERT fine-tuned on (claim, post) pairs",0,0.02999
1b8creq,"CamemBERT fine-tuned on (claim, post) pairs",0,0.88934
1b8cx6y,"CamemBERT fine-tuned on (claim, post) pairs",0,0.03375
1b8jfkl,"CamemBERT fine-tuned on (claim, post) pairs",0,0.02871
1b8jlqh,"CamemBERT fine-tuned on (claim, post) pairs",0,0.0301
1b8k9i6,"CamemBERT fine-tuned on (claim, post) pairs",0,0.03578
1b8kfw1,"CamemBERT fine-tuned on (claim, post) pairs",0,0.03287
1b8pmmi,"CamemBERT fine-tuned on (claim, post) pairs",0,0.05582
1b8qmy7,"CamemBERT fine-tuned on (claim, post) pairs",0,0.06454
1b9lhgk,"CamemBERT fine-tuned on (claim, post) pairs",0,0.03068
1b9osxh,"CamemBERT fine-tuned on (claim, post) pairs",0,0.11397
1b9py2e,"CamemBERT fine-tuned on (claim, post) pairs",0,0.03216
1b9qjeh,"CamemBERT fine-tuned on (claim, post) pairs",0,0.03156
1b9sch0,"CamemBERT fine-tuned on (claim, post) pairs",0,0.0279
1b9sxdk,"CamemBERT fine-tuned on (claim, post) pairs",0,0.02801
1b9tqw9,"CamemBERT fine-tuned on (claim, post) pairs",0,0.37473
1b9ypda,"CamemBERT fine-tuned on (claim, post) pairs",0,0.03237
1b9yy29,"CamemBERT fine-tuned on (claim, post) pairs",0,0.02806
1bacba5,"CamemBERT fine-tuned on (claim, post) pairs",0,0.03274
1bcu5o4,"CamemBERT fine-tuned on (claim, post) pairs",0,0.02993
1bcuigb,"CamemBERT fine-tuned on (claim, post) pairs",0,0.03033
1bcv28t,"CamemBERT fine-tuned on (claim, post) pairs",0,0.03293
1bcvmhl,"CamemBERT fine-tuned on (claim, post) pairs",0,0.03359
1bdakef,"CamemBERT fine-tuned on (claim, post) pairs",0,0.03983
1bdljph,"CamemBERT fine-tuned on (claim, post) pairs",0,0.03754
1bdoho9,"CamemBERT fine-tuned on (claim, post) pairs",0,0.03065
1bdr2r5,"CamemBERT fine-tuned on (claim, post) pairs",0,0.03305
1bdrv5j,"CamemBERT fine-tuned on (claim, post) pairs",0,0.031
1bdtnx3,"CamemBERT fine-tuned on (claim, post) pairs",0,0.03653
1beh8mn,"CamemBERT fine-tuned on (claim, post) pairs",0,0.03356
1bei9em,"CamemBERT fine-tuned on (claim, post) pairs",0,0.03287
1beifxc,"CamemBERT fine-tuned on (claim, post) pairs",0,0.02785
1beky3j,"CamemBERT fine-tuned on (claim, post) pairs",0,0.02793
1ben3cs,"CamemBERT fine-tuned on (claim, post) pairs",0,0.03141
1ben4xw,"CamemBERT fine-tuned on (claim, post) pairs",0,0.30539
1bewdxd,"CamemBERT fine-tuned on (claim, post) pairs",0,0.02996
1bfl1hm,"CamemBERT fine-tuned on (claim, post) pairs",0,0.03312
1bg3m43,"CamemBERT fine-tuned on (claim, post) pairs",0,0.03106
1bg3pzf,"CamemBERT fine-tuned on (claim, post) pairs",0,0.0299
1bg3u66,"CamemBERT fine-tuned on (claim, post) pairs",0,0.02811
1bg3wey,"CamemBERT fine-tuned on (claim, post) pairs",0,0.0283
1bg4123,"CamemBERT fine-tuned on (claim, post) pairs",0,0.02806
1bg77po,"CamemBERT fine-tuned on (claim, post) pairs",0,0.02849
1bgfcbc,"CamemBERT fine-tuned on (claim, post) pairs",0,0.03147
1bgu5zi,"CamemBERT fine-tuned on (claim, post) pairs",0,0.03247
1bgz5ah,"CamemBERT fine-tuned on (claim, post) pairs",0,0.02787
1bh735v,"CamemBERT fine-tuned on (claim, post) pairs",0,0.07703
1bhs7kz,"CamemBERT fine-tuned on (claim, post) pairs",0,0.04586
1bi3jjx,"CamemBERT fine-tuned on (claim, post) pairs",0,0.0325
1biu7df,"CamemBERT fine-tuned on (claim, post) pairs",0,0.02817
1biufo3,"CamemBERT fine-tuned on (claim, post) pairs",0,0.02814
1bj8m0n,"CamemBERT fine-tuned on (claim, post) pairs",0,0.0703
1bj98dv,"CamemBERT fine-tuned on (claim, post) pairs",0,0.57033
1bjc25j,"CamemBERT fine-tuned on (claim, post) pairs",0,0.03156
1bjiqz4,"CamemBERT fine-tuned on (claim, post) pairs",0,0.03225
1bjm4ag,"CamemBERT fine-tuned on (claim, post) pairs",0,0.03016
1bjyqro,"CamemBERT fine-tuned on (claim, post) pairs",0,0.02979
1bjyyeq,"CamemBERT fine-tuned on (claim, post) pairs",0,0.02873
1bjz2ok,"CamemBERT fine-tuned on (claim, post) pairs",0,0.0286
1bjzcrm,"CamemBERT fine-tuned on (claim, post) pairs",0,0.02782
1bkttoh,"CamemBERT fine-tuned on (claim, post) pairs",0,0.03114
1bku2zx,"CamemBERT fine-tuned on (claim, post) pairs",0,0.02962
1bkua8v,"CamemBERT fine-tuned on (claim, post) pairs",0,0.03111
1bkubkn,"CamemBERT fine-tuned on (claim, post) pairs",0,0.03079
1bkugao,"CamemBERT fine-tuned on (claim, post) pairs",0,0.03016
1bkuier,"CamemBERT fine-tuned on (claim, post) pairs",0,0.02838
1bl8e8r,"CamemBERT fine-tuned on (claim, post) pairs",0,0.02764
1bl8me7,"CamemBERT fine-tuned on (claim, post) pairs",0,0.03053
1blo2vs,"CamemBERT fine-tuned on (claim, post) pairs",0,0.02814
1blo6d1,"CamemBERT fine-tuned on (claim, post) pairs",0,0.03062
1blrkoa,"CamemBERT fine-tuned on (claim, post) pairs",0,0.02806
1blsbzn,"CamemBERT fine-tuned on (claim, post) pairs",0,0.07146
1blxjpc,"CamemBERT fine-tuned on (claim, post) pairs",0,0.03253
1blxolr,"CamemBERT fine-tuned on (claim, post) pairs",0,0.02833
1bmj13o,"CamemBERT fine-tuned on (claim, post) pairs",0,0.06639
1bmmss6,"CamemBERT fine-tuned on (claim, post) pairs",0,0.36937
1bnuyhx,"CamemBERT fine-tuned on (claim, post) pairs",0,0.02882
1boyxp2,"CamemBERT fine-tuned on (claim, post) pairs",0,0.03053
1boyzwh,"CamemBERT fine-tuned on (claim, post) pairs",0,0.02822
1boz5sd,"CamemBERT fine-tuned on (claim, post) pairs",0,0.02809
1bp6uhy,"CamemBERT fine-tuned on (claim, post) pairs",0,0.03287
1bp71yt,"CamemBERT fine-tuned on (claim, post) pairs",0,0.03705
1bpqwc0,"CamemBERT fine-tuned on (claim, post) pairs",0,0.0303
1bpqxt5,"CamemBERT fine-tuned on (claim, post) pairs",0,0.10932
1bpr1pd,"CamemBERT fine-tuned on (claim, post) pairs",0,0.03475
1bpr607,"CamemBERT fine-tuned on (claim, post) pairs",0,0.02984
1bprcsk,"CamemBERT fine-tuned on (claim, post) pairs",0,0.03036
1bprhnx,"CamemBERT fine-tuned on (claim, post) pairs",0,0.03192
1bpsc5l,"CamemBERT fine-tuned on (claim, post) pairs",0,0.05531
1bpy1xg,"CamemBERT fine-tuned on (claim, post) pairs",0,0.06371
1bqui38,"CamemBERT fine-tuned on (claim, post) pairs",0,0.0396
1bre7fd,"CamemBERT fine-tuned on (claim, post) pairs",0,0.03001
1brgcf5,"CamemBERT fine-tuned on (claim, post) pairs",0,0.02777
1brgsd4,"CamemBERT fine-tuned on (claim, post) pairs",0,0.02928
1brguvr,"CamemBERT fine-tuned on (claim, post) pairs",0,0.03047
1brgymp,"CamemBERT fine-tuned on (claim, post) pairs",0,0.02984
1brh3fp,"CamemBERT fine-tuned on (claim, post) pairs",0,0.03059
1bttjzq,"CamemBERT fine-tuned on (claim, post) pairs",0,0.02893
1bupp91,"CamemBERT fine-tuned on (claim, post) pairs",0,0.07159
1butdv4,"CamemBERT fine-tuned on (claim, post) pairs",0,0.06014
1bvjmgm,"CamemBERT fine-tuned on (claim, post) pairs",0,0.25908
1bvrt4h,"CamemBERT fine-tuned on (claim, post) pairs",0,0.03174
1bvupup,"CamemBERT fine-tuned on (claim, post) pairs",0,0.05916
1bx6piv,"CamemBERT fine-tuned on (claim, post) pairs",0,0.03088
1c0e70q,"CamemBERT fine-tuned on (claim, post) pairs",0,0.03201
1c0h6qv,"CamemBERT fine-tuned on (claim, post) pairs",0,0.05199
1c0lloj,"CamemBERT fine-tuned on (claim, post) pairs",0,0.6588
1c0o7bl,"CamemBERT fine-tuned on (claim, post) pairs",0,0.02876
1c0t3sx,"CamemBERT fine-tuned on (claim, post) pairs",0,0.06053
1c21byc,"CamemBERT fine-tuned on (claim, post) pairs",0,0.05786
1c27osd,"CamemBERT fine-tuned on (claim, post) pairs",0,0.09782
1c2a1gl,"CamemBERT fine-tuned on (claim, post) pairs",0,0.03701
1c3qkzj,"CamemBERT fine-tuned on (claim, post) pairs",0,0.15883
1c3qnq1,"CamemBERT fine-tuned on (claim, post) pairs",0,0.06513
1c4sj07,"CamemBERT fine-tuned on (claim, post) pairs",0,0.05987
1c4yhit,"CamemBERT fine-tuned on (claim, post) pairs",0,0.04353
1c5hgob,"CamemBERT fine-tuned on (claim, post) pairs",0,0.06348
1c65n5g,"CamemBERT fine-tuned on (claim, post) pairs",0,0.08609
1c6cxua,"CamemBERT fine-tuned on (claim, post) pairs",0,0.0795
1c6vp3p,"CamemBERT fine-tuned on (claim, post) pairs",0,0.06081
1c6vqsz,"CamemBERT fine-tuned on (claim, post) pairs",0,0.0534
1cac9tl,"CamemBERT fine-tuned on (claim, post) pairs",0,0.05926
1cdi9mx,"CamemBERT fine-tuned on (claim, post) pairs",0,0.03216
1cemajh,"CamemBERT fine-tuned on (claim, post) pairs",0,0.03082
1cf6ni3,"CamemBERT fine-tuned on (claim, post) pairs",0,0.37806
1cia37b,"CamemBERT fine-tuned on (claim, post) pairs",0,0.03262
1cidi5e,"CamemBERT fine-tuned on (claim, post) pairs",0,0.0762
1cmyai6,"CamemBERT fine-tuned on (claim, post) pairs",0,0.03953
1co8ccx,"CamemBERT fine-tuned on (claim, post) pairs",0,0.06519
1corcr4,"CamemBERT fine-tuned on (claim, post) pairs",0,0.05296
1cow4pc,"CamemBERT fine-tuned on (claim, post) pairs",0,0.06267
1cq3spj,"CamemBERT fine-tuned on (claim, post) pairs",0,0.02803
1crid3e,"CamemBERT fine-tuned on (claim, post) pairs",0,0.0402
1crx10r,"CamemBERT fine-tuned on (claim, post) pairs",0,0.03088
1csfpit,"CamemBERT fine-tuned on (claim, post) pairs",0,0.05981
1csntuz,"CamemBERT fine-tuned on (claim, post) pairs",0,0.02965
1cu0aj5,"CamemBERT fine-tuned on (claim, post) pairs",0,0.03605
1cubufv,"CamemBERT fine-tuned on (claim, post) pairs",0,0.03097
1cubzin,"CamemBERT fine-tuned on (claim, post) pairs",0,0.20458
1cusgbb,"CamemBERT fine-tuned on (claim, post) pairs",0,0.03274
1cynsa1,"CamemBERT fine-tuned on (claim, post) pairs",0,0.54558
1cyrov7,"CamemBERT fine-tuned on (claim, post) pairs",0,0.03397
1czrn2k,"CamemBERT fine-tuned on (claim, post) pairs",0,0.03505
1d08gwl,"CamemBERT fine-tuned on (claim, post) pairs",0,0.03231
1d10shk,"CamemBERT fine-tuned on (claim, post) pairs",0,0.05639
1d1qdq9,"CamemBERT fine-tuned on (claim, post) pairs",0,0.0307
1d2t9x7,"CamemBERT fine-tuned on (claim, post) pairs",0,0.04127
1d5ohgk,"CamemBERT fine-tuned on (claim, post) pairs",0,0.04201
1d7c185,"CamemBERT fine-tuned on (claim, post) pairs",0,0.03321
1d8kd43,"CamemBERT fine-tuned on (claim, post) pairs",0,0.03117
1d8mic3,"CamemBERT fine-tuned on (claim, post) pairs",0,0.03636
1d8offt,"CamemBERT fine-tuned on (claim, post) pairs",0,0.28732
1d8s1ie,"CamemBERT fine-tuned on (claim, post) pairs",0,0.04365
1d9csi9,"CamemBERT fine-tuned on (claim, post) pairs",0,0.14774
1d9defb,"CamemBERT fine-tuned on (claim, post) pairs",0,0.03442
1da7njk,"CamemBERT fine-tuned on (claim, post) pairs",0,0.05127
1da927o,"CamemBERT fine-tuned on (claim, post) pairs",0,0.03228
1dadxjg,"CamemBERT fine-tuned on (claim, post) pairs",0,0.03222
1dafkpi,"CamemBERT fine-tuned on (claim, post) pairs",0,0.04213
1daz7gt,"CamemBERT fine-tuned on (claim, post) pairs",0,0.034
1dbpd5d,"CamemBERT fine-tuned on (claim, post) pairs",0,0.03404
1dbt8zf,"CamemBERT fine-tuned on (claim, post) pairs",0,0.03384
1dc1d9n,"CamemBERT fine-tuned on (claim, post) pairs",0,0.0289
1dce6tz,"CamemBERT fine-tuned on (claim, post) pairs",0,0.07545
1dcf2fh,"CamemBERT fine-tuned on (claim, post) pairs",0,0.03691
1dcgfo1,"CamemBERT fine-tuned on (claim, post) pairs",0,0.03065
1dciusk,"CamemBERT fine-tuned on (claim, post) pairs",0,0.04548
1dczefz,"CamemBERT fine-tuned on (claim, post) pairs",0,0.06199
1dd6thg,"CamemBERT fine-tuned on (claim, post) pairs",0,0.03042
1ddi96d,"CamemBERT fine-tuned on (claim, post) pairs",0,0.03315
1de040h,"CamemBERT fine-tuned on (claim, post) pairs",0,0.03047
1debgw2,"CamemBERT fine-tuned on (claim, post) pairs",0,0.03228
1deh5x0,"CamemBERT fine-tuned on (claim, post) pairs",0,0.03287
1df1ij1,"CamemBERT fine-tuned on (claim, post) pairs",0,0.03039
1dfjxkf,"CamemBERT fine-tuned on (claim, post) pairs",0,0.031
1dfuspz,"CamemBERT fine-tuned on (claim, post) pairs",0,0.03033
1dg0yts,"CamemBERT fine-tuned on (claim, post) pairs",0,0.03368
1dgbnph,"CamemBERT fine-tuned on (claim, post) pairs",0,0.0307
1dgfoey,"CamemBERT fine-tuned on (claim, post) pairs",0,0.03468
1dgk657,"CamemBERT fine-tuned on (claim, post) pairs",0,0.45266
1dgwae8,"CamemBERT fine-tuned on (claim, post) pairs",0,0.03534
1dh48f2,"CamemBERT fine-tuned on (claim, post) pairs",0,0.04982
1dhhn6b,"CamemBERT fine-tuned on (claim, post) pairs",0,0.05345
1dhrn9r,"CamemBERT fine-tuned on (claim, post) pairs",0,0.03036
1dhvl4n,"CamemBERT fine-tuned on (claim, post) pairs",0,0.06549
1dhvt8s,"CamemBERT fine-tuned on (claim, post) pairs",0,0.03195
1dikv20,"CamemBERT fine-tuned on (claim, post) pairs",0,0.03534
1dil8h2,"CamemBERT fine-tuned on (claim, post) pairs",0,0.03132
1dj28yd,"CamemBERT fine-tuned on (claim, post) pairs",0,0.03129
1dkbozg,"CamemBERT fine-tuned on (claim, post) pairs",0,0.06131
1dkdkms,"CamemBERT fine-tuned on (claim, post) pairs",0,0.05233
1dkl9d9,"CamemBERT fine-tuned on (claim, post) pairs",0,0.0538
1dkmhn1,"CamemBERT fine-tuned on (claim, post) pairs",0,0.03468
1dkzwoh,"CamemBERT fine-tuned on (claim, post) pairs",0,0.0305
1dlchla,"CamemBERT fine-tuned on (claim, post) pairs",0,0.03177
1dlu8wq,"CamemBERT fine-tuned on (claim, post) pairs",0,0.03927
1dm1xlr,"CamemBERT fine-tuned on (claim, post) pairs",0,0.05272
1dnlrek,"CamemBERT fine-tuned on (claim, post) pairs",0,0.03321
1dny95b,"CamemBERT fine-tuned on (claim, post) pairs",0,0.03106
1do0zun,"CamemBERT fine-tuned on (claim, post) pairs",0,0.03894
1do8npk,"CamemBERT fine-tuned on (claim, post) pairs",0,0.06603
1doah2p,"CamemBERT fine-tuned on (claim, post) pairs",0,0.03585
1dobijv,"CamemBERT fine-tuned on (claim, post) pairs",0,0.05516
1dosoob,"CamemBERT fine-tuned on (claim, post) pairs",0,0.03042
1dp6x90,"CamemBERT fine-tuned on (claim, post) pairs",0,0.62635
1dp7lq4,"CamemBERT fine-tuned on (claim, post) pairs",0,0.04166
1dpf9h8,"CamemBERT fine-tuned on (claim, post) pairs",0,0.08218
1dpmd6j,"CamemBERT fine-tuned on (claim, post) pairs",0,0.04954
1dpt4w3,"CamemBERT fine-tuned on (claim, post) pairs",0,0.75528
1dq0rm2,"CamemBERT fine-tuned on (claim, post) pairs",0,0.1288
1dqj6mf,"CamemBERT fine-tuned on (claim, post) pairs",0,0.03044
1dr7p6o,"CamemBERT fine-tuned on (claim, post) pairs",0,0.03053
1drbfvz,"CamemBERT fine-tuned on (claim, post) pairs",0,0.03619
1ds7f7r,"CamemBERT fine-tuned on (claim, post) pairs",0,0.03144
1dslge2,"CamemBERT fine-tuned on (claim, post) pairs",0,0.03153
1dsrb9h,"CamemBERT fine-tuned on (claim, post) pairs",0,0.03649
1dtf4fi,"CamemBERT fine-tuned on (claim, post) pairs",0,0.03123
1dtm3r0,"CamemBERT fine-tuned on (claim, post) pairs",0,0.03204
1dtx7p4,"CamemBERT fine-tuned on (claim, post) pairs",0,0.05316
1du768r,"CamemBERT fine-tuned on (claim, post) pairs",0,0.03165
1dukqf3,"CamemBERT fine-tuned on (claim, post) pairs",0,0.04035
1dv6hry,"CamemBERT fine-tuned on (claim, post) pairs",0,0.03372
1dv87gw,"CamemBERT fine-tuned on (claim, post) pairs",0,0.05572
1dv89kh,"CamemBERT fine-tuned on (claim, post) pairs",0,0.04703
1dxisst,"CamemBERT fine-tuned on (claim, post) pairs",0,0.0325
1dy24o5,"CamemBERT fine-tuned on (claim, post) pairs",0,0.03007
1dywnc4,"CamemBERT fine-tuned on (claim, post) pairs",0,0.02959
1dzt80b,"CamemBERT fine-tuned on (claim, post) pairs",0,0.03821
1e0hgnf,"CamemBERT fine-tuned on (claim, post) pairs",0,0.08772
1e1bu76,"CamemBERT fine-tuned on (claim, post) pairs",0,0.03518
1e1iz84,"CamemBERT fine-tuned on (claim, post) pairs",0,0.02951
1e1j4d9,"CamemBERT fine-tuned on (claim, post) pairs",0,0.13575
1e3s5hh,"CamemBERT fine-tuned on (claim, post) pairs",0,0.03558
1e4ks0l,"CamemBERT fine-tuned on (claim, post) pairs",0,0.03256
1e4n0px,"CamemBERT fine-tuned on (claim, post) pairs",0,0.03068
1e4pzmv,"CamemBERT fine-tuned on (claim, post) pairs",0,0.04138
1e4qpix,"CamemBERT fine-tuned on (claim, post) pairs",0,0.06003
1e5ci39,"CamemBERT fine-tuned on (claim, post) pairs",0,0.06142
1e5htqp,"CamemBERT fine-tuned on (claim, post) pairs",0,0.07464
1e5ok5h,"CamemBERT fine-tuned on (claim, post) pairs",0,0.06114
1e67ex8,"CamemBERT fine-tuned on (claim, post) pairs",0,0.05291
1e6gxpc,"CamemBERT fine-tuned on (claim, post) pairs",0,0.10448
1e787n6,"CamemBERT fine-tuned on (claim, post) pairs",0,0.03147
1e81mgl,"CamemBERT fine-tuned on (claim, post) pairs",0,0.06296
1e8v02c,"CamemBERT fine-tuned on (claim, post) pairs",0,0.10106
1e8z7xp,"CamemBERT fine-tuned on (claim, post) pairs",0,0.03346
1e9k9a7,"CamemBERT fine-tuned on (claim, post) pairs",0,0.06308
1eahmzg,"CamemBERT fine-tuned on (claim, post) pairs",0,0.03365
1eauomt,"CamemBERT fine-tuned on (claim, post) pairs",0,0.03459
1eaxfbq,"CamemBERT fine-tuned on (claim, post) pairs",0,0.06866
1ebpsok,"CamemBERT fine-tuned on (claim, post) pairs",0,0.08277
1ebs243,"CamemBERT fine-tuned on (claim, post) pairs",0,0.03649
1ebtarw,"CamemBERT fine-tuned on (claim, post) pairs",0,0.03318
1ec19f9,"CamemBERT fine-tuned on (claim, post) pairs",0,0.06389
1ecryfs,"CamemBERT fine-tuned on (claim, post) pairs",0,0.05613
1edaz1f,"CamemBERT fine-tuned on (claim, post) pairs",0,0.07075
1eddctw,"CamemBERT fine-tuned on (claim, post) pairs",0,0.04565
1ee6eul,"CamemBERT fine-tuned on (claim, post) pairs",0,0.06313
1ee7svn,"CamemBERT fine-tuned on (claim, post) pairs",0,0.07572
1eevmh5,"CamemBERT fine-tuned on (claim, post) pairs",0,0.05042
1ef3cq1,"CamemBERT fine-tuned on (claim, post) pairs",0,0.07773
1efayex,"CamemBERT fine-tuned on (claim, post) pairs",0,0.06627
1efnhye,"CamemBERT fine-tuned on (claim, post) pairs",0,0.06566
1efsnxh,"CamemBERT fine-tuned on (claim, post) pairs",0,0.09973
1eftexl,"CamemBERT fine-tuned on (claim, post) pairs",0,0.06742
1efuetm,"CamemBERT fine-tuned on (claim, post) pairs",0,0.06245
1efwjrz,"CamemBERT fine-tuned on (claim, post) pairs",0,0.0542
1eg7v4g,"CamemBERT fine-tuned on (claim, post) pairs",0,0.05948
1eggnu9,"CamemBERT fine-tuned on (claim, post) pairs",0,0.06454
1eggq7w,"CamemBERT fine-tuned on (claim, post) pairs",0,0.03372
1ehg8fx,"CamemBERT fine-tuned on (claim, post) pairs",0,0.11038
1ehn3st,"CamemBERT fine-tuned on (claim, post) pairs",0,0.11143
1ei3rkv,"CamemBERT fine-tuned on (claim, post) pairs",0,0.05132
1ej1snr,"CamemBERT fine-tuned on (claim, post) pairs",0,0.04918
1ejbu1m,"CamemBERT fine-tuned on (claim, post) pairs",0,0.05175
1ejuwk0,"CamemBERT fine-tuned on (claim, post) pairs",0,0.06025
1ek47ig,"CamemBERT fine-tuned on (claim, post) pairs",0,0.06572
1ekjjwe,"CamemBERT fine-tuned on (claim, post) pairs",0,0.07403
1elarbx,"CamemBERT fine-tuned on (claim, post) pairs",0,0.07864
1elhpc6,"CamemBERT fine-tuned on (claim, post) pairs",0,0.05665
1elhzdn,"CamemBERT fine-tuned on (claim, post) pairs",0,0.03491
1encwnm,"CamemBERT fine-tuned on (claim, post) pairs",0,0.05998
1eny8p8,"CamemBERT fine-tuned on (claim, post) pairs",0,0.09782
1eo4eta,"CamemBERT fine-tuned on (claim, post) pairs",0,0.0547
1ep2jor,"CamemBERT fine-tuned on (claim, post) pairs",0,0.05365
1epnvej,"CamemBERT fine-tuned on (claim, post) pairs",0,0.04016
1epo7f9,"CamemBERT fine-tuned on (claim, post) pairs",0,0.02895
1eptigv,"CamemBERT fine-tuned on (claim, post) pairs",0,0.04337
1eqbcee,"CamemBERT fine-tuned on (claim, post) pairs",0,0.09368
1eqr741,"CamemBERT fine-tuned on (claim, post) pairs",0,0.04081
1er84xt,"CamemBERT fine-tuned on (claim, post) pairs",0,0.03019
1eyhz0x,"CamemBERT fine-tuned on (claim, post) pairs",0,0.50038
1ezcfgb,"CamemBERT fine-tuned on (claim, post) pairs",0,0.06999
1f1l3cv,"CamemBERT fine-tuned on (claim, post) pairs",0,0.03625
1f3443m,"CamemBERT fine-tuned on (claim, post) pairs",0,0.02809
1f4b5wr,"CamemBERT fine-tuned on (claim, post) pairs",0,0.0366
1f4wdfl,"CamemBERT fine-tuned on (claim, post) pairs",0,0.16092
1f6jwov,"CamemBERT fine-tuned on (claim, post) pairs",0,0.10819
1f6pvnp,"CamemBERT fine-tuned on (claim, post) pairs",0,0.06239
1f72a4j,"CamemBERT fine-tuned on (claim, post) pairs",0,0.03475
1f9k578,"CamemBERT fine-tuned on (claim, post) pairs",0,0.02819
1fbxury,"CamemBERT fine-tuned on (claim, post) pairs",0,0.0334
1fcv2tf,"CamemBERT fine-tuned on (claim, post) pairs",0,0.03312
1fd8o6t,"CamemBERT fine-tuned on (claim, post) pairs",0,0.03162
1feub3j,"CamemBERT fine-tuned on (claim, post) pairs",0,0.60121
1fhyjl8,"CamemBERT fine-tuned on (claim, post) pairs",0,0.03159
1fks6e4,"CamemBERT fine-tuned on (claim, post) pairs",0,0.05883
1fl5s5s,"CamemBERT fine-tuned on (claim, post) pairs",0,0.04365
1fl6mcl,"CamemBERT fine-tuned on (claim, post) pairs",0,0.06154
1foxbds,"CamemBERT fine-tuned on (claim, post) pairs",0,0.04782
1fp03ct,"CamemBERT fine-tuned on (claim, post) pairs",0,0.03117
1fp880l,"CamemBERT fine-tuned on (claim, post) pairs",0,0.04369
1fpxjmh,"CamemBERT fine-tuned on (claim, post) pairs",0,0.03001
1fsplqe,"CamemBERT fine-tuned on (claim, post) pairs",0,0.06935
1ft3bdf,"CamemBERT fine-tuned on (claim, post) pairs",0,0.02819
1ft7qo3,"CamemBERT fine-tuned on (claim, post) pairs",0,0.56758
1fv7cc5,"CamemBERT fine-tuned on (claim, post) pairs",0,0.03771
1fy3t6h,"CamemBERT fine-tuned on (claim, post) pairs",0,0.03318
1fzrqe1,"CamemBERT fine-tuned on (claim, post) pairs",0,0.03836
1fztvth,"CamemBERT fine-tuned on (claim, post) pairs",0,0.06543
1g0ca1k,"CamemBERT fine-tuned on (claim, post) pairs",0,0.32008
1g13egl,"CamemBERT fine-tuned on (claim, post) pairs",0,0.193
1g2zhjt,"CamemBERT fine-tuned on (claim, post) pairs",0,0.04069
1g3a6yi,"CamemBERT fine-tuned on (claim, post) pairs",0,0.03111
1g48b3h,"CamemBERT fine-tuned on (claim, post) pairs",0,0.31153
1g4wao0,"CamemBERT fine-tuned on (claim, post) pairs",0,0.45328
1g5ln0v,"CamemBERT fine-tuned on (claim, post) pairs",0,0.03465
1g6cqni,"CamemBERT fine-tuned on (claim, post) pairs",0,0.07297
1g83j28,"CamemBERT fine-tuned on (claim, post) pairs",0,0.04031
1g8myad,"CamemBERT fine-tuned on (claim, post) pairs",0,0.42316
1g8qt3a,"CamemBERT fine-tuned on (claim, post) pairs",0,0.08007
1g9eloj,"CamemBERT fine-tuned on (claim, post) pairs",0,0.03318
1g9hlg9,"CamemBERT fine-tuned on (claim, post) pairs",0,0.03843
1gagde0,"CamemBERT fine-tuned on (claim, post) pairs",0,0.03416
1gaxvyj,"CamemBERT fine-tuned on (claim, post) pairs",0,0.02822
1gbv39k,"CamemBERT fine-tuned on (claim, post) pairs",0,0.03309
1gc5enm,"CamemBERT fine-tuned on (claim, post) pairs",0,0.03156
1gdha3r,"CamemBERT fine-tuned on (claim, post) pairs",0,0.12143
1gdz53k,"CamemBERT fine-tuned on (claim, post) pairs",0,0.74577
1ggftpo,"CamemBERT fine-tuned on (claim, post) pairs",0,0.02863
1ggjlxr,"CamemBERT fine-tuned on (claim, post) pairs",0,0.57641
1gh1x3r,"CamemBERT fine-tuned on (claim, post) pairs",0,0.03132
1gk5aqh,"CamemBERT fine-tuned on (claim, post) pairs",0,0.03056
1gktp3b,"CamemBERT fine-tuned on (claim, post) pairs",0,0.03253
1gluet4,"CamemBERT fine-tuned on (claim, post) pairs",0,0.12571
1gmcgh7,"CamemBERT fine-tuned on (claim, post) pairs",0,0.03554
1gn8qpg,"CamemBERT fine-tuned on (claim, post) pairs",0,0.02926
1gozh3k,"CamemBERT fine-tuned on (claim, post) pairs",0,0.03042
1gpv0ke,"CamemBERT fine-tuned on (claim, post) pairs",0,0.03047
1gq95wb,"CamemBERT fine-tuned on (claim, post) pairs",0,0.09025
1gq9vso,"CamemBERT fine-tuned on (claim, post) pairs",0,0.71088
1gqkobf,"CamemBERT fine-tuned on (claim, post) pairs",0,0.03796
1gsmqzu,"CamemBERT fine-tuned on (claim, post) pairs",0,0.69051
1gusx02,"CamemBERT fine-tuned on (claim, post) pairs",0,0.03407
1gut8f7,"CamemBERT fine-tuned on (claim, post) pairs",0,0.04177
1gvuolb,"CamemBERT fine-tuned on (claim, post) pairs",0,0.70279
1gwgfse,"CamemBERT fine-tuned on (claim, post) pairs",0,0.03129
1h0naf9,"CamemBERT fine-tuned on (claim, post) pairs",0,0.45078
1h0yeip,"CamemBERT fine-tuned on (claim, post) pairs",0,0.04603
1h148x3,"CamemBERT fine-tuned on (claim, post) pairs",0,0.03216
1h1agmg,"CamemBERT fine-tuned on (claim, post) pairs",0,0.03256
1h43ail,"CamemBERT fine-tuned on (claim, post) pairs",0,0.03372
1h50c4x,"CamemBERT fine-tuned on (claim, post) pairs",0,0.04209
1h5ujg5,"CamemBERT fine-tuned on (claim, post) pairs",0,0.05355
1h6c44o,"CamemBERT fine-tuned on (claim, post) pairs",0,0.02879
1h6jsfq,"CamemBERT fine-tuned on (claim, post) pairs",0,0.03256
1ha5uf5,"CamemBERT fine-tuned on (claim, post) pairs",0,0.03337
1ha7mzh,"CamemBERT fine-tuned on (claim, post) pairs",0,0.03472
1hapzx9,"CamemBERT fine-tuned on (claim, post) pairs",0,0.03883
1hb5l6u,"CamemBERT fine-tuned on (claim, post) pairs",0,0.1282
1hbp8gi,"CamemBERT fine-tuned on (claim, post) pairs",0,0.05365
1hc3gcw,"CamemBERT fine-tuned on (claim, post) pairs",0,0.0686
1hc46hu,"CamemBERT fine-tuned on (claim, post) pairs",0,0.78225
1hcu28q,"CamemBERT fine-tuned on (claim, post) pairs",0,0.02996
1hdaa42,"CamemBERT fine-tuned on (claim, post) pairs",0,0.03334
1hdi0kn,"CamemBERT fine-tuned on (claim, post) pairs",0,0.03722
1hfhac4,"CamemBERT fine-tuned on (claim, post) pairs",0,0.03091
1hfikff,"CamemBERT fine-tuned on (claim, post) pairs",0,0.06633
1hgjn5n,"CamemBERT fine-tuned on (claim, post) pairs",0,0.03331
1hhbyvd,"CamemBERT fine-tuned on (claim, post) pairs",0,0.06401
1hin2h3,"CamemBERT fine-tuned on (claim, post) pairs",0,0.03423
1hj9s5a,"CamemBERT fine-tuned on (claim, post) pairs",0,0.03839
1hjdevb,"CamemBERT fine-tuned on (claim, post) pairs",0,0.02819
1hmltqw,"CamemBERT fine-tuned on (claim, post) pairs",0,0.03442
1hnndcr,"CamemBERT fine-tuned on (claim, post) pairs",0,0.03388
1ho8n68,"CamemBERT fine-tuned on (claim, post) pairs",0,0.03241
1hqhe8n,"CamemBERT fine-tuned on (claim, post) pairs",0,0.03524
1hr82n0,"CamemBERT fine-tuned on (claim, post) pairs",0,0.03595
1hrsn74,"CamemBERT fine-tuned on (claim, post) pairs",0,0.0424
1htc6ow,"CamemBERT fine-tuned on (claim, post) pairs",0,0.03192
1htczxo,"CamemBERT fine-tuned on (claim, post) pairs",0,0.0283
1hufee1,"CamemBERT fine-tuned on (claim, post) pairs",0,0.44645
1hvo0zx,"CamemBERT fine-tuned on (claim, post) pairs",0,0.03039
1hvpi1h,"CamemBERT fine-tuned on (claim, post) pairs",0,0.03619
1hvq823,"CamemBERT fine-tuned on (claim, post) pairs",0,0.04756
1hwi09l,"CamemBERT fine-tuned on (claim, post) pairs",0,0.03111
1hx8pwq,"CamemBERT fine-tuned on (claim, post) pairs",0,0.03007
1hx8x8q,"CamemBERT fine-tuned on (claim, post) pairs",0,0.76621
1hxbe2s,"CamemBERT fine-tuned on (claim, post) pairs",0,0.04918
1hxxy5b,"CamemBERT fine-tuned on (claim, post) pairs",0,0.04472
1hy04tq,"CamemBERT fine-tuned on (claim, post) pairs",0,0.03331
1hyg0l8,"CamemBERT fine-tuned on (claim, post) pairs",0,0.03927
1hyiyks,"CamemBERT fine-tuned on (claim, post) pairs",0,0.03916
1hyzp7t,"CamemBERT fine-tuned on (claim, post) pairs",0,0.03667
1i0covs,"CamemBERT fine-tuned on (claim, post) pairs",0,0.03994
1i11ann,"CamemBERT fine-tuned on (claim, post) pairs",0,0.03213
1i11tx2,"CamemBERT fine-tuned on (claim, post) pairs",0,0.07172
1i1glkr,"CamemBERT fine-tuned on (claim, post) pairs",0,0.03482
1i3a84e,"CamemBERT fine-tuned on (claim, post) pairs",0,0.03256
1i3deqt,"CamemBERT fine-tuned on (claim, post) pairs",0,0.02865
1i3do0y,"CamemBERT fine-tuned on (claim, post) pairs",0,0.03296
1i5m6qi,"CamemBERT fine-tuned on (claim, post) pairs",0,0.04308
1i66ogv,"CamemBERT fine-tuned on (claim, post) pairs",0,0.02993
1i7yh9h,"CamemBERT fine-tuned on (claim, post) pairs",0,0.05598
1i81a29,"CamemBERT fine-tuned on (claim, post) pairs",0,0.03027
1i81gdj,"CamemBERT fine-tuned on (claim, post) pairs",0,0.04809
1i8sbuw,"CamemBERT fine-tuned on (claim, post) pairs",0,0.02884
1i8vrzn,"CamemBERT fine-tuned on (claim, post) pairs",0,0.04418
1iaef4b,"CamemBERT fine-tuned on (claim, post) pairs",0,0.03362
1ib5egz,"CamemBERT fine-tuned on (claim, post) pairs",0,0.03324
1ic7jen,"CamemBERT fine-tuned on (claim, post) pairs",0,0.05
1icbj4w,"CamemBERT fine-tuned on (claim, post) pairs",0,0.18892
1id18ec,"CamemBERT fine-tuned on (claim, post) pairs",0,0.05998
1ie7byj,"CamemBERT fine-tuned on (claim, post) pairs",0,0.03141
1if751o,"CamemBERT fine-tuned on (claim, post) pairs",0,0.04414
1ifzfhj,"CamemBERT fine-tuned on (claim, post) pairs",0,0.03117
1igmw0o,"CamemBERT fine-tuned on (claim, post) pairs",0,0.03016
1igqw7t,"CamemBERT fine-tuned on (claim, post) pairs",0,0.02849
1ihpo79,"CamemBERT fine-tuned on (claim, post) pairs",0,0.03281
1iixvvo,"CamemBERT fine-tuned on (claim, post) pairs",0,0.09586
1ij0hgz,"CamemBERT fine-tuned on (claim, post) pairs",0,0.04205
1ijr7gd,"CamemBERT fine-tuned on (claim, post) pairs",0,0.02868
1ijs5ob,"CamemBERT fine-tuned on (claim, post) pairs",0,0.04422
1ijylle,"CamemBERT fine-tuned on (claim, post) pairs",0,0.05005
1im199p,"CamemBERT fine-tuned on (claim, post) pairs",0,0.04189
1im2tam,"CamemBERT fine-tuned on (claim, post) pairs",0,0.03362
1imwlav,"CamemBERT fine-tuned on (claim, post) pairs",0,0.04841
1in284x,"CamemBERT fine-tuned on (claim, post) pairs",0,0.03053
1inmns6,"CamemBERT fine-tuned on (claim, post) pairs",0,0.03465
1ipadvs,"CamemBERT fine-tuned on (claim, post) pairs",0,0.03964
1ipdkp5,"CamemBERT fine-tuned on (claim, post) pairs",0,0.04369
1iq0dp6,"CamemBERT fine-tuned on (claim, post) pairs",0,0.05238
1iswcqa,"CamemBERT fine-tuned on (claim, post) pairs",0,0.4529
1it0s8n,"CamemBERT fine-tuned on (claim, post) pairs",0,0.03033
1ituppo,"CamemBERT fine-tuned on (claim, post) pairs",0,0.02923
1iuj56b,"CamemBERT fine-tuned on (claim, post) pairs",0,0.04427
1iun1kw,"CamemBERT fine-tuned on (claim, post) pairs",0,0.03564
1iuyk4n,"CamemBERT fine-tuned on (claim, post) pairs",0,0.03894
1iwdhfd,"CamemBERT fine-tuned on (claim, post) pairs",0,0.03065
1iyug40,"CamemBERT fine-tuned on (claim, post) pairs",0,0.79968
1j1rf8d,"CamemBERT fine-tuned on (claim, post) pairs",0,0.04377
1j3jh04,"CamemBERT fine-tuned on (claim, post) pairs",0,0.03649
1j3kjt2,"CamemBERT fine-tuned on (claim, post) pairs",0,0.07921
1j49sfh,"CamemBERT fine-tuned on (claim, post) pairs",0,0.85269
1j5jitq,"CamemBERT fine-tuned on (claim, post) pairs",0,0.03021
1j5ovgx,"CamemBERT fine-tuned on (claim, post) pairs",0,0.031
1j6lvx0,"CamemBERT fine-tuned on (claim, post) pairs",0,0.04443
1j7uext,"CamemBERT fine-tuned on (claim, post) pairs",0,0.04166
1j7w2rf,"CamemBERT fine-tuned on (claim, post) pairs",0,0.17044
1j9rxig,"CamemBERT fine-tuned on (claim, post) pairs",0,0.03153
1ja0ns4,"CamemBERT fine-tuned on (claim, post) pairs",0,0.0315
1jaa8gs,"CamemBERT fine-tuned on (claim, post) pairs",0,0.03912
1jacozo,"CamemBERT fine-tuned on (claim, post) pairs",0,0.02852
1jbzbnk,"CamemBERT fine-tuned on (claim, post) pairs",0,0.0301
1jc8doo,"CamemBERT fine-tuned on (claim, post) pairs",0,0.04016
1jcudse,"CamemBERT fine-tuned on (claim, post) pairs",0,0.03337
1jee6nr,"CamemBERT fine-tuned on (claim, post) pairs",0,0.03462
1jim3gj,"CamemBERT fine-tuned on (claim, post) pairs",0,0.04782
1jkcw2a,"CamemBERT fine-tuned on (claim, post) pairs",0,0.03625
1jl0adx,"CamemBERT fine-tuned on (claim, post) pairs",0,0.10706
1jlc1df,"CamemBERT fine-tuned on (claim, post) pairs",0,0.03729
1jmjhz5,"CamemBERT fine-tuned on (claim, post) pairs",0,0.42943
1jmkx80,"CamemBERT fine-tuned on (claim, post) pairs",0,0.06114
1jn90x9,"CamemBERT fine-tuned on (claim, post) pairs",0,0.04069
1jnlz07,"CamemBERT fine-tuned on (claim, post) pairs",0,0.44244
1jnyt37,"CamemBERT fine-tuned on (claim, post) pairs",0,0.04973
1jnzdy2,"CamemBERT fine-tuned on (claim, post) pairs",0,0.03518
1jnzub5,"CamemBERT fine-tuned on (claim, post) pairs",0,0.04747
1jo0i7v,"CamemBERT fine-tuned on (claim, post) pairs",0,0.04681
1jo10t9,"CamemBERT fine-tuned on (claim, post) pairs",0,0.04377
1jo28i9,"CamemBERT fine-tuned on (claim, post) pairs",0,0.04039
1jo46y3,"CamemBERT fine-tuned on (claim, post) pairs",0,0.04288
1jo83tu,"CamemBERT fine-tuned on (claim, post) pairs",0,0.048
1joad9b,"CamemBERT fine-tuned on (claim, post) pairs",0,0.03905
1jocksy,"CamemBERT fine-tuned on (claim, post) pairs",0,0.04162
1joneqw,"CamemBERT fine-tuned on (claim, post) pairs",0,0.04341
1joq4h3,"CamemBERT fine-tuned on (claim, post) pairs",0,0.05681
1jp23rz,"CamemBERT fine-tuned on (claim, post) pairs",0,0.04158
1jphe7w,"CamemBERT fine-tuned on (claim, post) pairs",0,0.03743
1jpkvyf,"CamemBERT fine-tuned on (claim, post) pairs",0,0.04296
1jpl22e,"CamemBERT fine-tuned on (claim, post) pairs",0,0.05161
1jpmasw,"CamemBERT fine-tuned on (claim, post) pairs",0,0.03719
1jpp80q,"CamemBERT fine-tuned on (claim, post) pairs",0,0.58504
1jprt1e,"CamemBERT fine-tuned on (claim, post) pairs",0,0.03521
1jpv8vq,"CamemBERT fine-tuned on (claim, post) pairs",0,0.04232
1jqqtde,"CamemBERT fine-tuned on (claim, post) pairs",0,0.05291
1jr5577,"CamemBERT fine-tuned on (claim, post) pairs",0,0.04337
1jr688z,"CamemBERT fine-tuned on (claim, post) pairs",0,0.04272
1jrafld,"CamemBERT fine-tuned on (claim, post) pairs",0,0.05047
1js7lsl,"CamemBERT fine-tuned on (claim, post) pairs",0,0.05813
1jsr12u,"CamemBERT fine-tuned on (claim, post) pairs",0,0.04123
1jsutxx,"CamemBERT fine-tuned on (claim, post) pairs",0,0.04569
1jtd9pp,"CamemBERT fine-tuned on (claim, post) pairs",0,0.03829
1juze39,"CamemBERT fine-tuned on (claim, post) pairs",0,0.0396
1jv1432,"CamemBERT fine-tuned on (claim, post) pairs",0,0.03305
1jv1tpc,"CamemBERT fine-tuned on (claim, post) pairs",0,0.03561
1jw3g0e,"CamemBERT fine-tuned on (claim, post) pairs",0,0.03908
1jye6fe,"CamemBERT fine-tuned on (claim, post) pairs",0,0.03114
1k1itoj,"CamemBERT fine-tuned on (claim, post) pairs",0,0.03309
1k27tg8,"CamemBERT fine-tuned on (claim, post) pairs",0,0.03407
1k27uxd,"CamemBERT fine-tuned on (claim, post) pairs",0,0.04497
1k2m4vs,"CamemBERT fine-tuned on (claim, post) pairs",0,0.3926
1k2u7y8,"CamemBERT fine-tuned on (claim, post) pairs",0,0.03916
1k54kf0,"CamemBERT fine-tuned on (claim, post) pairs",0,0.02906
1k5569e,"CamemBERT fine-tuned on (claim, post) pairs",0,0.03268
1k5bkkx,"CamemBERT fine-tuned on (claim, post) pairs",0,0.03715
1k643iq,"CamemBERT fine-tuned on (claim, post) pairs",0,0.08218
1k7w1j5,"CamemBERT fine-tuned on (claim, post) pairs",0,0.08525
1k9ry0u,"CamemBERT fine-tuned on (claim, post) pairs",0,0.03126
1k9xhcs,"CamemBERT fine-tuned on (claim, post) pairs",0,0.27154
1ka6v47,"CamemBERT fine-tuned on (claim, post) pairs",0,0.03165
1kamfwx,"CamemBERT fine-tuned on (claim, post) pairs",0,0.06872
1katfve,"CamemBERT fine-tuned on (claim, post) pairs",0,0.81641
1kcy87o,"CamemBERT fine-tuned on (claim, post) pairs",0,0.03016
1ke82uh,"CamemBERT fine-tuned on (claim, post) pairs",0,0.03244
1kl7twc,"CamemBERT fine-tuned on (claim, post) pairs",0,0.03186
1klgqeh,"CamemBERT fine-tuned on (claim, post) pairs",0,0.03468
1klipsg,"CamemBERT fine-tuned on (claim, post) pairs",0,0.02782
1km8ijo,"CamemBERT fine-tuned on (claim, post) pairs",0,0.02876
1kmda67,"CamemBERT fine-tuned on (claim, post) pairs",0,0.02898
1kmfoup,"CamemBERT fine-tuned on (claim, post) pairs",0,0.0703
1knvqry,"CamemBERT fine-tuned on (claim, post) pairs",0,0.02965
1ko25wn,"CamemBERT fine-tuned on (claim, post) pairs",0,0.03165
1ko7oem,"CamemBERT fine-tuned on (claim, post) pairs",0,0.0305
1kpd8dv,"CamemBERT fine-tuned on (claim, post) pairs",0,0.03001
1kq99jd,"CamemBERT fine-tuned on (claim, post) pairs",0,0.0426
1kqd8xa,"CamemBERT fine-tuned on (claim, post) pairs",0,0.03042
1krcbyz,"CamemBERT fine-tuned on (claim, post) pairs",0,0.07928
1kthgc8,"CamemBERT fine-tuned on (claim, post) pairs",0,0.03321
1ktj5x9,"CamemBERT fine-tuned on (claim, post) pairs",0,0.04931
1kttop0,"CamemBERT fine-tuned on (claim, post) pairs",0,0.02993
1kuag2w,"CamemBERT fine-tuned on (claim, post) pairs",0,0.02993
1kvobxy,"CamemBERT fine-tuned on (claim, post) pairs",0,0.02809
1kvzwfx,"CamemBERT fine-tuned on (claim, post) pairs",0,0.02898
1kwlwe8,"CamemBERT fine-tuned on (claim, post) pairs",0,0.02846
1kwtd72,"CamemBERT fine-tuned on (claim, post) pairs",0,0.03053
1kxdu77,"CamemBERT fine-tuned on (claim, post) pairs",0,0.02945
1kz19te,"CamemBERT fine-tuned on (claim, post) pairs",0,0.04312
1kzwmx8,"CamemBERT fine-tuned on (claim, post) pairs",0,0.72652
1l1c7i0,"CamemBERT fine-tuned on (claim, post) pairs",0,0.03349
1l29u95,"CamemBERT fine-tuned on (claim, post) pairs",0,0.02934
1l2kjvv,"CamemBERT fine-tuned on (claim, post) pairs",0,0.03073
1l3178n,"CamemBERT fine-tuned on (claim, post) pairs",0,0.04945
1l3cown,"CamemBERT fine-tuned on (claim, post) pairs",0,0.08196
1l46ruf,"CamemBERT fine-tuned on (claim, post) pairs",0,0.02868
1l47zya,"CamemBERT fine-tuned on (claim, post) pairs",0,0.20339
1l72s05,"CamemBERT fine-tuned on (claim, post) pairs",0,0.0681
1l7se5k,"CamemBERT fine-tuned on (claim, post) pairs",0,0.03407
1l80rbv,"CamemBERT fine-tuned on (claim, post) pairs",0,0.03147
1l8216k,"CamemBERT fine-tuned on (claim, post) pairs",0,0.04756
1l87zf2,"CamemBERT fine-tuned on (claim, post) pairs",0,0.03256
1l90tcf,"CamemBERT fine-tuned on (claim, post) pairs",0,0.05624
1l9u2my,"CamemBERT fine-tuned on (claim, post) pairs",0,0.03436
1lbumx0,"CamemBERT fine-tuned on (claim, post) pairs",0,0.53847
1lbz6gz,"CamemBERT fine-tuned on (claim, post) pairs",0,0.04881
1ldh464,"CamemBERT fine-tuned on (claim, post) pairs",0,0.02928
1lfvi3m,"CamemBERT fine-tuned on (claim, post) pairs",0,0.04595
1lfxh0w,"CamemBERT fine-tuned on (claim, post) pairs",0,0.03375
1lfyerd,"CamemBERT fine-tuned on (claim, post) pairs",0,0.07942
1lg8edj,"CamemBERT fine-tuned on (claim, post) pairs",0,0.03854
1lgssgk,"CamemBERT fine-tuned on (claim, post) pairs",0,0.05161
1lhh86x,"CamemBERT fine-tuned on (claim, post) pairs",0,0.02852
1lhl4ii,"CamemBERT fine-tuned on (claim, post) pairs",0,0.02852
1lhr2qg,"CamemBERT fine-tuned on (claim, post) pairs",0,0.03204
1lidzfg,"CamemBERT fine-tuned on (claim, post) pairs",0,0.04651
1lihtgy,"CamemBERT fine-tuned on (claim, post) pairs",0,0.03073
1lj94fo,"CamemBERT fine-tuned on (claim, post) pairs",0,0.07724
1ljio9k,"CamemBERT fine-tuned on (claim, post) pairs",0,0.13776
1lk22jw,"CamemBERT fine-tuned on (claim, post) pairs",0,0.06216
1lktm2h,"CamemBERT fine-tuned on (claim, post) pairs",0,0.14953
1lkvd8l,"CamemBERT fine-tuned on (claim, post) pairs",0,0.50064
1lkvwgy,"CamemBERT fine-tuned on (claim, post) pairs",0,0.09401
1ll3qvg,"CamemBERT fine-tuned on (claim, post) pairs",0,0.04284
1ll5ke3,"CamemBERT fine-tuned on (claim, post) pairs",0,0.07062
1lltmwj,"CamemBERT fine-tuned on (claim, post) pairs",0,0.09973
1lnaa3b,"CamemBERT fine-tuned on (claim, post) pairs",0,0.03156
1lnkdjr,"CamemBERT fine-tuned on (claim, post) pairs",0,0.06736
1lnl6nc,"CamemBERT fine-tuned on (claim, post) pairs",0,0.0446
1lo23v1,"CamemBERT fine-tuned on (claim, post) pairs",0,0.03362
1loaoov,"CamemBERT fine-tuned on (claim, post) pairs",0,0.05959
1loembe,"CamemBERT fine-tuned on (claim, post) pairs",0,0.04552
1lomeea,"CamemBERT fine-tuned on (claim, post) pairs",0,0.10393
1louyid,"CamemBERT fine-tuned on (claim, post) pairs",0,0.03733
1loz2kf,"CamemBERT fine-tuned on (claim, post) pairs",0,0.04173
1lpilhq,"CamemBERT fine-tuned on (claim, post) pairs",0,0.03381
1lpr0n6,"CamemBERT fine-tuned on (claim, post) pairs",0,0.067
1lpsj7n,"CamemBERT fine-tuned on (claim, post) pairs",0,0.67308
1lpztio,"CamemBERT fine-tuned on (claim, post) pairs",0,0.66487
1lqaa0q,"CamemBERT fine-tuned on (claim, post) pairs",0,0.03578
1lqpgq1,"CamemBERT fine-tuned on (claim, post) pairs",0,0.03207
1lqu21x,"CamemBERT fine-tuned on (claim, post) pairs",0,0.05899
1lreoc5,"CamemBERT fine-tuned on (claim, post) pairs",0,0.03219
1lrhamx,"CamemBERT fine-tuned on (claim, post) pairs",0,0.31743
1lrl3rm,"CamemBERT fine-tuned on (claim, post) pairs",0,0.0534
1lrpzay,"CamemBERT fine-tuned on (claim, post) pairs",0,0.03174
1ls2kso,"CamemBERT fine-tuned on (claim, post) pairs",0,0.03287
1ls7ybf,"CamemBERT fine-tuned on (claim, post) pairs",0,0.03284
1ltn316,"CamemBERT fine-tuned on (claim, post) pairs",0,0.0389
1lttu2k,"CamemBERT fine-tuned on (claim, post) pairs",0,0.05108
1lumn3f,"CamemBERT fine-tuned on (claim, post) pairs",0,0.03036
1luug1d,"CamemBERT fine-tuned on (claim, post) pairs",0,0.04024
1lvbkkb,"CamemBERT fine-tuned on (claim, post) pairs",0,0.35886
1lvhasv,"CamemBERT fine-tuned on (claim, post) pairs",0,0.03531
1lvq9jg,"CamemBERT fine-tuned on (claim, post) pairs",0,0.03829
1lws0nc,"CamemBERT fine-tuned on (claim, post) pairs",0,0.03818
1lxsvbn,"CamemBERT fine-tuned on (claim, post) pairs",0,0.03004
1lxwxac,"CamemBERT fine-tuned on (claim, post) pairs",0,0.18163
1lxxudv,"CamemBERT fine-tuned on (claim, post) pairs",0,0.03612
1lxzhs4,"CamemBERT fine-tuned on (claim, post) pairs",0,0.03949
1lz4t29,"CamemBERT fine-tuned on (claim, post) pairs",0,0.03498
1lzbd5g,"CamemBERT fine-tuned on (claim, post) pairs",0,0.04166
1m0ckky,"CamemBERT fine-tuned on (claim, post) pairs",0,0.03404
1m0mcfn,"CamemBERT fine-tuned on (claim, post) pairs",0,0.03247
1m0pqg1,"CamemBERT fine-tuned on (claim, post) pairs",0,0.04422
1m183tv,"CamemBERT fine-tuned on (claim, post) pairs",0,0.03085
1m2964x,"CamemBERT fine-tuned on (claim, post) pairs",0,0.07179
1m34eik,"CamemBERT fine-tuned on (claim, post) pairs",0,0.03296
1m3pnm5,"CamemBERT fine-tuned on (claim, post) pairs",0,0.02915
1m4f1wx,"CamemBERT fine-tuned on (claim, post) pairs",0,0.04489
1m4iult,"CamemBERT fine-tuned on (claim, post) pairs",0,0.03705
1m4m9rz,"CamemBERT fine-tuned on (claim, post) pairs",0,0.74909
1m4yfj2,"CamemBERT fine-tuned on (claim, post) pairs",0,0.03277
1m5hb1j,"CamemBERT fine-tuned on (claim, post) pairs",0,0.03475
1m5qui7,"CamemBERT fine-tuned on (claim, post) pairs",0,0.06448
1m5tooc,"CamemBERT fine-tuned on (claim, post) pairs",0,0.03591
1m6i27q,"CamemBERT fine-tuned on (claim, post) pairs",0,0.03708
1m8qv12,"CamemBERT fine-tuned on (claim, post) pairs",0,0.03994
1m8wmlx,"CamemBERT fine-tuned on (claim, post) pairs",0,0.02909
1m8zs6c,"CamemBERT fine-tuned on (claim, post) pairs",0,0.27567
1m91l87,"CamemBERT fine-tuned on (claim, post) pairs",0,0.03482
1madrnd,"CamemBERT fine-tuned on (claim, post) pairs",0,0.03561
1mc6322,"CamemBERT fine-tuned on (claim, post) pairs",0,0.07127
1mc73gw,"CamemBERT fine-tuned on (claim, post) pairs",0,0.12411
1mc8bfv,"CamemBERT fine-tuned on (claim, post) pairs",0,0.03189
1mcqw1b,"CamemBERT fine-tuned on (claim, post) pairs",0,0.03079
1md1s57,"CamemBERT fine-tuned on (claim, post) pairs",0,0.03103
1md5ss3,"CamemBERT fine-tuned on (claim, post) pairs",0,0.02993
1mdj68n,"CamemBERT fine-tuned on (claim, post) pairs",0,0.02904
1mei15u,"CamemBERT fine-tuned on (claim, post) pairs",0,0.03701
1mes1ce,"CamemBERT fine-tuned on (claim, post) pairs",0,0.35656
1met49u,"CamemBERT fine-tuned on (claim, post) pairs",0,0.03192
1mhqow0,"CamemBERT fine-tuned on (claim, post) pairs",0,0.02868
1mi4i3n,"CamemBERT fine-tuned on (claim, post) pairs",0,0.03898
1mi6o5o,"CamemBERT fine-tuned on (claim, post) pairs",0,0.03404
1miewf0,"CamemBERT fine-tuned on (claim, post) pairs",0,0.0283
1mihwst,"CamemBERT fine-tuned on (claim, post) pairs",0,0.03413
1miv7op,"CamemBERT fine-tuned on (claim, post) pairs",0,0.28942
1mk0b4y,"CamemBERT fine-tuned on (claim, post) pairs",0,0.04621
1mk5oz2,"CamemBERT fine-tuned on (claim, post) pairs",0,0.0686
1mk82z0,"CamemBERT fine-tuned on (claim, post) pairs",0,0.06829
1mk83ge,"CamemBERT fine-tuned on (claim, post) pairs",0,0.15566
1mkrn7g,"CamemBERT fine-tuned on (claim, post) pairs",0,0.0334
1mmdxdf,"CamemBERT fine-tuned on (claim, post) pairs",0,0.03033
1mnzdhe,"CamemBERT fine-tuned on (claim, post) pairs",0,0.04823
1mpxent,"CamemBERT fine-tuned on (claim, post) pairs",0,0.03558
1msdabb,"CamemBERT fine-tuned on (claim, post) pairs",0,0.05613
1msmenf,"CamemBERT fine-tuned on (claim, post) pairs",0,0.0312
1mst8sl,"CamemBERT fine-tuned on (claim, post) pairs",0,0.03429
1mu3ve3,"CamemBERT fine-tuned on (claim, post) pairs",0,0.034
1mvx5vj,"CamemBERT fine-tuned on (claim, post) pairs",0,0.03701
1mw6wdr,"CamemBERT fine-tuned on (claim, post) pairs",0,0.05511
1mx0rsb,"CamemBERT fine-tuned on (claim, post) pairs",0,0.10706
1mxiec8,"CamemBERT fine-tuned on (claim, post) pairs",0,0.06916
1myr3zi,"CamemBERT fine-tuned on (claim, post) pairs",0,0.0312
1mysrmi,"CamemBERT fine-tuned on (claim, post) pairs",0,0.03426
1n00mwq,"CamemBERT fine-tuned on (claim, post) pairs",0,0.02814
1n0idwd,"CamemBERT fine-tuned on (claim, post) pairs",0,0.03073
1n29zvi,"CamemBERT fine-tuned on (claim, post) pairs",0,0.03455
1n2ko37,"CamemBERT fine-tuned on (claim, post) pairs",0,0.02895
1n2n1vi,"CamemBERT fine-tuned on (claim, post) pairs",0,0.04493
1n6d412,"CamemBERT fine-tuned on (claim, post) pairs",0,0.73469
1n7m037,"CamemBERT fine-tuned on (claim, post) pairs",0,0.03192
1n7t1i2,"CamemBERT fine-tuned on (claim, post) pairs",0,0.02857
1n80kbv,"CamemBERT fine-tuned on (claim, post) pairs",0,0.03378
1n8ylf6,"CamemBERT fine-tuned on (claim, post) pairs",0,0.03436
1n97f25,"CamemBERT fine-tuned on (claim, post) pairs",0,0.06942
1n9tcns,"CamemBERT fine-tuned on (claim, post) pairs",0,0.0747
1nabpfj,"CamemBERT fine-tuned on (claim, post) pairs",0,0.03135
1nam6s4,"CamemBERT fine-tuned on (claim, post) pairs",0,0.04699
1nb0gug,"CamemBERT fine-tuned on (claim, post) pairs",0,0.03183
1nbhfqe,"CamemBERT fine-tuned on (claim, post) pairs",0,0.03299
1nbt91a,"CamemBERT fine-tuned on (claim, post) pairs",0,0.03309
1ncftmo,"CamemBERT fine-tuned on (claim, post) pairs",0,0.11462
1ncgjf2,"CamemBERT fine-tuned on (claim, post) pairs",0,0.0283
1ncgw0y,"CamemBERT fine-tuned on (claim, post) pairs",0,0.04809
1ncgwyi,"CamemBERT fine-tuned on (claim, post) pairs",0,0.0318
1ncijfc,"CamemBERT fine-tuned on (claim, post) pairs",0,0.02882
1ncwrna,"CamemBERT fine-tuned on (claim, post) pairs",0,0.02854
1ndappw,"CamemBERT fine-tuned on (claim, post) pairs",0,0.04312
1neeiru,"CamemBERT fine-tuned on (claim, post) pairs",0,0.03712
1nexvca,"CamemBERT fine-tuned on (claim, post) pairs",0,0.03779
1nfeyyx,"CamemBERT fine-tuned on (claim, post) pairs",0,0.19444
1ngl5zs,"CamemBERT fine-tuned on (claim, post) pairs",0,0.03608
1ngmicc,"CamemBERT fine-tuned on (claim, post) pairs",0,0.04535
1ngvc84,"CamemBERT fine-tuned on (claim, post) pairs",0,0.07107
1nhdbex,"CamemBERT fine-tuned on (claim, post) pairs",0,0.03309
1nhf5mw,"CamemBERT fine-tuned on (claim, post) pairs",0,0.04111
1nhgp7g,"CamemBERT fine-tuned on (claim, post) pairs",0,0.03931
1ni8qr8,"CamemBERT fine-tuned on (claim, post) pairs",0,0.14128
1nix6rd,"CamemBERT fine-tuned on (claim, post) pairs",0,0.03287
1njhtof,"CamemBERT fine-tuned on (claim, post) pairs",0,0.04721
1nkxy37,"CamemBERT fine-tuned on (claim, post) pairs",0,0.07457
1nm3oh1,"CamemBERT fine-tuned on (claim, post) pairs",0,0.02793
1nogham,"CamemBERT fine-tuned on (claim, post) pairs",0,0.03636
1nojzpd,"CamemBERT fine-tuned on (claim, post) pairs",0,0.23962
1nq29i0,"CamemBERT fine-tuned on (claim, post) pairs",0,0.0489
1nq55bf,"CamemBERT fine-tuned on (claim, post) pairs",0,0.03997
1nqv1j0,"CamemBERT fine-tuned on (claim, post) pairs",0,0.03964
1ns3gi4,"CamemBERT fine-tuned on (claim, post) pairs",0,0.03219
1nsyao7,"CamemBERT fine-tuned on (claim, post) pairs",0,0.09518
1nu83so,"CamemBERT fine-tuned on (claim, post) pairs",0,0.03337
1nvg1xa,"CamemBERT fine-tuned on (claim, post) pairs",0,0.0544
1nwvfm8,"CamemBERT fine-tuned on (claim, post) pairs",0,0.04402
1nx33q5,"CamemBERT fine-tuned on (claim, post) pairs",0,0.0542
1nx88d8,"CamemBERT fine-tuned on (claim, post) pairs",0,0.04046
1nzf1wi,"CamemBERT fine-tuned on (claim, post) pairs",0,0.03643
1o14a93,"CamemBERT fine-tuned on (claim, post) pairs",0,0.10429
1o17n4f,"CamemBERT fine-tuned on (claim, post) pairs",0,0.03442
1o1nnzq,"CamemBERT fine-tuned on (claim, post) pairs",0,0.03284
1o2t5yg,"CamemBERT fine-tuned on (claim, post) pairs",0,0.08858
1o3s8mo,"CamemBERT fine-tuned on (claim, post) pairs",0,0.02817
1o6atgl,"CamemBERT fine-tuned on (claim, post) pairs",0,0.0385
1o6fuw1,"CamemBERT fine-tuned on (claim, post) pairs",0,0.03782
1o6n4jn,"CamemBERT fine-tuned on (claim, post) pairs",0,0.03309
1o7ao18,"CamemBERT fine-tuned on (claim, post) pairs",0,0.03839
1o7q2x6,"CamemBERT fine-tuned on (claim, post) pairs",0,0.03059
1o82bav,"CamemBERT fine-tuned on (claim, post) pairs",0,0.03019
1o8w5dz,"CamemBERT fine-tuned on (claim, post) pairs",0,0.03162
1o910np,"CamemBERT fine-tuned on (claim, post) pairs",0,0.0368
1oap7hx,"CamemBERT fine-tuned on (claim, post) pairs",0,0.05199
1obf6uu,"CamemBERT fine-tuned on (claim, post) pairs",0,0.03872
1odvydw,"CamemBERT fine-tuned on (claim, post) pairs",0,0.03343
1of72w0,"CamemBERT fine-tuned on (claim, post) pairs",0,0.04077
1of8aqg,"CamemBERT fine-tuned on (claim, post) pairs",0,0.02982
1ofkfcd,"CamemBERT fine-tuned on (claim, post) pairs",0,0.04077
1ohgn8t,"CamemBERT fine-tuned on (claim, post) pairs",0,0.02882
1oix0j8,"CamemBERT fine-tuned on (claim, post) pairs",0,0.03284
1oizce9,"CamemBERT fine-tuned on (claim, post) pairs",0,0.65224
1omf2bj,"CamemBERT fine-tuned on (claim, post) pairs",0,0.06639
1omiph5,"CamemBERT fine-tuned on (claim, post) pairs",0,0.0307
1omtvfj,"CamemBERT fine-tuned on (claim, post) pairs",0,0.34098
1onydfe,"CamemBERT fine-tuned on (claim, post) pairs",0,0.03446
1opy0dr,"CamemBERT fine-tuned on (claim, post) pairs",0,0.4918
1orjr7o,"CamemBERT fine-tuned on (claim, post) pairs",0,0.03726
1orq7u2,"CamemBERT fine-tuned on (claim, post) pairs",0,0.02954
1osl6lf,"CamemBERT fine-tuned on (claim, post) pairs",0,0.03821
1ow3e6f,"CamemBERT fine-tuned on (claim, post) pairs",0,0.03296
1owwg9n,"CamemBERT fine-tuned on (claim, post) pairs",0,0.03646
1owy5j3,"CamemBERT fine-tuned on (claim, post) pairs",0,0.03068
1ozf5qw,"CamemBERT fine-tuned on (claim, post) pairs",0,0.04443
1p06cgi,"CamemBERT fine-tuned on (claim, post) pairs",0,0.04552
1p087r7,"CamemBERT fine-tuned on (claim, post) pairs",0,0.02865
1p2yeuc,"CamemBERT fine-tuned on (claim, post) pairs",0,0.03079
1p4nk1a,"CamemBERT fine-tuned on (claim, post) pairs",0,0.03468
1p5umvg,"CamemBERT fine-tuned on (claim, post) pairs",0,0.76943
1p62ymr,"CamemBERT fine-tuned on (claim, post) pairs",0,0.02871
1p86rh3,"CamemBERT fine-tuned on (claim, post) pairs",0,0.06103
1p9k4yj,"CamemBERT fine-tuned on (claim, post) pairs",0,0.02871
1pasmbq,"CamemBERT fine-tuned on (claim, post) pairs",0,0.03234
1pcpxei,"CamemBERT fine-tuned on (claim, post) pairs",0,0.03241
1pdkeq0,"CamemBERT fine-tuned on (claim, post) pairs",0,0.03024
1pdz39d,"CamemBERT fine-tuned on (claim, post) pairs",0,0.0375
1pe3wez,"CamemBERT fine-tuned on (claim, post) pairs",0,0.03807
1pef3e6,"CamemBERT fine-tuned on (claim, post) pairs",0,0.0415
1pet9xw,"CamemBERT fine-tuned on (claim, post) pairs",0,0.03687
1peyxlj,"CamemBERT fine-tuned on (claim, post) pairs",0,0.03056
1pfm6eu,"CamemBERT fine-tuned on (claim, post) pairs",0,0.05161
1pgfwsk,"CamemBERT fine-tuned on (claim, post) pairs",0,0.04886
1pgivxz,"CamemBERT fine-tuned on (claim, post) pairs",0,0.03747
1pgmijn,"CamemBERT fine-tuned on (claim, post) pairs",0,0.03189
1pgtmiu,"CamemBERT fine-tuned on (claim, post) pairs",0,0.03581
1phahga,"CamemBERT fine-tuned on (claim, post) pairs",0,0.80418
1phe0pu,"CamemBERT fine-tuned on (claim, post) pairs",0,0.84117
1pj2pqo,"CamemBERT fine-tuned on (claim, post) pairs",0,0.09921
1plqvis,"CamemBERT fine-tuned on (claim, post) pairs",0,0.02926
1pm75ub,"CamemBERT fine-tuned on (claim, post) pairs",0,0.03027
1pn5wsc,"CamemBERT fine-tuned on (claim, post) pairs",0,0.04599
1po7ogz,"CamemBERT fine-tuned on (claim, post) pairs",0,0.05213
1poc8m9,"CamemBERT fine-tuned on (claim, post) pairs",0,0.03423
1poeu11,"CamemBERT fine-tuned on (claim, post) pairs",0,0.02968
1pqlsws,"CamemBERT fine-tuned on (claim, post) pairs",0,0.05932
1pqxg9a,"CamemBERT fine-tuned on (claim, post) pairs",0,0.03455
1pujygt,"CamemBERT fine-tuned on (claim, post) pairs",0,0.09895
1pw2rqh,"CamemBERT fine-tuned on (claim, post) pairs",0,0.04578
1pwvvqj,"CamemBERT fine-tuned on (claim, post) pairs",0,0.02844
1px0wkk,"CamemBERT fine-tuned on (claim, post) pairs",0,0.02827
1pxmn20,"CamemBERT fine-tuned on (claim, post) pairs",0,0.04439
1pxt9gw,"CamemBERT fine-tuned on (claim, post) pairs",0,0.03608
1pzbls0,"CamemBERT fine-tuned on (claim, post) pairs",0,0.0329
1pzi6hi,"CamemBERT fine-tuned on (claim, post) pairs",0,0.04751
1pzzaun,"CamemBERT fine-tuned on (claim, post) pairs",0,0.03381
1q0ev6v,"CamemBERT fine-tuned on (claim, post) pairs",0,0.02857
1q1cr6i,"CamemBERT fine-tuned on (claim, post) pairs",0,0.04769
1q1e6uh,"CamemBERT fine-tuned on (claim, post) pairs",0,0.03521
1q21n6s,"CamemBERT fine-tuned on (claim, post) pairs",0,0.0334
1q3yeyk,"CamemBERT fine-tuned on (claim, post) pairs",0,0.0334
1q4q3or,"CamemBERT fine-tuned on (claim, post) pairs",0,0.04468
1q5pxku,"CamemBERT fine-tuned on (claim, post) pairs",0,0.08057
1q6vwuh,"CamemBERT fine-tuned on (claim, post) pairs",0,0.02904
1q77uke,"CamemBERT fine-tuned on (claim, post) pairs",0,0.0691
1q783he,"CamemBERT fine-tuned on (claim, post) pairs",0,0.02841
1q7acst,"CamemBERT fine-tuned on (claim, post) pairs",0,0.05137
1q7mcad,"CamemBERT fine-tuned on (claim, post) pairs",0,0.08686
1q8dehd,"CamemBERT fine-tuned on (claim, post) pairs",0,0.05618
1q8mkok,"CamemBERT fine-tuned on (claim, post) pairs",0,0.03287
1q96b6k,"CamemBERT fine-tuned on (claim, post) pairs",0,0.03106
1q9w17h,"CamemBERT fine-tuned on (claim, post) pairs",0,0.39674
1qan5pt,"CamemBERT fine-tuned on (claim, post) pairs",0,0.03039
1qaqati,"CamemBERT fine-tuned on (claim, post) pairs",0,0.04927
1qbjzxk,"CamemBERT fine-tuned on (claim, post) pairs",0,0.03612
1qbkslz,"CamemBERT fine-tuned on (claim, post) pairs",0,0.609
1qcjny6,"CamemBERT fine-tuned on (claim, post) pairs",0,0.04197
1qcs0yc,"CamemBERT fine-tuned on (claim, post) pairs",0,0.32939
1qczd1g,"CamemBERT fine-tuned on (claim, post) pairs",0,0.06798
1qdecph,"CamemBERT fine-tuned on (claim, post) pairs",0,0.03337
1qdi910,"CamemBERT fine-tuned on (claim, post) pairs",0,0.03455
1qdljdd,"CamemBERT fine-tuned on (claim, post) pairs",0,0.03779
1qeu1wt,"CamemBERT fine-tuned on (claim, post) pairs",0,0.03296
1qfb0hb,"CamemBERT fine-tuned on (claim, post) pairs",0,0.03177
1qg4ydc,"CamemBERT fine-tuned on (claim, post) pairs",0,0.03019
1qgnkjt,"CamemBERT fine-tuned on (claim, post) pairs",0,0.03059
1qh7cug,"CamemBERT fine-tuned on (claim, post) pairs",0,0.03588
1qhw74q,"CamemBERT fine-tuned on (claim, post) pairs",0,0.03945
1qhwsr1,"CamemBERT fine-tuned on (claim, post) pairs",0,0.03708
1qhxf21,"CamemBERT fine-tuned on (claim, post) pairs",0,0.02893
1qibnjv,"CamemBERT fine-tuned on (claim, post) pairs",0,0.04556
1qisrex,"CamemBERT fine-tuned on (claim, post) pairs",0,0.26703
1qizru6,"CamemBERT fine-tuned on (claim, post) pairs",0,0.03079
1qj6om2,"CamemBERT fine-tuned on (claim, post) pairs",0,0.03189
1qjocn3,"CamemBERT fine-tuned on (claim, post) pairs",0,0.02993
1qjsii6,"CamemBERT fine-tuned on (claim, post) pairs",0,0.56064
1qkrtq4,"CamemBERT fine-tuned on (claim, post) pairs",0,0.04316
1qkud9i,"CamemBERT fine-tuned on (claim, post) pairs",0,0.55459
1qm1r5m,"CamemBERT fine-tuned on (claim, post) pairs",0,0.03436
1qnt4lu,"CamemBERT fine-tuned on (claim, post) pairs",0,0.03353
1qp5y2u,"CamemBERT fine-tuned on (claim, post) pairs",0,0.05455
1qpn10u,"CamemBERT fine-tuned on (claim, post) pairs",0,0.03521
1qtryqi,"CamemBERT fine-tuned on (claim, post) pairs",0,0.03094
1qu8m5h,"CamemBERT fine-tuned on (claim, post) pairs",0,0.03247
1qum6vr,"CamemBERT fine-tuned on (claim, post) pairs",0,0.03268
1qv2yvb,"CamemBERT fine-tuned on (claim, post) pairs",0,0.02852
1qv6axe,"CamemBERT fine-tuned on (claim, post) pairs",0,0.03953
1qvj5pp,"CamemBERT fine-tuned on (claim, post) pairs",0,0.06669
1qvlvxc,"CamemBERT fine-tuned on (claim, post) pairs",0,0.02785
1qwhzqe,"CamemBERT fine-tuned on (claim, post) pairs",0,0.03324
1qxdb60,"CamemBERT fine-tuned on (claim, post) pairs",0,0.0312
1r0uop7,"CamemBERT fine-tuned on (claim, post) pairs",0,0.03068
1r130xh,"CamemBERT fine-tuned on (claim, post) pairs",0,0.02868
1r1tiqi,"CamemBERT fine-tuned on (claim, post) pairs",0,0.03144
1r1vg9h,"CamemBERT fine-tuned on (claim, post) pairs",0,0.02923
1r65d64,"CamemBERT fine-tuned on (claim, post) pairs",0,0.03836
1r6jmns,"CamemBERT fine-tuned on (claim, post) pairs",0,0.04154
1r7l1bb,"CamemBERT fine-tuned on (claim, post) pairs",0,0.03094
1r8bfym,"CamemBERT fine-tuned on (claim, post) pairs",0,0.02996
1r8ccuf,"CamemBERT fine-tuned on (claim, post) pairs",0,0.02893
1ra36ml,"CamemBERT fine-tuned on (claim, post) pairs",0,0.0334
1ra4vtc,"CamemBERT fine-tuned on (claim, post) pairs",0,0.03446
1rabbnu,"CamemBERT fine-tuned on (claim, post) pairs",0,0.0426
1rat6ox,"CamemBERT fine-tuned on (claim, post) pairs",0,0.03475
1rav8tg,"CamemBERT fine-tuned on (claim, post) pairs",0,0.03082
1rbfwn3,"CamemBERT fine-tuned on (claim, post) pairs",0,0.03975
1rcawrg,"CamemBERT fine-tuned on (claim, post) pairs",0,0.47336
1rd9yix,"CamemBERT fine-tuned on (claim, post) pairs",0,0.16305
1re7rj2,"CamemBERT fine-tuned on (claim, post) pairs",0,0.03059
1rg2wdb,"CamemBERT fine-tuned on (claim, post) pairs",0,0.06724
1rgz1af,"CamemBERT fine-tuned on (claim, post) pairs",0,0.03027
1rjr1x1,"CamemBERT fine-tuned on (claim, post) pairs",0,0.03368
1rkphll,"CamemBERT fine-tuned on (claim, post) pairs",0,0.03807
1rlefml,"CamemBERT fine-tuned on (claim, post) pairs",0,0.03775
1rmg8c3,"CamemBERT fine-tuned on (claim, post) pairs",0,0.03334
1rof0ad,"CamemBERT fine-tuned on (claim, post) pairs",0,0.05161
1rogd55,"CamemBERT fine-tuned on (claim, post) pairs",0,0.03019
1rotuec,"CamemBERT fine-tuned on (claim, post) pairs",0,0.03183
1rpu82g,"CamemBERT fine-tuned on (claim, post) pairs",0,0.02895
1rrseuk,"CamemBERT fine-tuned on (claim, post) pairs",0,0.03362
1rt6d2o,"CamemBERT fine-tuned on (claim, post) pairs",0,0.03213
1rtbzgc,"CamemBERT fine-tuned on (claim, post) pairs",0,0.04312
1rtpwfg,"CamemBERT fine-tuned on (claim, post) pairs",0,0.0417
1ru8am6,"CamemBERT fine-tuned on (claim, post) pairs",0,0.03349
1rw50ee,"CamemBERT fine-tuned on (claim, post) pairs",0,0.02785
1rznsvr,"CamemBERT fine-tuned on (claim, post) pairs",0,0.06014
1s1va1n,"CamemBERT fine-tuned on (claim, post) pairs",0,0.02868
1s2bonu,"CamemBERT fine-tuned on (claim, post) pairs",0,0.03356
1s35kne,"CamemBERT fine-tuned on (claim, post) pairs",0,0.0392
1s47azr,"CamemBERT fine-tuned on (claim, post) pairs",0,0.03524
1s4tr82,"CamemBERT fine-tuned on (claim, post) pairs",0,0.02787
1s4wlw4,"CamemBERT fine-tuned on (claim, post) pairs",0,0.04544
1s4xew8,"CamemBERT fine-tuned on (claim, post) pairs",0,0.04476
1s622sq,"CamemBERT fine-tuned on (claim, post) pairs",0,0.03059
1s9jscs,"CamemBERT fine-tuned on (claim, post) pairs",0,0.03482
1s9kmzd,"CamemBERT fine-tuned on (claim, post) pairs",0,0.03315
1sal794,"CamemBERT fine-tuned on (claim, post) pairs",0,0.07871
1scd5bd,"CamemBERT fine-tuned on (claim, post) pairs",0,0.03337
1sdcpel,"CamemBERT fine-tuned on (claim, post) pairs",0,0.02956
1seuh00,"CamemBERT fine-tuned on (claim, post) pairs",0,0.02846
1sf62pi,"CamemBERT fine-tuned on (claim, post) pairs",0,0.03663
1sfptq0,"CamemBERT fine-tuned on (claim, post) pairs",0,0.13782
1sfql8i,"CamemBERT fine-tuned on (claim, post) pairs",0,0.03231
1shi0re,"CamemBERT fine-tuned on (claim, post) pairs",0,0.03847
1si0a94,"CamemBERT fine-tuned on (claim, post) pairs",0,0.034
1sithhr,"CamemBERT fine-tuned on (claim, post) pairs",0,0.02915
1sk3m6l,"CamemBERT fine-tuned on (claim, post) pairs",0,0.03779
1sm4vlc,"CamemBERT fine-tuned on (claim, post) pairs",0,0.03426
1smwix4,"CamemBERT fine-tuned on (claim, post) pairs",0,0.05577
1smzxog,"CamemBERT fine-tuned on (claim, post) pairs",0,0.03459
1sp8uoe,"CamemBERT fine-tuned on (claim, post) pairs",0,0.03365
1spnkt7,"CamemBERT fine-tuned on (claim, post) pairs",0,0.02982
1spnmqo,"CamemBERT fine-tuned on (claim, post) pairs",0,0.03619
1spsrht,"CamemBERT fine-tuned on (claim, post) pairs",0,0.0334
1sqxpn7,"CamemBERT fine-tuned on (claim, post) pairs",0,0.02873
1sr9ehr,"CamemBERT fine-tuned on (claim, post) pairs",0,0.13535
1srmu52,"CamemBERT fine-tuned on (claim, post) pairs",0,0.03602
1ssonai,"CamemBERT fine-tuned on (claim, post) pairs",0,0.03114
1stpw5m,"CamemBERT fine-tuned on (claim, post) pairs",0,0.04703
1suc8yz,"CamemBERT fine-tuned on (claim, post) pairs",0,0.05326
1supuh6,"CamemBERT fine-tuned on (claim, post) pairs",0,0.06954
1sv5bj3,"CamemBERT fine-tuned on (claim, post) pairs",0,0.06954
1svddie,"CamemBERT fine-tuned on (claim, post) pairs",0,0.03309
1sx7qgw,"CamemBERT fine-tuned on (claim, post) pairs",0,0.03324
1sxtmsr,"CamemBERT fine-tuned on (claim, post) pairs",0,0.03021
1sxz12z,"CamemBERT fine-tuned on (claim, post) pairs",0,0.06779
1sy7v8w,"CamemBERT fine-tuned on (claim, post) pairs",0,0.04353
1syf21d,"CamemBERT fine-tuned on (claim, post) pairs",0,0.0432
1sys0yr,"CamemBERT fine-tuned on (claim, post) pairs",0,0.02838
1xm9ft,"CamemBERT fine-tuned on (claim, post) pairs",0,0.03931
26ii7z,"CamemBERT fine-tuned on (claim, post) pairs",0,0.03059
2b2i70,"CamemBERT fine-tuned on (claim, post) pairs",0,0.0417
2e2os9,"CamemBERT fine-tuned on (claim, post) pairs",0,0.07133
2h6e28,"CamemBERT fine-tuned on (claim, post) pairs",0,0.02841
2i3v7s,"CamemBERT fine-tuned on (claim, post) pairs",0,0.0913
2q62xj,"CamemBERT fine-tuned on (claim, post) pairs",0,0.03362
2w86e7,"CamemBERT fine-tuned on (claim, post) pairs",0,0.02917
31vl51,"CamemBERT fine-tuned on (claim, post) pairs",0,0.11636
321shc,"CamemBERT fine-tuned on (claim, post) pairs",0,0.85896
334a8d,"CamemBERT fine-tuned on (claim, post) pairs",0,0.07037
33otbl,"CamemBERT fine-tuned on (claim, post) pairs",0,0.02793
340itv,"CamemBERT fine-tuned on (claim, post) pairs",0,0.03632
34xkzo,"CamemBERT fine-tuned on (claim, post) pairs",0,0.09628
351qdk,"CamemBERT fine-tuned on (claim, post) pairs",0,0.09009
35owc4,"CamemBERT fine-tuned on (claim, post) pairs",0,0.22101
38oz5m,"CamemBERT fine-tuned on (claim, post) pairs",0,0.06792
3a1grd,"CamemBERT fine-tuned on (claim, post) pairs",0,0.24167
3b92zr,"CamemBERT fine-tuned on (claim, post) pairs",0,0.21585
3b9cdx,"CamemBERT fine-tuned on (claim, post) pairs",0,0.05899
3d5gtr,"CamemBERT fine-tuned on (claim, post) pairs",0,0.03256
3eddti,"CamemBERT fine-tuned on (claim, post) pairs",0,0.13291
3err0k,"CamemBERT fine-tuned on (claim, post) pairs",0,0.10114
3fuumz,"CamemBERT fine-tuned on (claim, post) pairs",0,0.63644
3fz8em,"CamemBERT fine-tuned on (claim, post) pairs",0,0.08788
3gn1op,"CamemBERT fine-tuned on (claim, post) pairs",0,0.1681
3pszvd,"CamemBERT fine-tuned on (claim, post) pairs",0,0.04096
3q9eou,"CamemBERT fine-tuned on (claim, post) pairs",0,0.1128
3rww9o,"CamemBERT fine-tuned on (claim, post) pairs",0,0.38139
3schd5,"CamemBERT fine-tuned on (claim, post) pairs",0,0.03271
3w14cr,"CamemBERT fine-tuned on (claim, post) pairs",0,0.03024
40n33m,"CamemBERT fine-tuned on (claim, post) pairs",0,0.03044
41p2uz,"CamemBERT fine-tuned on (claim, post) pairs",0,0.63855
41qfg7,"CamemBERT fine-tuned on (claim, post) pairs",0,0.17674
423pa0,"CamemBERT fine-tuned on (claim, post) pairs",0,0.19892
42evys,"CamemBERT fine-tuned on (claim, post) pairs",0,0.08412
438qdk,"CamemBERT fine-tuned on (claim, post) pairs",0,0.03262
465cbb,"CamemBERT fine-tuned on (claim, post) pairs",0,0.05557
47ia4p,"CamemBERT fine-tuned on (claim, post) pairs",0,0.04181
4ck34b,"CamemBERT fine-tuned on (claim, post) pairs",0,0.06477
4h6s4d,"CamemBERT fine-tuned on (claim, post) pairs",0,0.83278
4keg77,"CamemBERT fine-tuned on (claim, post) pairs",0,0.04638
4kibjk,"CamemBERT fine-tuned on (claim, post) pairs",0,0.57511
4kvrdi,"CamemBERT fine-tuned on (claim, post) pairs",0,0.83655
4m7v8k,"CamemBERT fine-tuned on (claim, post) pairs",0,0.12673
4sh0tc,"CamemBERT fine-tuned on (claim, post) pairs",0,0.03514
4t9u5n,"CamemBERT fine-tuned on (claim, post) pairs",0,0.03237
4tc1ne,"CamemBERT fine-tuned on (claim, post) pairs",0,0.03397
4tfmoj,"CamemBERT fine-tuned on (claim, post) pairs",0,0.05238
4vsyz6,"CamemBERT fine-tuned on (claim, post) pairs",0,0.77991
4w5b6n,"CamemBERT fine-tuned on (claim, post) pairs",0,0.0547
4w5vkf,"CamemBERT fine-tuned on (claim, post) pairs",0,0.03698
4wpecq,"CamemBERT fine-tuned on (claim, post) pairs",0,0.12695
4zlvsv,"CamemBERT fine-tuned on (claim, post) pairs",0,0.03065
50ibsa,"CamemBERT fine-tuned on (claim, post) pairs",0,0.68983
53atzi,"CamemBERT fine-tuned on (claim, post) pairs",0,0.74475
53mq3w,"CamemBERT fine-tuned on (claim, post) pairs",0,0.03346
558n00,"CamemBERT fine-tuned on (claim, post) pairs",0,0.07565
579g29,"CamemBERT fine-tuned on (claim, post) pairs",0,0.03274
58mlme,"CamemBERT fine-tuned on (claim, post) pairs",0,0.09543
58mxli,"CamemBERT fine-tuned on (claim, post) pairs",0,0.15566
58ysn8,"CamemBERT fine-tuned on (claim, post) pairs",0,0.04672
5ar97d,"CamemBERT fine-tuned on (claim, post) pairs",0,0.04863
5bsjo1,"CamemBERT fine-tuned on (claim, post) pairs",0,0.03117
5e34gi,"CamemBERT fine-tuned on (claim, post) pairs",0,0.05707
5ij73u,"CamemBERT fine-tuned on (claim, post) pairs",0,0.02793
5ing61,"CamemBERT fine-tuned on (claim, post) pairs",0,0.03346
5ku91y,"CamemBERT fine-tuned on (claim, post) pairs",0,0.02942
5ls4eh,"CamemBERT fine-tuned on (claim, post) pairs",0,0.07237
5me65r,"CamemBERT fine-tuned on (claim, post) pairs",0,0.82018
5oqaye,"CamemBERT fine-tuned on (claim, post) pairs",0,0.10604
5srv8q,"CamemBERT fine-tuned on (claim, post) pairs",0,0.03365
5u0yx7,"CamemBERT fine-tuned on (claim, post) pairs",0,0.11671
5x4u0v,"CamemBERT fine-tuned on (claim, post) pairs",0,0.03033
5ydrdh,"CamemBERT fine-tuned on (claim, post) pairs",0,0.77253
5zia5v,"CamemBERT fine-tuned on (claim, post) pairs",0,0.78432
5zy9kd,"CamemBERT fine-tuned on (claim, post) pairs",0,0.03281
615460,"CamemBERT fine-tuned on (claim, post) pairs",0,0.54545
61axzl,"CamemBERT fine-tuned on (claim, post) pairs",0,0.03126
626ly6,"CamemBERT fine-tuned on (claim, post) pairs",0,0.03327
62embp,"CamemBERT fine-tuned on (claim, post) pairs",0,0.03726
64k0up,"CamemBERT fine-tuned on (claim, post) pairs",0,0.03485
64xizb,"CamemBERT fine-tuned on (claim, post) pairs",0,0.04659
65tmbv,"CamemBERT fine-tuned on (claim, post) pairs",0,0.04472
6684pv,"CamemBERT fine-tuned on (claim, post) pairs",0,0.03388
6690ac,"CamemBERT fine-tuned on (claim, post) pairs",0,0.0305
66fsni,"CamemBERT fine-tuned on (claim, post) pairs",0,0.03588
66h9mf,"CamemBERT fine-tuned on (claim, post) pairs",0,0.03195
688gvu,"CamemBERT fine-tuned on (claim, post) pairs",0,0.03268
689x42,"CamemBERT fine-tuned on (claim, post) pairs",0,0.03042
68dw9p,"CamemBERT fine-tuned on (claim, post) pairs",0,0.0315
68euzg,"CamemBERT fine-tuned on (claim, post) pairs",0,0.02996
68l0ln,"CamemBERT fine-tuned on (claim, post) pairs",0,0.03407
68zmng,"CamemBERT fine-tuned on (claim, post) pairs",0,0.02803
69ksmc,"CamemBERT fine-tuned on (claim, post) pairs",0,0.02806
69kvmc,"CamemBERT fine-tuned on (claim, post) pairs",0,0.26058
69sb4b,"CamemBERT fine-tuned on (claim, post) pairs",0,0.08525
69snyu,"CamemBERT fine-tuned on (claim, post) pairs",0,0.03222
69twpr,"CamemBERT fine-tuned on (claim, post) pairs",0,0.03039
6ak8du,"CamemBERT fine-tuned on (claim, post) pairs",0,0.05267
6awrdj,"CamemBERT fine-tuned on (claim, post) pairs",0,0.02912
6chrdz,"CamemBERT fine-tuned on (claim, post) pairs",0,0.05137
6clqf4,"CamemBERT fine-tuned on (claim, post) pairs",0,0.1858
6cna1l,"CamemBERT fine-tuned on (claim, post) pairs",0,0.05435
6ctng1,"CamemBERT fine-tuned on (claim, post) pairs",0,0.06436
6e8no8,"CamemBERT fine-tuned on (claim, post) pairs",0,0.02937
6fsp1s,"CamemBERT fine-tuned on (claim, post) pairs",0,0.04244
6giyno,"CamemBERT fine-tuned on (claim, post) pairs",0,0.03488
6gm1be,"CamemBERT fine-tuned on (claim, post) pairs",0,0.03416
6gsbos,"CamemBERT fine-tuned on (claim, post) pairs",0,0.10549
6ho431,"CamemBERT fine-tuned on (claim, post) pairs",0,0.03244
6hzc93,"CamemBERT fine-tuned on (claim, post) pairs",0,0.0367
6i0c5t,"CamemBERT fine-tuned on (claim, post) pairs",0,0.03281
6l8pej,"CamemBERT fine-tuned on (claim, post) pairs",0,0.05861
6lrzd8,"CamemBERT fine-tuned on (claim, post) pairs",0,0.04578
6ltt76,"CamemBERT fine-tuned on (claim, post) pairs",0,0.03117
6ng2qr,"CamemBERT fine-tuned on (claim, post) pairs",0,0.03156
6nscbf,"CamemBERT fine-tuned on (claim, post) pairs",0,0.03082
6q9xp0,"CamemBERT fine-tuned on (claim, post) pairs",0,0.1499
6quykg,"CamemBERT fine-tuned on (claim, post) pairs",0,0.05089
6s4yk2,"CamemBERT fine-tuned on (claim, post) pairs",0,0.02863
6stumu,"CamemBERT fine-tuned on (claim, post) pairs",0,0.17148
6t96ec,"CamemBERT fine-tuned on (claim, post) pairs",0,0.26937
6tzzi6,"CamemBERT fine-tuned on (claim, post) pairs",0,0.02926
6ughno,"CamemBERT fine-tuned on (claim, post) pairs",0,0.03343
6vec64,"CamemBERT fine-tuned on (claim, post) pairs",0,0.08671
6yjfcy,"CamemBERT fine-tuned on (claim, post) pairs",0,0.21942
6ym3lb,"CamemBERT fine-tuned on (claim, post) pairs",0,0.21004
6yvijc,"CamemBERT fine-tuned on (claim, post) pairs",0,0.22355
6zwa36,"CamemBERT fine-tuned on (claim, post) pairs",0,0.05781
700wa6,"CamemBERT fine-tuned on (claim, post) pairs",0,0.10857
70tyb7,"CamemBERT fine-tuned on (claim, post) pairs",0,0.02817
711t5y,"CamemBERT fine-tuned on (claim, post) pairs",0,0.04369
71tia4,"CamemBERT fine-tuned on (claim, post) pairs",0,0.03979
73fwq3,"CamemBERT fine-tuned on (claim, post) pairs",0,0.03315
73tccy,"CamemBERT fine-tuned on (claim, post) pairs",0,0.74927
73zein,"CamemBERT fine-tuned on (claim, post) pairs",0,0.03423
74ulmr,"CamemBERT fine-tuned on (claim, post) pairs",0,0.08898
74v0tg,"CamemBERT fine-tuned on (claim, post) pairs",0,0.04578
75o2tl,"CamemBERT fine-tuned on (claim, post) pairs",0,0.03782
77supo,"CamemBERT fine-tuned on (claim, post) pairs",0,0.06148
79528b,"CamemBERT fine-tuned on (claim, post) pairs",0,0.04608
79nhhe,"CamemBERT fine-tuned on (claim, post) pairs",0,0.77747
7b71pf,"CamemBERT fine-tuned on (claim, post) pairs",0,0.07062
7c62jb,"CamemBERT fine-tuned on (claim, post) pairs",0,0.03715
7d3zt0,"CamemBERT fine-tuned on (claim, post) pairs",0,0.13056
7fm9jz,"CamemBERT fine-tuned on (claim, post) pairs",0,0.05813
7gfoqi,"CamemBERT fine-tuned on (claim, post) pairs",0,0.03331
7hg3yp,"CamemBERT fine-tuned on (claim, post) pairs",0,0.07752
7ljsut,"CamemBERT fine-tuned on (claim, post) pairs",0,0.42761
7myqzz,"CamemBERT fine-tuned on (claim, post) pairs",0,0.0538
7o781c,"CamemBERT fine-tuned on (claim, post) pairs",0,0.0508
7ochcg,"CamemBERT fine-tuned on (claim, post) pairs",0,0.02884
7pr866,"CamemBERT fine-tuned on (claim, post) pairs",0,0.13101
7pvbsv,"CamemBERT fine-tuned on (claim, post) pairs",0,0.13101
7qqwpg,"CamemBERT fine-tuned on (claim, post) pairs",0,0.03491
7s4ufe,"CamemBERT fine-tuned on (claim, post) pairs",0,0.03343
7xpi3g,"CamemBERT fine-tuned on (claim, post) pairs",0,0.0597
7ymejv,"CamemBERT fine-tuned on (claim, post) pairs",0,0.03073
83em1z,"CamemBERT fine-tuned on (claim, post) pairs",0,0.03879
83f25c,"CamemBERT fine-tuned on (claim, post) pairs",0,0.23301
83of25,"CamemBERT fine-tuned on (claim, post) pairs",0,0.03123
85rbhc,"CamemBERT fine-tuned on (claim, post) pairs",0,0.41724
861k6n,"CamemBERT fine-tuned on (claim, post) pairs",0,0.1554
8b7gr3,"CamemBERT fine-tuned on (claim, post) pairs",0,0.71233
8bqvkt,"CamemBERT fine-tuned on (claim, post) pairs",0,0.69503
8bxi3w,"CamemBERT fine-tuned on (claim, post) pairs",0,0.03094
8cmq95,"CamemBERT fine-tuned on (claim, post) pairs",0,0.05878
8e6k9p,"CamemBERT fine-tuned on (claim, post) pairs",0,0.04135
8eaxjl,"CamemBERT fine-tuned on (claim, post) pairs",0,0.03241
8guuvd,"CamemBERT fine-tuned on (claim, post) pairs",0,0.03165
8h6l9c,"CamemBERT fine-tuned on (claim, post) pairs",0,0.03343
8hmdsh,"CamemBERT fine-tuned on (claim, post) pairs",0,0.03001
8i3zs8,"CamemBERT fine-tuned on (claim, post) pairs",0,0.03953
8j6y4x,"CamemBERT fine-tuned on (claim, post) pairs",0,0.03548
8lqsn3,"CamemBERT fine-tuned on (claim, post) pairs",0,0.0321
8lw08j,"CamemBERT fine-tuned on (claim, post) pairs",0,0.06584
8m089h,"CamemBERT fine-tuned on (claim, post) pairs",0,0.05603
8n6x3s,"CamemBERT fine-tuned on (claim, post) pairs",0,0.04394
8oqyiq,"CamemBERT fine-tuned on (claim, post) pairs",0,0.7733
8qr57h,"CamemBERT fine-tuned on (claim, post) pairs",0,0.68537
8rdvo,"CamemBERT fine-tuned on (claim, post) pairs",0,0.05262
8rtdev,"CamemBERT fine-tuned on (claim, post) pairs",0,0.03388
8thivx,"CamemBERT fine-tuned on (claim, post) pairs",0,0.0501
8ukd74,"CamemBERT fine-tuned on (claim, post) pairs",0,0.02954
8upvzl,"CamemBERT fine-tuned on (claim, post) pairs",0,0.03076
8uwqzt,"CamemBERT fine-tuned on (claim, post) pairs",0,0.06657
8w2awd,"CamemBERT fine-tuned on (claim, post) pairs",0,0.03189
8wveig,"CamemBERT fine-tuned on (claim, post) pairs",0,0.69456
8ybj73,"CamemBERT fine-tuned on (claim, post) pairs",0,0.05066
8zbi91,"CamemBERT fine-tuned on (claim, post) pairs",0,0.24292
8zjuu0,"CamemBERT fine-tuned on (claim, post) pairs",0,0.03277
8zune6,"CamemBERT fine-tuned on (claim, post) pairs",0,0.06645
904jy9,"CamemBERT fine-tuned on (claim, post) pairs",0,0.03183
907lnw,"CamemBERT fine-tuned on (claim, post) pairs",0,0.02798
90ga1w,"CamemBERT fine-tuned on (claim, post) pairs",0,0.03287
91vcf0,"CamemBERT fine-tuned on (claim, post) pairs",0,0.03213
93cpy1,"CamemBERT fine-tuned on (claim, post) pairs",0,0.23944
93d57n,"CamemBERT fine-tuned on (claim, post) pairs",0,0.04081
94hsqm,"CamemBERT fine-tuned on (claim, post) pairs",0,0.13771
94s2ry,"CamemBERT fine-tuned on (claim, post) pairs",0,0.03472
951q9m,"CamemBERT fine-tuned on (claim, post) pairs",0,0.0315
95ko1b,"CamemBERT fine-tuned on (claim, post) pairs",0,0.04629
95pxyn,"CamemBERT fine-tuned on (claim, post) pairs",0,0.04651
967yts,"CamemBERT fine-tuned on (claim, post) pairs",0,0.39109
96pkb3,"CamemBERT fine-tuned on (claim, post) pairs",0,0.13095
99m68g,"CamemBERT fine-tuned on (claim, post) pairs",0,0.03126
9aotrf,"CamemBERT fine-tuned on (claim, post) pairs",0,0.03629
9b1od2,"CamemBERT fine-tuned on (claim, post) pairs",0,0.02987
9b8c4p,"CamemBERT fine-tuned on (claim, post) pairs",0,0.2015
9b8uhu,"CamemBERT fine-tuned on (claim, post) pairs",0,0.03068
9bhywi,"CamemBERT fine-tuned on (claim, post) pairs",0,0.03331
9bt0lu,"CamemBERT fine-tuned on (claim, post) pairs",0,0.82838
9cd07l,"CamemBERT fine-tuned on (claim, post) pairs",0,0.32498
9cu072,"CamemBERT fine-tuned on (claim, post) pairs",0,0.64958
9cwku0,"CamemBERT fine-tuned on (claim, post) pairs",0,0.03222
9dmmxr,"CamemBERT fine-tuned on (claim, post) pairs",0,0.03047
9eocv2,"CamemBERT fine-tuned on (claim, post) pairs",0,0.04954
9ewhky,"CamemBERT fine-tuned on (claim, post) pairs",0,0.03059
9g0oij,"CamemBERT fine-tuned on (claim, post) pairs",0,0.03059
9hzn0r,"CamemBERT fine-tuned on (claim, post) pairs",0,0.03147
9i7b81,"CamemBERT fine-tuned on (claim, post) pairs",0,0.12315
9i7ot6,"CamemBERT fine-tuned on (claim, post) pairs",0,0.03097
9ipva2,"CamemBERT fine-tuned on (claim, post) pairs",0,0.04381
9iswb7,"CamemBERT fine-tuned on (claim, post) pairs",0,0.07504
9ita19,"CamemBERT fine-tuned on (claim, post) pairs",0,0.29747
9jcvgf,"CamemBERT fine-tuned on (claim, post) pairs",0,0.03094
9krhfl,"CamemBERT fine-tuned on (claim, post) pairs",0,0.0543
9lasl6,"CamemBERT fine-tuned on (claim, post) pairs",0,0.02996
9mno6e,"CamemBERT fine-tuned on (claim, post) pairs",0,0.51355
9moo1u,"CamemBERT fine-tuned on (claim, post) pairs",0,0.05937
9mrp1j,"CamemBERT fine-tuned on (claim, post) pairs",0,0.77407
9myhyd,"CamemBERT fine-tuned on (claim, post) pairs",0,0.08007
9mzcvq,"CamemBERT fine-tuned on (claim, post) pairs",0,0.0415
9n8nap,"CamemBERT fine-tuned on (claim, post) pairs",0,0.03455
9nt13c,"CamemBERT fine-tuned on (claim, post) pairs",0,0.03225
9ol266,"CamemBERT fine-tuned on (claim, post) pairs",0,0.02806
9s2n6w,"CamemBERT fine-tuned on (claim, post) pairs",0,0.07264
9slu0t,"CamemBERT fine-tuned on (claim, post) pairs",0,0.03216
9trq9c,"CamemBERT fine-tuned on (claim, post) pairs",0,0.03204
9ve83u,"CamemBERT fine-tuned on (claim, post) pairs",0,0.0673
9w971b,"CamemBERT fine-tuned on (claim, post) pairs",0,0.03381
9wfi0p,"CamemBERT fine-tuned on (claim, post) pairs",0,0.28141
9xwy8o,"CamemBERT fine-tuned on (claim, post) pairs",0,0.02854
9y4e31,"CamemBERT fine-tuned on (claim, post) pairs",0,0.03901
9zdmcq,"CamemBERT fine-tuned on (claim, post) pairs",0,0.74854
9zgnix,"CamemBERT fine-tuned on (claim, post) pairs",0,0.04872
9zoxcy,"CamemBERT fine-tuned on (claim, post) pairs",0,0.10466
9zpdkw,"CamemBERT fine-tuned on (claim, post) pairs",0,0.03687
a0iarh,"CamemBERT fine-tuned on (claim, post) pairs",0,0.06829
a151zv,"CamemBERT fine-tuned on (claim, post) pairs",0,0.03528
a1v7ph,"CamemBERT fine-tuned on (claim, post) pairs",0,0.06205
a2zpof,"CamemBERT fine-tuned on (claim, post) pairs",0,0.03299
a3cb50,"CamemBERT fine-tuned on (claim, post) pairs",0,0.0878
a3fx5v,"CamemBERT fine-tuned on (claim, post) pairs",0,0.81108
a3m7au,"CamemBERT fine-tuned on (claim, post) pairs",0,0.31452
a3rf6,"CamemBERT fine-tuned on (claim, post) pairs",0,0.85901
a4kdrr,"CamemBERT fine-tuned on (claim, post) pairs",0,0.04341
a4xsib,"CamemBERT fine-tuned on (claim, post) pairs",0,0.03429
a5ch1l,"CamemBERT fine-tuned on (claim, post) pairs",0,0.08788
a5rrh2,"CamemBERT fine-tuned on (claim, post) pairs",0,0.04166
a5ss93,"CamemBERT fine-tuned on (claim, post) pairs",0,0.038
a6yde4,"CamemBERT fine-tuned on (claim, post) pairs",0,0.18352
a6yw2g,"CamemBERT fine-tuned on (claim, post) pairs",0,0.03108
adae5b,"CamemBERT fine-tuned on (claim, post) pairs",0,0.05108
adia3d,"CamemBERT fine-tuned on (claim, post) pairs",0,0.0301
adik0y,"CamemBERT fine-tuned on (claim, post) pairs",0,0.03942
ae4vrk,"CamemBERT fine-tuned on (claim, post) pairs",0,0.05608
ae6t3b,"CamemBERT fine-tuned on (claim, post) pairs",0,0.03324
aegsg8,"CamemBERT fine-tuned on (claim, post) pairs",0,0.13546
aephtl,"CamemBERT fine-tuned on (claim, post) pairs",0,0.14688
afj03f,"CamemBERT fine-tuned on (claim, post) pairs",0,0.75591
aiag9z,"CamemBERT fine-tuned on (claim, post) pairs",0,0.19155
aim8fj,"CamemBERT fine-tuned on (claim, post) pairs",0,0.2142
ajldzr,"CamemBERT fine-tuned on (claim, post) pairs",0,0.0535
alczp8,"CamemBERT fine-tuned on (claim, post) pairs",0,0.06645
alq3f2,"CamemBERT fine-tuned on (claim, post) pairs",0,0.09426
amql9l,"CamemBERT fine-tuned on (claim, post) pairs",0,0.03757
ancn40,"CamemBERT fine-tuned on (claim, post) pairs",0,0.02838
anoqse,"CamemBERT fine-tuned on (claim, post) pairs",0,0.03293
ao546f,"CamemBERT fine-tuned on (claim, post) pairs",0,0.65941
aosx6d,"CamemBERT fine-tuned on (claim, post) pairs",0,0.03449
aou0rm,"CamemBERT fine-tuned on (claim, post) pairs",0,0.03123
apvc02,"CamemBERT fine-tuned on (claim, post) pairs",0,0.0303
aq84kk,"CamemBERT fine-tuned on (claim, post) pairs",0,0.78308
aqohqe,"CamemBERT fine-tuned on (claim, post) pairs",0,0.76586
ar6h7j,"CamemBERT fine-tuned on (claim, post) pairs",0,0.02934
ar7ec8,"CamemBERT fine-tuned on (claim, post) pairs",0,0.07062
ari3sz,"CamemBERT fine-tuned on (claim, post) pairs",0,0.04578
arn3mb,"CamemBERT fine-tuned on (claim, post) pairs",0,0.57311
avwxqi,"CamemBERT fine-tuned on (claim, post) pairs",0,0.7762
azk9wf,"CamemBERT fine-tuned on (claim, post) pairs",0,0.81279
azzjcs,"CamemBERT fine-tuned on (claim, post) pairs",0,0.06495
azzpfa,"CamemBERT fine-tuned on (claim, post) pairs",0,0.06165
b04uo3,"CamemBERT fine-tuned on (claim, post) pairs",0,0.04439
b0cilf,"CamemBERT fine-tuned on (claim, post) pairs",0,0.05385
b1ecj1,"CamemBERT fine-tuned on (claim, post) pairs",0,0.40654
b3unvm,"CamemBERT fine-tuned on (claim, post) pairs",0,0.1902
b46ji0,"CamemBERT fine-tuned on (claim, post) pairs",0,0.04439
b587v3,"CamemBERT fine-tuned on (claim, post) pairs",0,0.06495
b9dhs5,"CamemBERT fine-tuned on (claim, post) pairs",0,0.09808
bbxmcl,"CamemBERT fine-tuned on (claim, post) pairs",0,0.10772
bcb5bq,"CamemBERT fine-tuned on (claim, post) pairs",0,0.02904
bcgxj3,"CamemBERT fine-tuned on (claim, post) pairs",0,0.72783
bd7wwu,"CamemBERT fine-tuned on (claim, post) pairs",0,0.08811
bdjnc2,"CamemBERT fine-tuned on (claim, post) pairs",0,0.03296
bdrtng,"CamemBERT fine-tuned on (claim, post) pairs",0,0.04751
bepsxe,"CamemBERT fine-tuned on (claim, post) pairs",0,0.08389
bfyjiv,"CamemBERT fine-tuned on (claim, post) pairs",0,0.19345
bgeguu,"CamemBERT fine-tuned on (claim, post) pairs",0,0.05185
bggieq,"CamemBERT fine-tuned on (claim, post) pairs",0,0.79803
bhb76w,"CamemBERT fine-tuned on (claim, post) pairs",0,0.03271
bhowol,"CamemBERT fine-tuned on (claim, post) pairs",0,0.03039
bjfb3e,"CamemBERT fine-tuned on (claim, post) pairs",0,0.03309
bmvw9h,"CamemBERT fine-tuned on (claim, post) pairs",0,0.13443
bnoy8x,"CamemBERT fine-tuned on (claim, post) pairs",0,0.77654
bqn8hv,"CamemBERT fine-tuned on (claim, post) pairs",0,0.0389
bqwtsg,"CamemBERT fine-tuned on (claim, post) pairs",0,0.03446
br75o0,"CamemBERT fine-tuned on (claim, post) pairs",0,0.0289
brmib7,"CamemBERT fine-tuned on (claim, post) pairs",0,0.03698
brrqig,"CamemBERT fine-tuned on (claim, post) pairs",0,0.03114
bsja0x,"CamemBERT fine-tuned on (claim, post) pairs",0,0.03356
btbfi4,"CamemBERT fine-tuned on (claim, post) pairs",0,0.03646
btnqcc,"CamemBERT fine-tuned on (claim, post) pairs",0,0.03132
bxkheg,"CamemBERT fine-tuned on (claim, post) pairs",0,0.12533
bxmyu8,"CamemBERT fine-tuned on (claim, post) pairs",0,0.05019
bzb17g,"CamemBERT fine-tuned on (claim, post) pairs",0,0.03729
c1zmfq,"CamemBERT fine-tuned on (claim, post) pairs",0,0.03198
c5oat5,"CamemBERT fine-tuned on (claim, post) pairs",0,0.04556
c64ss6,"CamemBERT fine-tuned on (claim, post) pairs",0,0.72267
c71xlq,"CamemBERT fine-tuned on (claim, post) pairs",0,0.03705
c8le3c,"CamemBERT fine-tuned on (claim, post) pairs",0,0.0318
cbtzq1,"CamemBERT fine-tuned on (claim, post) pairs",0,0.74863
ceqpay,"CamemBERT fine-tuned on (claim, post) pairs",0,0.05113
ceshxz,"CamemBERT fine-tuned on (claim, post) pairs",0,0.05665
cg9psx,"CamemBERT fine-tuned on (claim, post) pairs",0,0.03244
cgqoso,"CamemBERT fine-tuned on (claim, post) pairs",0,0.03241
cgtjqm,"CamemBERT fine-tuned on (claim, post) pairs",0,0.02987
cjbe5s,"CamemBERT fine-tuned on (claim, post) pairs",0,0.72448
ckcv0t,"CamemBERT fine-tuned on (claim, post) pairs",0,0.03097
cl3tzg,"CamemBERT fine-tuned on (claim, post) pairs",0,0.11457
co1e76,"CamemBERT fine-tuned on (claim, post) pairs",0,0.03384
coghm8,"CamemBERT fine-tuned on (claim, post) pairs",0,0.22678
cqbbso,"CamemBERT fine-tuned on (claim, post) pairs",0,0.03872
csm2pt,"CamemBERT fine-tuned on (claim, post) pairs",0,0.03953
ctb8b7,"CamemBERT fine-tuned on (claim, post) pairs",0,0.03452
cue8ed,"CamemBERT fine-tuned on (claim, post) pairs",0,0.03024
cw131i,"CamemBERT fine-tuned on (claim, post) pairs",0,0.0342
d0dalv,"CamemBERT fine-tuned on (claim, post) pairs",0,0.81765
d3m3ni,"CamemBERT fine-tuned on (claim, post) pairs",0,0.03108
d4ba7s,"CamemBERT fine-tuned on (claim, post) pairs",0,0.02937
d5f1h9,"CamemBERT fine-tuned on (claim, post) pairs",0,0.20236
d5yj8l,"CamemBERT fine-tuned on (claim, post) pairs",0,0.06736
d82gx6,"CamemBERT fine-tuned on (claim, post) pairs",0,0.03416
d8qza8,"CamemBERT fine-tuned on (claim, post) pairs",0,0.87915
d8r9xm,"CamemBERT fine-tuned on (claim, post) pairs",0,0.04973
d9wvlq,"CamemBERT fine-tuned on (claim, post) pairs",0,0.05765
da0fiz,"CamemBERT fine-tuned on (claim, post) pairs",0,0.11961
dc78wc,"CamemBERT fine-tuned on (claim, post) pairs",0,0.03883
ddqpea,"CamemBERT fine-tuned on (claim, post) pairs",0,0.0426
dexel2,"CamemBERT fine-tuned on (claim, post) pairs",0,0.21667
dfk9iz,"CamemBERT fine-tuned on (claim, post) pairs",0,0.04284
dioiij,"CamemBERT fine-tuned on (claim, post) pairs",0,0.03498
dlev5c,"CamemBERT fine-tuned on (claim, post) pairs",0,0.03044
dlyr5s,"CamemBERT fine-tuned on (claim, post) pairs",0,0.0303
dnblhd,"CamemBERT fine-tuned on (claim, post) pairs",0,0.03508
dnpdj9,"CamemBERT fine-tuned on (claim, post) pairs",0,0.0318
dqbtcn,"CamemBERT fine-tuned on (claim, post) pairs",0,0.04769
dthkqo,"CamemBERT fine-tuned on (claim, post) pairs",0,0.03277
dwahhl,"CamemBERT fine-tuned on (claim, post) pairs",0,0.13928
dwfmqg,"CamemBERT fine-tuned on (claim, post) pairs",0,0.03324
dyj4xf,"CamemBERT fine-tuned on (claim, post) pairs",0,0.03126
e1edg3,"CamemBERT fine-tuned on (claim, post) pairs",0,0.76682
e1xvqm,"CamemBERT fine-tuned on (claim, post) pairs",0,0.70309
e3ehbz,"CamemBERT fine-tuned on (claim, post) pairs",0,0.03277
e3g5q5,"CamemBERT fine-tuned on (claim, post) pairs",0,0.03811
e3rlhk,"CamemBERT fine-tuned on (claim, post) pairs",0,0.03309
e3tuaa,"CamemBERT fine-tuned on (claim, post) pairs",0,0.03327
e4ywaj,"CamemBERT fine-tuned on (claim, post) pairs",0,0.07011
e5e2aq,"CamemBERT fine-tuned on (claim, post) pairs",0,0.03478
e5gitz,"CamemBERT fine-tuned on (claim, post) pairs",0,0.79423
e5kvnz,"CamemBERT fine-tuned on (claim, post) pairs",0,0.04232
e5maon,"CamemBERT fine-tuned on (claim, post) pairs",0,0.02836
e5ui60,"CamemBERT fine-tuned on (claim, post) pairs",0,0.39007
e5xiiq,"CamemBERT fine-tuned on (claim, post) pairs",0,0.03186
e62zgs,"CamemBERT fine-tuned on (claim, post) pairs",0,0.03305
e64n22,"CamemBERT fine-tuned on (claim, post) pairs",0,0.02887
e6ax6h,"CamemBERT fine-tuned on (claim, post) pairs",0,0.03673
e6f0rc,"CamemBERT fine-tuned on (claim, post) pairs",0,0.03994
e94ixf,"CamemBERT fine-tuned on (claim, post) pairs",0,0.076
ea2jip,"CamemBERT fine-tuned on (claim, post) pairs",0,0.05521
ea30og,"CamemBERT fine-tuned on (claim, post) pairs",0,0.03299
ea9bpv,"CamemBERT fine-tuned on (claim, post) pairs",0,0.19737
ecfmdx,"CamemBERT fine-tuned on (claim, post) pairs",0,0.0321
echy7t,"CamemBERT fine-tuned on (claim, post) pairs",0,0.14028
edot6p,"CamemBERT fine-tuned on (claim, post) pairs",0,0.03085
edwwgn,"CamemBERT fine-tuned on (claim, post) pairs",0,0.12792
ee9n9o,"CamemBERT fine-tuned on (claim, post) pairs",0,0.0922
ejdjr5,"CamemBERT fine-tuned on (claim, post) pairs",0,0.2089
ejdunf,"CamemBERT fine-tuned on (claim, post) pairs",0,0.03201
eks8lr,"CamemBERT fine-tuned on (claim, post) pairs",0,0.03162
el8xqn,"CamemBERT fine-tuned on (claim, post) pairs",0,0.1126
elbwld,"CamemBERT fine-tuned on (claim, post) pairs",0,0.03309
elqv0f,"CamemBERT fine-tuned on (claim, post) pairs",0,0.11839
eo40n4,"CamemBERT fine-tuned on (claim, post) pairs",0,0.09106
eo5006,"CamemBERT fine-tuned on (claim, post) pairs",0,0.03159
eqb0h,"CamemBERT fine-tuned on (claim, post) pairs",0,0.3536
eqf7ot,"CamemBERT fine-tuned on (claim, post) pairs",0,0.09947
esq6p1,"CamemBERT fine-tuned on (claim, post) pairs",0,0.25702
etxpnm,"CamemBERT fine-tuned on (claim, post) pairs",0,0.12913
eu15v2,"CamemBERT fine-tuned on (claim, post) pairs",0,0.03007
eua0wf,"CamemBERT fine-tuned on (claim, post) pairs",0,0.06302
eup1di,"CamemBERT fine-tuned on (claim, post) pairs",0,0.03097
evtrx4,"CamemBERT fine-tuned on (claim, post) pairs",0,0.03712
ew9bu2,"CamemBERT fine-tuned on (claim, post) pairs",0,0.0864
eynxpz,"CamemBERT fine-tuned on (claim, post) pairs",0,0.04638
eyul8b,"CamemBERT fine-tuned on (claim, post) pairs",0,0.07579
ezpyag,"CamemBERT fine-tuned on (claim, post) pairs",0,0.03281
f2715d,"CamemBERT fine-tuned on (claim, post) pairs",0,0.03381
f283vi,"CamemBERT fine-tuned on (claim, post) pairs",0,0.74373
f4qms4,"CamemBERT fine-tuned on (claim, post) pairs",0,0.04616
f69ncu,"CamemBERT fine-tuned on (claim, post) pairs",0,0.03743
f799k5,"CamemBERT fine-tuned on (claim, post) pairs",0,0.07572
f96tbe,"CamemBERT fine-tuned on (claim, post) pairs",0,0.04485
fbgn5m,"CamemBERT fine-tuned on (claim, post) pairs",0,0.17824
fc8jpk,"CamemBERT fine-tuned on (claim, post) pairs",0,0.03047
fcaghn,"CamemBERT fine-tuned on (claim, post) pairs",0,0.04357
fccnsv,"CamemBERT fine-tuned on (claim, post) pairs",0,0.83582
ffsbpi,"CamemBERT fine-tuned on (claim, post) pairs",0,0.02956
fgbezz,"CamemBERT fine-tuned on (claim, post) pairs",0,0.0312
fgo3lf,"CamemBERT fine-tuned on (claim, post) pairs",0,0.03979
fguory,"CamemBERT fine-tuned on (claim, post) pairs",0,0.03334
fhdstg,"CamemBERT fine-tuned on (claim, post) pairs",0,0.03312
fhepc7,"CamemBERT fine-tuned on (claim, post) pairs",0,0.03608
fhk2vt,"CamemBERT fine-tuned on (claim, post) pairs",0,0.02948
fhxqf7,"CamemBERT fine-tuned on (claim, post) pairs",0,0.03271
fhz1tr,"CamemBERT fine-tuned on (claim, post) pairs",0,0.03321
fhzis1,"CamemBERT fine-tuned on (claim, post) pairs",0,0.03065
figt2n,"CamemBERT fine-tuned on (claim, post) pairs",0,0.03381
fiybcu,"CamemBERT fine-tuned on (claim, post) pairs",0,0.03271
fji10d,"CamemBERT fine-tuned on (claim, post) pairs",0,0.03598
fk0cbe,"CamemBERT fine-tuned on (claim, post) pairs",0,0.0294
fkfxtw,"CamemBERT fine-tuned on (claim, post) pairs",0,0.03551
fkldua,"CamemBERT fine-tuned on (claim, post) pairs",0,0.07491
fkm6y5,"CamemBERT fine-tuned on (claim, post) pairs",0,0.03312
fl6pbu,"CamemBERT fine-tuned on (claim, post) pairs",0,0.03605
flhf5m,"CamemBERT fine-tuned on (claim, post) pairs",0,0.03558
fls9mk,"CamemBERT fine-tuned on (claim, post) pairs",0,0.03722
flx35c,"CamemBERT fine-tuned on (claim, post) pairs",0,0.03971
flx637,"CamemBERT fine-tuned on (claim, post) pairs",0,0.03274
flyoyg,"CamemBERT fine-tuned on (claim, post) pairs",0,0.03667
fm41er,"CamemBERT fine-tuned on (claim, post) pairs",0,0.03883
fmbrtd,"CamemBERT fine-tuned on (claim, post) pairs",0,0.04603
fmgq9v,"CamemBERT fine-tuned on (claim, post) pairs",0,0.03585
fmkdde,"CamemBERT fine-tuned on (claim, post) pairs",0,0.07166
fmzraj,"CamemBERT fine-tuned on (claim, post) pairs",0,0.16271
fo70ft,"CamemBERT fine-tuned on (claim, post) pairs",0,0.06337
folx5c,"CamemBERT fine-tuned on (claim, post) pairs",0,0.03117
fp6tij,"CamemBERT fine-tuned on (claim, post) pairs",0,0.20095
fpxm9f,"CamemBERT fine-tuned on (claim, post) pairs",0,0.05511
fqfc29,"CamemBERT fine-tuned on (claim, post) pairs",0,0.14829
fqhu9s,"CamemBERT fine-tuned on (claim, post) pairs",0,0.64097
fqmsg2,"CamemBERT fine-tuned on (claim, post) pairs",0,0.03141
frmgqu,"CamemBERT fine-tuned on (claim, post) pairs",0,0.10744
ftllrc,"CamemBERT fine-tuned on (claim, post) pairs",0,0.15968
fueee3,"CamemBERT fine-tuned on (claim, post) pairs",0,0.0367
furh3t,"CamemBERT fine-tuned on (claim, post) pairs",0,0.2559
fvaxja,"CamemBERT fine-tuned on (claim, post) pairs",0,0.03138
fviobo,"CamemBERT fine-tuned on (claim, post) pairs",0,0.04913
fwgse8,"CamemBERT fine-tuned on (claim, post) pairs",0,0.0545
fwlvl4,"CamemBERT fine-tuned on (claim, post) pairs",0,0.32977
fx3xjv,"CamemBERT fine-tuned on (claim, post) pairs",0,0.03135
fy2oj3,"CamemBERT fine-tuned on (claim, post) pairs",0,0.04573
fy2p7f,"CamemBERT fine-tuned on (claim, post) pairs",0,0.04573
g0i8rm,"CamemBERT fine-tuned on (claim, post) pairs",0,0.03789
g19p90,"CamemBERT fine-tuned on (claim, post) pairs",0,0.05781
g1othi,"CamemBERT fine-tuned on (claim, post) pairs",0,0.03186
g2bytp,"CamemBERT fine-tuned on (claim, post) pairs",0,0.83967
g2gixl,"CamemBERT fine-tuned on (claim, post) pairs",0,0.03524
g2idz0,"CamemBERT fine-tuned on (claim, post) pairs",0,0.10913
g34bbf,"CamemBERT fine-tuned on (claim, post) pairs",0,0.11437
g4ewn0,"CamemBERT fine-tuned on (claim, post) pairs",0,0.04337
g4nxk5,"CamemBERT fine-tuned on (claim, post) pairs",0,0.04703
g5ky43,"CamemBERT fine-tuned on (claim, post) pairs",0,0.03733
g8y3o6,"CamemBERT fine-tuned on (claim, post) pairs",0,0.02887
gan3eg,"CamemBERT fine-tuned on (claim, post) pairs",0,0.06633
gbdhgn,"CamemBERT fine-tuned on (claim, post) pairs",0,0.30342
gd8rcb,"CamemBERT fine-tuned on (claim, post) pairs",0,0.71343
gecn8f,"CamemBERT fine-tuned on (claim, post) pairs",0,0.0441
ggbp5b,"CamemBERT fine-tuned on (claim, post) pairs",0,0.75806
ghjdyj,"CamemBERT fine-tuned on (claim, post) pairs",0,0.03059
ghslu9,"CamemBERT fine-tuned on (claim, post) pairs",0,0.13626
gksuau,"CamemBERT fine-tuned on (claim, post) pairs",0,0.71731
gl5kwt,"CamemBERT fine-tuned on (claim, post) pairs",0,0.03391
go1u33,"CamemBERT fine-tuned on (claim, post) pairs",0,0.08233
go6pl2,"CamemBERT fine-tuned on (claim, post) pairs",0,0.54354
gp3xs4,"CamemBERT fine-tuned on (claim, post) pairs",0,0.03968
gpwapq,"CamemBERT fine-tuned on (claim, post) pairs",0,0.02887
gvqoq3,"CamemBERT fine-tuned on (claim, post) pairs",0,0.18855
h9dp2s,"CamemBERT fine-tuned on (claim, post) pairs",0,0.03743
h9hstb,"CamemBERT fine-tuned on (claim, post) pairs",0,0.04031
ha4om1,"CamemBERT fine-tuned on (claim, post) pairs",0,0.03321
haav14,"CamemBERT fine-tuned on (claim, post) pairs",0,0.0325
hbfvim,"CamemBERT fine-tuned on (claim, post) pairs",0,0.15533
hdo19g,"CamemBERT fine-tuned on (claim, post) pairs",0,0.03585
hegmoy,"CamemBERT fine-tuned on (claim, post) pairs",0,0.08756
hfj7qz,"CamemBERT fine-tuned on (claim, post) pairs",0,0.0374
hgeu6a,"CamemBERT fine-tuned on (claim, post) pairs",0,0.0286
hgk0yr,"CamemBERT fine-tuned on (claim, post) pairs",0,0.031
hjdm2t,"CamemBERT fine-tuned on (claim, post) pairs",0,0.03189
hjxc3u,"CamemBERT fine-tuned on (claim, post) pairs",0,0.04373
hkqsgq,"CamemBERT fine-tuned on (claim, post) pairs",0,0.0329
ho7nah,"CamemBERT fine-tuned on (claim, post) pairs",0,0.09203
hojmh7,"CamemBERT fine-tuned on (claim, post) pairs",0,0.04625
hwfz7k,"CamemBERT fine-tuned on (claim, post) pairs",0,0.26053
hzd5d1,"CamemBERT fine-tuned on (claim, post) pairs",0,0.34865
i0k0k5,"CamemBERT fine-tuned on (claim, post) pairs",0,0.04565
i0mhd5,"CamemBERT fine-tuned on (claim, post) pairs",0,0.04481
i0n5gc,"CamemBERT fine-tuned on (claim, post) pairs",0,0.03508
i3msyd,"CamemBERT fine-tuned on (claim, post) pairs",0,0.0312
i7rlrt,"CamemBERT fine-tuned on (claim, post) pairs",0,0.08359
i8b5uo,"CamemBERT fine-tuned on (claim, post) pairs",0,0.03538
ia99vr,"CamemBERT fine-tuned on (claim, post) pairs",0,0.03677
ibcu2q,"CamemBERT fine-tuned on (claim, post) pairs",0,0.04854
ic2g86,"CamemBERT fine-tuned on (claim, post) pairs",0,0.03284
ice0kk,"CamemBERT fine-tuned on (claim, post) pairs",0,0.03622
ici56t,"CamemBERT fine-tuned on (claim, post) pairs",0,0.3555
ictrw8,"CamemBERT fine-tuned on (claim, post) pairs",0,0.03192
iguhj6,"CamemBERT fine-tuned on (claim, post) pairs",0,0.03964
ih08v3,"CamemBERT fine-tuned on (claim, post) pairs",0,0.15184
ih7ei3,"CamemBERT fine-tuned on (claim, post) pairs",0,0.03171
ihj6bx,"CamemBERT fine-tuned on (claim, post) pairs",0,0.04655
iiqap8,"CamemBERT fine-tuned on (claim, post) pairs",0,0.04115
iiqu94,"CamemBERT fine-tuned on (claim, post) pairs",0,0.0501
ij8qio,"CamemBERT fine-tuned on (claim, post) pairs",0,0.03605
iket8f,"CamemBERT fine-tuned on (claim, post) pairs",0,0.16886
ilv17f,"CamemBERT fine-tuned on (claim, post) pairs",0,0.07443
imb0ri,"CamemBERT fine-tuned on (claim, post) pairs",0,0.18257
imc2uz,"CamemBERT fine-tuned on (claim, post) pairs",0,0.90951
imi2li,"CamemBERT fine-tuned on (claim, post) pairs",0,0.0292
ioql0z,"CamemBERT fine-tuned on (claim, post) pairs",0,0.06935
iotgaz,"CamemBERT fine-tuned on (claim, post) pairs",0,0.03321
irrxv6,"CamemBERT fine-tuned on (claim, post) pairs",0,0.03047
isj1z0,"CamemBERT fine-tuned on (claim, post) pairs",0,0.03927
isp3z6,"CamemBERT fine-tuned on (claim, post) pairs",0,0.05465
ittyao,"CamemBERT fine-tuned on (claim, post) pairs",0,0.0705
iu2a3a,"CamemBERT fine-tuned on (claim, post) pairs",0,0.19072
ivghce,"CamemBERT fine-tuned on (claim, post) pairs",0,0.04256
ivn1mm,"CamemBERT fine-tuned on (claim, post) pairs",0,0.10781
ix01hq,"CamemBERT fine-tuned on (claim, post) pairs",0,0.03277
ixrd8y,"CamemBERT fine-tuned on (claim, post) pairs",0,0.03423
iy2bft,"CamemBERT fine-tuned on (claim, post) pairs",0,0.03337
iyumys,"CamemBERT fine-tuned on (claim, post) pairs",0,0.05728
iyvzvz,"CamemBERT fine-tuned on (claim, post) pairs",0,0.14953
izsgni,"CamemBERT fine-tuned on (claim, post) pairs",0,0.0312
j0t2d2,"CamemBERT fine-tuned on (claim, post) pairs",0,0.06222
j1069i,"CamemBERT fine-tuned on (claim, post) pairs",0,0.03468
j1zsiy,"CamemBERT fine-tuned on (claim, post) pairs",0,0.06165
j29je4,"CamemBERT fine-tuned on (claim, post) pairs",0,0.03691
j3wawt,"CamemBERT fine-tuned on (claim, post) pairs",0,0.53277
j61gsa,"CamemBERT fine-tuned on (claim, post) pairs",0,0.72385
j70xoi,"CamemBERT fine-tuned on (claim, post) pairs",0,0.18163
j9sy3n,"CamemBERT fine-tuned on (claim, post) pairs",0,0.03388
jaaj86,"CamemBERT fine-tuned on (claim, post) pairs",0,0.03082
jbtcwk,"CamemBERT fine-tuned on (claim, post) pairs",0,0.04668
jc5uzf,"CamemBERT fine-tuned on (claim, post) pairs",0,0.04664
jc6461,"CamemBERT fine-tuned on (claim, post) pairs",0,0.90329
jcberw,"CamemBERT fine-tuned on (claim, post) pairs",0,0.03201
jgkjnm,"CamemBERT fine-tuned on (claim, post) pairs",0,0.10999
jgkvtb,"CamemBERT fine-tuned on (claim, post) pairs",0,0.03653
jgl84e,"CamemBERT fine-tuned on (claim, post) pairs",0,0.04123
jh46cv,"CamemBERT fine-tuned on (claim, post) pairs",0,0.03378
jia61d,"CamemBERT fine-tuned on (claim, post) pairs",0,0.09468
jivlvr,"CamemBERT fine-tuned on (claim, post) pairs",0,0.03439
jjwuzn,"CamemBERT fine-tuned on (claim, post) pairs",0,0.03135
jjylnj,"CamemBERT fine-tuned on (claim, post) pairs",0,0.03581
jkh3zx,"CamemBERT fine-tuned on (claim, post) pairs",0,0.03241
jkrv3d,"CamemBERT fine-tuned on (claim, post) pairs",0,0.11289
jkrze6,"CamemBERT fine-tuned on (claim, post) pairs",0,0.03796
jm32gj,"CamemBERT fine-tuned on (claim, post) pairs",0,0.0341
jncki5,"CamemBERT fine-tuned on (claim, post) pairs",0,0.04046
jnyj70,"CamemBERT fine-tuned on (claim, post) pairs",0,0.08434
jogf8j,"CamemBERT fine-tuned on (claim, post) pairs",0,0.03491
jp39k1,"CamemBERT fine-tuned on (claim, post) pairs",0,0.08181
jpqv0v,"CamemBERT fine-tuned on (claim, post) pairs",0,0.07457
jrjcgw,"CamemBERT fine-tuned on (claim, post) pairs",0,0.15968
js5av6,"CamemBERT fine-tuned on (claim, post) pairs",0,0.03337
jvpzh0,"CamemBERT fine-tuned on (claim, post) pairs",0,0.88866
jvqnsn,"CamemBERT fine-tuned on (claim, post) pairs",0,0.53452
jx5mib,"CamemBERT fine-tuned on (claim, post) pairs",0,0.02942
jzldwr,"CamemBERT fine-tuned on (claim, post) pairs",0,0.50711
k577mi,"CamemBERT fine-tuned on (claim, post) pairs",0,0.17497
k603dd,"CamemBERT fine-tuned on (claim, post) pairs",0,0.10942
k603y6,"CamemBERT fine-tuned on (claim, post) pairs",0,0.17092
k624c4,"CamemBERT fine-tuned on (claim, post) pairs",0,0.68611
k6o6bw,"CamemBERT fine-tuned on (claim, post) pairs",0,0.14176
k90kjc,"CamemBERT fine-tuned on (claim, post) pairs",0,0.90837
k9ajeu,"CamemBERT fine-tuned on (claim, post) pairs",0,0.47907
k9tt6x,"CamemBERT fine-tuned on (claim, post) pairs",0,0.03381
kabbn0,"CamemBERT fine-tuned on (claim, post) pairs",0,0.57372
kc99mr,"CamemBERT fine-tuned on (claim, post) pairs",0,0.88003
keiyka,"CamemBERT fine-tuned on (claim, post) pairs",0,0.10613
kfjwh1,"CamemBERT fine-tuned on (claim, post) pairs",0,0.04217
kgrai2,"CamemBERT fine-tuned on (claim, post) pairs",0,0.86505
khpbim,"CamemBERT fine-tuned on (claim, post) pairs",0,0.11319
kixuic,"CamemBERT fine-tuned on (claim, post) pairs",0,0.9091
kj9yic,"CamemBERT fine-tuned on (claim, post) pairs",0,0.02857
kjm1a3,"CamemBERT fine-tuned on (claim, post) pairs",0,0.8041
knlqii,"CamemBERT fine-tuned on (claim, post) pairs",0,0.66942
knlr19,"CamemBERT fine-tuned on (claim, post) pairs",0,0.66942
ko9dyf,"CamemBERT fine-tuned on (claim, post) pairs",0,0.87142
kp0re0,"CamemBERT fine-tuned on (claim, post) pairs",0,0.46168
krjrvz,"CamemBERT fine-tuned on (claim, post) pairs",0,0.03241
krnvhz,"CamemBERT fine-tuned on (claim, post) pairs",0,0.85115
ksik3u,"CamemBERT fine-tuned on (claim, post) pairs",0,0.83582
kslmtn,"CamemBERT fine-tuned on (claim, post) pairs",0,0.04422
kt1iuf,"CamemBERT fine-tuned on (claim, post) pairs",0,0.90624
kt8gmt,"CamemBERT fine-tuned on (claim, post) pairs",0,0.87758
kuyyyj,"CamemBERT fine-tuned on (claim, post) pairs",0,0.0325
kyt8fg,"CamemBERT fine-tuned on (claim, post) pairs",0,0.84878
kz90ac,"CamemBERT fine-tuned on (claim, post) pairs",0,0.05326
l0kqeb,"CamemBERT fine-tuned on (claim, post) pairs",0,0.45826
l1v347,"CamemBERT fine-tuned on (claim, post) pairs",0,0.0439
l25gdq,"CamemBERT fine-tuned on (claim, post) pairs",0,0.04721
l4i7ej,"CamemBERT fine-tuned on (claim, post) pairs",0,0.0334
l4vujj,"CamemBERT fine-tuned on (claim, post) pairs",0,0.82531
l5djp3,"CamemBERT fine-tuned on (claim, post) pairs",0,0.03318
l5g4qt,"CamemBERT fine-tuned on (claim, post) pairs",0,0.10576
l5k8py,"CamemBERT fine-tuned on (claim, post) pairs",0,0.18691
l769em,"CamemBERT fine-tuned on (claim, post) pairs",0,0.0727
l79sl5,"CamemBERT fine-tuned on (claim, post) pairs",0,0.03213
l7ou1m,"CamemBERT fine-tuned on (claim, post) pairs",0,0.39896
la0a8q,"CamemBERT fine-tuned on (claim, post) pairs",0,0.69129
la93c7,"CamemBERT fine-tuned on (claim, post) pairs",0,0.03237
lcp4ri,"CamemBERT fine-tuned on (claim, post) pairs",0,0.05867
ld48jf,"CamemBERT fine-tuned on (claim, post) pairs",0,0.07641
ld93pc,"CamemBERT fine-tuned on (claim, post) pairs",0,0.16553
lfh2sm,"CamemBERT fine-tuned on (claim, post) pairs",0,0.0566
lfzbmy,"CamemBERT fine-tuned on (claim, post) pairs",0,0.8258
lg2dzw,"CamemBERT fine-tuned on (claim, post) pairs",0,0.37385
lg2k8j,"CamemBERT fine-tuned on (claim, post) pairs",0,0.17462
li83kz,"CamemBERT fine-tuned on (claim, post) pairs",0,0.03761
lm0xgx,"CamemBERT fine-tuned on (claim, post) pairs",0,0.08225
lp5f2u,"CamemBERT fine-tuned on (claim, post) pairs",0,0.04232
lpj2mi,"CamemBERT fine-tuned on (claim, post) pairs",0,0.8234
lpkviw,"CamemBERT fine-tuned on (claim, post) pairs",0,0.0714
lpuvub,"CamemBERT fine-tuned on (claim, post) pairs",0,0.03416
lpv6b2,"CamemBERT fine-tuned on (claim, post) pairs",0,0.74391
lv2ls2,"CamemBERT fine-tuned on (claim, post) pairs",0,0.03381
lvxwqy,"CamemBERT fine-tuned on (claim, post) pairs",0,0.86782
lx1vgg,"CamemBERT fine-tuned on (claim, post) pairs",0,0.18669
m0aaur,"CamemBERT fine-tuned on (claim, post) pairs",0,0.02945
m1ethl,"CamemBERT fine-tuned on (claim, post) pairs",0,0.90397
m3bs8z,"CamemBERT fine-tuned on (claim, post) pairs",0,0.0367
m4tu00,"CamemBERT fine-tuned on (claim, post) pairs",0,0.04292
m5h2ks,"CamemBERT fine-tuned on (claim, post) pairs",0,0.49701
m5kxle,"CamemBERT fine-tuned on (claim, post) pairs",0,0.04872
m8cg12,"CamemBERT fine-tuned on (claim, post) pairs",0,0.03747
m9eho9,"CamemBERT fine-tuned on (claim, post) pairs",0,0.03534
mai7eq,"CamemBERT fine-tuned on (claim, post) pairs",0,0.02954
mbi4r0,"CamemBERT fine-tuned on (claim, post) pairs",0,0.06916
mckjmc,"CamemBERT fine-tuned on (claim, post) pairs",0,0.0325
mdj0lc,"CamemBERT fine-tuned on (claim, post) pairs",0,0.03643
meh6b8,"CamemBERT fine-tuned on (claim, post) pairs",0,0.04664
meujox,"CamemBERT fine-tuned on (claim, post) pairs",0,0.04062
mfkofn,"CamemBERT fine-tuned on (claim, post) pairs",0,0.03287
mh20h1,"CamemBERT fine-tuned on (claim, post) pairs",0,0.06866
mhhicw,"CamemBERT fine-tuned on (claim, post) pairs",0,0.04561
mhrbt0,"CamemBERT fine-tuned on (claim, post) pairs",0,0.05987
mjgb76,"CamemBERT fine-tuned on (claim, post) pairs",0,0.03701
mk65eu,"CamemBERT fine-tuned on (claim, post) pairs",0,0.04863
mkefb8,"CamemBERT fine-tuned on (claim, post) pairs",0,0.03059
ml6tfy,"CamemBERT fine-tuned on (claim, post) pairs",0,0.04756
ml8s52,"CamemBERT fine-tuned on (claim, post) pairs",0,0.13535
mlwbui,"CamemBERT fine-tuned on (claim, post) pairs",0,0.03108
mlyr54,"CamemBERT fine-tuned on (claim, post) pairs",0,0.68019
mnfunz,"CamemBERT fine-tuned on (claim, post) pairs",0,0.08764
mo3jua,"CamemBERT fine-tuned on (claim, post) pairs",0,0.90805
mpauaf,"CamemBERT fine-tuned on (claim, post) pairs",0,0.0334
mpxraz,"CamemBERT fine-tuned on (claim, post) pairs",0,0.40554
mqbsvc,"CamemBERT fine-tuned on (claim, post) pairs",0,0.03171
mqm14i,"CamemBERT fine-tuned on (claim, post) pairs",0,0.03375
mrqhab,"CamemBERT fine-tuned on (claim, post) pairs",0,0.06377
mss81s,"CamemBERT fine-tuned on (claim, post) pairs",0,0.03222
mtfpga,"CamemBERT fine-tuned on (claim, post) pairs",0,0.33394
mun21m,"CamemBERT fine-tuned on (claim, post) pairs",0,0.02895
munkj0,"CamemBERT fine-tuned on (claim, post) pairs",0,0.1499
mwtpq2,"CamemBERT fine-tuned on (claim, post) pairs",0,0.0283
mwv5qu,"CamemBERT fine-tuned on (claim, post) pairs",0,0.10061
myfex3,"CamemBERT fine-tuned on (claim, post) pairs",0,0.03619
myq7qn,"CamemBERT fine-tuned on (claim, post) pairs",0,0.02817
n0dmbg,"CamemBERT fine-tuned on (claim, post) pairs",0,0.20538
n14wzz,"CamemBERT fine-tuned on (claim, post) pairs",0,0.04774
n2ckjs,"CamemBERT fine-tuned on (claim, post) pairs",0,0.04065
n5jatz,"CamemBERT fine-tuned on (claim, post) pairs",0,0.02948
n6i122,"CamemBERT fine-tuned on (claim, post) pairs",0,0.03259
n79v3,"CamemBERT fine-tuned on (claim, post) pairs",0,0.05108
n90ru9,"CamemBERT fine-tuned on (claim, post) pairs",0,0.03619
nbgk37,"CamemBERT fine-tuned on (claim, post) pairs",0,0.88018
ndy44b,"CamemBERT fine-tuned on (claim, post) pairs",0,0.05686
nelkdp,"CamemBERT fine-tuned on (claim, post) pairs",0,0.19125
nh21mm,"CamemBERT fine-tuned on (claim, post) pairs",0,0.73139
nh2xbd,"CamemBERT fine-tuned on (claim, post) pairs",0,0.10457
nhmo1w,"CamemBERT fine-tuned on (claim, post) pairs",0,0.02976
nhp74a,"CamemBERT fine-tuned on (claim, post) pairs",0,0.03047
nid4xk,"CamemBERT fine-tuned on (claim, post) pairs",0,0.03042
njswvw,"CamemBERT fine-tuned on (claim, post) pairs",0,0.0305
nmud4m,"CamemBERT fine-tuned on (claim, post) pairs",0,0.03968
np2d26,"CamemBERT fine-tuned on (claim, post) pairs",0,0.0962
nqefuh,"CamemBERT fine-tuned on (claim, post) pairs",0,0.03108
nqk4aw,"CamemBERT fine-tuned on (claim, post) pairs",0,0.81033
nquxge,"CamemBERT fine-tuned on (claim, post) pairs",0,0.06841
nra3e8,"CamemBERT fine-tuned on (claim, post) pairs",0,0.09679
nryb61,"CamemBERT fine-tuned on (claim, post) pairs",0,0.03353
nu4qwm,"CamemBERT fine-tuned on (claim, post) pairs",0,0.04573
nuepgt,"CamemBERT fine-tuned on (claim, post) pairs",0,0.0824
nulmqc,"CamemBERT fine-tuned on (claim, post) pairs",0,0.0305
nv4089,"CamemBERT fine-tuned on (claim, post) pairs",0,0.06531
nv9hr6,"CamemBERT fine-tuned on (claim, post) pairs",0,0.06531
nvbh3w,"CamemBERT fine-tuned on (claim, post) pairs",0,0.03356
nxvq3a,"CamemBERT fine-tuned on (claim, post) pairs",0,0.03378
nyq4wo,"CamemBERT fine-tuned on (claim, post) pairs",0,0.07829
nys24t,"CamemBERT fine-tuned on (claim, post) pairs",0,0.04201
nyvi2e,"CamemBERT fine-tuned on (claim, post) pairs",0,0.08795
nyxyka,"CamemBERT fine-tuned on (claim, post) pairs",0,0.03253
o18i8w,"CamemBERT fine-tuned on (claim, post) pairs",0,0.03111
o3c60p,"CamemBERT fine-tuned on (claim, post) pairs",0,0.49874
o4diru,"CamemBERT fine-tuned on (claim, post) pairs",0,0.05052
o6lnfo,"CamemBERT fine-tuned on (claim, post) pairs",0,0.84582
o7toq9,"CamemBERT fine-tuned on (claim, post) pairs",0,0.05634
o9yu8w,"CamemBERT fine-tuned on (claim, post) pairs",0,0.07056
objeos,"CamemBERT fine-tuned on (claim, post) pairs",0,0.4923
obpuh8,"CamemBERT fine-tuned on (claim, post) pairs",0,0.85603
obsrfj,"CamemBERT fine-tuned on (claim, post) pairs",0,0.87218
oc48n5,"CamemBERT fine-tuned on (claim, post) pairs",0,0.0301
oc89ax,"CamemBERT fine-tuned on (claim, post) pairs",0,0.08749
oe1lri,"CamemBERT fine-tuned on (claim, post) pairs",0,0.18654
offbxc,"CamemBERT fine-tuned on (claim, post) pairs",0,0.52657
ohim6f,"CamemBERT fine-tuned on (claim, post) pairs",0,0.04918
ohz00h,"CamemBERT fine-tuned on (claim, post) pairs",0,0.84941
oit39s,"CamemBERT fine-tuned on (claim, post) pairs",0,0.02787
ojb4cb,"CamemBERT fine-tuned on (claim, post) pairs",0,0.04221
ojmy4l,"CamemBERT fine-tuned on (claim, post) pairs",0,0.85373
ok75sy,"CamemBERT fine-tuned on (claim, post) pairs",0,0.85657
oknoru,"CamemBERT fine-tuned on (claim, post) pairs",0,0.24454
okqta8,"CamemBERT fine-tuned on (claim, post) pairs",0,0.85373
old392,"CamemBERT fine-tuned on (claim, post) pairs",0,0.09001
olukpq,"CamemBERT fine-tuned on (claim, post) pairs",0,0.04252
onwka1,"CamemBERT fine-tuned on (claim, post) pairs",0,0.03053
ooa0ki,"CamemBERT fine-tuned on (claim, post) pairs",0,0.03256
oomes0,"CamemBERT fine-tuned on (claim, post) pairs",0,0.09401
oon4a8,"CamemBERT fine-tuned on (claim, post) pairs",0,0.03079
op3cu9,"CamemBERT fine-tuned on (claim, post) pairs",0,0.5294
oq3df1,"CamemBERT fine-tuned on (claim, post) pairs",0,0.03228
orj107,"CamemBERT fine-tuned on (claim, post) pairs",0,0.03198
ot4rej,"CamemBERT fine-tuned on (claim, post) pairs",0,0.03524
oug55y,"CamemBERT fine-tuned on (claim, post) pairs",0,0.73221
ovsuej,"CamemBERT fine-tuned on (claim, post) pairs",0,0.04456
owq7xx,"CamemBERT fine-tuned on (claim, post) pairs",0,0.0428
owxain,"CamemBERT fine-tuned on (claim, post) pairs",0,0.03349
oxyd6v,"CamemBERT fine-tuned on (claim, post) pairs",0,0.02904
p0vx4n,"CamemBERT fine-tuned on (claim, post) pairs",0,0.0303
p19ls2,"CamemBERT fine-tuned on (claim, post) pairs",0,0.83808
p1l865,"CamemBERT fine-tuned on (claim, post) pairs",0,0.58836
p1q2yw,"CamemBERT fine-tuned on (claim, post) pairs",0,0.0584
p370dc,"CamemBERT fine-tuned on (claim, post) pairs",0,0.19621
p3kigu,"CamemBERT fine-tuned on (claim, post) pairs",0,0.4203
p3nfil,"CamemBERT fine-tuned on (claim, post) pairs",0,0.20347
p51lhn,"CamemBERT fine-tuned on (claim, post) pairs",0,0.06131
p6eek4,"CamemBERT fine-tuned on (claim, post) pairs",0,0.04357
p7iocm,"CamemBERT fine-tuned on (claim, post) pairs",0,0.60935
p7m4ro,"CamemBERT fine-tuned on (claim, post) pairs",0,0.04651
p96cry,"CamemBERT fine-tuned on (claim, post) pairs",0,0.07244
p9uw35,"CamemBERT fine-tuned on (claim, post) pairs",0,0.0544
pa139w,"CamemBERT fine-tuned on (claim, post) pairs",0,0.03082
pb8yww,"CamemBERT fine-tuned on (claim, post) pairs",0,0.70289
pbj8bp,"CamemBERT fine-tuned on (claim, post) pairs",0,0.26246
pc3h4n,"CamemBERT fine-tuned on (claim, post) pairs",0,0.04069
peeucn,"CamemBERT fine-tuned on (claim, post) pairs",0,0.03076
pekj2t,"CamemBERT fine-tuned on (claim, post) pairs",0,0.03365
pezlht,"CamemBERT fine-tuned on (claim, post) pairs",0,0.13672
pf1pew,"CamemBERT fine-tuned on (claim, post) pairs",0,0.05228
pfxx55,"CamemBERT fine-tuned on (claim, post) pairs",0,0.16824
phrd2s,"CamemBERT fine-tuned on (claim, post) pairs",0,0.03262
phv7m2,"CamemBERT fine-tuned on (claim, post) pairs",0,0.40113
pid6cq,"CamemBERT fine-tuned on (claim, post) pairs",0,0.05326
piezlr,"CamemBERT fine-tuned on (claim, post) pairs",0,0.03174
piugjq,"CamemBERT fine-tuned on (claim, post) pairs",0,0.03065
pjmyno,"CamemBERT fine-tuned on (claim, post) pairs",0,0.86966
pk6bln,"CamemBERT fine-tuned on (claim, post) pairs",0,0.05718
pkts2h,"CamemBERT fine-tuned on (claim, post) pairs",0,0.03715
plkpyx,"CamemBERT fine-tuned on (claim, post) pairs",0,0.69155
pnawuz,"CamemBERT fine-tuned on (claim, post) pairs",0,0.89396
pov23z,"CamemBERT fine-tuned on (claim, post) pairs",0,0.05272
pqsmie,"CamemBERT fine-tuned on (claim, post) pairs",0,0.04548
prtvou,"CamemBERT fine-tuned on (claim, post) pairs",0,0.03274
pt7fzz,"CamemBERT fine-tuned on (claim, post) pairs",0,0.04135
ptqhaw,"CamemBERT fine-tuned on (claim, post) pairs",0,0.03949
pttfys,"CamemBERT fine-tuned on (claim, post) pairs",0,0.05033
pu3wbk,"CamemBERT fine-tuned on (claim, post) pairs",0,0.03761
pu5seb,"CamemBERT fine-tuned on (claim, post) pairs",0,0.8596
puk6sq,"CamemBERT fine-tuned on (claim, post) pairs",0,0.73834
pvl8c7,"CamemBERT fine-tuned on (claim, post) pairs",0,0.03388
pyiy57,"CamemBERT fine-tuned on (claim, post) pairs",0,0.80662
q12fz2,"CamemBERT fine-tuned on (claim, post) pairs",0,0.80054
q1p1n6,"CamemBERT fine-tuned on (claim, post) pairs",0,0.03343
q1z1tr,"CamemBERT fine-tuned on (claim, post) pairs",0,0.02827
q4ppb6,"CamemBERT fine-tuned on (claim, post) pairs",0,0.08961
q5qhh3,"CamemBERT fine-tuned on (claim, post) pairs",0,0.0312
q5sw9e,"CamemBERT fine-tuned on (claim, post) pairs",0,0.02873
q5ysp8,"CamemBERT fine-tuned on (claim, post) pairs",0,0.03094
q6gnqh,"CamemBERT fine-tuned on (claim, post) pairs",0,0.05405
qc2lzn,"CamemBERT fine-tuned on (claim, post) pairs",0,0.14247
qcolhb,"CamemBERT fine-tuned on (claim, post) pairs",0,0.03356
qdjokh,"CamemBERT fine-tuned on (claim, post) pairs",0,0.03505
qffqm2,"CamemBERT fine-tuned on (claim, post) pairs",0,0.06651
qg7f5j,"CamemBERT fine-tuned on (claim, post) pairs",0,0.84006
qj2ez7,"CamemBERT fine-tuned on (claim, post) pairs",0,0.03256
qjlr54,"CamemBERT fine-tuned on (claim, post) pairs",0,0.51109
qkc9ob,"CamemBERT fine-tuned on (claim, post) pairs",0,0.03368
qlponw,"CamemBERT fine-tuned on (claim, post) pairs",0,0.03649
qm3zs5,"CamemBERT fine-tuned on (claim, post) pairs",0,0.03271
qmj0et,"CamemBERT fine-tuned on (claim, post) pairs",0,0.03192
qmpcrf,"CamemBERT fine-tuned on (claim, post) pairs",0,0.75735
qn5bzy,"CamemBERT fine-tuned on (claim, post) pairs",0,0.87488
qo5r1s,"CamemBERT fine-tuned on (claim, post) pairs",0,0.12716
qol0qg,"CamemBERT fine-tuned on (claim, post) pairs",0,0.03001
qpcpda,"CamemBERT fine-tuned on (claim, post) pairs",0,0.5674
qqnm18,"CamemBERT fine-tuned on (claim, post) pairs",0,0.03337
qqou2m,"CamemBERT fine-tuned on (claim, post) pairs",0,0.06773
qqzv8s,"CamemBERT fine-tuned on (claim, post) pairs",0,0.03192
qr5jpf,"CamemBERT fine-tuned on (claim, post) pairs",0,0.0312
qrg5l7,"CamemBERT fine-tuned on (claim, post) pairs",0,0.05132
qtqqh5,"CamemBERT fine-tuned on (claim, post) pairs",0,0.03106
qulnig,"CamemBERT fine-tuned on (claim, post) pairs",0,0.07579
qve6b0,"CamemBERT fine-tuned on (claim, post) pairs",0,0.05894
qvl6qi,"CamemBERT fine-tuned on (claim, post) pairs",0,0.08
qy9h6x,"CamemBERT fine-tuned on (claim, post) pairs",0,0.03062
qzmhg7,"CamemBERT fine-tuned on (claim, post) pairs",0,0.05052
r0bzft,"CamemBERT fine-tuned on (claim, post) pairs",0,0.8462
r0kqab,"CamemBERT fine-tuned on (claim, post) pairs",0,0.04162
r1sqhl,"CamemBERT fine-tuned on (claim, post) pairs",0,0.75419
r1vvup,"CamemBERT fine-tuned on (claim, post) pairs",0,0.81874
r1yxhd,"CamemBERT fine-tuned on (claim, post) pairs",0,0.08021
r2ie0y,"CamemBERT fine-tuned on (claim, post) pairs",0,0.11057
r3ibr2,"CamemBERT fine-tuned on (claim, post) pairs",0,0.11437
r7flie,"CamemBERT fine-tuned on (claim, post) pairs",0,0.02976
r7ia29,"CamemBERT fine-tuned on (claim, post) pairs",0,0.02937
r7knn3,"CamemBERT fine-tuned on (claim, post) pairs",0,0.03554
raut39,"CamemBERT fine-tuned on (claim, post) pairs",0,0.03268
rcetl2,"CamemBERT fine-tuned on (claim, post) pairs",0,0.16947
rdtec3,"CamemBERT fine-tuned on (claim, post) pairs",0,0.09261
rek0w8,"CamemBERT fine-tuned on (claim, post) pairs",0,0.03053
ri6vc6,"CamemBERT fine-tuned on (claim, post) pairs",0,0.23572
riqfj6,"CamemBERT fine-tuned on (claim, post) pairs",0,0.0737
rir6v3,"CamemBERT fine-tuned on (claim, post) pairs",0,0.85324
rmxsrq,"CamemBERT fine-tuned on (claim, post) pairs",0,0.03508
rmyfyx,"CamemBERT fine-tuned on (claim, post) pairs",0,0.0318
rp43h1,"CamemBERT fine-tuned on (claim, post) pairs",0,0.12226
rpj0v2,"CamemBERT fine-tuned on (claim, post) pairs",0,0.4071
rr8ahf,"CamemBERT fine-tuned on (claim, post) pairs",0,0.90918
rri8xa,"CamemBERT fine-tuned on (claim, post) pairs",0,0.09782
rt15y0,"CamemBERT fine-tuned on (claim, post) pairs",0,0.02898
rtqq9p,"CamemBERT fine-tuned on (claim, post) pairs",0,0.03004
rtuung,"CamemBERT fine-tuned on (claim, post) pairs",0,0.03076
rus5sh,"CamemBERT fine-tuned on (claim, post) pairs",0,0.05552
ruxsws,"CamemBERT fine-tuned on (claim, post) pairs",0,0.03091
rvq046,"CamemBERT fine-tuned on (claim, post) pairs",0,0.03359
rvtgmr,"CamemBERT fine-tuned on (claim, post) pairs",0,0.03554
rwjt89,"CamemBERT fine-tuned on (claim, post) pairs",0,0.03868
rwmqxx,"CamemBERT fine-tuned on (claim, post) pairs",0,0.03485
rworgg,"CamemBERT fine-tuned on (claim, post) pairs",0,0.44825
rxlufc,"CamemBERT fine-tuned on (claim, post) pairs",0,0.10466
ry2y0q,"CamemBERT fine-tuned on (claim, post) pairs",0,0.10558
ry3nne,"CamemBERT fine-tuned on (claim, post) pairs",0,0.03088
rzrsx7,"CamemBERT fine-tuned on (claim, post) pairs",0,0.03079
s0ep2s,"CamemBERT fine-tuned on (claim, post) pairs",0,0.0366
s0lfxs,"CamemBERT fine-tuned on (claim, post) pairs",0,0.22893
s19u4b,"CamemBERT fine-tuned on (claim, post) pairs",0,0.0315
s25tsv,"CamemBERT fine-tuned on (claim, post) pairs",0,0.03321
s2zl4w,"CamemBERT fine-tuned on (claim, post) pairs",0,0.33628
s3vm5c,"CamemBERT fine-tuned on (claim, post) pairs",0,0.5497
s427nc,"CamemBERT fine-tuned on (claim, post) pairs",0,0.03117
s4k0lg,"CamemBERT fine-tuned on (claim, post) pairs",0,0.0813
s5dzze,"CamemBERT fine-tuned on (claim, post) pairs",0,0.03117
s5yy4a,"CamemBERT fine-tuned on (claim, post) pairs",0,0.03953
s6v32r,"CamemBERT fine-tuned on (claim, post) pairs",0,0.06555
s6viqn,"CamemBERT fine-tuned on (claim, post) pairs",0,0.11221
s6y1k2,"CamemBERT fine-tuned on (claim, post) pairs",0,0.03814
s71noq,"CamemBERT fine-tuned on (claim, post) pairs",0,0.04725
s8gkdj,"CamemBERT fine-tuned on (claim, post) pairs",0,0.03736
s8kcsj,"CamemBERT fine-tuned on (claim, post) pairs",0,0.02893
s8kxgt,"CamemBERT fine-tuned on (claim, post) pairs",0,0.03231
s8nkyw,"CamemBERT fine-tuned on (claim, post) pairs",0,0.03189
say4xj,"CamemBERT fine-tuned on (claim, post) pairs",0,0.03174
sbmf6b,"CamemBERT fine-tuned on (claim, post) pairs",0,0.51653
sd73xx,"CamemBERT fine-tuned on (claim, post) pairs",0,0.05185
sdx1zh,"CamemBERT fine-tuned on (claim, post) pairs",0,0.03983
se849k,"CamemBERT fine-tuned on (claim, post) pairs",0,0.36224
seor6s,"CamemBERT fine-tuned on (claim, post) pairs",0,0.5207
sg3lfk,"CamemBERT fine-tuned on (claim, post) pairs",0,0.03189
sgvtsu,"CamemBERT fine-tuned on (claim, post) pairs",0,0.76234
si6c5r,"CamemBERT fine-tuned on (claim, post) pairs",0,0.03429
sii340,"CamemBERT fine-tuned on (claim, post) pairs",0,0.09485
sit78i,"CamemBERT fine-tuned on (claim, post) pairs",0,0.05765
siuakv,"CamemBERT fine-tuned on (claim, post) pairs",0,0.05567
sjxrk3,"CamemBERT fine-tuned on (claim, post) pairs",0,0.03271
smkm1j,"CamemBERT fine-tuned on (claim, post) pairs",0,0.03501
smzl0y,"CamemBERT fine-tuned on (claim, post) pairs",0,0.03945
sqnak8,"CamemBERT fine-tuned on (claim, post) pairs",0,0.07277
sqrcuv,"CamemBERT fine-tuned on (claim, post) pairs",0,0.05932
sqrsf0,"CamemBERT fine-tuned on (claim, post) pairs",0,0.03394
stsis1,"CamemBERT fine-tuned on (claim, post) pairs",0,0.06854
stu70x,"CamemBERT fine-tuned on (claim, post) pairs",0,0.38136
svfoic,"CamemBERT fine-tuned on (claim, post) pairs",0,0.04058
swaij2,"CamemBERT fine-tuned on (claim, post) pairs",0,0.07356
sxnj3u,"CamemBERT fine-tuned on (claim, post) pairs",0,0.08985
sxqmas,"CamemBERT fine-tuned on (claim, post) pairs",0,0.03331
t0zqxo,"CamemBERT fine-tuned on (claim, post) pairs",0,0.03588
t1991p,"CamemBERT fine-tuned on (claim, post) pairs",0,0.03327
t2m2sp,"CamemBERT fine-tuned on (claim, post) pairs",0,0.64383
t3cbqx,"CamemBERT fine-tuned on (claim, post) pairs",0,0.02846
t3f6jf,"CamemBERT fine-tuned on (claim, post) pairs",0,0.03141
t5jolk,"CamemBERT fine-tuned on (claim, post) pairs",0,0.04264
t8k9bm,"CamemBERT fine-tuned on (claim, post) pairs",0,0.15922
t8m8br,"CamemBERT fine-tuned on (claim, post) pairs",0,0.02846
t9h37p,"CamemBERT fine-tuned on (claim, post) pairs",0,0.04518
t9rxro,"CamemBERT fine-tuned on (claim, post) pairs",0,0.03455
ta9hzg,"CamemBERT fine-tuned on (claim, post) pairs",0,0.03346
tcd4ea,"CamemBERT fine-tuned on (claim, post) pairs",0,0.02917
tcdy59,"CamemBERT fine-tuned on (claim, post) pairs",0,0.04805
tdti6b,"CamemBERT fine-tuned on (claim, post) pairs",0,0.06267
tex3t2,"CamemBERT fine-tuned on (claim, post) pairs",0,0.03404
tfex6r,"CamemBERT fine-tuned on (claim, post) pairs",0,0.03207
tff4oo,"CamemBERT fine-tuned on (claim, post) pairs",0,0.03934
tga5wh,"CamemBERT fine-tuned on (claim, post) pairs",0,0.03491
tgx9do,"CamemBERT fine-tuned on (claim, post) pairs",0,0.0329
thqmny,"CamemBERT fine-tuned on (claim, post) pairs",0,0.03365
tj5mon,"CamemBERT fine-tuned on (claim, post) pairs",0,0.03219
tj64pr,"CamemBERT fine-tuned on (claim, post) pairs",0,0.68674
tj9grk,"CamemBERT fine-tuned on (claim, post) pairs",0,0.03165
tjd9sg,"CamemBERT fine-tuned on (claim, post) pairs",0,0.84841
tkah7f,"CamemBERT fine-tuned on (claim, post) pairs",0,0.03062
tko0oa,"CamemBERT fine-tuned on (claim, post) pairs",0,0.03378
tne29w,"CamemBERT fine-tuned on (claim, post) pairs",0,0.03433
tngso3,"CamemBERT fine-tuned on (claim, post) pairs",0,0.03346
tpp04o,"CamemBERT fine-tuned on (claim, post) pairs",0,0.03147
tq9ql5,"CamemBERT fine-tuned on (claim, post) pairs",0,0.07843
tq9whl,"CamemBERT fine-tuned on (claim, post) pairs",0,0.034
tqs9hv,"CamemBERT fine-tuned on (claim, post) pairs",0,0.0334
tqzpga,"CamemBERT fine-tuned on (claim, post) pairs",0,0.03114
trz6tx,"CamemBERT fine-tuned on (claim, post) pairs",0,0.03368
tsszug,"CamemBERT fine-tuned on (claim, post) pairs",0,0.03359
ttajh4,"CamemBERT fine-tuned on (claim, post) pairs",0,0.11338
tu5kvn,"CamemBERT fine-tuned on (claim, post) pairs",0,0.03331
tuigm2,"CamemBERT fine-tuned on (claim, post) pairs",0,0.04756
tulwnl,"CamemBERT fine-tuned on (claim, post) pairs",0,0.65362
tuxfqm,"CamemBERT fine-tuned on (claim, post) pairs",0,0.04353
tv6jha,"CamemBERT fine-tuned on (claim, post) pairs",0,0.04209
tvv6l3,"CamemBERT fine-tuned on (claim, post) pairs",0,0.03365
tvvlsn,"CamemBERT fine-tuned on (claim, post) pairs",0,0.03132
twno29,"CamemBERT fine-tuned on (claim, post) pairs",0,0.034
twqbiv,"CamemBERT fine-tuned on (claim, post) pairs",0,0.03153
twtj3l,"CamemBERT fine-tuned on (claim, post) pairs",0,0.03359
twzazb,"CamemBERT fine-tuned on (claim, post) pairs",0,0.05916
twzdpb,"CamemBERT fine-tuned on (claim, post) pairs",0,0.04791
txev90,"CamemBERT fine-tuned on (claim, post) pairs",0,0.03281
txiefh,"CamemBERT fine-tuned on (claim, post) pairs",0,0.69082
txj2le,"CamemBERT fine-tuned on (claim, post) pairs",0,0.03449
txu6iw,"CamemBERT fine-tuned on (claim, post) pairs",0,0.0714
ty61qq,"CamemBERT fine-tuned on (claim, post) pairs",0,0.03356
tye0kt,"CamemBERT fine-tuned on (claim, post) pairs",0,0.04634
tyg26z,"CamemBERT fine-tuned on (claim, post) pairs",0,0.03691
tzjv11,"CamemBERT fine-tuned on (claim, post) pairs",0,0.04523
tzq230,"CamemBERT fine-tuned on (claim, post) pairs",0,0.03498
u0dwf0,"CamemBERT fine-tuned on (claim, post) pairs",0,0.76392
u1725f,"CamemBERT fine-tuned on (claim, post) pairs",0,0.03534
u175uu,"CamemBERT fine-tuned on (claim, post) pairs",0,0.03027
u1a0we,"CamemBERT fine-tuned on (claim, post) pairs",0,0.03949
u1stp9,"CamemBERT fine-tuned on (claim, post) pairs",0,0.03551
u1uv83,"CamemBERT fine-tuned on (claim, post) pairs",0,0.04485
u20isz,"CamemBERT fine-tuned on (claim, post) pairs",0,0.03106
u28xy6,"CamemBERT fine-tuned on (claim, post) pairs",0,0.03433
u2k2hi,"CamemBERT fine-tuned on (claim, post) pairs",0,0.03498
u2koj4,"CamemBERT fine-tuned on (claim, post) pairs",0,0.03839
u2sccm,"CamemBERT fine-tuned on (claim, post) pairs",0,0.03013
u2w1gt,"CamemBERT fine-tuned on (claim, post) pairs",0,0.05697
u2wov2,"CamemBERT fine-tuned on (claim, post) pairs",0,0.03971
u45mul,"CamemBERT fine-tuned on (claim, post) pairs",0,0.03346
u4xjdq,"CamemBERT fine-tuned on (claim, post) pairs",0,0.03368
u5imm7,"CamemBERT fine-tuned on (claim, post) pairs",0,0.03854
u5iqno,"CamemBERT fine-tuned on (claim, post) pairs",0,0.28284
u6wyq8,"CamemBERT fine-tuned on (claim, post) pairs",0,0.04185
u6zb89,"CamemBERT fine-tuned on (claim, post) pairs",0,0.05272
u7tu70,"CamemBERT fine-tuned on (claim, post) pairs",0,0.03296
u7uhz2,"CamemBERT fine-tuned on (claim, post) pairs",0,0.03234
u80a3u,"CamemBERT fine-tuned on (claim, post) pairs",0,0.03228
u8o54e,"CamemBERT fine-tuned on (claim, post) pairs",0,0.03088
u9in0y,"CamemBERT fine-tuned on (claim, post) pairs",0,0.04077
ubia9r,"CamemBERT fine-tuned on (claim, post) pairs",0,0.03001
ujkb6o,"CamemBERT fine-tuned on (claim, post) pairs",0,0.03056
ullr4v,"CamemBERT fine-tuned on (claim, post) pairs",0,0.04595
ulo9ot,"CamemBERT fine-tuned on (claim, post) pairs",0,0.02857
ulp0es,"CamemBERT fine-tuned on (claim, post) pairs",0,0.02882
umehos,"CamemBERT fine-tuned on (claim, post) pairs",0,0.03059
uorpth,"CamemBERT fine-tuned on (claim, post) pairs",0,0.02901
urftnb,"CamemBERT fine-tuned on (claim, post) pairs",0,0.85072
urgn2d,"CamemBERT fine-tuned on (claim, post) pairs",0,0.03691
us26sy,"CamemBERT fine-tuned on (claim, post) pairs",0,0.03302
usyrk1,"CamemBERT fine-tuned on (claim, post) pairs",0,0.03331
ut1w2k,"CamemBERT fine-tuned on (claim, post) pairs",0,0.03514
uv7rco,"CamemBERT fine-tuned on (claim, post) pairs",0,0.05506
uvvzyu,"CamemBERT fine-tuned on (claim, post) pairs",0,0.03378
uw0gg6,"CamemBERT fine-tuned on (claim, post) pairs",0,0.43287
uwln53,"CamemBERT fine-tuned on (claim, post) pairs",0,0.59346
uxeake,"CamemBERT fine-tuned on (claim, post) pairs",0,0.03413
v0j1qf,"CamemBERT fine-tuned on (claim, post) pairs",0,0.04451
v2bfj2,"CamemBERT fine-tuned on (claim, post) pairs",0,0.03708
v3412y,"CamemBERT fine-tuned on (claim, post) pairs",0,0.0299
v3bd7k,"CamemBERT fine-tuned on (claim, post) pairs",0,0.03528
v3zw9e,"CamemBERT fine-tuned on (claim, post) pairs",0,0.03144
v5a8iu,"CamemBERT fine-tuned on (claim, post) pairs",0,0.84189
v5j9ny,"CamemBERT fine-tuned on (claim, post) pairs",0,0.07648
v66cxj,"CamemBERT fine-tuned on (claim, post) pairs",0,0.05813
v6qwzm,"CamemBERT fine-tuned on (claim, post) pairs",0,0.06736
v7iaoe,"CamemBERT fine-tuned on (claim, post) pairs",0,0.03195
v7j4nq,"CamemBERT fine-tuned on (claim, post) pairs",0,0.0643
v7ul64,"CamemBERT fine-tuned on (claim, post) pairs",0,0.06325
v8gd7u,"CamemBERT fine-tuned on (claim, post) pairs",0,0.0367
v8jpq9,"CamemBERT fine-tuned on (claim, post) pairs",0,0.17982
v95jzy,"CamemBERT fine-tuned on (claim, post) pairs",0,0.08233
vaj364,"CamemBERT fine-tuned on (claim, post) pairs",0,0.02798
valify,"CamemBERT fine-tuned on (claim, post) pairs",0,0.03021
vctood,"CamemBERT fine-tuned on (claim, post) pairs",0,0.03141
vd2qqh,"CamemBERT fine-tuned on (claim, post) pairs",0,0.06706
vdm3or,"CamemBERT fine-tuned on (claim, post) pairs",0,0.03331
vec520,"CamemBERT fine-tuned on (claim, post) pairs",0,0.23476
veq5sm,"CamemBERT fine-tuned on (claim, post) pairs",0,0.03183
vg3z1x,"CamemBERT fine-tuned on (claim, post) pairs",0,0.03478
vgk4kj,"CamemBERT fine-tuned on (claim, post) pairs",0,0.03062
vhn3ne,"CamemBERT fine-tuned on (claim, post) pairs",0,0.03247
vi8zcb,"CamemBERT fine-tuned on (claim, post) pairs",0,0.03321
vo65bw,"CamemBERT fine-tuned on (claim, post) pairs",0,0.0424
vqndkq,"CamemBERT fine-tuned on (claim, post) pairs",0,0.83319
vs0jf2,"CamemBERT fine-tuned on (claim, post) pairs",0,0.03192
vskks,"CamemBERT fine-tuned on (claim, post) pairs",0,0.06222
vu7hw1,"CamemBERT fine-tuned on (claim, post) pairs",0,0.08625
vy62fx,"CamemBERT fine-tuned on (claim, post) pairs",0,0.46251
vyq0jh,"CamemBERT fine-tuned on (claim, post) pairs",0,0.83461
vyr2ez,"CamemBERT fine-tuned on (claim, post) pairs",0,0.03321
vyrf29,"CamemBERT fine-tuned on (claim, post) pairs",0,0.03353
w1fc4i,"CamemBERT fine-tuned on (claim, post) pairs",0,0.03754
w28bbb,"CamemBERT fine-tuned on (claim, post) pairs",0,0.04189
w4l7b3,"CamemBERT fine-tuned on (claim, post) pairs",0,0.04337
w524xy,"CamemBERT fine-tuned on (claim, post) pairs",0,0.03404
w64hnf,"CamemBERT fine-tuned on (claim, post) pairs",0,0.11987
w8et95,"CamemBERT fine-tuned on (claim, post) pairs",0,0.07159
w8go16,"CamemBERT fine-tuned on (claim, post) pairs",0,0.62447
w9esue,"CamemBERT fine-tuned on (claim, post) pairs",0,0.03923
wanv20,"CamemBERT fine-tuned on (claim, post) pairs",0,0.04642
wb29ee,"CamemBERT fine-tuned on (claim, post) pairs",0,0.03548
wb2z5l,"CamemBERT fine-tuned on (claim, post) pairs",0,0.02909
wddtzu,"CamemBERT fine-tuned on (claim, post) pairs",0,0.03162
we62zs,"CamemBERT fine-tuned on (claim, post) pairs",0,0.3059
we8icr,"CamemBERT fine-tuned on (claim, post) pairs",0,0.03168
wek1a5,"CamemBERT fine-tuned on (claim, post) pairs",0,0.03729
wf2346,"CamemBERT fine-tuned on (claim, post) pairs",0,0.03324
wg2uk5,"CamemBERT fine-tuned on (claim, post) pairs",0,0.02822
whjlsz,"CamemBERT fine-tuned on (claim, post) pairs",0,0.03359
whlcrv,"CamemBERT fine-tuned on (claim, post) pairs",0,0.11828
whnjn2,"CamemBERT fine-tuned on (claim, post) pairs",0,0.05286
whv4p3,"CamemBERT fine-tuned on (claim, post) pairs",0,0.0368
wjwke8,"CamemBERT fine-tuned on (claim, post) pairs",0,0.02898
wkx90y,"CamemBERT fine-tuned on (claim, post) pairs",0,0.03117
wmkpt6,"CamemBERT fine-tuned on (claim, post) pairs",0,0.03362
wmq4gv,"CamemBERT fine-tuned on (claim, post) pairs",0,0.07766
wnfaz5,"CamemBERT fine-tuned on (claim, post) pairs",0,0.04333
wnyvp2,"CamemBERT fine-tuned on (claim, post) pairs",0,0.05867
wo5be0,"CamemBERT fine-tuned on (claim, post) pairs",0,0.03442
woeakw,"CamemBERT fine-tuned on (claim, post) pairs",0,0.03062
woxjy6,"CamemBERT fine-tuned on (claim, post) pairs",0,0.04595
wp50za,"CamemBERT fine-tuned on (claim, post) pairs",0,0.32552
wpoc3s,"CamemBERT fine-tuned on (claim, post) pairs",0,0.08322
wqnif4,"CamemBERT fine-tuned on (claim, post) pairs",0,0.03213
ws6jxa,"CamemBERT fine-tuned on (claim, post) pairs",0,0.03036
wtcent,"CamemBERT fine-tuned on (claim, post) pairs",0,0.03394
wvyxjh,"CamemBERT fine-tuned on (claim, post) pairs",0,0.04877
wwtpd0,"CamemBERT fine-tuned on (claim, post) pairs",0,0.03106
wxhwdi,"CamemBERT fine-tuned on (claim, post) pairs",0,0.0318
wxj8ki,"CamemBERT fine-tuned on (claim, post) pairs",0,0.03598
wxqe1u,"CamemBERT fine-tuned on (claim, post) pairs",0,0.03375
wy04r2,"CamemBERT fine-tuned on (claim, post) pairs",0,0.03309
wy39bp,"CamemBERT fine-tuned on (claim, post) pairs",0,0.03736
wycyn8,"CamemBERT fine-tuned on (claim, post) pairs",0,0.07094
x1hl3b,"CamemBERT fine-tuned on (claim, post) pairs",0,0.12727
x1ng5s,"CamemBERT fine-tuned on (claim, post) pairs",0,0.0334
x1tmzz,"CamemBERT fine-tuned on (claim, post) pairs",0,0.05301
x1tuwu,"CamemBERT fine-tuned on (claim, post) pairs",0,0.06513
x40f2a,"CamemBERT fine-tuned on (claim, post) pairs",0,0.03673
x40j9m,"CamemBERT fine-tuned on (claim, post) pairs",0,0.11651
x4q66o,"CamemBERT fine-tuned on (claim, post) pairs",0,0.11526
x57627,"CamemBERT fine-tuned on (claim, post) pairs",0,0.03378
x5vcc8,"CamemBERT fine-tuned on (claim, post) pairs",0,0.034
x5x6ac,"CamemBERT fine-tuned on (claim, post) pairs",0,0.03147
x67dzf,"CamemBERT fine-tuned on (claim, post) pairs",0,0.0305
x6c8r8,"CamemBERT fine-tuned on (claim, post) pairs",0,0.32391
x93zqn,"CamemBERT fine-tuned on (claim, post) pairs",0,0.81538
xbgp47,"CamemBERT fine-tuned on (claim, post) pairs",0,0.06779
xdp6gr,"CamemBERT fine-tuned on (claim, post) pairs",0,0.03287
xex9ql,"CamemBERT fine-tuned on (claim, post) pairs",0,0.03854
xfpchd,"CamemBERT fine-tuned on (claim, post) pairs",0,0.16152
xg2sys,"CamemBERT fine-tuned on (claim, post) pairs",0,0.03847
xgtphy,"CamemBERT fine-tuned on (claim, post) pairs",0,0.04747
xgtu36,"CamemBERT fine-tuned on (claim, post) pairs",0,0.03349
xhmdpu,"CamemBERT fine-tuned on (claim, post) pairs",0,0.03729
xi1day,"CamemBERT fine-tuned on (claim, post) pairs",0,0.03426
xi3luv,"CamemBERT fine-tuned on (claim, post) pairs",0,0.04108
xjbhsq,"CamemBERT fine-tuned on (claim, post) pairs",0,0.03927
xk04ig,"CamemBERT fine-tuned on (claim, post) pairs",0,0.03103
xk7uo0,"CamemBERT fine-tuned on (claim, post) pairs",0,0.04608
xl6g1c,"CamemBERT fine-tuned on (claim, post) pairs",0,0.03312
xm7yyg,"CamemBERT fine-tuned on (claim, post) pairs",0,0.12858
xmd3mb,"CamemBERT fine-tuned on (claim, post) pairs",0,0.03485
xmh6ll,"CamemBERT fine-tuned on (claim, post) pairs",0,0.03391
xo476c,"CamemBERT fine-tuned on (claim, post) pairs",0,0.03423
xoh2kc,"CamemBERT fine-tuned on (claim, post) pairs",0,0.04012
xp3dns,"CamemBERT fine-tuned on (claim, post) pairs",0,0.03452
xpa8ir,"CamemBERT fine-tuned on (claim, post) pairs",0,0.02942
xpnn73,"CamemBERT fine-tuned on (claim, post) pairs",0,0.03174
xr31ed,"CamemBERT fine-tuned on (claim, post) pairs",0,0.84639
xr4cyd,"CamemBERT fine-tuned on (claim, post) pairs",0,0.86171
xs6spm,"CamemBERT fine-tuned on (claim, post) pairs",0,0.03605
xu9dy6,"CamemBERT fine-tuned on (claim, post) pairs",0,0.67731
xwsryq,"CamemBERT fine-tuned on (claim, post) pairs",0,0.50646
xx6ccb,"CamemBERT fine-tuned on (claim, post) pairs",0,0.05485
xx8h0w,"CamemBERT fine-tuned on (claim, post) pairs",0,0.33502
xymafi,"CamemBERT fine-tuned on (claim, post) pairs",0,0.26722
xzh765,"CamemBERT fine-tuned on (claim, post) pairs",0,0.03426
y09nwo,"CamemBERT fine-tuned on (claim, post) pairs",0,0.03207
y1b9q2,"CamemBERT fine-tuned on (claim, post) pairs",0,0.03391
y2unrx,"CamemBERT fine-tuned on (claim, post) pairs",0,0.82949
y2uqw1,"CamemBERT fine-tuned on (claim, post) pairs",0,0.03531
y322ea,"CamemBERT fine-tuned on (claim, post) pairs",0,0.07457
y3m3m6,"CamemBERT fine-tuned on (claim, post) pairs",0,0.03368
y3ojmz,"CamemBERT fine-tuned on (claim, post) pairs",0,0.79407
y3rzcj,"CamemBERT fine-tuned on (claim, post) pairs",0,0.0342
y57x33,"CamemBERT fine-tuned on (claim, post) pairs",0,0.02923
y6508z,"CamemBERT fine-tuned on (claim, post) pairs",0,0.03388
y67acv,"CamemBERT fine-tuned on (claim, post) pairs",0,0.07146
y70bh7,"CamemBERT fine-tuned on (claim, post) pairs",0,0.07518
y772l0,"CamemBERT fine-tuned on (claim, post) pairs",0,0.06448
y7flqf,"CamemBERT fine-tuned on (claim, post) pairs",0,0.04414
y7sgen,"CamemBERT fine-tuned on (claim, post) pairs",0,0.03271
y7vnpu,"CamemBERT fine-tuned on (claim, post) pairs",0,0.02982
y7ydqc,"CamemBERT fine-tuned on (claim, post) pairs",0,0.03079
y8v06b,"CamemBERT fine-tuned on (claim, post) pairs",0,0.03615
y9jfj9,"CamemBERT fine-tuned on (claim, post) pairs",0,0.19544
y9pbe0,"CamemBERT fine-tuned on (claim, post) pairs",0,0.03362
ya0oo0,"CamemBERT fine-tuned on (claim, post) pairs",0,0.03088
ya0vz3,"CamemBERT fine-tuned on (claim, post) pairs",0,0.38263
yayqyf,"CamemBERT fine-tuned on (claim, post) pairs",0,0.03162
ybi13h,"CamemBERT fine-tuned on (claim, post) pairs",0,0.14823
ybjgjo,"CamemBERT fine-tuned on (claim, post) pairs",0,0.03244
yc5ckl,"CamemBERT fine-tuned on (claim, post) pairs",0,0.03511
yc5qrl,"CamemBERT fine-tuned on (claim, post) pairs",0,0.16305
yc6o95,"CamemBERT fine-tuned on (claim, post) pairs",0,0.03259
yc7pdp,"CamemBERT fine-tuned on (claim, post) pairs",0,0.03024
yccbvb,"CamemBERT fine-tuned on (claim, post) pairs",0,0.03126
ycd4xu,"CamemBERT fine-tuned on (claim, post) pairs",0,0.04672
ycmn79,"CamemBERT fine-tuned on (claim, post) pairs",0,0.03044
ydad37,"CamemBERT fine-tuned on (claim, post) pairs",0,0.03265
yddfgd,"CamemBERT fine-tuned on (claim, post) pairs",0,0.03378
ydvxvo,"CamemBERT fine-tuned on (claim, post) pairs",0,0.0546
yew101,"CamemBERT fine-tuned on (claim, post) pairs",0,0.02833
yff571,"CamemBERT fine-tuned on (claim, post) pairs",0,0.04586
yghar1,"CamemBERT fine-tuned on (claim, post) pairs",0,0.03287
yh87tu,"CamemBERT fine-tuned on (claim, post) pairs",0,0.04001
yhelbe,"CamemBERT fine-tuned on (claim, post) pairs",0,0.02844
yhlu8o,"CamemBERT fine-tuned on (claim, post) pairs",0,0.74032
yibcjz,"CamemBERT fine-tuned on (claim, post) pairs",0,0.27067
yj84wo,"CamemBERT fine-tuned on (claim, post) pairs",0,0.034
yj9iqd,"CamemBERT fine-tuned on (claim, post) pairs",0,0.03615
yk7f0z,"CamemBERT fine-tuned on (claim, post) pairs",0,0.03757
ykmuv3,"CamemBERT fine-tuned on (claim, post) pairs",0,0.02912
ylcoz0,"CamemBERT fine-tuned on (claim, post) pairs",0,0.02814
ylgzxo,"CamemBERT fine-tuned on (claim, post) pairs",0,0.11427
ylt6sd,"CamemBERT fine-tuned on (claim, post) pairs",0,0.03372
ymehyd,"CamemBERT fine-tuned on (claim, post) pairs",0,0.26531
ympewy,"CamemBERT fine-tuned on (claim, post) pairs",0,0.03327
ynrjsu,"CamemBERT fine-tuned on (claim, post) pairs",0,0.02876
yojbib,"CamemBERT fine-tuned on (claim, post) pairs",0,0.03042
yok97w,"CamemBERT fine-tuned on (claim, post) pairs",0,0.03309
yomwdv,"CamemBERT fine-tuned on (claim, post) pairs",0,0.03478
ypkenn,"CamemBERT fine-tuned on (claim, post) pairs",0,0.04232
ypqdpt,"CamemBERT fine-tuned on (claim, post) pairs",0,0.04721
yptma9,"CamemBERT fine-tuned on (claim, post) pairs",0,0.03287
yqkrxy,"CamemBERT fine-tuned on (claim, post) pairs",0,0.05296
yrb5ve,"CamemBERT fine-tuned on (claim, post) pairs",0,0.03315
ys1f1z,"CamemBERT fine-tuned on (claim, post) pairs",0,0.0517
yt5wxs,"CamemBERT fine-tuned on (claim, post) pairs",0,0.05905
ytcjvl,"CamemBERT fine-tuned on (claim, post) pairs",0,0.03459
yty2zl,"CamemBERT fine-tuned on (claim, post) pairs",0,0.03343
yu7mq4,"CamemBERT fine-tuned on (claim, post) pairs",0,0.24373
yu8pj0,"CamemBERT fine-tuned on (claim, post) pairs",0,0.03114
yu8yu0,"CamemBERT fine-tuned on (claim, post) pairs",0,0.0279
yut4a3,"CamemBERT fine-tuned on (claim, post) pairs",0,0.0329
yvqklt,"CamemBERT fine-tuned on (claim, post) pairs",0,0.0278
yvw5nm,"CamemBERT fine-tuned on (claim, post) pairs",0,0.07024
ywpoaw,"CamemBERT fine-tuned on (claim, post) pairs",0,0.02782
yxmt72,"CamemBERT fine-tuned on (claim, post) pairs",0,0.03327
yyf3mh,"CamemBERT fine-tuned on (claim, post) pairs",0,0.03327
yyifu6,"CamemBERT fine-tuned on (claim, post) pairs",0,0.03768
yzhtwl,"CamemBERT fine-tuned on (claim, post) pairs",0,0.03056
yzi2oj,"CamemBERT fine-tuned on (claim, post) pairs",0,0.03004
yzy7g7,"CamemBERT fine-tuned on (claim, post) pairs",0,0.03302
z08fem,"CamemBERT fine-tuned on (claim, post) pairs",0,0.36466
z217fn,"CamemBERT fine-tuned on (claim, post) pairs",0,0.07198
z2t1dd,"CamemBERT fine-tuned on (claim, post) pairs",0,0.62869
z2wg3i,"CamemBERT fine-tuned on (claim, post) pairs",0,0.03274
z3n2bd,"CamemBERT fine-tuned on (claim, post) pairs",0,0.0279
z4hbb5,"CamemBERT fine-tuned on (claim, post) pairs",0,0.0325
z4hcoq,"CamemBERT fine-tuned on (claim, post) pairs",0,0.03183
z6t1gp,"CamemBERT fine-tuned on (claim, post) pairs",0,0.0367
z6tf3q,"CamemBERT fine-tuned on (claim, post) pairs",0,0.0312
z6wm48,"CamemBERT fine-tuned on (claim, post) pairs",0,0.03222
z6wyy8,"CamemBERT fine-tuned on (claim, post) pairs",0,0.03019
z6yxp0,"CamemBERT fine-tuned on (claim, post) pairs",0,0.0294
z7174d,"CamemBERT fine-tuned on (claim, post) pairs",0,0.03108
zac957,"CamemBERT fine-tuned on (claim, post) pairs",0,0.04031
zalgtq,"CamemBERT fine-tuned on (claim, post) pairs",0,0.12679
zaowq2,"CamemBERT fine-tuned on (claim, post) pairs",0,0.03147
zasifl,"CamemBERT fine-tuned on (claim, post) pairs",0,0.03262
zc3v10,"CamemBERT fine-tuned on (claim, post) pairs",0,0.0584
zcf7zw,"CamemBERT fine-tuned on (claim, post) pairs",0,0.03247
zcff9z,"CamemBERT fine-tuned on (claim, post) pairs",0,0.0334
zcmrow,"CamemBERT fine-tuned on (claim, post) pairs",0,0.02942
zcq6um,"CamemBERT fine-tuned on (claim, post) pairs",0,0.0714
zd64up,"CamemBERT fine-tuned on (claim, post) pairs",0,0.05959
zdui50,"CamemBERT fine-tuned on (claim, post) pairs",0,0.02844
ze12xr,"CamemBERT fine-tuned on (claim, post) pairs",0,0.08772
zeb5v6,"CamemBERT fine-tuned on (claim, post) pairs",0,0.05475
zefq0o,"CamemBERT fine-tuned on (claim, post) pairs",0,0.0534
zgt2g6,"CamemBERT fine-tuned on (claim, post) pairs",0,0.77038
zgt2jj,"CamemBERT fine-tuned on (claim, post) pairs",0,0.06233
zgzt0a,"CamemBERT fine-tuned on (claim, post) pairs",0,0.03033
zhtj3j,"CamemBERT fine-tuned on (claim, post) pairs",0,0.0341
zhx9ym,"CamemBERT fine-tuned on (claim, post) pairs",0,0.03407
zl3bjt,"CamemBERT fine-tuned on (claim, post) pairs",0,0.03327
zlgp2y,"CamemBERT fine-tuned on (claim, post) pairs",0,0.05744
zlnftq,"CamemBERT fine-tuned on (claim, post) pairs",0,0.03228
zmdnn0,"CamemBERT fine-tuned on (claim, post) pairs",0,0.0541
zmhqdd,"CamemBERT fine-tuned on (claim, post) pairs",0,0.41659
zmjuhx,"CamemBERT fine-tuned on (claim, post) pairs",0,0.06182
znaiu7,"CamemBERT fine-tuned on (claim, post) pairs",0,0.03475
zpmpk6,"CamemBERT fine-tuned on (claim, post) pairs",0,0.02968
zpmvbz,"CamemBERT fine-tuned on (claim, post) pairs",0,0.03001
zpn35n,"CamemBERT fine-tuned on (claim, post) pairs",0,0.02984
zqj2oc,"CamemBERT fine-tuned on (claim, post) pairs",0,0.02968
zqjfhd,"CamemBERT fine-tuned on (claim, post) pairs",0,0.02979
zqknq3,"CamemBERT fine-tuned on (claim, post) pairs",0,0.03677
zr75tz,"CamemBERT fine-tuned on (claim, post) pairs",0,0.02945
zr7d8d,"CamemBERT fine-tuned on (claim, post) pairs",0,0.03007
zryrqz,"CamemBERT fine-tuned on (claim, post) pairs",0,0.03302
zsjr52,"CamemBERT fine-tuned on (claim, post) pairs",0,0.03446
zu93n1,"CamemBERT fine-tuned on (claim, post) pairs",0,0.0342
zuchli,"CamemBERT fine-tuned on (claim, post) pairs",0,0.64886
zuvven,"CamemBERT fine-tuned on (claim, post) pairs",0,0.03608
zvy2tn,"CamemBERT fine-tuned on (claim, post) pairs",0,0.03733
zwbcm1,"CamemBERT fine-tuned on (claim, post) pairs",0,0.03334
zwdt7q,"CamemBERT fine-tuned on (claim, post) pairs",0,0.03446
zwlkjj,"CamemBERT fine-tuned on (claim, post) pairs",0,0.04422
zx78lo,"CamemBERT fine-tuned on (claim, post) pairs",0,0.04578
zxmbj8,"CamemBERT fine-tuned on (claim, post) pairs",0,0.03228
zy28vs,"CamemBERT fine-tuned on (claim, post) pairs",0,0.03047
zy2ssi,"CamemBERT fine-tuned on (claim, post) pairs",0,0.02793
zy2z2i,"CamemBERT fine-tuned on (claim, post) pairs",0,0.02979
zyezwp,"CamemBERT fine-tuned on (claim, post) pairs",0,0.03309
100hfq1,"CamemBERT fine-tuned on (claim, post) pairs",1,0.03256
101aehd,"CamemBERT fine-tuned on (claim, post) pairs",1,0.03268
102y4vm,"CamemBERT fine-tuned on (claim, post) pairs",1,0.03712
102zk07,"CamemBERT fine-tuned on (claim, post) pairs",1,0.03459
103ykgf,"CamemBERT fine-tuned on (claim, post) pairs",1,0.03372
1049976,"CamemBERT fine-tuned on (claim, post) pairs",1,0.02532
104updy,"CamemBERT fine-tuned on (claim, post) pairs",1,0.03468
105of9u,"CamemBERT fine-tuned on (claim, post) pairs",1,0.15349
105ut3d,"CamemBERT fine-tuned on (claim, post) pairs",1,0.03293
105yef6,"CamemBERT fine-tuned on (claim, post) pairs",1,0.0341
106htar,"CamemBERT fine-tuned on (claim, post) pairs",1,0.1319
106obfl,"CamemBERT fine-tuned on (claim, post) pairs",1,0.02513
107acdv,"CamemBERT fine-tuned on (claim, post) pairs",1,0.03237
107ai30,"CamemBERT fine-tuned on (claim, post) pairs",1,0.02532
107k677,"CamemBERT fine-tuned on (claim, post) pairs",1,0.1191
1083d63,"CamemBERT fine-tuned on (claim, post) pairs",1,0.06319
1085vco,"CamemBERT fine-tuned on (claim, post) pairs",1,0.42027
108au1g,"CamemBERT fine-tuned on (claim, post) pairs",1,0.03612
108dj01,"CamemBERT fine-tuned on (claim, post) pairs",1,0.0297
108jho8,"CamemBERT fine-tuned on (claim, post) pairs",1,0.03478
108lvx8,"CamemBERT fine-tuned on (claim, post) pairs",1,0.04439
109060s,"CamemBERT fine-tuned on (claim, post) pairs",1,0.04634
109dle6,"CamemBERT fine-tuned on (claim, post) pairs",1,0.09594
109t68i,"CamemBERT fine-tuned on (claim, post) pairs",1,0.30008
109vdiz,"CamemBERT fine-tuned on (claim, post) pairs",1,0.0329
109wo9y,"CamemBERT fine-tuned on (claim, post) pairs",1,0.03198
109wufc,"CamemBERT fine-tuned on (claim, post) pairs",1,0.03309
109wvby,"CamemBERT fine-tuned on (claim, post) pairs",1,0.03472
10ar4tu,"CamemBERT fine-tuned on (claim, post) pairs",1,0.03883
10ar69a,"CamemBERT fine-tuned on (claim, post) pairs",1,0.38833
10azz4b,"CamemBERT fine-tuned on (claim, post) pairs",1,0.03407
10bojv6,"CamemBERT fine-tuned on (claim, post) pairs",1,0.02598
10cfvrk,"CamemBERT fine-tuned on (claim, post) pairs",1,0.034
10cx7gi,"CamemBERT fine-tuned on (claim, post) pairs",1,0.02901
10ef5bk,"CamemBERT fine-tuned on (claim, post) pairs",1,0.03541
10emso6,"CamemBERT fine-tuned on (claim, post) pairs",1,0.87343
10f1fr1,"CamemBERT fine-tuned on (claim, post) pairs",1,0.03356
10f72tg,"CamemBERT fine-tuned on (claim, post) pairs",1,0.06942
10f9eqa,"CamemBERT fine-tuned on (claim, post) pairs",1,0.03455
10f9jjw,"CamemBERT fine-tuned on (claim, post) pairs",1,0.03284
10gs3zg,"CamemBERT fine-tuned on (claim, post) pairs",1,0.03039
10ihoa3,"CamemBERT fine-tuned on (claim, post) pairs",1,0.02501
10iplkg,"CamemBERT fine-tuned on (claim, post) pairs",1,0.03353
10jb309,"CamemBERT fine-tuned on (claim, post) pairs",1,0.03505
10jopb1,"CamemBERT fine-tuned on (claim, post) pairs",1,0.77991
10k12o9,"CamemBERT fine-tuned on (claim, post) pairs",1,0.03378
10kz71e,"CamemBERT fine-tuned on (claim, post) pairs",1,0.03514
10loyb9,"CamemBERT fine-tuned on (claim, post) pairs",1,0.04189
10lq0pd,"CamemBERT fine-tuned on (claim, post) pairs",1,0.03391
10lt2gk,"CamemBERT fine-tuned on (claim, post) pairs",1,0.03346
10mhy4q,"CamemBERT fine-tuned on (claim, post) pairs",1,0.02463
10mxok4,"CamemBERT fine-tuned on (claim, post) pairs",1,0.0321
10nbec0,"CamemBERT fine-tuned on (claim, post) pairs",1,0.08788
10o0u9n,"CamemBERT fine-tuned on (claim, post) pairs",1,0.1221
10o4p3a,"CamemBERT fine-tuned on (claim, post) pairs",1,0.02463
10ou65s,"CamemBERT fine-tuned on (claim, post) pairs",1,0.03521
10oxcxt,"CamemBERT fine-tuned on (claim, post) pairs",1,0.03231
10oy6iq,"CamemBERT fine-tuned on (claim, post) pairs",1,0.03868
10ozpbg,"CamemBERT fine-tuned on (claim, post) pairs",1,0.03927
10pisjx,"CamemBERT fine-tuned on (claim, post) pairs",1,0.12836
10ptgx2,"CamemBERT fine-tuned on (claim, post) pairs",1,0.04451
10q30di,"CamemBERT fine-tuned on (claim, post) pairs",1,0.02523
10r1m8y,"CamemBERT fine-tuned on (claim, post) pairs",1,0.03404
10rmjaw,"CamemBERT fine-tuned on (claim, post) pairs",1,0.03646
10set1d,"CamemBERT fine-tuned on (claim, post) pairs",1,0.0686
10sg9d9,"CamemBERT fine-tuned on (claim, post) pairs",1,0.02492
10si603,"CamemBERT fine-tuned on (claim, post) pairs",1,0.02523
10td81j,"CamemBERT fine-tuned on (claim, post) pairs",1,0.02945
10te1kt,"CamemBERT fine-tuned on (claim, post) pairs",1,0.02608
10u97r9,"CamemBERT fine-tuned on (claim, post) pairs",1,0.03754
10uli5k,"CamemBERT fine-tuned on (claim, post) pairs",1,0.0252
10uonu8,"CamemBERT fine-tuned on (claim, post) pairs",1,0.03324
10v25p3,"CamemBERT fine-tuned on (claim, post) pairs",1,0.02492
10vzejp,"CamemBERT fine-tuned on (claim, post) pairs",1,0.02999
10w4phk,"CamemBERT fine-tuned on (claim, post) pairs",1,0.03548
10wv3eo,"CamemBERT fine-tuned on (claim, post) pairs",1,0.04756
10ww7ko,"CamemBERT fine-tuned on (claim, post) pairs",1,0.03472
10xdz8j,"CamemBERT fine-tuned on (claim, post) pairs",1,0.02496
10xs8iy,"CamemBERT fine-tuned on (claim, post) pairs",1,0.02496
10z13f7,"CamemBERT fine-tuned on (claim, post) pairs",1,0.20834
10zs908,"CamemBERT fine-tuned on (claim, post) pairs",1,0.04043
110c52b,"CamemBERT fine-tuned on (claim, post) pairs",1,0.03843
111agco,"CamemBERT fine-tuned on (claim, post) pairs",1,0.02954
112d7gi,"CamemBERT fine-tuned on (claim, post) pairs",1,0.69352
112hhpt,"CamemBERT fine-tuned on (claim, post) pairs",1,0.04603
112u3yl,"CamemBERT fine-tuned on (claim, post) pairs",1,0.03541
112vvj2,"CamemBERT fine-tuned on (claim, post) pairs",1,0.02511
114db0u,"CamemBERT fine-tuned on (claim, post) pairs",1,0.90582
114e0fy,"CamemBERT fine-tuned on (claim, post) pairs",1,0.05802
114fny3,"CamemBERT fine-tuned on (claim, post) pairs",1,0.03153
114j6i4,"CamemBERT fine-tuned on (claim, post) pairs",1,0.17252
114kq6q,"CamemBERT fine-tuned on (claim, post) pairs",1,0.02923
114r0wo,"CamemBERT fine-tuned on (claim, post) pairs",1,0.06798
115kdqw,"CamemBERT fine-tuned on (claim, post) pairs",1,0.47527
115wkch,"CamemBERT fine-tuned on (claim, post) pairs",1,0.03225
11665fz,"CamemBERT fine-tuned on (claim, post) pairs",1,0.03001
1170g85,"CamemBERT fine-tuned on (claim, post) pairs",1,0.04341
1176lct,"CamemBERT fine-tuned on (claim, post) pairs",1,0.03091
1180hws,"CamemBERT fine-tuned on (claim, post) pairs",1,0.03356
11832w4,"CamemBERT fine-tuned on (claim, post) pairs",1,0.02475
118trfu,"CamemBERT fine-tuned on (claim, post) pairs",1,0.0329
118uwmk,"CamemBERT fine-tuned on (claim, post) pairs",1,0.02485
11945kv,"CamemBERT fine-tuned on (claim, post) pairs",1,0.03391
119rjhv,"CamemBERT fine-tuned on (claim, post) pairs",1,0.06171
11a0bue,"CamemBERT fine-tuned on (claim, post) pairs",1,0.02506
11a46o0,"CamemBERT fine-tuned on (claim, post) pairs",1,0.08449
11a9pwr,"CamemBERT fine-tuned on (claim, post) pairs",1,0.04655
11b87lm,"CamemBERT fine-tuned on (claim, post) pairs",1,0.02492
11cfl1w,"CamemBERT fine-tuned on (claim, post) pairs",1,0.03495
11d7ubq,"CamemBERT fine-tuned on (claim, post) pairs",1,0.34599
11d7zw6,"CamemBERT fine-tuned on (claim, post) pairs",1,0.06448
11dadun,"CamemBERT fine-tuned on (claim, post) pairs",1,0.04138
11dalu6,"CamemBERT fine-tuned on (claim, post) pairs",1,0.04236
11dlehi,"CamemBERT fine-tuned on (claim, post) pairs",1,0.03047
11e0oqx,"CamemBERT fine-tuned on (claim, post) pairs",1,0.03501
11e409a,"CamemBERT fine-tuned on (claim, post) pairs",1,0.04123
11edn0p,"CamemBERT fine-tuned on (claim, post) pairs",1,0.0252
11ee61o,"CamemBERT fine-tuned on (claim, post) pairs",1,0.03117
11ey8z6,"CamemBERT fine-tuned on (claim, post) pairs",1,0.03619
11f3eeg,"CamemBERT fine-tuned on (claim, post) pairs",1,0.02513
11fccha,"CamemBERT fine-tuned on (claim, post) pairs",1,0.04531
11fdksb,"CamemBERT fine-tuned on (claim, post) pairs",1,0.02499
11fz3md,"CamemBERT fine-tuned on (claim, post) pairs",1,0.03514
11fz8xh,"CamemBERT fine-tuned on (claim, post) pairs",1,0.02965
11huqoo,"CamemBERT fine-tuned on (claim, post) pairs",1,0.04468
11irsxz,"CamemBERT fine-tuned on (claim, post) pairs",1,0.0426
11j4n7z,"CamemBERT fine-tuned on (claim, post) pairs",1,0.02982
11jdw4c,"CamemBERT fine-tuned on (claim, post) pairs",1,0.04284
11jitw6,"CamemBERT fine-tuned on (claim, post) pairs",1,0.03667
11l3gjg,"CamemBERT fine-tuned on (claim, post) pairs",1,0.10186
11l5mgy,"CamemBERT fine-tuned on (claim, post) pairs",1,0.02485
11lfciv,"CamemBERT fine-tuned on (claim, post) pairs",1,0.03094
11lv4dm,"CamemBERT fine-tuned on (claim, post) pairs",1,0.11076
11m0jps,"CamemBERT fine-tuned on (claim, post) pairs",1,0.02965
11marvj,"CamemBERT fine-tuned on (claim, post) pairs",1,0.10026
11mbhhs,"CamemBERT fine-tuned on (claim, post) pairs",1,0.11467
11mrjs6,"CamemBERT fine-tuned on (claim, post) pairs",1,0.02542
11nj3q3,"CamemBERT fine-tuned on (claim, post) pairs",1,0.05577
11oha77,"CamemBERT fine-tuned on (claim, post) pairs",1,0.03315
11ok2qd,"CamemBERT fine-tuned on (claim, post) pairs",1,0.02965
11oof25,"CamemBERT fine-tuned on (claim, post) pairs",1,0.03588
11pjlaw,"CamemBERT fine-tuned on (claim, post) pairs",1,0.03094
11q5nwm,"CamemBERT fine-tuned on (claim, post) pairs",1,0.0315
11q71hx,"CamemBERT fine-tuned on (claim, post) pairs",1,0.03694
11rbj7x,"CamemBERT fine-tuned on (claim, post) pairs",1,0.06669
11rusfi,"CamemBERT fine-tuned on (claim, post) pairs",1,0.85609
11s17mi,"CamemBERT fine-tuned on (claim, post) pairs",1,0.15336
11s1mwn,"CamemBERT fine-tuned on (claim, post) pairs",1,0.08906
11s5x0w,"CamemBERT fine-tuned on (claim, post) pairs",1,0.04681
11sbdcc,"CamemBERT fine-tuned on (claim, post) pairs",1,0.03511
11srgyr,"CamemBERT fine-tuned on (claim, post) pairs",1,0.02487
11srmee,"CamemBERT fine-tuned on (claim, post) pairs",1,0.02468
11swh9c,"CamemBERT fine-tuned on (claim, post) pairs",1,0.03343
11szwem,"CamemBERT fine-tuned on (claim, post) pairs",1,0.0549
11t3igh,"CamemBERT fine-tuned on (claim, post) pairs",1,0.03407
11tuxpn,"CamemBERT fine-tuned on (claim, post) pairs",1,0.45009
11txcv3,"CamemBERT fine-tuned on (claim, post) pairs",1,0.03485
11vrlso,"CamemBERT fine-tuned on (claim, post) pairs",1,0.17831
11wowlb,"CamemBERT fine-tuned on (claim, post) pairs",1,0.08548
11wowov,"CamemBERT fine-tuned on (claim, post) pairs",1,0.03384
11wrm9q,"CamemBERT fine-tuned on (claim, post) pairs",1,0.02987
11wwgwj,"CamemBERT fine-tuned on (claim, post) pairs",1,0.03429
11wz0me,"CamemBERT fine-tuned on (claim, post) pairs",1,0.03511
11xhao1,"CamemBERT fine-tuned on (claim, post) pairs",1,0.03561
11xwpn3,"CamemBERT fine-tuned on (claim, post) pairs",1,0.03511
11zdm9m,"CamemBERT fine-tuned on (claim, post) pairs",1,0.28076
11zdohu,"CamemBERT fine-tuned on (claim, post) pairs",1,0.0469
11zldij,"CamemBERT fine-tuned on (claim, post) pairs",1,0.03829
11zlvvp,"CamemBERT fine-tuned on (claim, post) pairs",1,0.29038
120fq4u,"CamemBERT fine-tuned on (claim, post) pairs",1,0.03144
120sr6e,"CamemBERT fine-tuned on (claim, post) pairs",1,0.03162
120uouk,"CamemBERT fine-tuned on (claim, post) pairs",1,0.03404
121hlom,"CamemBERT fine-tuned on (claim, post) pairs",1,0.03857
121jajz,"CamemBERT fine-tuned on (claim, post) pairs",1,0.07689
121tiuj,"CamemBERT fine-tuned on (claim, post) pairs",1,0.04252
122kkoa,"CamemBERT fine-tuned on (claim, post) pairs",1,0.32024
123lveb,"CamemBERT fine-tuned on (claim, post) pairs",1,0.20882
123oj7s,"CamemBERT fine-tuned on (claim, post) pairs",1,0.03905
124p7cf,"CamemBERT fine-tuned on (claim, post) pairs",1,0.0342
124sqph,"CamemBERT fine-tuned on (claim, post) pairs",1,0.03551
125j6of,"CamemBERT fine-tuned on (claim, post) pairs",1,0.60004
126ftbj,"CamemBERT fine-tuned on (claim, post) pairs",1,0.02785
126ms18,"CamemBERT fine-tuned on (claim, post) pairs",1,0.42099
126yspz,"CamemBERT fine-tuned on (claim, post) pairs",1,0.02954
1281hx0,"CamemBERT fine-tuned on (claim, post) pairs",1,0.03472
12ahekq,"CamemBERT fine-tuned on (claim, post) pairs",1,0.04009
12baklv,"CamemBERT fine-tuned on (claim, post) pairs",1,0.04456
12brpfm,"CamemBERT fine-tuned on (claim, post) pairs",1,0.0375
12csy2q,"CamemBERT fine-tuned on (claim, post) pairs",1,0.03782
12cvhvs,"CamemBERT fine-tuned on (claim, post) pairs",1,0.04232
12dddt7,"CamemBERT fine-tuned on (claim, post) pairs",1,0.0279
12ddpq6,"CamemBERT fine-tuned on (claim, post) pairs",1,0.10857
12decva,"CamemBERT fine-tuned on (claim, post) pairs",1,0.03757
12dri6t,"CamemBERT fine-tuned on (claim, post) pairs",1,0.05511
12ee5ls,"CamemBERT fine-tuned on (claim, post) pairs",1,0.03135
12ezowh,"CamemBERT fine-tuned on (claim, post) pairs",1,0.16
12fpn6i,"CamemBERT fine-tuned on (claim, post) pairs",1,0.03343
12gto59,"CamemBERT fine-tuned on (claim, post) pairs",1,0.03244
12gw98e,"CamemBERT fine-tuned on (claim, post) pairs",1,0.03195
12gwpn6,"CamemBERT fine-tuned on (claim, post) pairs",1,0.03111
12gwtc1,"CamemBERT fine-tuned on (claim, post) pairs",1,0.0315
12kbigt,"CamemBERT fine-tuned on (claim, post) pairs",1,0.05541
12kid2q,"CamemBERT fine-tuned on (claim, post) pairs",1,0.04552
12kvpdm,"CamemBERT fine-tuned on (claim, post) pairs",1,0.03625
12lpsbh,"CamemBERT fine-tuned on (claim, post) pairs",1,0.02477
12lq3tk,"CamemBERT fine-tuned on (claim, post) pairs",1,0.054
12lq801,"CamemBERT fine-tuned on (claim, post) pairs",1,0.0254
12lwnfm,"CamemBERT fine-tuned on (claim, post) pairs",1,0.04841
12m1wgz,"CamemBERT fine-tuned on (claim, post) pairs",1,0.40898
12o315k,"CamemBERT fine-tuned on (claim, post) pairs",1,0.54382
12o3f3q,"CamemBERT fine-tuned on (claim, post) pairs",1,0.031
12ocqg4,"CamemBERT fine-tuned on (claim, post) pairs",1,0.02511
12oedgl,"CamemBERT fine-tuned on (claim, post) pairs",1,0.02504
12oespk,"CamemBERT fine-tuned on (claim, post) pairs",1,0.03108
12p6nlt,"CamemBERT fine-tuned on (claim, post) pairs",1,0.28897
12p9mzj,"CamemBERT fine-tuned on (claim, post) pairs",1,0.39747
12pb3sj,"CamemBERT fine-tuned on (claim, post) pairs",1,0.09886
12pgfl4,"CamemBERT fine-tuned on (claim, post) pairs",1,0.02496
12pmju1,"CamemBERT fine-tuned on (claim, post) pairs",1,0.04556
12qe6r6,"CamemBERT fine-tuned on (claim, post) pairs",1,0.0739
12qkylt,"CamemBERT fine-tuned on (claim, post) pairs",1,0.03106
12ql713,"CamemBERT fine-tuned on (claim, post) pairs",1,0.03353
12s50vj,"CamemBERT fine-tuned on (claim, post) pairs",1,0.02793
12ssj9h,"CamemBERT fine-tuned on (claim, post) pairs",1,0.03021
12ssvfv,"CamemBERT fine-tuned on (claim, post) pairs",1,0.03452
12swxs5,"CamemBERT fine-tuned on (claim, post) pairs",1,0.03204
12vijhs,"CamemBERT fine-tuned on (claim, post) pairs",1,0.03141
12vjdw9,"CamemBERT fine-tuned on (claim, post) pairs",1,0.0315
12vjy4g,"CamemBERT fine-tuned on (claim, post) pairs",1,0.03162
12vkgvs,"CamemBERT fine-tuned on (claim, post) pairs",1,0.03219
12vko0o,"CamemBERT fine-tuned on (claim, post) pairs",1,0.02511
12vksn1,"CamemBERT fine-tuned on (claim, post) pairs",1,0.03111
12wh6q7,"CamemBERT fine-tuned on (claim, post) pairs",1,0.02506
12x5uwd,"CamemBERT fine-tuned on (claim, post) pairs",1,0.03268
12yhx4y,"CamemBERT fine-tuned on (claim, post) pairs",1,0.02494
12yifx8,"CamemBERT fine-tuned on (claim, post) pairs",1,0.03259
12ynguc,"CamemBERT fine-tuned on (claim, post) pairs",1,0.03165
12z9ned,"CamemBERT fine-tuned on (claim, post) pairs",1,0.0691
12zjevs,"CamemBERT fine-tuned on (claim, post) pairs",1,0.02982
12zodvi,"CamemBERT fine-tuned on (claim, post) pairs",1,0.02523
130hcib,"CamemBERT fine-tuned on (claim, post) pairs",1,0.02494
130hy1l,"CamemBERT fine-tuned on (claim, post) pairs",1,0.06465
130jjlk,"CamemBERT fine-tuned on (claim, post) pairs",1,0.02968
13130cj,"CamemBERT fine-tuned on (claim, post) pairs",1,0.03743
1313d0e,"CamemBERT fine-tuned on (claim, post) pairs",1,0.03007
131ji0g,"CamemBERT fine-tuned on (claim, post) pairs",1,0.06273
131lzz7,"CamemBERT fine-tuned on (claim, post) pairs",1,0.0518
131mwun,"CamemBERT fine-tuned on (claim, post) pairs",1,0.02525
131nftw,"CamemBERT fine-tuned on (claim, post) pairs",1,0.03135
131nq93,"CamemBERT fine-tuned on (claim, post) pairs",1,0.03147
132n7xl,"CamemBERT fine-tuned on (claim, post) pairs",1,0.03129
132o4fs,"CamemBERT fine-tuned on (claim, post) pairs",1,0.03213
132oc0k,"CamemBERT fine-tuned on (claim, post) pairs",1,0.02965
132rtf2,"CamemBERT fine-tuned on (claim, post) pairs",1,0.03123
134n3l2,"CamemBERT fine-tuned on (claim, post) pairs",1,0.03378
136daux,"CamemBERT fine-tuned on (claim, post) pairs",1,0.07504
136kq85,"CamemBERT fine-tuned on (claim, post) pairs",1,0.02475
137fc3o,"CamemBERT fine-tuned on (claim, post) pairs",1,0.02475
137fjhy,"CamemBERT fine-tuned on (claim, post) pairs",1,0.03114
137gmqe,"CamemBERT fine-tuned on (claim, post) pairs",1,0.07836
139lq41,"CamemBERT fine-tuned on (claim, post) pairs",1,0.02508
139ojd7,"CamemBERT fine-tuned on (claim, post) pairs",1,0.03001
13as6v3,"CamemBERT fine-tuned on (claim, post) pairs",1,0.02487
13aw8ny,"CamemBERT fine-tuned on (claim, post) pairs",1,0.03108
13awlh9,"CamemBERT fine-tuned on (claim, post) pairs",1,0.03541
13awtoy,"CamemBERT fine-tuned on (claim, post) pairs",1,0.02513
13bhtuu,"CamemBERT fine-tuned on (claim, post) pairs",1,0.06216
13bibgx,"CamemBERT fine-tuned on (claim, post) pairs",1,0.0432
13booh4,"CamemBERT fine-tuned on (claim, post) pairs",1,0.02999
13c5obs,"CamemBERT fine-tuned on (claim, post) pairs",1,0.03764
13cjg9f,"CamemBERT fine-tuned on (claim, post) pairs",1,0.03315
13dkuds,"CamemBERT fine-tuned on (claim, post) pairs",1,0.03186
13edi9y,"CamemBERT fine-tuned on (claim, post) pairs",1,0.04451
13eky2c,"CamemBERT fine-tuned on (claim, post) pairs",1,0.0636
13f15oh,"CamemBERT fine-tuned on (claim, post) pairs",1,0.04418
13f2snt,"CamemBERT fine-tuned on (claim, post) pairs",1,0.03442
13fcqcj,"CamemBERT fine-tuned on (claim, post) pairs",1,0.03429
13fd1pa,"CamemBERT fine-tuned on (claim, post) pairs",1,0.03561
13fhzph,"CamemBERT fine-tuned on (claim, post) pairs",1,0.07985
13hd97w,"CamemBERT fine-tuned on (claim, post) pairs",1,0.02527
13hilrj,"CamemBERT fine-tuned on (claim, post) pairs",1,0.03602
13i4svg,"CamemBERT fine-tuned on (claim, post) pairs",1,0.05375
13i72vg,"CamemBERT fine-tuned on (claim, post) pairs",1,0.0629
13igcdn,"CamemBERT fine-tuned on (claim, post) pairs",1,0.34175
13ju5kw,"CamemBERT fine-tuned on (claim, post) pairs",1,0.70882
13k1fqx,"CamemBERT fine-tuned on (claim, post) pairs",1,0.04552
13kb1cf,"CamemBERT fine-tuned on (claim, post) pairs",1,0.04012
13kztxp,"CamemBERT fine-tuned on (claim, post) pairs",1,0.04088
13lhwle,"CamemBERT fine-tuned on (claim, post) pairs",1,0.06706
13n6u9z,"CamemBERT fine-tuned on (claim, post) pairs",1,0.03281
13nr2lt,"CamemBERT fine-tuned on (claim, post) pairs",1,0.04672
13p0urf,"CamemBERT fine-tuned on (claim, post) pairs",1,0.03097
13peyn8,"CamemBERT fine-tuned on (claim, post) pairs",1,0.05707
13qjnlp,"CamemBERT fine-tuned on (claim, post) pairs",1,0.03832
13r4a7k,"CamemBERT fine-tuned on (claim, post) pairs",1,0.03847
13rj771,"CamemBERT fine-tuned on (claim, post) pairs",1,0.0325
13rmhyo,"CamemBERT fine-tuned on (claim, post) pairs",1,0.03495
13sb7od,"CamemBERT fine-tuned on (claim, post) pairs",1,0.03219
13sdty3,"CamemBERT fine-tuned on (claim, post) pairs",1,0.03183
13seli6,"CamemBERT fine-tuned on (claim, post) pairs",1,0.03138
13tvumk,"CamemBERT fine-tuned on (claim, post) pairs",1,0.03207
13vkidb,"CamemBERT fine-tuned on (claim, post) pairs",1,0.03174
13voob9,"CamemBERT fine-tuned on (claim, post) pairs",1,0.04177
13vqx03,"CamemBERT fine-tuned on (claim, post) pairs",1,0.03595
13vrw1z,"CamemBERT fine-tuned on (claim, post) pairs",1,0.03021
13vzorq,"CamemBERT fine-tuned on (claim, post) pairs",1,0.05776
13wezig,"CamemBERT fine-tuned on (claim, post) pairs",1,0.39181
13ww9my,"CamemBERT fine-tuned on (claim, post) pairs",1,0.03956
13xd35y,"CamemBERT fine-tuned on (claim, post) pairs",1,0.02984
13y6y7v,"CamemBERT fine-tuned on (claim, post) pairs",1,0.07069
13z4905,"CamemBERT fine-tuned on (claim, post) pairs",1,0.03259
141dend,"CamemBERT fine-tuned on (claim, post) pairs",1,0.05965
141gi0z,"CamemBERT fine-tuned on (claim, post) pairs",1,0.0446
142a1c9,"CamemBERT fine-tuned on (claim, post) pairs",1,0.03511
143d0ua,"CamemBERT fine-tuned on (claim, post) pairs",1,0.07801
144cn05,"CamemBERT fine-tuned on (claim, post) pairs",1,0.03761
1455ths,"CamemBERT fine-tuned on (claim, post) pairs",1,0.03793
146zvpu,"CamemBERT fine-tuned on (claim, post) pairs",1,0.02518
14945l9,"CamemBERT fine-tuned on (claim, post) pairs",1,0.02956
1495e2s,"CamemBERT fine-tuned on (claim, post) pairs",1,0.02979
1496bbe,"CamemBERT fine-tuned on (claim, post) pairs",1,0.02942
149y7n0,"CamemBERT fine-tuned on (claim, post) pairs",1,0.07416
14a0iy8,"CamemBERT fine-tuned on (claim, post) pairs",1,0.17406
14a48ox,"CamemBERT fine-tuned on (claim, post) pairs",1,0.03108
14a4coz,"CamemBERT fine-tuned on (claim, post) pairs",1,0.02979
14a4hia,"CamemBERT fine-tuned on (claim, post) pairs",1,0.02504
14a4lgz,"CamemBERT fine-tuned on (claim, post) pairs",1,0.03378
14aswpe,"CamemBERT fine-tuned on (claim, post) pairs",1,0.03488
14bxm4j,"CamemBERT fine-tuned on (claim, post) pairs",1,0.03433
14clvdt,"CamemBERT fine-tuned on (claim, post) pairs",1,0.03407
14dmbhp,"CamemBERT fine-tuned on (claim, post) pairs",1,0.38027
14dmur2,"CamemBERT fine-tuned on (claim, post) pairs",1,0.03571
14e5zwh,"CamemBERT fine-tuned on (claim, post) pairs",1,0.06193
14jateg,"CamemBERT fine-tuned on (claim, post) pairs",1,0.06712
14jimzx,"CamemBERT fine-tuned on (claim, post) pairs",1,0.11378
14jnqwd,"CamemBERT fine-tuned on (claim, post) pairs",1,0.05943
14lwal3,"CamemBERT fine-tuned on (claim, post) pairs",1,0.03612
14m4oke,"CamemBERT fine-tuned on (claim, post) pairs",1,0.0367
14mznfn,"CamemBERT fine-tuned on (claim, post) pairs",1,0.03558
14n81kn,"CamemBERT fine-tuned on (claim, post) pairs",1,0.03088
14nq474,"CamemBERT fine-tuned on (claim, post) pairs",1,0.18184
14peh0c,"CamemBERT fine-tuned on (claim, post) pairs",1,0.06706
14t6i25,"CamemBERT fine-tuned on (claim, post) pairs",1,0.0539
14u0n1t,"CamemBERT fine-tuned on (claim, post) pairs",1,0.12163
14v7943,"CamemBERT fine-tuned on (claim, post) pairs",1,0.05516
14wo22a,"CamemBERT fine-tuned on (claim, post) pairs",1,0.04539
14yge8b,"CamemBERT fine-tuned on (claim, post) pairs",1,0.03615
1509mag,"CamemBERT fine-tuned on (claim, post) pairs",1,0.0392
152psh8,"CamemBERT fine-tuned on (claim, post) pairs",1,0.03475
152u6w6,"CamemBERT fine-tuned on (claim, post) pairs",1,0.02965
15312zr,"CamemBERT fine-tuned on (claim, post) pairs",1,0.9288
155kxt6,"CamemBERT fine-tuned on (claim, post) pairs",1,0.05681
156mub1,"CamemBERT fine-tuned on (claim, post) pairs",1,0.03619
1584uxr,"CamemBERT fine-tuned on (claim, post) pairs",1,0.03356
1586vte,"CamemBERT fine-tuned on (claim, post) pairs",1,0.03472
159c7gq,"CamemBERT fine-tuned on (claim, post) pairs",1,0.03019
159g1b5,"CamemBERT fine-tuned on (claim, post) pairs",1,0.03349
15a8prv,"CamemBERT fine-tuned on (claim, post) pairs",1,0.03568
15a8vyw,"CamemBERT fine-tuned on (claim, post) pairs",1,0.04131
15aaw83,"CamemBERT fine-tuned on (claim, post) pairs",1,0.03764
15auuwg,"CamemBERT fine-tuned on (claim, post) pairs",1,0.07244
15crqft,"CamemBERT fine-tuned on (claim, post) pairs",1,0.09009
15cxyur,"CamemBERT fine-tuned on (claim, post) pairs",1,0.02504
15d3csi,"CamemBERT fine-tuned on (claim, post) pairs",1,0.04464
15e9adj,"CamemBERT fine-tuned on (claim, post) pairs",1,0.03625
15eb6kt,"CamemBERT fine-tuned on (claim, post) pairs",1,0.03141
15ebd5k,"CamemBERT fine-tuned on (claim, post) pairs",1,0.04365
15eg570,"CamemBERT fine-tuned on (claim, post) pairs",1,0.32221
15ffsmu,"CamemBERT fine-tuned on (claim, post) pairs",1,0.66367
15g8q72,"CamemBERT fine-tuned on (claim, post) pairs",1,0.06459
15gyjp3,"CamemBERT fine-tuned on (claim, post) pairs",1,0.03687
15hw0om,"CamemBERT fine-tuned on (claim, post) pairs",1,0.25451
15hwdky,"CamemBERT fine-tuned on (claim, post) pairs",1,0.03359
15isioa,"CamemBERT fine-tuned on (claim, post) pairs",1,0.02547
15j2pz9,"CamemBERT fine-tuned on (claim, post) pairs",1,0.0341
15j43lf,"CamemBERT fine-tuned on (claim, post) pairs",1,0.02623
15kosj0,"CamemBERT fine-tuned on (claim, post) pairs",1,0.04743
15krhgh,"CamemBERT fine-tuned on (claim, post) pairs",1,0.0301
15kvv3y,"CamemBERT fine-tuned on (claim, post) pairs",1,0.02968
15lu2d2,"CamemBERT fine-tuned on (claim, post) pairs",1,0.03455
15lunx9,"CamemBERT fine-tuned on (claim, post) pairs",1,0.06519
15mia1y,"CamemBERT fine-tuned on (claim, post) pairs",1,0.0252
15midjy,"CamemBERT fine-tuned on (claim, post) pairs",1,0.02951
15mlo3k,"CamemBERT fine-tuned on (claim, post) pairs",1,0.08969
15o4636,"CamemBERT fine-tuned on (claim, post) pairs",1,0.89516
15ozc9o,"CamemBERT fine-tuned on (claim, post) pairs",1,0.03299
15q3j5b,"CamemBERT fine-tuned on (claim, post) pairs",1,0.03365
15qtbrv,"CamemBERT fine-tuned on (claim, post) pairs",1,0.0248
15qug5c,"CamemBERT fine-tuned on (claim, post) pairs",1,0.03219
15r4ala,"CamemBERT fine-tuned on (claim, post) pairs",1,0.02477
15rqqca,"CamemBERT fine-tuned on (claim, post) pairs",1,0.03309
15su48d,"CamemBERT fine-tuned on (claim, post) pairs",1,0.02942
15tkvmf,"CamemBERT fine-tuned on (claim, post) pairs",1,0.03708
15wbys2,"CamemBERT fine-tuned on (claim, post) pairs",1,0.04085
15wcsc1,"CamemBERT fine-tuned on (claim, post) pairs",1,0.02979
15wfdns,"CamemBERT fine-tuned on (claim, post) pairs",1,0.03198
15wfjod,"CamemBERT fine-tuned on (claim, post) pairs",1,0.03132
15xlqhu,"CamemBERT fine-tuned on (claim, post) pairs",1,0.03213
15y9ex8,"CamemBERT fine-tuned on (claim, post) pairs",1,0.03318
15yd899,"CamemBERT fine-tuned on (claim, post) pairs",1,0.03764
15z41xe,"CamemBERT fine-tuned on (claim, post) pairs",1,0.09662
15z6om4,"CamemBERT fine-tuned on (claim, post) pairs",1,0.03531
161d2au,"CamemBERT fine-tuned on (claim, post) pairs",1,0.03442
161vpoq,"CamemBERT fine-tuned on (claim, post) pairs",1,0.02928
163mu5b,"CamemBERT fine-tuned on (claim, post) pairs",1,0.04162
163sc1p,"CamemBERT fine-tuned on (claim, post) pairs",1,0.03204
164lrkh,"CamemBERT fine-tuned on (claim, post) pairs",1,0.03256
164rpz4,"CamemBERT fine-tuned on (claim, post) pairs",1,0.03407
165fb4w,"CamemBERT fine-tuned on (claim, post) pairs",1,0.02515
166zkc4,"CamemBERT fine-tuned on (claim, post) pairs",1,0.03228
167573w,"CamemBERT fine-tuned on (claim, post) pairs",1,0.02549
1677z9e,"CamemBERT fine-tuned on (claim, post) pairs",1,0.05194
167xq4e,"CamemBERT fine-tuned on (claim, post) pairs",1,0.03293
168elrj,"CamemBERT fine-tuned on (claim, post) pairs",1,0.03384
16a85oh,"CamemBERT fine-tuned on (claim, post) pairs",1,0.03135
16ax72h,"CamemBERT fine-tuned on (claim, post) pairs",1,0.03413
16ca2qs,"CamemBERT fine-tuned on (claim, post) pairs",1,0.02868
16cci0i,"CamemBERT fine-tuned on (claim, post) pairs",1,0.03262
16cgp44,"CamemBERT fine-tuned on (claim, post) pairs",1,0.03039
16chxuz,"CamemBERT fine-tuned on (claim, post) pairs",1,0.03439
16cw8gk,"CamemBERT fine-tuned on (claim, post) pairs",1,0.02574
16d3srr,"CamemBERT fine-tuned on (claim, post) pairs",1,0.03423
16d4mmj,"CamemBERT fine-tuned on (claim, post) pairs",1,0.03449
16dghd5,"CamemBERT fine-tuned on (claim, post) pairs",1,0.03643
16e5828,"CamemBERT fine-tuned on (claim, post) pairs",1,0.02606
16e7s2x,"CamemBERT fine-tuned on (claim, post) pairs",1,0.0342
16e81se,"CamemBERT fine-tuned on (claim, post) pairs",1,0.03241
16f0cxx,"CamemBERT fine-tuned on (claim, post) pairs",1,0.02501
16g0xjy,"CamemBERT fine-tuned on (claim, post) pairs",1,0.03722
16gomka,"CamemBERT fine-tuned on (claim, post) pairs",1,0.02494
16gqjvl,"CamemBERT fine-tuned on (claim, post) pairs",1,0.11844
16gr6ue,"CamemBERT fine-tuned on (claim, post) pairs",1,0.02942
16gr6us,"CamemBERT fine-tuned on (claim, post) pairs",1,0.02954
16hhee9,"CamemBERT fine-tuned on (claim, post) pairs",1,0.02931
16htgir,"CamemBERT fine-tuned on (claim, post) pairs",1,0.03213
16hwuoa,"CamemBERT fine-tuned on (claim, post) pairs",1,0.08819
16icokg,"CamemBERT fine-tuned on (claim, post) pairs",1,0.02942
16k5rp4,"CamemBERT fine-tuned on (claim, post) pairs",1,0.03141
16k8y7n,"CamemBERT fine-tuned on (claim, post) pairs",1,0.41686
16ke5mv,"CamemBERT fine-tuned on (claim, post) pairs",1,0.03213
16kmu0r,"CamemBERT fine-tuned on (claim, post) pairs",1,0.03381
16loklq,"CamemBERT fine-tuned on (claim, post) pairs",1,0.03356
16mswgu,"CamemBERT fine-tuned on (claim, post) pairs",1,0.03381
16o9ehf,"CamemBERT fine-tuned on (claim, post) pairs",1,0.04832
16odvg2,"CamemBERT fine-tuned on (claim, post) pairs",1,0.03423
16p7zot,"CamemBERT fine-tuned on (claim, post) pairs",1,0.03312
16pjo9s,"CamemBERT fine-tuned on (claim, post) pairs",1,0.03004
16pkcq2,"CamemBERT fine-tuned on (claim, post) pairs",1,0.03446
16r0gyf,"CamemBERT fine-tuned on (claim, post) pairs",1,0.02982
16r3zkq,"CamemBERT fine-tuned on (claim, post) pairs",1,0.03818
16r8aq1,"CamemBERT fine-tuned on (claim, post) pairs",1,0.03216
16rs6u9,"CamemBERT fine-tuned on (claim, post) pairs",1,0.0315
16smogb,"CamemBERT fine-tuned on (claim, post) pairs",1,0.02489
16sp2dr,"CamemBERT fine-tuned on (claim, post) pairs",1,0.02532
16sqt88,"CamemBERT fine-tuned on (claim, post) pairs",1,0.03465
16tix22,"CamemBERT fine-tuned on (claim, post) pairs",1,0.03259
16tlycw,"CamemBERT fine-tuned on (claim, post) pairs",1,0.06273
16twv4u,"CamemBERT fine-tuned on (claim, post) pairs",1,0.03312
16ugxlr,"CamemBERT fine-tuned on (claim, post) pairs",1,0.0485
16ul3yh,"CamemBERT fine-tuned on (claim, post) pairs",1,0.85078
16upbwq,"CamemBERT fine-tuned on (claim, post) pairs",1,0.04565
16v762m,"CamemBERT fine-tuned on (claim, post) pairs",1,0.02959
16v7q95,"CamemBERT fine-tuned on (claim, post) pairs",1,0.03274
16vce90,"CamemBERT fine-tuned on (claim, post) pairs",1,0.02948
16vd6oq,"CamemBERT fine-tuned on (claim, post) pairs",1,0.02976
16vi53c,"CamemBERT fine-tuned on (claim, post) pairs",1,0.03436
16w1j2q,"CamemBERT fine-tuned on (claim, post) pairs",1,0.03381
16wyj2y,"CamemBERT fine-tuned on (claim, post) pairs",1,0.03375
16x4aop,"CamemBERT fine-tuned on (claim, post) pairs",1,0.02968
16x84jw,"CamemBERT fine-tuned on (claim, post) pairs",1,0.02532
16x8a98,"CamemBERT fine-tuned on (claim, post) pairs",1,0.02962
16y0qvf,"CamemBERT fine-tuned on (claim, post) pairs",1,0.03126
16y56gn,"CamemBERT fine-tuned on (claim, post) pairs",1,0.04361
16yn74r,"CamemBERT fine-tuned on (claim, post) pairs",1,0.03684
16ysshv,"CamemBERT fine-tuned on (claim, post) pairs",1,0.03488
16yz3hx,"CamemBERT fine-tuned on (claim, post) pairs",1,0.1858
16zj5r5,"CamemBERT fine-tuned on (claim, post) pairs",1,0.03459
16zjc06,"CamemBERT fine-tuned on (claim, post) pairs",1,0.03397
16zt3tl,"CamemBERT fine-tuned on (claim, post) pairs",1,0.91877
170fc85,"CamemBERT fine-tuned on (claim, post) pairs",1,0.03117
170inab,"CamemBERT fine-tuned on (claim, post) pairs",1,0.03365
170l9pf,"CamemBERT fine-tuned on (claim, post) pairs",1,0.02982
17189pc,"CamemBERT fine-tuned on (claim, post) pairs",1,0.02511
1729dyz,"CamemBERT fine-tuned on (claim, post) pairs",1,0.0312
172eim1,"CamemBERT fine-tuned on (claim, post) pairs",1,0.02956
172xrre,"CamemBERT fine-tuned on (claim, post) pairs",1,0.03331
172ze4c,"CamemBERT fine-tuned on (claim, post) pairs",1,0.02931
173mnc4,"CamemBERT fine-tuned on (claim, post) pairs",1,0.0321
173of82,"CamemBERT fine-tuned on (claim, post) pairs",1,0.02984
1744jgk,"CamemBERT fine-tuned on (claim, post) pairs",1,0.03138
174ncsh,"CamemBERT fine-tuned on (claim, post) pairs",1,0.02951
175bp6w,"CamemBERT fine-tuned on (claim, post) pairs",1,0.02515
175btwz,"CamemBERT fine-tuned on (claim, post) pairs",1,0.02518
175eka1,"CamemBERT fine-tuned on (claim, post) pairs",1,0.03135
175exug,"CamemBERT fine-tuned on (claim, post) pairs",1,0.03082
175mczu,"CamemBERT fine-tuned on (claim, post) pairs",1,0.02535
1762vqk,"CamemBERT fine-tuned on (claim, post) pairs",1,0.03439
176ubug,"CamemBERT fine-tuned on (claim, post) pairs",1,0.02965
176wy47,"CamemBERT fine-tuned on (claim, post) pairs",1,0.0299
176x0ru,"CamemBERT fine-tuned on (claim, post) pairs",1,0.03521
1773xza,"CamemBERT fine-tuned on (claim, post) pairs",1,0.03511
177kndo,"CamemBERT fine-tuned on (claim, post) pairs",1,0.03247
177kxnq,"CamemBERT fine-tuned on (claim, post) pairs",1,0.02511
177l9lj,"CamemBERT fine-tuned on (claim, post) pairs",1,0.02554
177lcz9,"CamemBERT fine-tuned on (claim, post) pairs",1,0.03426
177qlr4,"CamemBERT fine-tuned on (claim, post) pairs",1,0.03413
177qona,"CamemBERT fine-tuned on (claim, post) pairs",1,0.03132
177uh6e,"CamemBERT fine-tuned on (claim, post) pairs",1,0.02561
178bf8r,"CamemBERT fine-tuned on (claim, post) pairs",1,0.02535
178bl57,"CamemBERT fine-tuned on (claim, post) pairs",1,0.03568
178bor1,"CamemBERT fine-tuned on (claim, post) pairs",1,0.03033
178gobg,"CamemBERT fine-tuned on (claim, post) pairs",1,0.02945
178h5v8,"CamemBERT fine-tuned on (claim, post) pairs",1,0.02518
178hc7m,"CamemBERT fine-tuned on (claim, post) pairs",1,0.03413
178hgso,"CamemBERT fine-tuned on (claim, post) pairs",1,0.03123
178lxh6,"CamemBERT fine-tuned on (claim, post) pairs",1,0.03356
1791af0,"CamemBERT fine-tuned on (claim, post) pairs",1,0.03234
1791ey5,"CamemBERT fine-tuned on (claim, post) pairs",1,0.03413
1791izf,"CamemBERT fine-tuned on (claim, post) pairs",1,0.02959
1796igl,"CamemBERT fine-tuned on (claim, post) pairs",1,0.02956
179bbei,"CamemBERT fine-tuned on (claim, post) pairs",1,0.02962
179wux9,"CamemBERT fine-tuned on (claim, post) pairs",1,0.02973
17a2dvq,"CamemBERT fine-tuned on (claim, post) pairs",1,0.03381
17a4h3e,"CamemBERT fine-tuned on (claim, post) pairs",1,0.03183
17a4ydp,"CamemBERT fine-tuned on (claim, post) pairs",1,0.0248
17a5lai,"CamemBERT fine-tuned on (claim, post) pairs",1,0.03488
17aow7x,"CamemBERT fine-tuned on (claim, post) pairs",1,0.03337
17ap4yo,"CamemBERT fine-tuned on (claim, post) pairs",1,0.02501
17bdh8a,"CamemBERT fine-tuned on (claim, post) pairs",1,0.03442
17bdilh,"CamemBERT fine-tuned on (claim, post) pairs",1,0.04756
17bhfzx,"CamemBERT fine-tuned on (claim, post) pairs",1,0.0253
17bhmqe,"CamemBERT fine-tuned on (claim, post) pairs",1,0.03495
17c78fe,"CamemBERT fine-tuned on (claim, post) pairs",1,0.03698
17c7ae5,"CamemBERT fine-tuned on (claim, post) pairs",1,0.03204
17ca0u9,"CamemBERT fine-tuned on (claim, post) pairs",1,0.02982
17can30,"CamemBERT fine-tuned on (claim, post) pairs",1,0.02601
17ccflo,"CamemBERT fine-tuned on (claim, post) pairs",1,0.03079
17cf1ne,"CamemBERT fine-tuned on (claim, post) pairs",1,0.02574
17cfavw,"CamemBERT fine-tuned on (claim, post) pairs",1,0.03337
17chatq,"CamemBERT fine-tuned on (claim, post) pairs",1,0.03293
17ckv6d,"CamemBERT fine-tuned on (claim, post) pairs",1,0.02948
17cpvzj,"CamemBERT fine-tuned on (claim, post) pairs",1,0.0297
17cye3n,"CamemBERT fine-tuned on (claim, post) pairs",1,0.03277
17cynwv,"CamemBERT fine-tuned on (claim, post) pairs",1,0.02515
17cywvl,"CamemBERT fine-tuned on (claim, post) pairs",1,0.02459
17czuik,"CamemBERT fine-tuned on (claim, post) pairs",1,0.04535
17d077w,"CamemBERT fine-tuned on (claim, post) pairs",1,0.03384
17d1yl0,"CamemBERT fine-tuned on (claim, post) pairs",1,0.02494
17da0ni,"CamemBERT fine-tuned on (claim, post) pairs",1,0.03698
17da4nk,"CamemBERT fine-tuned on (claim, post) pairs",1,0.02557
17dp4xg,"CamemBERT fine-tuned on (claim, post) pairs",1,0.02557
17dp77a,"CamemBERT fine-tuned on (claim, post) pairs",1,0.03016
17dq75e,"CamemBERT fine-tuned on (claim, post) pairs",1,0.03147
17dtush,"CamemBERT fine-tuned on (claim, post) pairs",1,0.03135
17dwend,"CamemBERT fine-tuned on (claim, post) pairs",1,0.03219
17eggl8,"CamemBERT fine-tuned on (claim, post) pairs",1,0.03192
17eiakh,"CamemBERT fine-tuned on (claim, post) pairs",1,0.0299
17ekmiq,"CamemBERT fine-tuned on (claim, post) pairs",1,0.02999
17f78kf,"CamemBERT fine-tuned on (claim, post) pairs",1,0.0321
17f8e7i,"CamemBERT fine-tuned on (claim, post) pairs",1,0.03174
17fab58,"CamemBERT fine-tuned on (claim, post) pairs",1,0.02508
17fe9p5,"CamemBERT fine-tuned on (claim, post) pairs",1,0.03204
17fs39k,"CamemBERT fine-tuned on (claim, post) pairs",1,0.42364
17fyyjr,"CamemBERT fine-tuned on (claim, post) pairs",1,0.09973
17g0klk,"CamemBERT fine-tuned on (claim, post) pairs",1,0.03033
17g0ohb,"CamemBERT fine-tuned on (claim, post) pairs",1,0.02956
17g0vid,"CamemBERT fine-tuned on (claim, post) pairs",1,0.03501
17g4ud5,"CamemBERT fine-tuned on (claim, post) pairs",1,0.03268
17g4xur,"CamemBERT fine-tuned on (claim, post) pairs",1,0.02951
17g52dg,"CamemBERT fine-tuned on (claim, post) pairs",1,0.0253
17g54ko,"CamemBERT fine-tuned on (claim, post) pairs",1,0.03103
17g5gsb,"CamemBERT fine-tuned on (claim, post) pairs",1,0.03262
17g5slm,"CamemBERT fine-tuned on (claim, post) pairs",1,0.03384
17gqyos,"CamemBERT fine-tuned on (claim, post) pairs",1,0.03908
17gt48g,"CamemBERT fine-tuned on (claim, post) pairs",1,0.03091
17h47lj,"CamemBERT fine-tuned on (claim, post) pairs",1,0.05593
17hjn2y,"CamemBERT fine-tuned on (claim, post) pairs",1,0.0299
17hjr3w,"CamemBERT fine-tuned on (claim, post) pairs",1,0.03106
17hjuf6,"CamemBERT fine-tuned on (claim, post) pairs",1,0.02968
17ho3bw,"CamemBERT fine-tuned on (claim, post) pairs",1,0.02962
17ho5rx,"CamemBERT fine-tuned on (claim, post) pairs",1,0.0318
17hoa26,"CamemBERT fine-tuned on (claim, post) pairs",1,0.03132
17iae01,"CamemBERT fine-tuned on (claim, post) pairs",1,0.18126
17iaejm,"CamemBERT fine-tuned on (claim, post) pairs",1,0.03198
17iamqo,"CamemBERT fine-tuned on (claim, post) pairs",1,0.03694
17iannx,"CamemBERT fine-tuned on (claim, post) pairs",1,0.02984
17iauno,"CamemBERT fine-tuned on (claim, post) pairs",1,0.0368
17iawlp,"CamemBERT fine-tuned on (claim, post) pairs",1,0.03219
17ido0o,"CamemBERT fine-tuned on (claim, post) pairs",1,0.03498
17ii2hd,"CamemBERT fine-tuned on (claim, post) pairs",1,0.03482
17iif8e,"CamemBERT fine-tuned on (claim, post) pairs",1,0.03538
17jppj6,"CamemBERT fine-tuned on (claim, post) pairs",1,0.04629
17jrogf,"CamemBERT fine-tuned on (claim, post) pairs",1,0.0402
17jx18j,"CamemBERT fine-tuned on (claim, post) pairs",1,0.02527
17k06ry,"CamemBERT fine-tuned on (claim, post) pairs",1,0.03472
17kob73,"CamemBERT fine-tuned on (claim, post) pairs",1,0.03216
17kpefv,"CamemBERT fine-tuned on (claim, post) pairs",1,0.03265
17kpy4c,"CamemBERT fine-tuned on (claim, post) pairs",1,0.02499
17l17qa,"CamemBERT fine-tuned on (claim, post) pairs",1,0.02959
17l1oyi,"CamemBERT fine-tuned on (claim, post) pairs",1,0.02954
17l94kp,"CamemBERT fine-tuned on (claim, post) pairs",1,0.03108
17l9cfg,"CamemBERT fine-tuned on (claim, post) pairs",1,0.03016
17lzxyu,"CamemBERT fine-tuned on (claim, post) pairs",1,0.03247
17m43n2,"CamemBERT fine-tuned on (claim, post) pairs",1,0.0325
17n2jzw,"CamemBERT fine-tuned on (claim, post) pairs",1,0.04284
17n4esf,"CamemBERT fine-tuned on (claim, post) pairs",1,0.03216
17nfb1w,"CamemBERT fine-tuned on (claim, post) pairs",1,0.02996
17nhvc9,"CamemBERT fine-tuned on (claim, post) pairs",1,0.02934
17nieyp,"CamemBERT fine-tuned on (claim, post) pairs",1,0.03501
17nistv,"CamemBERT fine-tuned on (claim, post) pairs",1,0.03488
17nli9l,"CamemBERT fine-tuned on (claim, post) pairs",1,0.02976
17nvpqg,"CamemBERT fine-tuned on (claim, post) pairs",1,0.03521
17o0js5,"CamemBERT fine-tuned on (claim, post) pairs",1,0.0312
17o8mtz,"CamemBERT fine-tuned on (claim, post) pairs",1,0.02937
17olzxc,"CamemBERT fine-tuned on (claim, post) pairs",1,0.03324
17ouc19,"CamemBERT fine-tuned on (claim, post) pairs",1,0.03558
17p0wzh,"CamemBERT fine-tuned on (claim, post) pairs",1,0.03213
17p1bid,"CamemBERT fine-tuned on (claim, post) pairs",1,0.03284
17p1eq5,"CamemBERT fine-tuned on (claim, post) pairs",1,0.03189
17p93s4,"CamemBERT fine-tuned on (claim, post) pairs",1,0.02962
17pixc6,"CamemBERT fine-tuned on (claim, post) pairs",1,0.03832
17pj11w,"CamemBERT fine-tuned on (claim, post) pairs",1,0.02473
17pz339,"CamemBERT fine-tuned on (claim, post) pairs",1,0.03312
17q7ckw,"CamemBERT fine-tuned on (claim, post) pairs",1,0.03436
17q7ke6,"CamemBERT fine-tuned on (claim, post) pairs",1,0.02959
17qjfkb,"CamemBERT fine-tuned on (claim, post) pairs",1,0.03468
17qjrht,"CamemBERT fine-tuned on (claim, post) pairs",1,0.03213
17qjtu2,"CamemBERT fine-tuned on (claim, post) pairs",1,0.0273
17ql75o,"CamemBERT fine-tuned on (claim, post) pairs",1,0.03231
17qmh3g,"CamemBERT fine-tuned on (claim, post) pairs",1,0.03138
17qqlay,"CamemBERT fine-tuned on (claim, post) pairs",1,0.03259
17qqpls,"CamemBERT fine-tuned on (claim, post) pairs",1,0.03571
17r8wgz,"CamemBERT fine-tuned on (claim, post) pairs",1,0.02942
17r8ywj,"CamemBERT fine-tuned on (claim, post) pairs",1,0.03053
17r91qt,"CamemBERT fine-tuned on (claim, post) pairs",1,0.02501
17rfgqy,"CamemBERT fine-tuned on (claim, post) pairs",1,0.02489
17rfln4,"CamemBERT fine-tuned on (claim, post) pairs",1,0.03216
17rfwdv,"CamemBERT fine-tuned on (claim, post) pairs",1,0.02923
17rg103,"CamemBERT fine-tuned on (claim, post) pairs",1,0.03561
17rkc1r,"CamemBERT fine-tuned on (claim, post) pairs",1,0.03416
17rkfqs,"CamemBERT fine-tuned on (claim, post) pairs",1,0.03446
17rz7zt,"CamemBERT fine-tuned on (claim, post) pairs",1,0.04406
17s0lcp,"CamemBERT fine-tuned on (claim, post) pairs",1,0.03446
17s5u23,"CamemBERT fine-tuned on (claim, post) pairs",1,0.02951
17s6v2z,"CamemBERT fine-tuned on (claim, post) pairs",1,0.03111
17seqtw,"CamemBERT fine-tuned on (claim, post) pairs",1,0.12847
17srut1,"CamemBERT fine-tuned on (claim, post) pairs",1,0.02987
17srxob,"CamemBERT fine-tuned on (claim, post) pairs",1,0.03281
17svvfw,"CamemBERT fine-tuned on (claim, post) pairs",1,0.03097
17t04r0,"CamemBERT fine-tuned on (claim, post) pairs",1,0.0366
17t4bqy,"CamemBERT fine-tuned on (claim, post) pairs",1,0.03225
17tre0p,"CamemBERT fine-tuned on (claim, post) pairs",1,0.02979
17u7fsv,"CamemBERT fine-tuned on (claim, post) pairs",1,0.03433
17u7jn5,"CamemBERT fine-tuned on (claim, post) pairs",1,0.03861
17u9mf8,"CamemBERT fine-tuned on (claim, post) pairs",1,0.03192
17uce4d,"CamemBERT fine-tuned on (claim, post) pairs",1,0.02547
17uy214,"CamemBERT fine-tuned on (claim, post) pairs",1,0.03225
17uyohx,"CamemBERT fine-tuned on (claim, post) pairs",1,0.02492
17uzwv9,"CamemBERT fine-tuned on (claim, post) pairs",1,0.04809
17vuhgh,"CamemBERT fine-tuned on (claim, post) pairs",1,0.03213
17vusou,"CamemBERT fine-tuned on (claim, post) pairs",1,0.03455
17vv5od,"CamemBERT fine-tuned on (claim, post) pairs",1,0.02504
17w0mo4,"CamemBERT fine-tuned on (claim, post) pairs",1,0.02951
17wae18,"CamemBERT fine-tuned on (claim, post) pairs",1,0.03465
17wif51,"CamemBERT fine-tuned on (claim, post) pairs",1,0.02492
17wigvp,"CamemBERT fine-tuned on (claim, post) pairs",1,0.02492
17wj1ur,"CamemBERT fine-tuned on (claim, post) pairs",1,0.02931
17wj4sm,"CamemBERT fine-tuned on (claim, post) pairs",1,0.03237
17wjcbs,"CamemBERT fine-tuned on (claim, post) pairs",1,0.0367
17wkm70,"CamemBERT fine-tuned on (claim, post) pairs",1,0.03231
17wmvg8,"CamemBERT fine-tuned on (claim, post) pairs",1,0.02496
17wtwjw,"CamemBERT fine-tuned on (claim, post) pairs",1,0.03302
17wze5i,"CamemBERT fine-tuned on (claim, post) pairs",1,0.03001
17wzgt0,"CamemBERT fine-tuned on (claim, post) pairs",1,0.02898
17wzmxn,"CamemBERT fine-tuned on (claim, post) pairs",1,0.02951
17wzrdj,"CamemBERT fine-tuned on (claim, post) pairs",1,0.0297
17xe21a,"CamemBERT fine-tuned on (claim, post) pairs",1,0.02951
17xh60w,"CamemBERT fine-tuned on (claim, post) pairs",1,0.02518
17xhfxx,"CamemBERT fine-tuned on (claim, post) pairs",1,0.03198
17xhitq,"CamemBERT fine-tuned on (claim, post) pairs",1,0.03472
17y2c0r,"CamemBERT fine-tuned on (claim, post) pairs",1,0.03106
17y2d6p,"CamemBERT fine-tuned on (claim, post) pairs",1,0.03691
17y2p8g,"CamemBERT fine-tuned on (claim, post) pairs",1,0.03293
17yckag,"CamemBERT fine-tuned on (claim, post) pairs",1,0.03299
17ykgu1,"CamemBERT fine-tuned on (claim, post) pairs",1,0.02513
17yu2b0,"CamemBERT fine-tuned on (claim, post) pairs",1,0.02951
17yu8cn,"CamemBERT fine-tuned on (claim, post) pairs",1,0.02506
17zke8j,"CamemBERT fine-tuned on (claim, post) pairs",1,0.03097
17zkjfy,"CamemBERT fine-tuned on (claim, post) pairs",1,0.02906
17zn0im,"CamemBERT fine-tuned on (claim, post) pairs",1,0.0341
17zpay1,"CamemBERT fine-tuned on (claim, post) pairs",1,0.08352
17zqr7n,"CamemBERT fine-tuned on (claim, post) pairs",1,0.03413
18033zt,"CamemBERT fine-tuned on (claim, post) pairs",1,0.03446
180gs5o,"CamemBERT fine-tuned on (claim, post) pairs",1,0.02513
180gxn5,"CamemBERT fine-tuned on (claim, post) pairs",1,0.03207
180h3tr,"CamemBERT fine-tuned on (claim, post) pairs",1,0.03013
180hb5x,"CamemBERT fine-tuned on (claim, post) pairs",1,0.03079
180mjsi,"CamemBERT fine-tuned on (claim, post) pairs",1,0.02965
180msvv,"CamemBERT fine-tuned on (claim, post) pairs",1,0.03019
180nlrn,"CamemBERT fine-tuned on (claim, post) pairs",1,0.03228
180nx0v,"CamemBERT fine-tuned on (claim, post) pairs",1,0.0297
180nzeq,"CamemBERT fine-tuned on (claim, post) pairs",1,0.03446
180o1j9,"CamemBERT fine-tuned on (claim, post) pairs",1,0.02608
1818f84,"CamemBERT fine-tuned on (claim, post) pairs",1,0.03423
181ge9x,"CamemBERT fine-tuned on (claim, post) pairs",1,0.02976
181xudn,"CamemBERT fine-tuned on (claim, post) pairs",1,0.02973
181y11r,"CamemBERT fine-tuned on (claim, post) pairs",1,0.03085
181y4rx,"CamemBERT fine-tuned on (claim, post) pairs",1,0.03829
181y8id,"CamemBERT fine-tuned on (claim, post) pairs",1,0.03222
181yt3j,"CamemBERT fine-tuned on (claim, post) pairs",1,0.02593
182rkfa,"CamemBERT fine-tuned on (claim, post) pairs",1,0.0297
182tbwj,"CamemBERT fine-tuned on (claim, post) pairs",1,0.02544
1845zqp,"CamemBERT fine-tuned on (claim, post) pairs",1,0.02973
18461pq,"CamemBERT fine-tuned on (claim, post) pairs",1,0.03433
1846ami,"CamemBERT fine-tuned on (claim, post) pairs",1,0.03315
1848134,"CamemBERT fine-tuned on (claim, post) pairs",1,0.03433
1849x68,"CamemBERT fine-tuned on (claim, post) pairs",1,0.03452
184a09p,"CamemBERT fine-tuned on (claim, post) pairs",1,0.02928
184dmng,"CamemBERT fine-tuned on (claim, post) pairs",1,0.03007
184e3hw,"CamemBERT fine-tuned on (claim, post) pairs",1,0.03247
184ervp,"CamemBERT fine-tuned on (claim, post) pairs",1,0.03201
1853400,"CamemBERT fine-tuned on (claim, post) pairs",1,0.03198
18538if,"CamemBERT fine-tuned on (claim, post) pairs",1,0.02934
1853fml,"CamemBERT fine-tuned on (claim, post) pairs",1,0.02501
185wk08,"CamemBERT fine-tuned on (claim, post) pairs",1,0.04268
185ymm1,"CamemBERT fine-tuned on (claim, post) pairs",1,0.03244
185yzts,"CamemBERT fine-tuned on (claim, post) pairs",1,0.02951
185z2sz,"CamemBERT fine-tuned on (claim, post) pairs",1,0.03439
185zzg9,"CamemBERT fine-tuned on (claim, post) pairs",1,0.03253
18608yt,"CamemBERT fine-tuned on (claim, post) pairs",1,0.03475
1866wpi,"CamemBERT fine-tuned on (claim, post) pairs",1,0.03378
186j9k3,"CamemBERT fine-tuned on (claim, post) pairs",1,0.05085
186kpuv,"CamemBERT fine-tuned on (claim, post) pairs",1,0.03293
186l8tl,"CamemBERT fine-tuned on (claim, post) pairs",1,0.0315
186lcv4,"CamemBERT fine-tuned on (claim, post) pairs",1,0.02982
186lkq4,"CamemBERT fine-tuned on (claim, post) pairs",1,0.02494
186lwdb,"CamemBERT fine-tuned on (claim, post) pairs",1,0.0321
186m1z9,"CamemBERT fine-tuned on (claim, post) pairs",1,0.02485
186m7ff,"CamemBERT fine-tuned on (claim, post) pairs",1,0.03271
186mde8,"CamemBERT fine-tuned on (claim, post) pairs",1,0.02499
186mhdi,"CamemBERT fine-tuned on (claim, post) pairs",1,0.03174
186mjkp,"CamemBERT fine-tuned on (claim, post) pairs",1,0.02982
186ml6s,"CamemBERT fine-tuned on (claim, post) pairs",1,0.02979
186mpba,"CamemBERT fine-tuned on (claim, post) pairs",1,0.02515
186n1dn,"CamemBERT fine-tuned on (claim, post) pairs",1,0.03013
186n4c0,"CamemBERT fine-tuned on (claim, post) pairs",1,0.03518
187g4qk,"CamemBERT fine-tuned on (claim, post) pairs",1,0.03195
187ghw2,"CamemBERT fine-tuned on (claim, post) pairs",1,0.03259
187gprg,"CamemBERT fine-tuned on (claim, post) pairs",1,0.02489
187hltt,"CamemBERT fine-tuned on (claim, post) pairs",1,0.02475
187u1pc,"CamemBERT fine-tuned on (claim, post) pairs",1,0.02511
188badl,"CamemBERT fine-tuned on (claim, post) pairs",1,0.0247
188bvzu,"CamemBERT fine-tuned on (claim, post) pairs",1,0.03219
188bzfj,"CamemBERT fine-tuned on (claim, post) pairs",1,0.03796
188klhd,"CamemBERT fine-tuned on (claim, post) pairs",1,0.0301
188krlj,"CamemBERT fine-tuned on (claim, post) pairs",1,0.03144
1890ej0,"CamemBERT fine-tuned on (claim, post) pairs",1,0.03219
18983zo,"CamemBERT fine-tuned on (claim, post) pairs",1,0.03216
189phwz,"CamemBERT fine-tuned on (claim, post) pairs",1,0.02477
189tufg,"CamemBERT fine-tuned on (claim, post) pairs",1,0.03138
189ubhv,"CamemBERT fine-tuned on (claim, post) pairs",1,0.03237
18ah4jw,"CamemBERT fine-tuned on (claim, post) pairs",1,0.0321
18ahajl,"CamemBERT fine-tuned on (claim, post) pairs",1,0.03663
18ahfdd,"CamemBERT fine-tuned on (claim, post) pairs",1,0.0375
18ahlwf,"CamemBERT fine-tuned on (claim, post) pairs",1,0.02962
18akrnj,"CamemBERT fine-tuned on (claim, post) pairs",1,0.03736
18apftn,"CamemBERT fine-tuned on (claim, post) pairs",1,0.03397
18bc16q,"CamemBERT fine-tuned on (claim, post) pairs",1,0.03001
18bc5dm,"CamemBERT fine-tuned on (claim, post) pairs",1,0.02513
18bcasp,"CamemBERT fine-tuned on (claim, post) pairs",1,0.03465
18bgnbe,"CamemBERT fine-tuned on (claim, post) pairs",1,0.02962
18bgtno,"CamemBERT fine-tuned on (claim, post) pairs",1,0.02954
18bh4e6,"CamemBERT fine-tuned on (claim, post) pairs",1,0.02979
18bh80k,"CamemBERT fine-tuned on (claim, post) pairs",1,0.02485
18bhh9b,"CamemBERT fine-tuned on (claim, post) pairs",1,0.02523
18bigzz,"CamemBERT fine-tuned on (claim, post) pairs",1,0.03222
18bitft,"CamemBERT fine-tuned on (claim, post) pairs",1,0.02494
18bkx1d,"CamemBERT fine-tuned on (claim, post) pairs",1,0.02934
18c09cg,"CamemBERT fine-tuned on (claim, post) pairs",1,0.02525
18c0edo,"CamemBERT fine-tuned on (claim, post) pairs",1,0.03256
18cabd1,"CamemBERT fine-tuned on (claim, post) pairs",1,0.02917
18cdet8,"CamemBERT fine-tuned on (claim, post) pairs",1,0.03013
18cdyur,"CamemBERT fine-tuned on (claim, post) pairs",1,0.03287
18ce85y,"CamemBERT fine-tuned on (claim, post) pairs",1,0.03231
18crzkr,"CamemBERT fine-tuned on (claim, post) pairs",1,0.02485
18csp0f,"CamemBERT fine-tuned on (claim, post) pairs",1,0.0321
18ct27d,"CamemBERT fine-tuned on (claim, post) pairs",1,0.02968
18ctaip,"CamemBERT fine-tuned on (claim, post) pairs",1,0.02494
18d2p1k,"CamemBERT fine-tuned on (claim, post) pairs",1,0.02959
18d47zq,"CamemBERT fine-tuned on (claim, post) pairs",1,0.03694
18dji17,"CamemBERT fine-tuned on (claim, post) pairs",1,0.03416
18djrl4,"CamemBERT fine-tuned on (claim, post) pairs",1,0.03256
18dk7z9,"CamemBERT fine-tuned on (claim, post) pairs",1,0.02965
18e92co,"CamemBERT fine-tuned on (claim, post) pairs",1,0.23283
18eaykt,"CamemBERT fine-tuned on (claim, post) pairs",1,0.03353
18elnh6,"CamemBERT fine-tuned on (claim, post) pairs",1,0.03439
18eltoc,"CamemBERT fine-tuned on (claim, post) pairs",1,0.0325
18em1f5,"CamemBERT fine-tuned on (claim, post) pairs",1,0.03183
18f05rm,"CamemBERT fine-tuned on (claim, post) pairs",1,0.03207
18f5v4o,"CamemBERT fine-tuned on (claim, post) pairs",1,0.02965
18ffwfz,"CamemBERT fine-tuned on (claim, post) pairs",1,0.02485
18fg7bf,"CamemBERT fine-tuned on (claim, post) pairs",1,0.03241
18fgddi,"CamemBERT fine-tuned on (claim, post) pairs",1,0.03459
18fgvak,"CamemBERT fine-tuned on (claim, post) pairs",1,0.03147
18fh1qp,"CamemBERT fine-tuned on (claim, post) pairs",1,0.02496
18fh9jf,"CamemBERT fine-tuned on (claim, post) pairs",1,0.02487
18ftw1l,"CamemBERT fine-tuned on (claim, post) pairs",1,0.03449
18fzegb,"CamemBERT fine-tuned on (claim, post) pairs",1,0.02489
18g5a25,"CamemBERT fine-tuned on (claim, post) pairs",1,0.03259
18gkq9h,"CamemBERT fine-tuned on (claim, post) pairs",1,0.02489
18gkv34,"CamemBERT fine-tuned on (claim, post) pairs",1,0.03262
18gl6xg,"CamemBERT fine-tuned on (claim, post) pairs",1,0.0299
18gll5i,"CamemBERT fine-tuned on (claim, post) pairs",1,0.04292
18gmv74,"CamemBERT fine-tuned on (claim, post) pairs",1,0.0299
18gn7la,"CamemBERT fine-tuned on (claim, post) pairs",1,0.02633
18gpia4,"CamemBERT fine-tuned on (claim, post) pairs",1,0.02836
18gzi0z,"CamemBERT fine-tuned on (claim, post) pairs",1,0.03225
18hdw6j,"CamemBERT fine-tuned on (claim, post) pairs",1,0.03186
18he60e,"CamemBERT fine-tuned on (claim, post) pairs",1,0.02959
18he9jd,"CamemBERT fine-tuned on (claim, post) pairs",1,0.03259
18hi268,"CamemBERT fine-tuned on (claim, post) pairs",1,0.05702
18hkqmo,"CamemBERT fine-tuned on (claim, post) pairs",1,0.03334
18hodpk,"CamemBERT fine-tuned on (claim, post) pairs",1,0.02954
18hoj7y,"CamemBERT fine-tuned on (claim, post) pairs",1,0.02968
18hops5,"CamemBERT fine-tuned on (claim, post) pairs",1,0.03039
18hotvp,"CamemBERT fine-tuned on (claim, post) pairs",1,0.02937
18hox14,"CamemBERT fine-tuned on (claim, post) pairs",1,0.03141
18i38xr,"CamemBERT fine-tuned on (claim, post) pairs",1,0.03111
18i9c99,"CamemBERT fine-tuned on (claim, post) pairs",1,0.02973
18i9h8d,"CamemBERT fine-tuned on (claim, post) pairs",1,0.02982
18i9mdf,"CamemBERT fine-tuned on (claim, post) pairs",1,0.03097
18i9uoj,"CamemBERT fine-tuned on (claim, post) pairs",1,0.03253
18i9yzx,"CamemBERT fine-tuned on (claim, post) pairs",1,0.03346
18ia0w9,"CamemBERT fine-tuned on (claim, post) pairs",1,0.02984
18iez0f,"CamemBERT fine-tuned on (claim, post) pairs",1,0.03287
18ig4g1,"CamemBERT fine-tuned on (claim, post) pairs",1,0.03449
18iuqhn,"CamemBERT fine-tuned on (claim, post) pairs",1,0.02973
18iwhdy,"CamemBERT fine-tuned on (claim, post) pairs",1,0.03085
18j02eh,"CamemBERT fine-tuned on (claim, post) pairs",1,0.04096
18jajeq,"CamemBERT fine-tuned on (claim, post) pairs",1,0.02982
18jo0xl,"CamemBERT fine-tuned on (claim, post) pairs",1,0.03247
18jolzj,"CamemBERT fine-tuned on (claim, post) pairs",1,0.02996
18joqsp,"CamemBERT fine-tuned on (claim, post) pairs",1,0.02982
18jotju,"CamemBERT fine-tuned on (claim, post) pairs",1,0.03501
18jowp8,"CamemBERT fine-tuned on (claim, post) pairs",1,0.03186
18jp4i1,"CamemBERT fine-tuned on (claim, post) pairs",1,0.03204
18jvway,"CamemBERT fine-tuned on (claim, post) pairs",1,0.03016
18jwnqu,"CamemBERT fine-tuned on (claim, post) pairs",1,0.0292
18jyht1,"CamemBERT fine-tuned on (claim, post) pairs",1,0.04497
18k11hj,"CamemBERT fine-tuned on (claim, post) pairs",1,0.03162
18kd2ws,"CamemBERT fine-tuned on (claim, post) pairs",1,0.02993
18khw8l,"CamemBERT fine-tuned on (claim, post) pairs",1,0.02489
18ki60k,"CamemBERT fine-tuned on (claim, post) pairs",1,0.04081
18kixym,"CamemBERT fine-tuned on (claim, post) pairs",1,0.03478
18kltku,"CamemBERT fine-tuned on (claim, post) pairs",1,0.0325
18kn70h,"CamemBERT fine-tuned on (claim, post) pairs",1,0.03225
18ktaz7,"CamemBERT fine-tuned on (claim, post) pairs",1,0.02979
18lfe9z,"CamemBERT fine-tuned on (claim, post) pairs",1,0.02513
18lhwlp,"CamemBERT fine-tuned on (claim, post) pairs",1,0.03216
18mbu1m,"CamemBERT fine-tuned on (claim, post) pairs",1,0.03465
18mcpij,"CamemBERT fine-tuned on (claim, post) pairs",1,0.03811
18mq8nl,"CamemBERT fine-tuned on (claim, post) pairs",1,0.03219
18mrsc2,"CamemBERT fine-tuned on (claim, post) pairs",1,0.03138
18mrxtj,"CamemBERT fine-tuned on (claim, post) pairs",1,0.02956
18n2ri8,"CamemBERT fine-tuned on (claim, post) pairs",1,0.02504
18n3o0k,"CamemBERT fine-tuned on (claim, post) pairs",1,0.03602
18nj44y,"CamemBERT fine-tuned on (claim, post) pairs",1,0.02954
18oa7yj,"CamemBERT fine-tuned on (claim, post) pairs",1,0.03007
18oabde,"CamemBERT fine-tuned on (claim, post) pairs",1,0.02982
18oag62,"CamemBERT fine-tuned on (claim, post) pairs",1,0.03362
18oeukn,"CamemBERT fine-tuned on (claim, post) pairs",1,0.03394
18ol12a,"CamemBERT fine-tuned on (claim, post) pairs",1,0.03581
18p13so,"CamemBERT fine-tuned on (claim, post) pairs",1,0.02511
18p4exy,"CamemBERT fine-tuned on (claim, post) pairs",1,0.03397
18p4uxt,"CamemBERT fine-tuned on (claim, post) pairs",1,0.03343
18pxdpb,"CamemBERT fine-tuned on (claim, post) pairs",1,0.03598
18q02g4,"CamemBERT fine-tuned on (claim, post) pairs",1,0.03446
18q08fw,"CamemBERT fine-tuned on (claim, post) pairs",1,0.02475
18q0me8,"CamemBERT fine-tuned on (claim, post) pairs",1,0.02513
18q1315,"CamemBERT fine-tuned on (claim, post) pairs",1,0.03375
18q18c5,"CamemBERT fine-tuned on (claim, post) pairs",1,0.03511
18q7dok,"CamemBERT fine-tuned on (claim, post) pairs",1,0.03413
18q7pay,"CamemBERT fine-tuned on (claim, post) pairs",1,0.03281
18qbah5,"CamemBERT fine-tuned on (claim, post) pairs",1,0.03625
18qjn6e,"CamemBERT fine-tuned on (claim, post) pairs",1,0.04406
18qqy7h,"CamemBERT fine-tuned on (claim, post) pairs",1,0.03455
18r3me2,"CamemBERT fine-tuned on (claim, post) pairs",1,0.03213
18r3p7w,"CamemBERT fine-tuned on (claim, post) pairs",1,0.03452
18r3utj,"CamemBERT fine-tuned on (claim, post) pairs",1,0.02511
18r3zxh,"CamemBERT fine-tuned on (claim, post) pairs",1,0.02979
18r4o3e,"CamemBERT fine-tuned on (claim, post) pairs",1,0.02965
18r7rl7,"CamemBERT fine-tuned on (claim, post) pairs",1,0.05014
18r9fac,"CamemBERT fine-tuned on (claim, post) pairs",1,0.03253
18r9y4a,"CamemBERT fine-tuned on (claim, post) pairs",1,0.03296
18rc9to,"CamemBERT fine-tuned on (claim, post) pairs",1,0.03135
18rcq5b,"CamemBERT fine-tuned on (claim, post) pairs",1,0.03287
18rlu95,"CamemBERT fine-tuned on (claim, post) pairs",1,0.0341
18rxowk,"CamemBERT fine-tuned on (claim, post) pairs",1,0.05435
18sb59t,"CamemBERT fine-tuned on (claim, post) pairs",1,0.07011
18sbu84,"CamemBERT fine-tuned on (claim, post) pairs",1,0.03327
18shlh2,"CamemBERT fine-tuned on (claim, post) pairs",1,0.03356
18slya9,"CamemBERT fine-tuned on (claim, post) pairs",1,0.03722
18sst67,"CamemBERT fine-tuned on (claim, post) pairs",1,0.02549
18ssxll,"CamemBERT fine-tuned on (claim, post) pairs",1,0.03394
18stoaj,"CamemBERT fine-tuned on (claim, post) pairs",1,0.03353
18syhnz,"CamemBERT fine-tuned on (claim, post) pairs",1,0.02515
18sys0u,"CamemBERT fine-tuned on (claim, post) pairs",1,0.02501
18syus6,"CamemBERT fine-tuned on (claim, post) pairs",1,0.03636
18sznlx,"CamemBERT fine-tuned on (claim, post) pairs",1,0.02561
18thi0b,"CamemBERT fine-tuned on (claim, post) pairs",1,0.0299
18tkb7c,"CamemBERT fine-tuned on (claim, post) pairs",1,0.0248
18tkd9z,"CamemBERT fine-tuned on (claim, post) pairs",1,0.03004
18tksdh,"CamemBERT fine-tuned on (claim, post) pairs",1,0.03244
18tky9x,"CamemBERT fine-tuned on (claim, post) pairs",1,0.03309
18tnkph,"CamemBERT fine-tuned on (claim, post) pairs",1,0.03404
18ubqiv,"CamemBERT fine-tuned on (claim, post) pairs",1,0.03472
18ud4q6,"CamemBERT fine-tuned on (claim, post) pairs",1,0.03013
18ud9zr,"CamemBERT fine-tuned on (claim, post) pairs",1,0.02506
18uil8k,"CamemBERT fine-tuned on (claim, post) pairs",1,0.03036
18ujwi7,"CamemBERT fine-tuned on (claim, post) pairs",1,0.0301
18v49ec,"CamemBERT fine-tuned on (claim, post) pairs",1,0.03114
18v4gph,"CamemBERT fine-tuned on (claim, post) pairs",1,0.04229
18v4q9i,"CamemBERT fine-tuned on (claim, post) pairs",1,0.03256
18v4zat,"CamemBERT fine-tuned on (claim, post) pairs",1,0.03394
18v55p3,"CamemBERT fine-tuned on (claim, post) pairs",1,0.034
18vhgav,"CamemBERT fine-tuned on (claim, post) pairs",1,0.02962
18vn34a,"CamemBERT fine-tuned on (claim, post) pairs",1,0.02968
18vzkmg,"CamemBERT fine-tuned on (claim, post) pairs",1,0.08374
18w3tlb,"CamemBERT fine-tuned on (claim, post) pairs",1,0.03108
18w3yia,"CamemBERT fine-tuned on (claim, post) pairs",1,0.02984
18w4epy,"CamemBERT fine-tuned on (claim, post) pairs",1,0.02571
18w4jfb,"CamemBERT fine-tuned on (claim, post) pairs",1,0.02959
18w4p3e,"CamemBERT fine-tuned on (claim, post) pairs",1,0.04268
18wpjsm,"CamemBERT fine-tuned on (claim, post) pairs",1,0.0299
18wuwyn,"CamemBERT fine-tuned on (claim, post) pairs",1,0.04357
18ww0tj,"CamemBERT fine-tuned on (claim, post) pairs",1,0.02962
18wwmkc,"CamemBERT fine-tuned on (claim, post) pairs",1,0.03268
18x3iki,"CamemBERT fine-tuned on (claim, post) pairs",1,0.02968
18xshjc,"CamemBERT fine-tuned on (claim, post) pairs",1,0.04001
18y7fex,"CamemBERT fine-tuned on (claim, post) pairs",1,0.0254
18y7lpi,"CamemBERT fine-tuned on (claim, post) pairs",1,0.02951
18y7ryg,"CamemBERT fine-tuned on (claim, post) pairs",1,0.02979
18y7u0t,"CamemBERT fine-tuned on (claim, post) pairs",1,0.02968
18y85v6,"CamemBERT fine-tuned on (claim, post) pairs",1,0.03459
18yhcjt,"CamemBERT fine-tuned on (claim, post) pairs",1,0.02962
18z23gl,"CamemBERT fine-tuned on (claim, post) pairs",1,0.03318
18zc6ze,"CamemBERT fine-tuned on (claim, post) pairs",1,0.02777
18zd4gk,"CamemBERT fine-tuned on (claim, post) pairs",1,0.03195
19029rc,"CamemBERT fine-tuned on (claim, post) pairs",1,0.02996
1902iz3,"CamemBERT fine-tuned on (claim, post) pairs",1,0.02976
19037uo,"CamemBERT fine-tuned on (claim, post) pairs",1,0.03262
1903ls9,"CamemBERT fine-tuned on (claim, post) pairs",1,0.02962
1904g3f,"CamemBERT fine-tuned on (claim, post) pairs",1,0.02487
1905p5l,"CamemBERT fine-tuned on (claim, post) pairs",1,0.03426
190yp28,"CamemBERT fine-tuned on (claim, post) pairs",1,0.03656
1911hjg,"CamemBERT fine-tuned on (claim, post) pairs",1,0.02504
191jc6z,"CamemBERT fine-tuned on (claim, post) pairs",1,0.03997
191lgbs,"CamemBERT fine-tuned on (claim, post) pairs",1,0.04385
191mhsu,"CamemBERT fine-tuned on (claim, post) pairs",1,0.03309
191zmco,"CamemBERT fine-tuned on (claim, post) pairs",1,0.80448
19292qm,"CamemBERT fine-tuned on (claim, post) pairs",1,0.04104
192zy7d,"CamemBERT fine-tuned on (claim, post) pairs",1,0.04069
193yzzs,"CamemBERT fine-tuned on (claim, post) pairs",1,0.03455
19442rl,"CamemBERT fine-tuned on (claim, post) pairs",1,0.02508
1954lu5,"CamemBERT fine-tuned on (claim, post) pairs",1,0.034
19562p7,"CamemBERT fine-tuned on (claim, post) pairs",1,0.02782
195e8mq,"CamemBERT fine-tuned on (claim, post) pairs",1,0.0312
195eipr,"CamemBERT fine-tuned on (claim, post) pairs",1,0.03256
195eo0f,"CamemBERT fine-tuned on (claim, post) pairs",1,0.03564
195evcr,"CamemBERT fine-tuned on (claim, post) pairs",1,0.03459
195f7af,"CamemBERT fine-tuned on (claim, post) pairs",1,0.03001
195mgrp,"CamemBERT fine-tuned on (claim, post) pairs",1,0.03528
195p9q1,"CamemBERT fine-tuned on (claim, post) pairs",1,0.03013
195q3zc,"CamemBERT fine-tuned on (claim, post) pairs",1,0.02523
195qf4w,"CamemBERT fine-tuned on (claim, post) pairs",1,0.02542
195r29w,"CamemBERT fine-tuned on (claim, post) pairs",1,0.0321
195w8db,"CamemBERT fine-tuned on (claim, post) pairs",1,0.03256
196e0pm,"CamemBERT fine-tuned on (claim, post) pairs",1,0.05127
196fq04,"CamemBERT fine-tuned on (claim, post) pairs",1,0.03789
196n1eh,"CamemBERT fine-tuned on (claim, post) pairs",1,0.04217
1978onb,"CamemBERT fine-tuned on (claim, post) pairs",1,0.03518
1978to1,"CamemBERT fine-tuned on (claim, post) pairs",1,0.05267
197buyi,"CamemBERT fine-tuned on (claim, post) pairs",1,0.03478
197c75f,"CamemBERT fine-tuned on (claim, post) pairs",1,0.02951
1994aor,"CamemBERT fine-tuned on (claim, post) pairs",1,0.02959
1994hrx,"CamemBERT fine-tuned on (claim, post) pairs",1,0.02959
1994lra,"CamemBERT fine-tuned on (claim, post) pairs",1,0.0297
1995ve0,"CamemBERT fine-tuned on (claim, post) pairs",1,0.03144
199lpii,"CamemBERT fine-tuned on (claim, post) pairs",1,0.02499
199ts0c,"CamemBERT fine-tuned on (claim, post) pairs",1,0.02965
199uls5,"CamemBERT fine-tuned on (claim, post) pairs",1,0.03365
199upem,"CamemBERT fine-tuned on (claim, post) pairs",1,0.03346
199v5nt,"CamemBERT fine-tuned on (claim, post) pairs",1,0.03247
199y5hj,"CamemBERT fine-tuned on (claim, post) pairs",1,0.03901
19ayc6c,"CamemBERT fine-tuned on (claim, post) pairs",1,0.02527
19beihz,"CamemBERT fine-tuned on (claim, post) pairs",1,0.03281
19blujd,"CamemBERT fine-tuned on (claim, post) pairs",1,0.0253
19c61q1,"CamemBERT fine-tuned on (claim, post) pairs",1,0.0495
19cvv32,"CamemBERT fine-tuned on (claim, post) pairs",1,0.0325
19czl9q,"CamemBERT fine-tuned on (claim, post) pairs",1,0.03274
19eor6q,"CamemBERT fine-tuned on (claim, post) pairs",1,0.02956
19eoy1h,"CamemBERT fine-tuned on (claim, post) pairs",1,0.02951
19epeh5,"CamemBERT fine-tuned on (claim, post) pairs",1,0.03162
19eplt5,"CamemBERT fine-tuned on (claim, post) pairs",1,0.03225
19eq8em,"CamemBERT fine-tuned on (claim, post) pairs",1,0.03378
19f7ecz,"CamemBERT fine-tuned on (claim, post) pairs",1,0.02937
19fc0i6,"CamemBERT fine-tuned on (claim, post) pairs",1,0.05541
1abdwax,"CamemBERT fine-tuned on (claim, post) pairs",1,0.26279
1acemay,"CamemBERT fine-tuned on (claim, post) pairs",1,0.03241
1acjpbe,"CamemBERT fine-tuned on (claim, post) pairs",1,0.03204
1acjvmx,"CamemBERT fine-tuned on (claim, post) pairs",1,0.02616
1ack4bv,"CamemBERT fine-tuned on (claim, post) pairs",1,0.02962
1ackamm,"CamemBERT fine-tuned on (claim, post) pairs",1,0.0325
1ackdsr,"CamemBERT fine-tuned on (claim, post) pairs",1,0.03192
1ackjao,"CamemBERT fine-tuned on (claim, post) pairs",1,0.03168
1ackrld,"CamemBERT fine-tuned on (claim, post) pairs",1,0.03256
1ackyue,"CamemBERT fine-tuned on (claim, post) pairs",1,0.02499
1ae0xrq,"CamemBERT fine-tuned on (claim, post) pairs",1,0.11378
1aejl66,"CamemBERT fine-tuned on (claim, post) pairs",1,0.06736
1aejqeg,"CamemBERT fine-tuned on (claim, post) pairs",1,0.03524
1aeq6f6,"CamemBERT fine-tuned on (claim, post) pairs",1,0.04189
1aewo2e,"CamemBERT fine-tuned on (claim, post) pairs",1,0.03894
1aff1eg,"CamemBERT fine-tuned on (claim, post) pairs",1,0.04863
1afitmc,"CamemBERT fine-tuned on (claim, post) pairs",1,0.08382
1ag3jzd,"CamemBERT fine-tuned on (claim, post) pairs",1,0.03534
1agbqh8,"CamemBERT fine-tuned on (claim, post) pairs",1,0.03694
1agd6q8,"CamemBERT fine-tuned on (claim, post) pairs",1,0.31653
1agz31y,"CamemBERT fine-tuned on (claim, post) pairs",1,0.02987
1agzeig,"CamemBERT fine-tuned on (claim, post) pairs",1,0.03439
1agzll5,"CamemBERT fine-tuned on (claim, post) pairs",1,0.0342
1agzvsv,"CamemBERT fine-tuned on (claim, post) pairs",1,0.02613
1ah00b4,"CamemBERT fine-tuned on (claim, post) pairs",1,0.03007
1ah0e99,"CamemBERT fine-tuned on (claim, post) pairs",1,0.03501
1ah0h9v,"CamemBERT fine-tuned on (claim, post) pairs",1,0.02496
1ahrm8p,"CamemBERT fine-tuned on (claim, post) pairs",1,0.03508
1ahw49n,"CamemBERT fine-tuned on (claim, post) pairs",1,0.03195
1ahwd11,"CamemBERT fine-tuned on (claim, post) pairs",1,0.03195
1ahx4px,"CamemBERT fine-tuned on (claim, post) pairs",1,0.0325
1ailjqg,"CamemBERT fine-tuned on (claim, post) pairs",1,0.03426
1aim3u9,"CamemBERT fine-tuned on (claim, post) pairs",1,0.03253
1aivqtm,"CamemBERT fine-tuned on (claim, post) pairs",1,0.04909
1ajbytz,"CamemBERT fine-tuned on (claim, post) pairs",1,0.03225
1ajgxwq,"CamemBERT fine-tuned on (claim, post) pairs",1,0.03375
1ajhwrl,"CamemBERT fine-tuned on (claim, post) pairs",1,0.02496
1aji02k,"CamemBERT fine-tuned on (claim, post) pairs",1,0.03274
1ajihqi,"CamemBERT fine-tuned on (claim, post) pairs",1,0.03244
1ajj42n,"CamemBERT fine-tuned on (claim, post) pairs",1,0.03468
1ajjbr9,"CamemBERT fine-tuned on (claim, post) pairs",1,0.03007
1ajo0j6,"CamemBERT fine-tuned on (claim, post) pairs",1,0.03331
1ak5mhd,"CamemBERT fine-tuned on (claim, post) pairs",1,0.07524
1ak60m3,"CamemBERT fine-tuned on (claim, post) pairs",1,0.0366
1ak6eyp,"CamemBERT fine-tuned on (claim, post) pairs",1,0.03446
1akcx06,"CamemBERT fine-tuned on (claim, post) pairs",1,0.0272
1akd7pl,"CamemBERT fine-tuned on (claim, post) pairs",1,0.03244
1akhn9s,"CamemBERT fine-tuned on (claim, post) pairs",1,0.03237
1akhr6q,"CamemBERT fine-tuned on (claim, post) pairs",1,0.02984
1akhv4r,"CamemBERT fine-tuned on (claim, post) pairs",1,0.02494
1akifm8,"CamemBERT fine-tuned on (claim, post) pairs",1,0.0297
1akipte,"CamemBERT fine-tuned on (claim, post) pairs",1,0.02965
1akiuyh,"CamemBERT fine-tuned on (claim, post) pairs",1,0.02945
1akizay,"CamemBERT fine-tuned on (claim, post) pairs",1,0.02506
1akjtd4,"CamemBERT fine-tuned on (claim, post) pairs",1,0.03274
1akxo26,"CamemBERT fine-tuned on (claim, post) pairs",1,0.02976
1al11d0,"CamemBERT fine-tuned on (claim, post) pairs",1,0.03277
1al13nz,"CamemBERT fine-tuned on (claim, post) pairs",1,0.03775
1al1xgb,"CamemBERT fine-tuned on (claim, post) pairs",1,0.03228
1al43u9,"CamemBERT fine-tuned on (claim, post) pairs",1,0.03498
1alsav6,"CamemBERT fine-tuned on (claim, post) pairs",1,0.02499
1altizo,"CamemBERT fine-tuned on (claim, post) pairs",1,0.03449
1am0eci,"CamemBERT fine-tuned on (claim, post) pairs",1,0.02951
1am1bo0,"CamemBERT fine-tuned on (claim, post) pairs",1,0.02987
1am1lnv,"CamemBERT fine-tuned on (claim, post) pairs",1,0.0325
1am2aa6,"CamemBERT fine-tuned on (claim, post) pairs",1,0.02976
1amlld2,"CamemBERT fine-tuned on (claim, post) pairs",1,0.03429
1amnwe6,"CamemBERT fine-tuned on (claim, post) pairs",1,0.02525
1anh93u,"CamemBERT fine-tuned on (claim, post) pairs",1,0.03538
1anl486,"CamemBERT fine-tuned on (claim, post) pairs",1,0.03141
1anmqz7,"CamemBERT fine-tuned on (claim, post) pairs",1,0.03207
1annt6e,"CamemBERT fine-tuned on (claim, post) pairs",1,0.02945
1ao2tgt,"CamemBERT fine-tuned on (claim, post) pairs",1,0.03349
1ao2y4u,"CamemBERT fine-tuned on (claim, post) pairs",1,0.02976
1ao3cy1,"CamemBERT fine-tuned on (claim, post) pairs",1,0.03111
1ao4hr2,"CamemBERT fine-tuned on (claim, post) pairs",1,0.02673
1aod503,"CamemBERT fine-tuned on (claim, post) pairs",1,0.04146
1aoez3c,"CamemBERT fine-tuned on (claim, post) pairs",1,0.03247
1aof953,"CamemBERT fine-tuned on (claim, post) pairs",1,0.02999
1aofsdm,"CamemBERT fine-tuned on (claim, post) pairs",1,0.0342
1aogflc,"CamemBERT fine-tuned on (claim, post) pairs",1,0.02996
1aoze9t,"CamemBERT fine-tuned on (claim, post) pairs",1,0.19383
1apiqqr,"CamemBERT fine-tuned on (claim, post) pairs",1,0.03433
1apt1vt,"CamemBERT fine-tuned on (claim, post) pairs",1,0.02965
1apymz0,"CamemBERT fine-tuned on (claim, post) pairs",1,0.02984
1aq026k,"CamemBERT fine-tuned on (claim, post) pairs",1,0.02942
1aq0f7k,"CamemBERT fine-tuned on (claim, post) pairs",1,0.03111
1aq0wn0,"CamemBERT fine-tuned on (claim, post) pairs",1,0.02506
1aq1vss,"CamemBERT fine-tuned on (claim, post) pairs",1,0.02962
1aq28aa,"CamemBERT fine-tuned on (claim, post) pairs",1,0.02965
1aqp0no,"CamemBERT fine-tuned on (claim, post) pairs",1,0.03213
1aqpi80,"CamemBERT fine-tuned on (claim, post) pairs",1,0.02965
1aqrcu7,"CamemBERT fine-tuned on (claim, post) pairs",1,0.02511
1aqrfc7,"CamemBERT fine-tuned on (claim, post) pairs",1,0.03222
1aqrv3e,"CamemBERT fine-tuned on (claim, post) pairs",1,0.03324
1aqryg1,"CamemBERT fine-tuned on (claim, post) pairs",1,0.03478
1aqs2i8,"CamemBERT fine-tuned on (claim, post) pairs",1,0.03423
1arcw8y,"CamemBERT fine-tuned on (claim, post) pairs",1,0.02976
1as4h14,"CamemBERT fine-tuned on (claim, post) pairs",1,0.03065
1as4xpw,"CamemBERT fine-tuned on (claim, post) pairs",1,0.02965
1as55sb,"CamemBERT fine-tuned on (claim, post) pairs",1,0.02504
1as5bg0,"CamemBERT fine-tuned on (claim, post) pairs",1,0.02951
1as5lzr,"CamemBERT fine-tuned on (claim, post) pairs",1,0.02515
1as5qzu,"CamemBERT fine-tuned on (claim, post) pairs",1,0.03201
1as5tdk,"CamemBERT fine-tuned on (claim, post) pairs",1,0.03237
1as6hiz,"CamemBERT fine-tuned on (claim, post) pairs",1,0.03521
1as9gdm,"CamemBERT fine-tuned on (claim, post) pairs",1,0.02956
1asdwa6,"CamemBERT fine-tuned on (claim, post) pairs",1,0.03287
1asz15m,"CamemBERT fine-tuned on (claim, post) pairs",1,0.03247
1aszv6y,"CamemBERT fine-tuned on (claim, post) pairs",1,0.03971
1ath8xx,"CamemBERT fine-tuned on (claim, post) pairs",1,0.03195
1awlo4p,"CamemBERT fine-tuned on (claim, post) pairs",1,0.03498
1axghys,"CamemBERT fine-tuned on (claim, post) pairs",1,0.02623
1azpvx6,"CamemBERT fine-tuned on (claim, post) pairs",1,0.04185
1b17kx5,"CamemBERT fine-tuned on (claim, post) pairs",1,0.03501
1b1blip,"CamemBERT fine-tuned on (claim, post) pairs",1,0.03284
1b1jhg2,"CamemBERT fine-tuned on (claim, post) pairs",1,0.89787
1b2a8ts,"CamemBERT fine-tuned on (claim, post) pairs",1,0.03612
1b3mmao,"CamemBERT fine-tuned on (claim, post) pairs",1,0.03854
1b3zhav,"CamemBERT fine-tuned on (claim, post) pairs",1,0.04232
1b5uwh9,"CamemBERT fine-tuned on (claim, post) pairs",1,0.0538
1b7ee96,"CamemBERT fine-tuned on (claim, post) pairs",1,0.05883
1b7vdil,"CamemBERT fine-tuned on (claim, post) pairs",1,0.03548
1b7w65o,"CamemBERT fine-tuned on (claim, post) pairs",1,0.02482
1b8creq,"CamemBERT fine-tuned on (claim, post) pairs",1,0.9069
1b8cx6y,"CamemBERT fine-tuned on (claim, post) pairs",1,0.02515
1b8jfkl,"CamemBERT fine-tuned on (claim, post) pairs",1,0.02489
1b8jlqh,"CamemBERT fine-tuned on (claim, post) pairs",1,0.02945
1b8k9i6,"CamemBERT fine-tuned on (claim, post) pairs",1,0.03165
1b8kfw1,"CamemBERT fine-tuned on (claim, post) pairs",1,0.03472
1b8pmmi,"CamemBERT fine-tuned on (claim, post) pairs",1,0.08397
1b8qmy7,"CamemBERT fine-tuned on (claim, post) pairs",1,0.04945
1b9lhgk,"CamemBERT fine-tuned on (claim, post) pairs",1,0.03277
1b9osxh,"CamemBERT fine-tuned on (claim, post) pairs",1,0.09577
1b9py2e,"CamemBERT fine-tuned on (claim, post) pairs",1,0.02973
1b9qjeh,"CamemBERT fine-tuned on (claim, post) pairs",1,0.03265
1b9sch0,"CamemBERT fine-tuned on (claim, post) pairs",1,0.02968
1b9sxdk,"CamemBERT fine-tuned on (claim, post) pairs",1,0.0299
1b9tqw9,"CamemBERT fine-tuned on (claim, post) pairs",1,0.89589
1b9ypda,"CamemBERT fine-tuned on (claim, post) pairs",1,0.0297
1b9yy29,"CamemBERT fine-tuned on (claim, post) pairs",1,0.02937
1bacba5,"CamemBERT fine-tuned on (claim, post) pairs",1,0.03459
1bcu5o4,"CamemBERT fine-tuned on (claim, post) pairs",1,0.03244
1bcuigb,"CamemBERT fine-tuned on (claim, post) pairs",1,0.03708
1bcv28t,"CamemBERT fine-tuned on (claim, post) pairs",1,0.03491
1bcvmhl,"CamemBERT fine-tuned on (claim, post) pairs",1,0.03478
1bdakef,"CamemBERT fine-tuned on (claim, post) pairs",1,0.04365
1bdljph,"CamemBERT fine-tuned on (claim, post) pairs",1,0.05562
1bdoho9,"CamemBERT fine-tuned on (claim, post) pairs",1,0.03343
1bdr2r5,"CamemBERT fine-tuned on (claim, post) pairs",1,0.0341
1bdrv5j,"CamemBERT fine-tuned on (claim, post) pairs",1,0.0375
1bdtnx3,"CamemBERT fine-tuned on (claim, post) pairs",1,0.07829
1beh8mn,"CamemBERT fine-tuned on (claim, post) pairs",1,0.0329
1bei9em,"CamemBERT fine-tuned on (claim, post) pairs",1,0.03117
1beifxc,"CamemBERT fine-tuned on (claim, post) pairs",1,0.02984
1beky3j,"CamemBERT fine-tuned on (claim, post) pairs",1,0.02984
1ben3cs,"CamemBERT fine-tuned on (claim, post) pairs",1,0.03429
1ben4xw,"CamemBERT fine-tuned on (claim, post) pairs",1,0.25119
1bewdxd,"CamemBERT fine-tuned on (claim, post) pairs",1,0.03222
1bfl1hm,"CamemBERT fine-tuned on (claim, post) pairs",1,0.03455
1bg3m43,"CamemBERT fine-tuned on (claim, post) pairs",1,0.0248
1bg3pzf,"CamemBERT fine-tuned on (claim, post) pairs",1,0.03234
1bg3u66,"CamemBERT fine-tuned on (claim, post) pairs",1,0.02973
1bg3wey,"CamemBERT fine-tuned on (claim, post) pairs",1,0.02979
1bg4123,"CamemBERT fine-tuned on (claim, post) pairs",1,0.02973
1bg77po,"CamemBERT fine-tuned on (claim, post) pairs",1,0.0299
1bgfcbc,"CamemBERT fine-tuned on (claim, post) pairs",1,0.03407
1bgu5zi,"CamemBERT fine-tuned on (claim, post) pairs",1,0.03404
1bgz5ah,"CamemBERT fine-tuned on (claim, post) pairs",1,0.02956
1bh735v,"CamemBERT fine-tuned on (claim, post) pairs",1,0.04703
1bhs7kz,"CamemBERT fine-tuned on (claim, post) pairs",1,0.04197
1bi3jjx,"CamemBERT fine-tuned on (claim, post) pairs",1,0.03511
1biu7df,"CamemBERT fine-tuned on (claim, post) pairs",1,0.02965
1biufo3,"CamemBERT fine-tuned on (claim, post) pairs",1,0.02965
1bj8m0n,"CamemBERT fine-tuned on (claim, post) pairs",1,0.05749
1bj98dv,"CamemBERT fine-tuned on (claim, post) pairs",1,0.08123
1bjc25j,"CamemBERT fine-tuned on (claim, post) pairs",1,0.03362
1bjiqz4,"CamemBERT fine-tuned on (claim, post) pairs",1,0.0299
1bjm4ag,"CamemBERT fine-tuned on (claim, post) pairs",1,0.03271
1bjyqro,"CamemBERT fine-tuned on (claim, post) pairs",1,0.03439
1bjyyeq,"CamemBERT fine-tuned on (claim, post) pairs",1,0.0301
1bjz2ok,"CamemBERT fine-tuned on (claim, post) pairs",1,0.03021
1bjzcrm,"CamemBERT fine-tuned on (claim, post) pairs",1,0.02987
1bkttoh,"CamemBERT fine-tuned on (claim, post) pairs",1,0.03253
1bku2zx,"CamemBERT fine-tuned on (claim, post) pairs",1,0.0248
1bkua8v,"CamemBERT fine-tuned on (claim, post) pairs",1,0.03426
1bkubkn,"CamemBERT fine-tuned on (claim, post) pairs",1,0.03241
1bkugao,"CamemBERT fine-tuned on (claim, post) pairs",1,0.03284
1bkuier,"CamemBERT fine-tuned on (claim, post) pairs",1,0.03237
1bl8e8r,"CamemBERT fine-tuned on (claim, post) pairs",1,0.02956
1bl8me7,"CamemBERT fine-tuned on (claim, post) pairs",1,0.03337
1blo2vs,"CamemBERT fine-tuned on (claim, post) pairs",1,0.02965
1blo6d1,"CamemBERT fine-tuned on (claim, post) pairs",1,0.03375
1blrkoa,"CamemBERT fine-tuned on (claim, post) pairs",1,0.02965
1blsbzn,"CamemBERT fine-tuned on (claim, post) pairs",1,0.05228
1blxjpc,"CamemBERT fine-tuned on (claim, post) pairs",1,0.03436
1blxolr,"CamemBERT fine-tuned on (claim, post) pairs",1,0.02956
1bmj13o,"CamemBERT fine-tuned on (claim, post) pairs",1,0.06126
1bmmss6,"CamemBERT fine-tuned on (claim, post) pairs",1,0.39978
1bnuyhx,"CamemBERT fine-tuned on (claim, post) pairs",1,0.02513
1boyxp2,"CamemBERT fine-tuned on (claim, post) pairs",1,0.03262
1boyzwh,"CamemBERT fine-tuned on (claim, post) pairs",1,0.0299
1boz5sd,"CamemBERT fine-tuned on (claim, post) pairs",1,0.02951
1bp6uhy,"CamemBERT fine-tuned on (claim, post) pairs",1,0.02508
1bp71yt,"CamemBERT fine-tuned on (claim, post) pairs",1,0.02523
1bpqwc0,"CamemBERT fine-tuned on (claim, post) pairs",1,0.02487
1bpqxt5,"CamemBERT fine-tuned on (claim, post) pairs",1,0.02557
1bpr1pd,"CamemBERT fine-tuned on (claim, post) pairs",1,0.03231
1bpr607,"CamemBERT fine-tuned on (claim, post) pairs",1,0.03231
1bprcsk,"CamemBERT fine-tuned on (claim, post) pairs",1,0.03234
1bprhnx,"CamemBERT fine-tuned on (claim, post) pairs",1,0.0297
1bpsc5l,"CamemBERT fine-tuned on (claim, post) pairs",1,0.04565
1bpy1xg,"CamemBERT fine-tuned on (claim, post) pairs",1,0.043
1bqui38,"CamemBERT fine-tuned on (claim, post) pairs",1,0.02535
1bre7fd,"CamemBERT fine-tuned on (claim, post) pairs",1,0.03204
1brgcf5,"CamemBERT fine-tuned on (claim, post) pairs",1,0.03129
1brgsd4,"CamemBERT fine-tuned on (claim, post) pairs",1,0.02511
1brguvr,"CamemBERT fine-tuned on (claim, post) pairs",1,0.03256
1brgymp,"CamemBERT fine-tuned on (claim, post) pairs",1,0.03195
1brh3fp,"CamemBERT fine-tuned on (claim, post) pairs",1,0.0329
1bttjzq,"CamemBERT fine-tuned on (claim, post) pairs",1,0.02489
1bupp91,"CamemBERT fine-tuned on (claim, post) pairs",1,0.05521
1butdv4,"CamemBERT fine-tuned on (claim, post) pairs",1,0.10088
1bvjmgm,"CamemBERT fine-tuned on (claim, post) pairs",1,0.06058
1bvrt4h,"CamemBERT fine-tuned on (claim, post) pairs",1,0.03413
1bvupup,"CamemBERT fine-tuned on (claim, post) pairs",1,0.04146
1bx6piv,"CamemBERT fine-tuned on (claim, post) pairs",1,0.02473
1c0e70q,"CamemBERT fine-tuned on (claim, post) pairs",1,0.03423
1c0h6qv,"CamemBERT fine-tuned on (claim, post) pairs",1,0.04881
1c0lloj,"CamemBERT fine-tuned on (claim, post) pairs",1,0.75949
1c0o7bl,"CamemBERT fine-tuned on (claim, post) pairs",1,0.0299
1c0t3sx,"CamemBERT fine-tuned on (claim, post) pairs",1,0.04493
1c21byc,"CamemBERT fine-tuned on (claim, post) pairs",1,0.05028
1c27osd,"CamemBERT fine-tuned on (claim, post) pairs",1,0.07094
1c2a1gl,"CamemBERT fine-tuned on (claim, post) pairs",1,0.03234
1c3qkzj,"CamemBERT fine-tuned on (claim, post) pairs",1,0.62395
1c3qnq1,"CamemBERT fine-tuned on (claim, post) pairs",1,0.07773
1c4sj07,"CamemBERT fine-tuned on (claim, post) pairs",1,0.04518
1c4yhit,"CamemBERT fine-tuned on (claim, post) pairs",1,0.03375
1c5hgob,"CamemBERT fine-tuned on (claim, post) pairs",1,0.03719
1c65n5g,"CamemBERT fine-tuned on (claim, post) pairs",1,0.05495
1c6cxua,"CamemBERT fine-tuned on (claim, post) pairs",1,0.02825
1c6vp3p,"CamemBERT fine-tuned on (claim, post) pairs",1,0.05024
1c6vqsz,"CamemBERT fine-tuned on (claim, post) pairs",1,0.03391
1cac9tl,"CamemBERT fine-tuned on (claim, post) pairs",1,0.02554
1cdi9mx,"CamemBERT fine-tuned on (claim, post) pairs",1,0.04406
1cemajh,"CamemBERT fine-tuned on (claim, post) pairs",1,0.02518
1cf6ni3,"CamemBERT fine-tuned on (claim, post) pairs",1,0.0565
1cia37b,"CamemBERT fine-tuned on (claim, post) pairs",1,0.03397
1cidi5e,"CamemBERT fine-tuned on (claim, post) pairs",1,0.16158
1cmyai6,"CamemBERT fine-tuned on (claim, post) pairs",1,0.04954
1co8ccx,"CamemBERT fine-tuned on (claim, post) pairs",1,0.04895
1corcr4,"CamemBERT fine-tuned on (claim, post) pairs",1,0.03407
1cow4pc,"CamemBERT fine-tuned on (claim, post) pairs",1,0.03416
1cq3spj,"CamemBERT fine-tuned on (claim, post) pairs",1,0.02942
1crid3e,"CamemBERT fine-tuned on (claim, post) pairs",1,0.04108
1crx10r,"CamemBERT fine-tuned on (claim, post) pairs",1,0.03309
1csfpit,"CamemBERT fine-tuned on (claim, post) pairs",1,0.02785
1csntuz,"CamemBERT fine-tuned on (claim, post) pairs",1,0.03612
1cu0aj5,"CamemBERT fine-tuned on (claim, post) pairs",1,0.03872
1cubufv,"CamemBERT fine-tuned on (claim, post) pairs",1,0.04209
1cubzin,"CamemBERT fine-tuned on (claim, post) pairs",1,0.25497
1cusgbb,"CamemBERT fine-tuned on (claim, post) pairs",1,0.0248
1cynsa1,"CamemBERT fine-tuned on (claim, post) pairs",1,0.06779
1cyrov7,"CamemBERT fine-tuned on (claim, post) pairs",1,0.03378
1czrn2k,"CamemBERT fine-tuned on (claim, post) pairs",1,0.03554
1d08gwl,"CamemBERT fine-tuned on (claim, post) pairs",1,0.03413
1d10shk,"CamemBERT fine-tuned on (claim, post) pairs",1,0.02676
1d1qdq9,"CamemBERT fine-tuned on (claim, post) pairs",1,0.03719
1d2t9x7,"CamemBERT fine-tuned on (claim, post) pairs",1,0.03754
1d5ohgk,"CamemBERT fine-tuned on (claim, post) pairs",1,0.04443
1d7c185,"CamemBERT fine-tuned on (claim, post) pairs",1,0.02489
1d8kd43,"CamemBERT fine-tuned on (claim, post) pairs",1,0.03346
1d8mic3,"CamemBERT fine-tuned on (claim, post) pairs",1,0.0402
1d8offt,"CamemBERT fine-tuned on (claim, post) pairs",1,0.14379
1d8s1ie,"CamemBERT fine-tuned on (claim, post) pairs",1,0.05749
1d9csi9,"CamemBERT fine-tuned on (claim, post) pairs",1,0.03622
1d9defb,"CamemBERT fine-tuned on (claim, post) pairs",1,0.03459
1da7njk,"CamemBERT fine-tuned on (claim, post) pairs",1,0.15935
1da927o,"CamemBERT fine-tuned on (claim, post) pairs",1,0.03388
1dadxjg,"CamemBERT fine-tuned on (claim, post) pairs",1,0.03452
1dafkpi,"CamemBERT fine-tuned on (claim, post) pairs",1,0.03331
1daz7gt,"CamemBERT fine-tuned on (claim, post) pairs",1,0.02511
1dbpd5d,"CamemBERT fine-tuned on (claim, post) pairs",1,0.0334
1dbt8zf,"CamemBERT fine-tuned on (claim, post) pairs",1,0.03195
1dc1d9n,"CamemBERT fine-tuned on (claim, post) pairs",1,0.02982
1dce6tz,"CamemBERT fine-tuned on (claim, post) pairs",1,0.06199
1dcf2fh,"CamemBERT fine-tuned on (claim, post) pairs",1,0.03575
1dcgfo1,"CamemBERT fine-tuned on (claim, post) pairs",1,0.03222
1dciusk,"CamemBERT fine-tuned on (claim, post) pairs",1,0.03986
1dczefz,"CamemBERT fine-tuned on (claim, post) pairs",1,0.05161
1dd6thg,"CamemBERT fine-tuned on (claim, post) pairs",1,0.0325
1ddi96d,"CamemBERT fine-tuned on (claim, post) pairs",1,0.03598
1de040h,"CamemBERT fine-tuned on (claim, post) pairs",1,0.0325
1debgw2,"CamemBERT fine-tuned on (claim, post) pairs",1,0.03381
1deh5x0,"CamemBERT fine-tuned on (claim, post) pairs",1,0.03353
1df1ij1,"CamemBERT fine-tuned on (claim, post) pairs",1,0.03241
1dfjxkf,"CamemBERT fine-tuned on (claim, post) pairs",1,0.03293
1dfuspz,"CamemBERT fine-tuned on (claim, post) pairs",1,0.03305
1dg0yts,"CamemBERT fine-tuned on (claim, post) pairs",1,0.03287
1dgbnph,"CamemBERT fine-tuned on (claim, post) pairs",1,0.03231
1dgfoey,"CamemBERT fine-tuned on (claim, post) pairs",1,0.03315
1dgk657,"CamemBERT fine-tuned on (claim, post) pairs",1,0.34081
1dgwae8,"CamemBERT fine-tuned on (claim, post) pairs",1,0.03362
1dh48f2,"CamemBERT fine-tuned on (claim, post) pairs",1,0.03876
1dhhn6b,"CamemBERT fine-tuned on (claim, post) pairs",1,0.0367
1dhrn9r,"CamemBERT fine-tuned on (claim, post) pairs",1,0.03241
1dhvl4n,"CamemBERT fine-tuned on (claim, post) pairs",1,0.04616
1dhvt8s,"CamemBERT fine-tuned on (claim, post) pairs",1,0.03475
1dikv20,"CamemBERT fine-tuned on (claim, post) pairs",1,0.03622
1dil8h2,"CamemBERT fine-tuned on (claim, post) pairs",1,0.03334
1dj28yd,"CamemBERT fine-tuned on (claim, post) pairs",1,0.03472
1dkbozg,"CamemBERT fine-tuned on (claim, post) pairs",1,0.04672
1dkdkms,"CamemBERT fine-tuned on (claim, post) pairs",1,0.0476
1dkl9d9,"CamemBERT fine-tuned on (claim, post) pairs",1,0.0576
1dkmhn1,"CamemBERT fine-tuned on (claim, post) pairs",1,0.03309
1dkzwoh,"CamemBERT fine-tuned on (claim, post) pairs",1,0.03736
1dlchla,"CamemBERT fine-tuned on (claim, post) pairs",1,0.03346
1dlu8wq,"CamemBERT fine-tuned on (claim, post) pairs",1,0.03653
1dm1xlr,"CamemBERT fine-tuned on (claim, post) pairs",1,0.04272
1dnlrek,"CamemBERT fine-tuned on (claim, post) pairs",1,0.03747
1dny95b,"CamemBERT fine-tuned on (claim, post) pairs",1,0.03334
1do0zun,"CamemBERT fine-tuned on (claim, post) pairs",1,0.03044
1do8npk,"CamemBERT fine-tuned on (claim, post) pairs",1,0.12294
1doah2p,"CamemBERT fine-tuned on (claim, post) pairs",1,0.0341
1dobijv,"CamemBERT fine-tuned on (claim, post) pairs",1,0.03779
1dosoob,"CamemBERT fine-tuned on (claim, post) pairs",1,0.03293
1dp6x90,"CamemBERT fine-tuned on (claim, post) pairs",1,0.0686
1dp7lq4,"CamemBERT fine-tuned on (claim, post) pairs",1,0.03793
1dpf9h8,"CamemBERT fine-tuned on (claim, post) pairs",1,0.03643
1dpmd6j,"CamemBERT fine-tuned on (claim, post) pairs",1,0.03994
1dpt4w3,"CamemBERT fine-tuned on (claim, post) pairs",1,0.05161
1dq0rm2,"CamemBERT fine-tuned on (claim, post) pairs",1,0.10772
1dqj6mf,"CamemBERT fine-tuned on (claim, post) pairs",1,0.03729
1dr7p6o,"CamemBERT fine-tuned on (claim, post) pairs",1,0.03281
1drbfvz,"CamemBERT fine-tuned on (claim, post) pairs",1,0.02515
1ds7f7r,"CamemBERT fine-tuned on (claim, post) pairs",1,0.03331
1dslge2,"CamemBERT fine-tuned on (claim, post) pairs",1,0.03378
1dsrb9h,"CamemBERT fine-tuned on (claim, post) pairs",1,0.04353
1dtf4fi,"CamemBERT fine-tuned on (claim, post) pairs",1,0.03356
1dtm3r0,"CamemBERT fine-tuned on (claim, post) pairs",1,0.03433
1dtx7p4,"CamemBERT fine-tuned on (claim, post) pairs",1,0.06142
1du768r,"CamemBERT fine-tuned on (claim, post) pairs",1,0.03404
1dukqf3,"CamemBERT fine-tuned on (claim, post) pairs",1,0.03894
1dv6hry,"CamemBERT fine-tuned on (claim, post) pairs",1,0.03561
1dv87gw,"CamemBERT fine-tuned on (claim, post) pairs",1,0.04345
1dv89kh,"CamemBERT fine-tuned on (claim, post) pairs",1,0.03865
1dxisst,"CamemBERT fine-tuned on (claim, post) pairs",1,0.03442
1dy24o5,"CamemBERT fine-tuned on (claim, post) pairs",1,0.0325
1dywnc4,"CamemBERT fine-tuned on (claim, post) pairs",1,0.0301
1dzt80b,"CamemBERT fine-tuned on (claim, post) pairs",1,0.04001
1e0hgnf,"CamemBERT fine-tuned on (claim, post) pairs",1,0.07146
1e1bu76,"CamemBERT fine-tuned on (claim, post) pairs",1,0.03468
1e1iz84,"CamemBERT fine-tuned on (claim, post) pairs",1,0.0342
1e1j4d9,"CamemBERT fine-tuned on (claim, post) pairs",1,0.13274
1e3s5hh,"CamemBERT fine-tuned on (claim, post) pairs",1,0.03501
1e4ks0l,"CamemBERT fine-tuned on (claim, post) pairs",1,0.03234
1e4n0px,"CamemBERT fine-tuned on (claim, post) pairs",1,0.03305
1e4pzmv,"CamemBERT fine-tuned on (claim, post) pairs",1,0.0389
1e4qpix,"CamemBERT fine-tuned on (claim, post) pairs",1,0.04603
1e5ci39,"CamemBERT fine-tuned on (claim, post) pairs",1,0.04721
1e5htqp,"CamemBERT fine-tuned on (claim, post) pairs",1,0.06549
1e5ok5h,"CamemBERT fine-tuned on (claim, post) pairs",1,0.05085
1e67ex8,"CamemBERT fine-tuned on (claim, post) pairs",1,0.0795
1e6gxpc,"CamemBERT fine-tuned on (claim, post) pairs",1,0.06171
1e787n6,"CamemBERT fine-tuned on (claim, post) pairs",1,0.03225
1e81mgl,"CamemBERT fine-tuned on (claim, post) pairs",1,0.06371
1e8v02c,"CamemBERT fine-tuned on (claim, post) pairs",1,0.05455
1e8z7xp,"CamemBERT fine-tuned on (claim, post) pairs",1,0.03472
1e9k9a7,"CamemBERT fine-tuned on (claim, post) pairs",1,0.03649
1eahmzg,"CamemBERT fine-tuned on (claim, post) pairs",1,0.03019
1eauomt,"CamemBERT fine-tuned on (claim, post) pairs",1,0.03433
1eaxfbq,"CamemBERT fine-tuned on (claim, post) pairs",1,0.04514
1ebpsok,"CamemBERT fine-tuned on (claim, post) pairs",1,0.06371
1ebs243,"CamemBERT fine-tuned on (claim, post) pairs",1,0.02518
1ebtarw,"CamemBERT fine-tuned on (claim, post) pairs",1,0.02504
1ec19f9,"CamemBERT fine-tuned on (claim, post) pairs",1,0.04603
1ecryfs,"CamemBERT fine-tuned on (claim, post) pairs",1,0.05375
1edaz1f,"CamemBERT fine-tuned on (claim, post) pairs",1,0.09921
1eddctw,"CamemBERT fine-tuned on (claim, post) pairs",1,0.03729
1ee6eul,"CamemBERT fine-tuned on (claim, post) pairs",1,0.06669
1ee7svn,"CamemBERT fine-tuned on (claim, post) pairs",1,0.04284
1eevmh5,"CamemBERT fine-tuned on (claim, post) pairs",1,0.03571
1ef3cq1,"CamemBERT fine-tuned on (claim, post) pairs",1,0.05218
1efayex,"CamemBERT fine-tuned on (claim, post) pairs",1,0.0743
1efnhye,"CamemBERT fine-tuned on (claim, post) pairs",1,0.05465
1efsnxh,"CamemBERT fine-tuned on (claim, post) pairs",1,0.04977
1eftexl,"CamemBERT fine-tuned on (claim, post) pairs",1,0.04361
1efuetm,"CamemBERT fine-tuned on (claim, post) pairs",1,0.04447
1efwjrz,"CamemBERT fine-tuned on (claim, post) pairs",1,0.03475
1eg7v4g,"CamemBERT fine-tuned on (claim, post) pairs",1,0.0441
1eggnu9,"CamemBERT fine-tuned on (claim, post) pairs",1,0.04451
1eggq7w,"CamemBERT fine-tuned on (claim, post) pairs",1,0.03375
1ehg8fx,"CamemBERT fine-tuned on (claim, post) pairs",1,0.06645
1ehn3st,"CamemBERT fine-tuned on (claim, post) pairs",1,0.10961
1ei3rkv,"CamemBERT fine-tuned on (claim, post) pairs",1,0.04138
1ej1snr,"CamemBERT fine-tuned on (claim, post) pairs",1,0.0366
1ejbu1m,"CamemBERT fine-tuned on (claim, post) pairs",1,0.03949
1ejuwk0,"CamemBERT fine-tuned on (claim, post) pairs",1,0.04028
1ek47ig,"CamemBERT fine-tuned on (claim, post) pairs",1,0.05475
1ekjjwe,"CamemBERT fine-tuned on (claim, post) pairs",1,0.0399
1elarbx,"CamemBERT fine-tuned on (claim, post) pairs",1,0.07231
1elhpc6,"CamemBERT fine-tuned on (claim, post) pairs",1,0.04427
1elhzdn,"CamemBERT fine-tuned on (claim, post) pairs",1,0.02596
1encwnm,"CamemBERT fine-tuned on (claim, post) pairs",1,0.04481
1eny8p8,"CamemBERT fine-tuned on (claim, post) pairs",1,0.09527
1eo4eta,"CamemBERT fine-tuned on (claim, post) pairs",1,0.03722
1ep2jor,"CamemBERT fine-tuned on (claim, post) pairs",1,0.04982
1epnvej,"CamemBERT fine-tuned on (claim, post) pairs",1,0.03378
1epo7f9,"CamemBERT fine-tuned on (claim, post) pairs",1,0.02984
1eptigv,"CamemBERT fine-tuned on (claim, post) pairs",1,0.03632
1eqbcee,"CamemBERT fine-tuned on (claim, post) pairs",1,0.05867
1eqr741,"CamemBERT fine-tuned on (claim, post) pairs",1,0.02636
1er84xt,"CamemBERT fine-tuned on (claim, post) pairs",1,0.0389
1eyhz0x,"CamemBERT fine-tuned on (claim, post) pairs",1,0.18083
1ezcfgb,"CamemBERT fine-tuned on (claim, post) pairs",1,0.03538
1f1l3cv,"CamemBERT fine-tuned on (claim, post) pairs",1,0.03548
1f3443m,"CamemBERT fine-tuned on (claim, post) pairs",1,0.02965
1f4b5wr,"CamemBERT fine-tuned on (claim, post) pairs",1,0.02513
1f4wdfl,"CamemBERT fine-tuned on (claim, post) pairs",1,0.29793
1f6jwov,"CamemBERT fine-tuned on (claim, post) pairs",1,0.05541
1f6pvnp,"CamemBERT fine-tuned on (claim, post) pairs",1,0.05286
1f72a4j,"CamemBERT fine-tuned on (claim, post) pairs",1,0.02537
1f9k578,"CamemBERT fine-tuned on (claim, post) pairs",1,0.0299
1fbxury,"CamemBERT fine-tuned on (claim, post) pairs",1,0.03274
1fcv2tf,"CamemBERT fine-tuned on (claim, post) pairs",1,0.03222
1fd8o6t,"CamemBERT fine-tuned on (claim, post) pairs",1,0.04127
1feub3j,"CamemBERT fine-tuned on (claim, post) pairs",1,0.11707
1fhyjl8,"CamemBERT fine-tuned on (claim, post) pairs",1,0.03362
1fks6e4,"CamemBERT fine-tuned on (claim, post) pairs",1,0.0518
1fl5s5s,"CamemBERT fine-tuned on (claim, post) pairs",1,0.03804
1fl6mcl,"CamemBERT fine-tuned on (claim, post) pairs",1,0.14554
1foxbds,"CamemBERT fine-tuned on (claim, post) pairs",1,0.04166
1fp03ct,"CamemBERT fine-tuned on (claim, post) pairs",1,0.03073
1fp880l,"CamemBERT fine-tuned on (claim, post) pairs",1,0.03595
1fpxjmh,"CamemBERT fine-tuned on (claim, post) pairs",1,0.03608
1fsplqe,"CamemBERT fine-tuned on (claim, post) pairs",1,0.04991
1ft3bdf,"CamemBERT fine-tuned on (claim, post) pairs",1,0.02987
1ft7qo3,"CamemBERT fine-tuned on (claim, post) pairs",1,0.06495
1fv7cc5,"CamemBERT fine-tuned on (claim, post) pairs",1,0.03524
1fy3t6h,"CamemBERT fine-tuned on (claim, post) pairs",1,0.03171
1fzrqe1,"CamemBERT fine-tuned on (claim, post) pairs",1,0.02518
1fztvth,"CamemBERT fine-tuned on (claim, post) pairs",1,0.03144
1g0ca1k,"CamemBERT fine-tuned on (claim, post) pairs",1,0.63375
1g13egl,"CamemBERT fine-tuned on (claim, post) pairs",1,0.45264
1g2zhjt,"CamemBERT fine-tuned on (claim, post) pairs",1,0.0612
1g3a6yi,"CamemBERT fine-tuned on (claim, post) pairs",1,0.0334
1g48b3h,"CamemBERT fine-tuned on (claim, post) pairs",1,0.08487
1g4wao0,"CamemBERT fine-tuned on (claim, post) pairs",1,0.2645
1g5ln0v,"CamemBERT fine-tuned on (claim, post) pairs",1,0.03832
1g6cqni,"CamemBERT fine-tuned on (claim, post) pairs",1,0.05485
1g83j28,"CamemBERT fine-tuned on (claim, post) pairs",1,0.03861
1g8myad,"CamemBERT fine-tuned on (claim, post) pairs",1,0.75491
1g8qt3a,"CamemBERT fine-tuned on (claim, post) pairs",1,0.03305
1g9eloj,"CamemBERT fine-tuned on (claim, post) pairs",1,0.03528
1g9hlg9,"CamemBERT fine-tuned on (claim, post) pairs",1,0.03677
1gagde0,"CamemBERT fine-tuned on (claim, post) pairs",1,0.03712
1gaxvyj,"CamemBERT fine-tuned on (claim, post) pairs",1,0.02954
1gbv39k,"CamemBERT fine-tuned on (claim, post) pairs",1,0.03602
1gc5enm,"CamemBERT fine-tuned on (claim, post) pairs",1,0.03253
1gdha3r,"CamemBERT fine-tuned on (claim, post) pairs",1,0.04814
1gdz53k,"CamemBERT fine-tuned on (claim, post) pairs",1,0.18975
1ggftpo,"CamemBERT fine-tuned on (claim, post) pairs",1,0.03404
1ggjlxr,"CamemBERT fine-tuned on (claim, post) pairs",1,0.04312
1gh1x3r,"CamemBERT fine-tuned on (claim, post) pairs",1,0.0396
1gk5aqh,"CamemBERT fine-tuned on (claim, post) pairs",1,0.05797
1gktp3b,"CamemBERT fine-tuned on (claim, post) pairs",1,0.03327
1gluet4,"CamemBERT fine-tuned on (claim, post) pairs",1,0.10457
1gmcgh7,"CamemBERT fine-tuned on (claim, post) pairs",1,0.02596
1gn8qpg,"CamemBERT fine-tuned on (claim, post) pairs",1,0.0303
1gozh3k,"CamemBERT fine-tuned on (claim, post) pairs",1,0.03465
1gpv0ke,"CamemBERT fine-tuned on (claim, post) pairs",1,0.02515
1gq95wb,"CamemBERT fine-tuned on (claim, post) pairs",1,0.05899
1gq9vso,"CamemBERT fine-tuned on (claim, post) pairs",1,0.05118
1gqkobf,"CamemBERT fine-tuned on (claim, post) pairs",1,0.03508
1gsmqzu,"CamemBERT fine-tuned on (claim, post) pairs",1,0.07565
1gusx02,"CamemBERT fine-tuned on (claim, post) pairs",1,0.03436
1gut8f7,"CamemBERT fine-tuned on (claim, post) pairs",1,0.03705
1gvuolb,"CamemBERT fine-tuned on (claim, post) pairs",1,0.03228
1gwgfse,"CamemBERT fine-tuned on (claim, post) pairs",1,0.03274
1h0naf9,"CamemBERT fine-tuned on (claim, post) pairs",1,0.60996
1h0yeip,"CamemBERT fine-tuned on (claim, post) pairs",1,0.03764
1h148x3,"CamemBERT fine-tuned on (claim, post) pairs",1,0.03296
1h1agmg,"CamemBERT fine-tuned on (claim, post) pairs",1,0.03554
1h43ail,"CamemBERT fine-tuned on (claim, post) pairs",1,0.03482
1h50c4x,"CamemBERT fine-tuned on (claim, post) pairs",1,0.03854
1h5ujg5,"CamemBERT fine-tuned on (claim, post) pairs",1,0.04361
1h6c44o,"CamemBERT fine-tuned on (claim, post) pairs",1,0.0334
1h6jsfq,"CamemBERT fine-tuned on (claim, post) pairs",1,0.03429
1ha5uf5,"CamemBERT fine-tuned on (claim, post) pairs",1,0.02532
1ha7mzh,"CamemBERT fine-tuned on (claim, post) pairs",1,0.03455
1hapzx9,"CamemBERT fine-tuned on (claim, post) pairs",1,0.03898
1hb5l6u,"CamemBERT fine-tuned on (claim, post) pairs",1,0.19338
1hbp8gi,"CamemBERT fine-tuned on (claim, post) pairs",1,0.03938
1hc3gcw,"CamemBERT fine-tuned on (claim, post) pairs",1,0.05277
1hc46hu,"CamemBERT fine-tuned on (claim, post) pairs",1,0.06371
1hcu28q,"CamemBERT fine-tuned on (claim, post) pairs",1,0.02475
1hdaa42,"CamemBERT fine-tuned on (claim, post) pairs",1,0.0341
1hdi0kn,"CamemBERT fine-tuned on (claim, post) pairs",1,0.03277
1hfhac4,"CamemBERT fine-tuned on (claim, post) pairs",1,0.0253
1hfikff,"CamemBERT fine-tuned on (claim, post) pairs",1,0.05306
1hgjn5n,"CamemBERT fine-tuned on (claim, post) pairs",1,0.03462
1hhbyvd,"CamemBERT fine-tuned on (claim, post) pairs",1,0.12205
1hin2h3,"CamemBERT fine-tuned on (claim, post) pairs",1,0.03646
1hj9s5a,"CamemBERT fine-tuned on (claim, post) pairs",1,0.03625
1hjdevb,"CamemBERT fine-tuned on (claim, post) pairs",1,0.0299
1hmltqw,"CamemBERT fine-tuned on (claim, post) pairs",1,0.04608
1hnndcr,"CamemBERT fine-tuned on (claim, post) pairs",1,0.03459
1ho8n68,"CamemBERT fine-tuned on (claim, post) pairs",1,0.03416
1hqhe8n,"CamemBERT fine-tuned on (claim, post) pairs",1,0.03068
1hr82n0,"CamemBERT fine-tuned on (claim, post) pairs",1,0.03722
1hrsn74,"CamemBERT fine-tuned on (claim, post) pairs",1,0.02611
1htc6ow,"CamemBERT fine-tuned on (claim, post) pairs",1,0.03619
1htczxo,"CamemBERT fine-tuned on (claim, post) pairs",1,0.02962
1hufee1,"CamemBERT fine-tuned on (claim, post) pairs",1,0.0292
1hvo0zx,"CamemBERT fine-tuned on (claim, post) pairs",1,0.03284
1hvpi1h,"CamemBERT fine-tuned on (claim, post) pairs",1,0.02547
1hvq823,"CamemBERT fine-tuned on (claim, post) pairs",1,0.03927
1hwi09l,"CamemBERT fine-tuned on (claim, post) pairs",1,0.03541
1hx8pwq,"CamemBERT fine-tuned on (claim, post) pairs",1,0.03237
1hx8x8q,"CamemBERT fine-tuned on (claim, post) pairs",1,0.79827
1hxbe2s,"CamemBERT fine-tuned on (claim, post) pairs",1,0.05137
1hxxy5b,"CamemBERT fine-tuned on (claim, post) pairs",1,0.03898
1hy04tq,"CamemBERT fine-tuned on (claim, post) pairs",1,0.02525
1hyg0l8,"CamemBERT fine-tuned on (claim, post) pairs",1,0.03843
1hyiyks,"CamemBERT fine-tuned on (claim, post) pairs",1,0.03894
1hyzp7t,"CamemBERT fine-tuned on (claim, post) pairs",1,0.02527
1i0covs,"CamemBERT fine-tuned on (claim, post) pairs",1,0.03433
1i11ann,"CamemBERT fine-tuned on (claim, post) pairs",1,0.03397
1i11tx2,"CamemBERT fine-tuned on (claim, post) pairs",1,0.03065
1i1glkr,"CamemBERT fine-tuned on (claim, post) pairs",1,0.03024
1i3a84e,"CamemBERT fine-tuned on (claim, post) pairs",1,0.02466
1i3deqt,"CamemBERT fine-tuned on (claim, post) pairs",1,0.02968
1i3do0y,"CamemBERT fine-tuned on (claim, post) pairs",1,0.02492
1i5m6qi,"CamemBERT fine-tuned on (claim, post) pairs",1,0.03677
1i66ogv,"CamemBERT fine-tuned on (claim, post) pairs",1,0.03649
1i7yh9h,"CamemBERT fine-tuned on (claim, post) pairs",1,0.03646
1i81a29,"CamemBERT fine-tuned on (claim, post) pairs",1,0.03262
1i81gdj,"CamemBERT fine-tuned on (claim, post) pairs",1,0.03558
1i8sbuw,"CamemBERT fine-tuned on (claim, post) pairs",1,0.0329
1i8vrzn,"CamemBERT fine-tuned on (claim, post) pairs",1,0.04369
1iaef4b,"CamemBERT fine-tuned on (claim, post) pairs",1,0.04031
1ib5egz,"CamemBERT fine-tuned on (claim, post) pairs",1,0.02482
1ic7jen,"CamemBERT fine-tuned on (claim, post) pairs",1,0.04472
1icbj4w,"CamemBERT fine-tuned on (claim, post) pairs",1,0.08969
1id18ec,"CamemBERT fine-tuned on (claim, post) pairs",1,0.0548
1ie7byj,"CamemBERT fine-tuned on (claim, post) pairs",1,0.03315
1if751o,"CamemBERT fine-tuned on (claim, post) pairs",1,0.0392
1ifzfhj,"CamemBERT fine-tuned on (claim, post) pairs",1,0.03262
1igmw0o,"CamemBERT fine-tuned on (claim, post) pairs",1,0.03564
1igqw7t,"CamemBERT fine-tuned on (claim, post) pairs",1,0.03312
1ihpo79,"CamemBERT fine-tuned on (claim, post) pairs",1,0.03353
1iixvvo,"CamemBERT fine-tuned on (claim, post) pairs",1,0.03554
1ij0hgz,"CamemBERT fine-tuned on (claim, post) pairs",1,0.03804
1ijr7gd,"CamemBERT fine-tuned on (claim, post) pairs",1,0.03293
1ijs5ob,"CamemBERT fine-tuned on (claim, post) pairs",1,0.05238
1ijylle,"CamemBERT fine-tuned on (claim, post) pairs",1,0.08374
1im199p,"CamemBERT fine-tuned on (claim, post) pairs",1,0.03439
1im2tam,"CamemBERT fine-tuned on (claim, post) pairs",1,0.02518
1imwlav,"CamemBERT fine-tuned on (claim, post) pairs",1,0.04284
1in284x,"CamemBERT fine-tuned on (claim, post) pairs",1,0.03541
1inmns6,"CamemBERT fine-tuned on (claim, post) pairs",1,0.03653
1ipadvs,"CamemBERT fine-tuned on (claim, post) pairs",1,0.02542
1ipdkp5,"CamemBERT fine-tuned on (claim, post) pairs",1,0.02579
1iq0dp6,"CamemBERT fine-tuned on (claim, post) pairs",1,0.04431
1iswcqa,"CamemBERT fine-tuned on (claim, post) pairs",1,0.06835
1it0s8n,"CamemBERT fine-tuned on (claim, post) pairs",1,0.03019
1ituppo,"CamemBERT fine-tuned on (claim, post) pairs",1,0.02638
1iuj56b,"CamemBERT fine-tuned on (claim, post) pairs",1,0.04221
1iun1kw,"CamemBERT fine-tuned on (claim, post) pairs",1,0.05835
1iuyk4n,"CamemBERT fine-tuned on (claim, post) pairs",1,0.06418
1iwdhfd,"CamemBERT fine-tuned on (claim, post) pairs",1,0.03719
1iyug40,"CamemBERT fine-tuned on (claim, post) pairs",1,0.43644
1j1rf8d,"CamemBERT fine-tuned on (claim, post) pairs",1,0.02717
1j3jh04,"CamemBERT fine-tuned on (claim, post) pairs",1,0.03388
1j3kjt2,"CamemBERT fine-tuned on (claim, post) pairs",1,0.06216
1j49sfh,"CamemBERT fine-tuned on (claim, post) pairs",1,0.77167
1j5jitq,"CamemBERT fine-tuned on (claim, post) pairs",1,0.03281
1j5ovgx,"CamemBERT fine-tuned on (claim, post) pairs",1,0.03378
1j6lvx0,"CamemBERT fine-tuned on (claim, post) pairs",1,0.04209
1j7uext,"CamemBERT fine-tuned on (claim, post) pairs",1,0.03602
1j7w2rf,"CamemBERT fine-tuned on (claim, post) pairs",1,0.51485
1j9rxig,"CamemBERT fine-tuned on (claim, post) pairs",1,0.03643
1ja0ns4,"CamemBERT fine-tuned on (claim, post) pairs",1,0.03551
1jaa8gs,"CamemBERT fine-tuned on (claim, post) pairs",1,0.03761
1jacozo,"CamemBERT fine-tuned on (claim, post) pairs",1,0.02951
1jbzbnk,"CamemBERT fine-tuned on (claim, post) pairs",1,0.03459
1jc8doo,"CamemBERT fine-tuned on (claim, post) pairs",1,0.03588
1jcudse,"CamemBERT fine-tuned on (claim, post) pairs",1,0.04292
1jee6nr,"CamemBERT fine-tuned on (claim, post) pairs",1,0.02561
1jim3gj,"CamemBERT fine-tuned on (claim, post) pairs",1,0.04738
1jkcw2a,"CamemBERT fine-tuned on (claim, post) pairs",1,0.0334
1jl0adx,"CamemBERT fine-tuned on (claim, post) pairs",1,0.11057
1jlc1df,"CamemBERT fine-tuned on (claim, post) pairs",1,0.03653
1jmjhz5,"CamemBERT fine-tuned on (claim, post) pairs",1,0.90624
1jmkx80,"CamemBERT fine-tuned on (claim, post) pairs",1,0.04276
1jn90x9,"CamemBERT fine-tuned on (claim, post) pairs",1,0.03754
1jnlz07,"CamemBERT fine-tuned on (claim, post) pairs",1,0.06383
1jnyt37,"CamemBERT fine-tuned on (claim, post) pairs",1,0.04996
1jnzdy2,"CamemBERT fine-tuned on (claim, post) pairs",1,0.02508
1jnzub5,"CamemBERT fine-tuned on (claim, post) pairs",1,0.03887
1jo0i7v,"CamemBERT fine-tuned on (claim, post) pairs",1,0.04244
1jo10t9,"CamemBERT fine-tuned on (claim, post) pairs",1,0.03789
1jo28i9,"CamemBERT fine-tuned on (claim, post) pairs",1,0.03814
1jo46y3,"CamemBERT fine-tuned on (claim, post) pairs",1,0.03847
1jo83tu,"CamemBERT fine-tuned on (claim, post) pairs",1,0.04506
1joad9b,"CamemBERT fine-tuned on (claim, post) pairs",1,0.03534
1jocksy,"CamemBERT fine-tuned on (claim, post) pairs",1,0.03639
1joneqw,"CamemBERT fine-tuned on (claim, post) pairs",1,0.038
1joq4h3,"CamemBERT fine-tuned on (claim, post) pairs",1,0.0517
1jp23rz,"CamemBERT fine-tuned on (claim, post) pairs",1,0.03764
1jphe7w,"CamemBERT fine-tuned on (claim, post) pairs",1,0.03876
1jpkvyf,"CamemBERT fine-tuned on (claim, post) pairs",1,0.04119
1jpl22e,"CamemBERT fine-tuned on (claim, post) pairs",1,0.03883
1jpmasw,"CamemBERT fine-tuned on (claim, post) pairs",1,0.03931
1jpp80q,"CamemBERT fine-tuned on (claim, post) pairs",1,0.81975
1jprt1e,"CamemBERT fine-tuned on (claim, post) pairs",1,0.03729
1jpv8vq,"CamemBERT fine-tuned on (claim, post) pairs",1,0.03905
1jqqtde,"CamemBERT fine-tuned on (claim, post) pairs",1,0.06103
1jr5577,"CamemBERT fine-tuned on (claim, post) pairs",1,0.03945
1jr688z,"CamemBERT fine-tuned on (claim, post) pairs",1,0.03908
1jrafld,"CamemBERT fine-tuned on (claim, post) pairs",1,0.04232
1js7lsl,"CamemBERT fine-tuned on (claim, post) pairs",1,0.04229
1jsr12u,"CamemBERT fine-tuned on (claim, post) pairs",1,0.03629
1jsutxx,"CamemBERT fine-tuned on (claim, post) pairs",1,0.04073
1jtd9pp,"CamemBERT fine-tuned on (claim, post) pairs",1,0.03465
1juze39,"CamemBERT fine-tuned on (claim, post) pairs",1,0.04058
1jv1432,"CamemBERT fine-tuned on (claim, post) pairs",1,0.03495
1jv1tpc,"CamemBERT fine-tuned on (claim, post) pairs",1,0.038
1jw3g0e,"CamemBERT fine-tuned on (claim, post) pairs",1,0.03643
1jye6fe,"CamemBERT fine-tuned on (claim, post) pairs",1,0.0325
1k1itoj,"CamemBERT fine-tuned on (claim, post) pairs",1,0.03508
1k27tg8,"CamemBERT fine-tuned on (claim, post) pairs",1,0.03337
1k27uxd,"CamemBERT fine-tuned on (claim, post) pairs",1,0.04328
1k2m4vs,"CamemBERT fine-tuned on (claim, post) pairs",1,0.37356
1k2u7y8,"CamemBERT fine-tuned on (claim, post) pairs",1,0.05247
1k54kf0,"CamemBERT fine-tuned on (claim, post) pairs",1,0.03024
1k5569e,"CamemBERT fine-tuned on (claim, post) pairs",1,0.03426
1k5bkkx,"CamemBERT fine-tuned on (claim, post) pairs",1,0.03687
1k643iq,"CamemBERT fine-tuned on (claim, post) pairs",1,0.04922
1k7w1j5,"CamemBERT fine-tuned on (claim, post) pairs",1,0.04345
1k9ry0u,"CamemBERT fine-tuned on (claim, post) pairs",1,0.03044
1k9xhcs,"CamemBERT fine-tuned on (claim, post) pairs",1,0.05066
1ka6v47,"CamemBERT fine-tuned on (claim, post) pairs",1,0.03365
1kamfwx,"CamemBERT fine-tuned on (claim, post) pairs",1,0.0566
1katfve,"CamemBERT fine-tuned on (claim, post) pairs",1,0.88334
1kcy87o,"CamemBERT fine-tuned on (claim, post) pairs",1,0.03225
1ke82uh,"CamemBERT fine-tuned on (claim, post) pairs",1,0.03876
1kl7twc,"CamemBERT fine-tuned on (claim, post) pairs",1,0.02576
1klgqeh,"CamemBERT fine-tuned on (claim, post) pairs",1,0.0341
1klipsg,"CamemBERT fine-tuned on (claim, post) pairs",1,0.02968
1km8ijo,"CamemBERT fine-tuned on (claim, post) pairs",1,0.03372
1kmda67,"CamemBERT fine-tuned on (claim, post) pairs",1,0.03423
1kmfoup,"CamemBERT fine-tuned on (claim, post) pairs",1,0.02717
1knvqry,"CamemBERT fine-tuned on (claim, post) pairs",1,0.03508
1ko25wn,"CamemBERT fine-tuned on (claim, post) pairs",1,0.03299
1ko7oem,"CamemBERT fine-tuned on (claim, post) pairs",1,0.02535
1kpd8dv,"CamemBERT fine-tuned on (claim, post) pairs",1,0.03649
1kq99jd,"CamemBERT fine-tuned on (claim, post) pairs",1,0.03514
1kqd8xa,"CamemBERT fine-tuned on (claim, post) pairs",1,0.0329
1krcbyz,"CamemBERT fine-tuned on (claim, post) pairs",1,0.02694
1kthgc8,"CamemBERT fine-tuned on (claim, post) pairs",1,0.03591
1ktj5x9,"CamemBERT fine-tuned on (claim, post) pairs",1,0.03327
1kttop0,"CamemBERT fine-tuned on (claim, post) pairs",1,0.02513
1kuag2w,"CamemBERT fine-tuned on (claim, post) pairs",1,0.02518
1kvobxy,"CamemBERT fine-tuned on (claim, post) pairs",1,0.02987
1kvzwfx,"CamemBERT fine-tuned on (claim, post) pairs",1,0.02979
1kwlwe8,"CamemBERT fine-tuned on (claim, post) pairs",1,0.03007
1kwtd72,"CamemBERT fine-tuned on (claim, post) pairs",1,0.03554
1kxdu77,"CamemBERT fine-tuned on (claim, post) pairs",1,0.02511
1kz19te,"CamemBERT fine-tuned on (claim, post) pairs",1,0.08694
1kzwmx8,"CamemBERT fine-tuned on (claim, post) pairs",1,0.04468
1l1c7i0,"CamemBERT fine-tuned on (claim, post) pairs",1,0.03204
1l29u95,"CamemBERT fine-tuned on (claim, post) pairs",1,0.03588
1l2kjvv,"CamemBERT fine-tuned on (claim, post) pairs",1,0.03365
1l3178n,"CamemBERT fine-tuned on (claim, post) pairs",1,0.04232
1l3cown,"CamemBERT fine-tuned on (claim, post) pairs",1,0.11172
1l46ruf,"CamemBERT fine-tuned on (claim, post) pairs",1,0.0299
1l47zya,"CamemBERT fine-tuned on (claim, post) pairs",1,0.37465
1l72s05,"CamemBERT fine-tuned on (claim, post) pairs",1,0.05209
1l7se5k,"CamemBERT fine-tuned on (claim, post) pairs",1,0.02513
1l80rbv,"CamemBERT fine-tuned on (claim, post) pairs",1,0.03712
1l8216k,"CamemBERT fine-tuned on (claim, post) pairs",1,0.04398
1l87zf2,"CamemBERT fine-tuned on (claim, post) pairs",1,0.03561
1l90tcf,"CamemBERT fine-tuned on (claim, post) pairs",1,0.07921
1l9u2my,"CamemBERT fine-tuned on (claim, post) pairs",1,0.03465
1lbumx0,"CamemBERT fine-tuned on (claim, post) pairs",1,0.29498
1lbz6gz,"CamemBERT fine-tuned on (claim, post) pairs",1,0.02566
1ldh464,"CamemBERT fine-tuned on (claim, post) pairs",1,0.0252
1lfvi3m,"CamemBERT fine-tuned on (claim, post) pairs",1,0.04964
1lfxh0w,"CamemBERT fine-tuned on (claim, post) pairs",1,0.02477
1lfyerd,"CamemBERT fine-tuned on (claim, post) pairs",1,0.2317
1lg8edj,"CamemBERT fine-tuned on (claim, post) pairs",1,0.03521
1lgssgk,"CamemBERT fine-tuned on (claim, post) pairs",1,0.02887
1lhh86x,"CamemBERT fine-tuned on (claim, post) pairs",1,0.03016
1lhl4ii,"CamemBERT fine-tuned on (claim, post) pairs",1,0.03174
1lhr2qg,"CamemBERT fine-tuned on (claim, post) pairs",1,0.03277
1lidzfg,"CamemBERT fine-tuned on (claim, post) pairs",1,0.03931
1lihtgy,"CamemBERT fine-tuned on (claim, post) pairs",1,0.03013
1lj94fo,"CamemBERT fine-tuned on (claim, post) pairs",1,0.04142
1ljio9k,"CamemBERT fine-tuned on (claim, post) pairs",1,0.11066
1lk22jw,"CamemBERT fine-tuned on (claim, post) pairs",1,0.04166
1lktm2h,"CamemBERT fine-tuned on (claim, post) pairs",1,0.07114
1lkvd8l,"CamemBERT fine-tuned on (claim, post) pairs",1,0.0375
1lkvwgy,"CamemBERT fine-tuned on (claim, post) pairs",1,0.05786
1ll3qvg,"CamemBERT fine-tuned on (claim, post) pairs",1,0.03854
1ll5ke3,"CamemBERT fine-tuned on (claim, post) pairs",1,0.06401
1lltmwj,"CamemBERT fine-tuned on (claim, post) pairs",1,0.15856
1lnaa3b,"CamemBERT fine-tuned on (claim, post) pairs",1,0.04065
1lnkdjr,"CamemBERT fine-tuned on (claim, post) pairs",1,0.05321
1lnl6nc,"CamemBERT fine-tuned on (claim, post) pairs",1,0.03381
1lo23v1,"CamemBERT fine-tuned on (claim, post) pairs",1,0.02535
1loaoov,"CamemBERT fine-tuned on (claim, post) pairs",1,0.08419
1loembe,"CamemBERT fine-tuned on (claim, post) pairs",1,0.04039
1lomeea,"CamemBERT fine-tuned on (claim, post) pairs",1,0.03449
1louyid,"CamemBERT fine-tuned on (claim, post) pairs",1,0.03042
1loz2kf,"CamemBERT fine-tuned on (claim, post) pairs",1,0.02537
1lpilhq,"CamemBERT fine-tuned on (claim, post) pairs",1,0.03318
1lpr0n6,"CamemBERT fine-tuned on (claim, post) pairs",1,0.05702
1lpsj7n,"CamemBERT fine-tuned on (claim, post) pairs",1,0.0439
1lpztio,"CamemBERT fine-tuned on (claim, post) pairs",1,0.04489
1lqaa0q,"CamemBERT fine-tuned on (claim, post) pairs",1,0.05819
1lqpgq1,"CamemBERT fine-tuned on (claim, post) pairs",1,0.03287
1lqu21x,"CamemBERT fine-tuned on (claim, post) pairs",1,0.03439
1lreoc5,"CamemBERT fine-tuned on (claim, post) pairs",1,0.03394
1lrhamx,"CamemBERT fine-tuned on (claim, post) pairs",1,0.11231
1lrl3rm,"CamemBERT fine-tuned on (claim, post) pairs",1,0.03602
1lrpzay,"CamemBERT fine-tuned on (claim, post) pairs",1,0.03485
1ls2kso,"CamemBERT fine-tuned on (claim, post) pairs",1,0.03219
1ls7ybf,"CamemBERT fine-tuned on (claim, post) pairs",1,0.03327
1ltn316,"CamemBERT fine-tuned on (claim, post) pairs",1,0.0374
1lttu2k,"CamemBERT fine-tuned on (claim, post) pairs",1,0.03485
1lumn3f,"CamemBERT fine-tuned on (claim, post) pairs",1,0.03287
1luug1d,"CamemBERT fine-tuned on (claim, post) pairs",1,0.04058
1lvbkkb,"CamemBERT fine-tuned on (claim, post) pairs",1,0.2053
1lvhasv,"CamemBERT fine-tuned on (claim, post) pairs",1,0.03561
1lvq9jg,"CamemBERT fine-tuned on (claim, post) pairs",1,0.04544
1lws0nc,"CamemBERT fine-tuned on (claim, post) pairs",1,0.02979
1lxsvbn,"CamemBERT fine-tuned on (claim, post) pairs",1,0.03247
1lxwxac,"CamemBERT fine-tuned on (claim, post) pairs",1,0.54548
1lxxudv,"CamemBERT fine-tuned on (claim, post) pairs",1,0.03378
1lxzhs4,"CamemBERT fine-tuned on (claim, post) pairs",1,0.02976
1lz4t29,"CamemBERT fine-tuned on (claim, post) pairs",1,0.03931
1lzbd5g,"CamemBERT fine-tuned on (claim, post) pairs",1,0.03622
1m0ckky,"CamemBERT fine-tuned on (claim, post) pairs",1,0.03498
1m0mcfn,"CamemBERT fine-tuned on (claim, post) pairs",1,0.03247
1m0pqg1,"CamemBERT fine-tuned on (claim, post) pairs",1,0.0252
1m183tv,"CamemBERT fine-tuned on (claim, post) pairs",1,0.03465
1m2964x,"CamemBERT fine-tuned on (claim, post) pairs",1,0.04968
1m34eik,"CamemBERT fine-tuned on (claim, post) pairs",1,0.03462
1m3pnm5,"CamemBERT fine-tuned on (claim, post) pairs",1,0.03372
1m4f1wx,"CamemBERT fine-tuned on (claim, post) pairs",1,0.04058
1m4iult,"CamemBERT fine-tuned on (claim, post) pairs",1,0.03979
1m4m9rz,"CamemBERT fine-tuned on (claim, post) pairs",1,0.38283
1m4yfj2,"CamemBERT fine-tuned on (claim, post) pairs",1,0.03498
1m5hb1j,"CamemBERT fine-tuned on (claim, post) pairs",1,0.02508
1m5qui7,"CamemBERT fine-tuned on (claim, post) pairs",1,0.04353
1m5tooc,"CamemBERT fine-tuned on (claim, post) pairs",1,0.03413
1m6i27q,"CamemBERT fine-tuned on (claim, post) pairs",1,0.04077
1m8qv12,"CamemBERT fine-tuned on (claim, post) pairs",1,0.04394
1m8wmlx,"CamemBERT fine-tuned on (claim, post) pairs",1,0.03349
1m8zs6c,"CamemBERT fine-tuned on (claim, post) pairs",1,0.11803
1m91l87,"CamemBERT fine-tuned on (claim, post) pairs",1,0.03595
1madrnd,"CamemBERT fine-tuned on (claim, post) pairs",1,0.04493
1mc6322,"CamemBERT fine-tuned on (claim, post) pairs",1,0.04085
1mc73gw,"CamemBERT fine-tuned on (claim, post) pairs",1,0.61512
1mc8bfv,"CamemBERT fine-tuned on (claim, post) pairs",1,0.02979
1mcqw1b,"CamemBERT fine-tuned on (claim, post) pairs",1,0.03581
1md1s57,"CamemBERT fine-tuned on (claim, post) pairs",1,0.03305
1md5ss3,"CamemBERT fine-tuned on (claim, post) pairs",1,0.02527
1mdj68n,"CamemBERT fine-tuned on (claim, post) pairs",1,0.03397
1mei15u,"CamemBERT fine-tuned on (claim, post) pairs",1,0.02663
1mes1ce,"CamemBERT fine-tuned on (claim, post) pairs",1,0.03847
1met49u,"CamemBERT fine-tuned on (claim, post) pairs",1,0.03296
1mhqow0,"CamemBERT fine-tuned on (claim, post) pairs",1,0.03027
1mi4i3n,"CamemBERT fine-tuned on (claim, post) pairs",1,0.02579
1mi6o5o,"CamemBERT fine-tuned on (claim, post) pairs",1,0.043
1miewf0,"CamemBERT fine-tuned on (claim, post) pairs",1,0.03007
1mihwst,"CamemBERT fine-tuned on (claim, post) pairs",1,0.03337
1miv7op,"CamemBERT fine-tuned on (claim, post) pairs",1,0.04213
1mk0b4y,"CamemBERT fine-tuned on (claim, post) pairs",1,0.05521
1mk5oz2,"CamemBERT fine-tuned on (claim, post) pairs",1,0.16345
1mk82z0,"CamemBERT fine-tuned on (claim, post) pairs",1,0.18235
1mk83ge,"CamemBERT fine-tuned on (claim, post) pairs",1,0.29681
1mkrn7g,"CamemBERT fine-tuned on (claim, post) pairs",1,0.04016
1mmdxdf,"CamemBERT fine-tuned on (claim, post) pairs",1,0.03531
1mnzdhe,"CamemBERT fine-tuned on (claim, post) pairs",1,0.08419
1mpxent,"CamemBERT fine-tuned on (claim, post) pairs",1,0.04244
1msdabb,"CamemBERT fine-tuned on (claim, post) pairs",1,0.06092
1msmenf,"CamemBERT fine-tuned on (claim, post) pairs",1,0.03299
1mst8sl,"CamemBERT fine-tuned on (claim, post) pairs",1,0.03524
1mu3ve3,"CamemBERT fine-tuned on (claim, post) pairs",1,0.03667
1mvx5vj,"CamemBERT fine-tuned on (claim, post) pairs",1,0.03722
1mw6wdr,"CamemBERT fine-tuned on (claim, post) pairs",1,0.04158
1mx0rsb,"CamemBERT fine-tuned on (claim, post) pairs",1,0.04353
1mxiec8,"CamemBERT fine-tuned on (claim, post) pairs",1,0.04292
1myr3zi,"CamemBERT fine-tuned on (claim, post) pairs",1,0.03449
1mysrmi,"CamemBERT fine-tuned on (claim, post) pairs",1,0.03779
1n00mwq,"CamemBERT fine-tuned on (claim, post) pairs",1,0.0303
1n0idwd,"CamemBERT fine-tuned on (claim, post) pairs",1,0.03436
1n29zvi,"CamemBERT fine-tuned on (claim, post) pairs",1,0.02923
1n2ko37,"CamemBERT fine-tuned on (claim, post) pairs",1,0.02999
1n2n1vi,"CamemBERT fine-tuned on (claim, post) pairs",1,0.034
1n6d412,"CamemBERT fine-tuned on (claim, post) pairs",1,0.75609
1n7m037,"CamemBERT fine-tuned on (claim, post) pairs",1,0.03309
1n7t1i2,"CamemBERT fine-tuned on (claim, post) pairs",1,0.03327
1n80kbv,"CamemBERT fine-tuned on (claim, post) pairs",1,0.0254
1n8ylf6,"CamemBERT fine-tuned on (claim, post) pairs",1,0.03605
1n97f25,"CamemBERT fine-tuned on (claim, post) pairs",1,0.06706
1n9tcns,"CamemBERT fine-tuned on (claim, post) pairs",1,0.16305
1nabpfj,"CamemBERT fine-tuned on (claim, post) pairs",1,0.03404
1nam6s4,"CamemBERT fine-tuned on (claim, post) pairs",1,0.05218
1nb0gug,"CamemBERT fine-tuned on (claim, post) pairs",1,0.03391
1nbhfqe,"CamemBERT fine-tuned on (claim, post) pairs",1,0.0341
1nbt91a,"CamemBERT fine-tuned on (claim, post) pairs",1,0.0342
1ncftmo,"CamemBERT fine-tuned on (claim, post) pairs",1,0.08374
1ncgjf2,"CamemBERT fine-tuned on (claim, post) pairs",1,0.03007
1ncgw0y,"CamemBERT fine-tuned on (claim, post) pairs",1,0.07146
1ncgwyi,"CamemBERT fine-tuned on (claim, post) pairs",1,0.03423
1ncijfc,"CamemBERT fine-tuned on (claim, post) pairs",1,0.03027
1ncwrna,"CamemBERT fine-tuned on (claim, post) pairs",1,0.0299
1ndappw,"CamemBERT fine-tuned on (claim, post) pairs",1,0.03632
1neeiru,"CamemBERT fine-tuned on (claim, post) pairs",1,0.03581
1nexvca,"CamemBERT fine-tuned on (claim, post) pairs",1,0.03384
1nfeyyx,"CamemBERT fine-tuned on (claim, post) pairs",1,0.0545
1ngl5zs,"CamemBERT fine-tuned on (claim, post) pairs",1,0.03462
1ngmicc,"CamemBERT fine-tuned on (claim, post) pairs",1,0.04435
1ngvc84,"CamemBERT fine-tuned on (claim, post) pairs",1,0.03793
1nhdbex,"CamemBERT fine-tuned on (claim, post) pairs",1,0.03162
1nhf5mw,"CamemBERT fine-tuned on (claim, post) pairs",1,0.03488
1nhgp7g,"CamemBERT fine-tuned on (claim, post) pairs",1,0.03743
1ni8qr8,"CamemBERT fine-tuned on (claim, post) pairs",1,0.24781
1nix6rd,"CamemBERT fine-tuned on (claim, post) pairs",1,0.03472
1njhtof,"CamemBERT fine-tuned on (claim, post) pairs",1,0.04556
1nkxy37,"CamemBERT fine-tuned on (claim, post) pairs",1,0.08211
1nm3oh1,"CamemBERT fine-tuned on (claim, post) pairs",1,0.03141
1nogham,"CamemBERT fine-tuned on (claim, post) pairs",1,0.06216
1nojzpd,"CamemBERT fine-tuned on (claim, post) pairs",1,0.13575
1nq29i0,"CamemBERT fine-tuned on (claim, post) pairs",1,0.02626
1nq55bf,"CamemBERT fine-tuned on (claim, post) pairs",1,0.02518
1nqv1j0,"CamemBERT fine-tuned on (claim, post) pairs",1,0.02623
1ns3gi4,"CamemBERT fine-tuned on (claim, post) pairs",1,0.05189
1nsyao7,"CamemBERT fine-tuned on (claim, post) pairs",1,0.04447
1nu83so,"CamemBERT fine-tuned on (claim, post) pairs",1,0.03321
1nvg1xa,"CamemBERT fine-tuned on (claim, post) pairs",1,0.04394
1nwvfm8,"CamemBERT fine-tuned on (claim, post) pairs",1,0.02618
1nx33q5,"CamemBERT fine-tuned on (claim, post) pairs",1,0.06471
1nx88d8,"CamemBERT fine-tuned on (claim, post) pairs",1,0.03923
1nzf1wi,"CamemBERT fine-tuned on (claim, post) pairs",1,0.02643
1o14a93,"CamemBERT fine-tuned on (claim, post) pairs",1,0.16059
1o17n4f,"CamemBERT fine-tuned on (claim, post) pairs",1,0.02554
1o1nnzq,"CamemBERT fine-tuned on (claim, post) pairs",1,0.03521
1o2t5yg,"CamemBERT fine-tuned on (claim, post) pairs",1,0.29457
1o3s8mo,"CamemBERT fine-tuned on (claim, post) pairs",1,0.02937
1o6atgl,"CamemBERT fine-tuned on (claim, post) pairs",1,0.043
1o6fuw1,"CamemBERT fine-tuned on (claim, post) pairs",1,0.04707
1o6n4jn,"CamemBERT fine-tuned on (claim, post) pairs",1,0.03446
1o7ao18,"CamemBERT fine-tuned on (claim, post) pairs",1,0.0368
1o7q2x6,"CamemBERT fine-tuned on (claim, post) pairs",1,0.03508
1o82bav,"CamemBERT fine-tuned on (claim, post) pairs",1,0.02993
1o8w5dz,"CamemBERT fine-tuned on (claim, post) pairs",1,0.03222
1o910np,"CamemBERT fine-tuned on (claim, post) pairs",1,0.03189
1oap7hx,"CamemBERT fine-tuned on (claim, post) pairs",1,0.03673
1obf6uu,"CamemBERT fine-tuned on (claim, post) pairs",1,0.04119
1odvydw,"CamemBERT fine-tuned on (claim, post) pairs",1,0.03927
1of72w0,"CamemBERT fine-tuned on (claim, post) pairs",1,0.03271
1of8aqg,"CamemBERT fine-tuned on (claim, post) pairs",1,0.03156
1ofkfcd,"CamemBERT fine-tuned on (claim, post) pairs",1,0.03271
1ohgn8t,"CamemBERT fine-tuned on (claim, post) pairs",1,0.03256
1oix0j8,"CamemBERT fine-tuned on (claim, post) pairs",1,0.03602
1oizce9,"CamemBERT fine-tuned on (claim, post) pairs",1,0.65418
1omf2bj,"CamemBERT fine-tuned on (claim, post) pairs",1,0.09843
1omiph5,"CamemBERT fine-tuned on (claim, post) pairs",1,0.04791
1omtvfj,"CamemBERT fine-tuned on (claim, post) pairs",1,0.06126
1onydfe,"CamemBERT fine-tuned on (claim, post) pairs",1,0.02511
1opy0dr,"CamemBERT fine-tuned on (claim, post) pairs",1,0.03271
1orjr7o,"CamemBERT fine-tuned on (claim, post) pairs",1,0.03498
1orq7u2,"CamemBERT fine-tuned on (claim, post) pairs",1,0.03117
1osl6lf,"CamemBERT fine-tuned on (claim, post) pairs",1,0.03786
1ow3e6f,"CamemBERT fine-tuned on (claim, post) pairs",1,0.03591
1owwg9n,"CamemBERT fine-tuned on (claim, post) pairs",1,0.05577
1owy5j3,"CamemBERT fine-tuned on (claim, post) pairs",1,0.03598
1ozf5qw,"CamemBERT fine-tuned on (claim, post) pairs",1,0.03653
1p06cgi,"CamemBERT fine-tuned on (claim, post) pairs",1,0.02557
1p087r7,"CamemBERT fine-tuned on (claim, post) pairs",1,0.03013
1p2yeuc,"CamemBERT fine-tuned on (claim, post) pairs",1,0.03694
1p4nk1a,"CamemBERT fine-tuned on (claim, post) pairs",1,0.03324
1p5umvg,"CamemBERT fine-tuned on (claim, post) pairs",1,0.06706
1p62ymr,"CamemBERT fine-tuned on (claim, post) pairs",1,0.02993
1p86rh3,"CamemBERT fine-tuned on (claim, post) pairs",1,0.03789
1p9k4yj,"CamemBERT fine-tuned on (claim, post) pairs",1,0.03204
1pasmbq,"CamemBERT fine-tuned on (claim, post) pairs",1,0.03359
1pcpxei,"CamemBERT fine-tuned on (claim, post) pairs",1,0.03452
1pdkeq0,"CamemBERT fine-tuned on (claim, post) pairs",1,0.03413
1pdz39d,"CamemBERT fine-tuned on (claim, post) pairs",1,0.03065
1pe3wez,"CamemBERT fine-tuned on (claim, post) pairs",1,0.04221
1pef3e6,"CamemBERT fine-tuned on (claim, post) pairs",1,0.04778
1pet9xw,"CamemBERT fine-tuned on (claim, post) pairs",1,0.02525
1peyxlj,"CamemBERT fine-tuned on (claim, post) pairs",1,0.03726
1pfm6eu,"CamemBERT fine-tuned on (claim, post) pairs",1,0.16505
1pgfwsk,"CamemBERT fine-tuned on (claim, post) pairs",1,0.06383
1pgivxz,"CamemBERT fine-tuned on (claim, post) pairs",1,0.03452
1pgmijn,"CamemBERT fine-tuned on (claim, post) pairs",1,0.04268
1pgtmiu,"CamemBERT fine-tuned on (claim, post) pairs",1,0.03452
1phahga,"CamemBERT fine-tuned on (claim, post) pairs",1,0.90967
1phe0pu,"CamemBERT fine-tuned on (claim, post) pairs",1,0.8627
1pj2pqo,"CamemBERT fine-tuned on (claim, post) pairs",1,0.04127
1plqvis,"CamemBERT fine-tuned on (claim, post) pairs",1,0.03691
1pm75ub,"CamemBERT fine-tuned on (claim, post) pairs",1,0.03455
1pn5wsc,"CamemBERT fine-tuned on (claim, post) pairs",1,0.0476
1po7ogz,"CamemBERT fine-tuned on (claim, post) pairs",1,0.04535
1poc8m9,"CamemBERT fine-tuned on (claim, post) pairs",1,0.04043
1poeu11,"CamemBERT fine-tuned on (claim, post) pairs",1,0.02492
1pqlsws,"CamemBERT fine-tuned on (claim, post) pairs",1,0.05204
1pqxg9a,"CamemBERT fine-tuned on (claim, post) pairs",1,0.02532
1pujygt,"CamemBERT fine-tuned on (claim, post) pairs",1,0.02854
1pw2rqh,"CamemBERT fine-tuned on (claim, post) pairs",1,0.02798
1pwvvqj,"CamemBERT fine-tuned on (claim, post) pairs",1,0.03653
1px0wkk,"CamemBERT fine-tuned on (claim, post) pairs",1,0.0325
1pxmn20,"CamemBERT fine-tuned on (claim, post) pairs",1,0.05146
1pxt9gw,"CamemBERT fine-tuned on (claim, post) pairs",1,0.03605
1pzbls0,"CamemBERT fine-tuned on (claim, post) pairs",1,0.0342
1pzi6hi,"CamemBERT fine-tuned on (claim, post) pairs",1,0.04502
1pzzaun,"CamemBERT fine-tuned on (claim, post) pairs",1,0.03541
1q0ev6v,"CamemBERT fine-tuned on (claim, post) pairs",1,0.02948
1q1cr6i,"CamemBERT fine-tuned on (claim, post) pairs",1,0.03804
1q1e6uh,"CamemBERT fine-tuned on (claim, post) pairs",1,0.03426
1q21n6s,"CamemBERT fine-tuned on (claim, post) pairs",1,0.02506
1q3yeyk,"CamemBERT fine-tuned on (claim, post) pairs",1,0.03531
1q4q3or,"CamemBERT fine-tuned on (claim, post) pairs",1,0.04655
1q5pxku,"CamemBERT fine-tuned on (claim, post) pairs",1,0.12039
1q6vwuh,"CamemBERT fine-tuned on (claim, post) pairs",1,0.03305
1q77uke,"CamemBERT fine-tuned on (claim, post) pairs",1,0.03404
1q783he,"CamemBERT fine-tuned on (claim, post) pairs",1,0.02993
1q7acst,"CamemBERT fine-tuned on (claim, post) pairs",1,0.0426
1q7mcad,"CamemBERT fine-tuned on (claim, post) pairs",1,0.03318
1q8dehd,"CamemBERT fine-tuned on (claim, post) pairs",1,0.03694
1q8mkok,"CamemBERT fine-tuned on (claim, post) pairs",1,0.03165
1q96b6k,"CamemBERT fine-tuned on (claim, post) pairs",1,0.03256
1q9w17h,"CamemBERT fine-tuned on (claim, post) pairs",1,0.19536
1qan5pt,"CamemBERT fine-tuned on (claim, post) pairs",1,0.03521
1qaqati,"CamemBERT fine-tuned on (claim, post) pairs",1,0.04073
1qbjzxk,"CamemBERT fine-tuned on (claim, post) pairs",1,0.02515
1qbkslz,"CamemBERT fine-tuned on (claim, post) pairs",1,0.05546
1qcjny6,"CamemBERT fine-tuned on (claim, post) pairs",1,0.04668
1qcs0yc,"CamemBERT fine-tuned on (claim, post) pairs",1,0.08225
1qczd1g,"CamemBERT fine-tuned on (claim, post) pairs",1,0.08811
1qdecph,"CamemBERT fine-tuned on (claim, post) pairs",1,0.03397
1qdi910,"CamemBERT fine-tuned on (claim, post) pairs",1,0.03334
1qdljdd,"CamemBERT fine-tuned on (claim, post) pairs",1,0.03854
1qeu1wt,"CamemBERT fine-tuned on (claim, post) pairs",1,0.06639
1qfb0hb,"CamemBERT fine-tuned on (claim, post) pairs",1,0.03534
1qg4ydc,"CamemBERT fine-tuned on (claim, post) pairs",1,0.03488
1qgnkjt,"CamemBERT fine-tuned on (claim, post) pairs",1,0.03511
1qh7cug,"CamemBERT fine-tuned on (claim, post) pairs",1,0.03656
1qhw74q,"CamemBERT fine-tuned on (claim, post) pairs",1,0.04324
1qhwsr1,"CamemBERT fine-tuned on (claim, post) pairs",1,0.02956
1qhxf21,"CamemBERT fine-tuned on (claim, post) pairs",1,0.03256
1qibnjv,"CamemBERT fine-tuned on (claim, post) pairs",1,0.04077
1qisrex,"CamemBERT fine-tuned on (claim, post) pairs",1,0.0366
1qizru6,"CamemBERT fine-tuned on (claim, post) pairs",1,0.02487
1qj6om2,"CamemBERT fine-tuned on (claim, post) pairs",1,0.05156
1qjocn3,"CamemBERT fine-tuned on (claim, post) pairs",1,0.03578
1qjsii6,"CamemBERT fine-tuned on (claim, post) pairs",1,0.31211
1qkrtq4,"CamemBERT fine-tuned on (claim, post) pairs",1,0.04081
1qkud9i,"CamemBERT fine-tuned on (claim, post) pairs",1,0.72463
1qm1r5m,"CamemBERT fine-tuned on (claim, post) pairs",1,0.03636
1qnt4lu,"CamemBERT fine-tuned on (claim, post) pairs",1,0.03416
1qp5y2u,"CamemBERT fine-tuned on (claim, post) pairs",1,0.03764
1qpn10u,"CamemBERT fine-tuned on (claim, post) pairs",1,0.03482
1qtryqi,"CamemBERT fine-tuned on (claim, post) pairs",1,0.03416
1qu8m5h,"CamemBERT fine-tuned on (claim, post) pairs",1,0.03994
1qum6vr,"CamemBERT fine-tuned on (claim, post) pairs",1,0.03413
1qv2yvb,"CamemBERT fine-tuned on (claim, post) pairs",1,0.03007
1qv6axe,"CamemBERT fine-tuned on (claim, post) pairs",1,0.03811
1qvj5pp,"CamemBERT fine-tuned on (claim, post) pairs",1,0.03708
1qvlvxc,"CamemBERT fine-tuned on (claim, post) pairs",1,0.0329
1qwhzqe,"CamemBERT fine-tuned on (claim, post) pairs",1,0.03558
1qxdb60,"CamemBERT fine-tuned on (claim, post) pairs",1,0.03213
1r0uop7,"CamemBERT fine-tuned on (claim, post) pairs",1,0.03302
1r130xh,"CamemBERT fine-tuned on (claim, post) pairs",1,0.03259
1r1tiqi,"CamemBERT fine-tuned on (claim, post) pairs",1,0.03268
1r1vg9h,"CamemBERT fine-tuned on (claim, post) pairs",1,0.03916
1r65d64,"CamemBERT fine-tuned on (claim, post) pairs",1,0.04162
1r6jmns,"CamemBERT fine-tuned on (claim, post) pairs",1,0.04418
1r7l1bb,"CamemBERT fine-tuned on (claim, post) pairs",1,0.03337
1r8bfym,"CamemBERT fine-tuned on (claim, post) pairs",1,0.0307
1r8ccuf,"CamemBERT fine-tuned on (claim, post) pairs",1,0.03436
1ra36ml,"CamemBERT fine-tuned on (claim, post) pairs",1,0.03551
1ra4vtc,"CamemBERT fine-tuned on (claim, post) pairs",1,0.0325
1rabbnu,"CamemBERT fine-tuned on (claim, post) pairs",1,0.03274
1rat6ox,"CamemBERT fine-tuned on (claim, post) pairs",1,0.02523
1rav8tg,"CamemBERT fine-tuned on (claim, post) pairs",1,0.03244
1rbfwn3,"CamemBERT fine-tuned on (claim, post) pairs",1,0.03204
1rcawrg,"CamemBERT fine-tuned on (claim, post) pairs",1,0.15368
1rd9yix,"CamemBERT fine-tuned on (claim, post) pairs",1,0.06537
1re7rj2,"CamemBERT fine-tuned on (claim, post) pairs",1,0.03331
1rg2wdb,"CamemBERT fine-tuned on (claim, post) pairs",1,0.03832
1rgz1af,"CamemBERT fine-tuned on (claim, post) pairs",1,0.03643
1rjr1x1,"CamemBERT fine-tuned on (claim, post) pairs",1,0.04244
1rkphll,"CamemBERT fine-tuned on (claim, post) pairs",1,0.02535
1rlefml,"CamemBERT fine-tuned on (claim, post) pairs",1,0.0392
1rmg8c3,"CamemBERT fine-tuned on (claim, post) pairs",1,0.03883
1rof0ad,"CamemBERT fine-tuned on (claim, post) pairs",1,0.04005
1rogd55,"CamemBERT fine-tuned on (claim, post) pairs",1,0.0325
1rotuec,"CamemBERT fine-tuned on (claim, post) pairs",1,0.03468
1rpu82g,"CamemBERT fine-tuned on (claim, post) pairs",1,0.03013
1rrseuk,"CamemBERT fine-tuned on (claim, post) pairs",1,0.02513
1rt6d2o,"CamemBERT fine-tuned on (claim, post) pairs",1,0.04312
1rtbzgc,"CamemBERT fine-tuned on (claim, post) pairs",1,0.08382
1rtpwfg,"CamemBERT fine-tuned on (claim, post) pairs",1,0.02527
1ru8am6,"CamemBERT fine-tuned on (claim, post) pairs",1,0.03287
1rw50ee,"CamemBERT fine-tuned on (claim, post) pairs",1,0.02968
1rznsvr,"CamemBERT fine-tuned on (claim, post) pairs",1,0.05521
1s1va1n,"CamemBERT fine-tuned on (claim, post) pairs",1,0.03309
1s2bonu,"CamemBERT fine-tuned on (claim, post) pairs",1,0.03485
1s35kne,"CamemBERT fine-tuned on (claim, post) pairs",1,0.03615
1s47azr,"CamemBERT fine-tuned on (claim, post) pairs",1,0.0325
1s4tr82,"CamemBERT fine-tuned on (claim, post) pairs",1,0.02945
1s4wlw4,"CamemBERT fine-tuned on (claim, post) pairs",1,0.04904
1s4xew8,"CamemBERT fine-tuned on (claim, post) pairs",1,0.04859
1s622sq,"CamemBERT fine-tuned on (claim, post) pairs",1,0.02511
1s9jscs,"CamemBERT fine-tuned on (claim, post) pairs",1,0.03491
1s9kmzd,"CamemBERT fine-tuned on (claim, post) pairs",1,0.03643
1sal794,"CamemBERT fine-tuned on (claim, post) pairs",1,0.03872
1scd5bd,"CamemBERT fine-tuned on (claim, post) pairs",1,0.04868
1sdcpel,"CamemBERT fine-tuned on (claim, post) pairs",1,0.03407
1seuh00,"CamemBERT fine-tuned on (claim, post) pairs",1,0.02984
1sf62pi,"CamemBERT fine-tuned on (claim, post) pairs",1,0.05075
1sfptq0,"CamemBERT fine-tuned on (claim, post) pairs",1,0.12331
1sfql8i,"CamemBERT fine-tuned on (claim, post) pairs",1,0.03625
1shi0re,"CamemBERT fine-tuned on (claim, post) pairs",1,0.03687
1si0a94,"CamemBERT fine-tuned on (claim, post) pairs",1,0.03312
1sithhr,"CamemBERT fine-tuned on (claim, post) pairs",1,0.03231
1sk3m6l,"CamemBERT fine-tuned on (claim, post) pairs",1,0.04142
1sm4vlc,"CamemBERT fine-tuned on (claim, post) pairs",1,0.03459
1smwix4,"CamemBERT fine-tuned on (claim, post) pairs",1,0.03949
1smzxog,"CamemBERT fine-tuned on (claim, post) pairs",1,0.03433
1sp8uoe,"CamemBERT fine-tuned on (claim, post) pairs",1,0.03426
1spnkt7,"CamemBERT fine-tuned on (claim, post) pairs",1,0.0636
1spnmqo,"CamemBERT fine-tuned on (claim, post) pairs",1,0.03485
1spsrht,"CamemBERT fine-tuned on (claim, post) pairs",1,0.03138
1sqxpn7,"CamemBERT fine-tuned on (claim, post) pairs",1,0.02996
1sr9ehr,"CamemBERT fine-tuned on (claim, post) pairs",1,0.09851
1srmu52,"CamemBERT fine-tuned on (claim, post) pairs",1,0.03331
1ssonai,"CamemBERT fine-tuned on (claim, post) pairs",1,0.03253
1stpw5m,"CamemBERT fine-tuned on (claim, post) pairs",1,0.04264
1suc8yz,"CamemBERT fine-tuned on (claim, post) pairs",1,0.04119
1supuh6,"CamemBERT fine-tuned on (claim, post) pairs",1,0.04707
1sv5bj3,"CamemBERT fine-tuned on (claim, post) pairs",1,0.04707
1svddie,"CamemBERT fine-tuned on (claim, post) pairs",1,0.03465
1sx7qgw,"CamemBERT fine-tuned on (claim, post) pairs",1,0.04005
1sxtmsr,"CamemBERT fine-tuned on (claim, post) pairs",1,0.02523
1sxz12z,"CamemBERT fine-tuned on (claim, post) pairs",1,0.03554
1sy7v8w,"CamemBERT fine-tuned on (claim, post) pairs",1,0.04146
1syf21d,"CamemBERT fine-tuned on (claim, post) pairs",1,0.02569
1sys0yr,"CamemBERT fine-tuned on (claim, post) pairs",1,0.03234
1xm9ft,"CamemBERT fine-tuned on (claim, post) pairs",1,0.03177
26ii7z,"CamemBERT fine-tuned on (claim, post) pairs",1,0.03265
2b2i70,"CamemBERT fine-tuned on (claim, post) pairs",1,0.04497
2e2os9,"CamemBERT fine-tuned on (claim, post) pairs",1,0.06354
2h6e28,"CamemBERT fine-tuned on (claim, post) pairs",1,0.02993
2i3v7s,"CamemBERT fine-tuned on (claim, post) pairs",1,0.05151
2q62xj,"CamemBERT fine-tuned on (claim, post) pairs",1,0.03147
2w86e7,"CamemBERT fine-tuned on (claim, post) pairs",1,0.03024
31vl51,"CamemBERT fine-tuned on (claim, post) pairs",1,0.16607
321shc,"CamemBERT fine-tuned on (claim, post) pairs",1,0.9195
334a8d,"CamemBERT fine-tuned on (claim, post) pairs",1,0.07738
33otbl,"CamemBERT fine-tuned on (claim, post) pairs",1,0.02926
340itv,"CamemBERT fine-tuned on (claim, post) pairs",1,0.03423
34xkzo,"CamemBERT fine-tuned on (claim, post) pairs",1,0.03761
351qdk,"CamemBERT fine-tuned on (claim, post) pairs",1,0.10716
35owc4,"CamemBERT fine-tuned on (claim, post) pairs",1,0.05552
38oz5m,"CamemBERT fine-tuned on (claim, post) pairs",1,0.05296
3a1grd,"CamemBERT fine-tuned on (claim, post) pairs",1,0.58954
3b92zr,"CamemBERT fine-tuned on (claim, post) pairs",1,0.66143
3b9cdx,"CamemBERT fine-tuned on (claim, post) pairs",1,0.03715
3d5gtr,"CamemBERT fine-tuned on (claim, post) pairs",1,0.03186
3eddti,"CamemBERT fine-tuned on (claim, post) pairs",1,0.08795
3err0k,"CamemBERT fine-tuned on (claim, post) pairs",1,0.60212
3fuumz,"CamemBERT fine-tuned on (claim, post) pairs",1,0.04616
3fz8em,"CamemBERT fine-tuned on (claim, post) pairs",1,0.2664
3gn1op,"CamemBERT fine-tuned on (claim, post) pairs",1,0.10753
3pszvd,"CamemBERT fine-tuned on (claim, post) pairs",1,0.03544
3q9eou,"CamemBERT fine-tuned on (claim, post) pairs",1,0.04868
3rww9o,"CamemBERT fine-tuned on (claim, post) pairs",1,0.07018
3schd5,"CamemBERT fine-tuned on (claim, post) pairs",1,0.0334
3w14cr,"CamemBERT fine-tuned on (claim, post) pairs",1,0.0329
40n33m,"CamemBERT fine-tuned on (claim, post) pairs",1,0.03189
41p2uz,"CamemBERT fine-tuned on (claim, post) pairs",1,0.33835
41qfg7,"CamemBERT fine-tuned on (claim, post) pairs",1,0.22372
423pa0,"CamemBERT fine-tuned on (claim, post) pairs",1,0.09293
42evys,"CamemBERT fine-tuned on (claim, post) pairs",1,0.10008
438qdk,"CamemBERT fine-tuned on (claim, post) pairs",1,0.03103
465cbb,"CamemBERT fine-tuned on (claim, post) pairs",1,0.05629
47ia4p,"CamemBERT fine-tuned on (claim, post) pairs",1,0.06114
4ck34b,"CamemBERT fine-tuned on (claim, post) pairs",1,0.10239
4h6s4d,"CamemBERT fine-tuned on (claim, post) pairs",1,0.78695
4keg77,"CamemBERT fine-tuned on (claim, post) pairs",1,0.02636
4kibjk,"CamemBERT fine-tuned on (claim, post) pairs",1,0.72933
4kvrdi,"CamemBERT fine-tuned on (claim, post) pairs",1,0.0731
4m7v8k,"CamemBERT fine-tuned on (claim, post) pairs",1,0.06047
4sh0tc,"CamemBERT fine-tuned on (claim, post) pairs",1,0.02513
4t9u5n,"CamemBERT fine-tuned on (claim, post) pairs",1,0.03608
4tc1ne,"CamemBERT fine-tuned on (claim, post) pairs",1,0.03312
4tfmoj,"CamemBERT fine-tuned on (claim, post) pairs",1,0.05691
4vsyz6,"CamemBERT fine-tuned on (claim, post) pairs",1,0.14848
4w5b6n,"CamemBERT fine-tuned on (claim, post) pairs",1,0.04193
4w5vkf,"CamemBERT fine-tuned on (claim, post) pairs",1,0.02882
4wpecq,"CamemBERT fine-tuned on (claim, post) pairs",1,0.55593
4zlvsv,"CamemBERT fine-tuned on (claim, post) pairs",1,0.03268
50ibsa,"CamemBERT fine-tuned on (claim, post) pairs",1,0.90183
53atzi,"CamemBERT fine-tuned on (claim, post) pairs",1,0.70962
53mq3w,"CamemBERT fine-tuned on (claim, post) pairs",1,0.03636
558n00,"CamemBERT fine-tuned on (claim, post) pairs",1,0.09122
579g29,"CamemBERT fine-tuned on (claim, post) pairs",1,0.0342
58mlme,"CamemBERT fine-tuned on (claim, post) pairs",1,0.03793
58mxli,"CamemBERT fine-tuned on (claim, post) pairs",1,0.28722
58ysn8,"CamemBERT fine-tuned on (claim, post) pairs",1,0.04221
5ar97d,"CamemBERT fine-tuned on (claim, post) pairs",1,0.04248
5bsjo1,"CamemBERT fine-tuned on (claim, post) pairs",1,0.03353
5e34gi,"CamemBERT fine-tuned on (claim, post) pairs",1,0.05878
5ij73u,"CamemBERT fine-tuned on (claim, post) pairs",1,0.02954
5ing61,"CamemBERT fine-tuned on (claim, post) pairs",1,0.03114
5ku91y,"CamemBERT fine-tuned on (claim, post) pairs",1,0.03446
5ls4eh,"CamemBERT fine-tuned on (claim, post) pairs",1,0.06003
5me65r,"CamemBERT fine-tuned on (claim, post) pairs",1,0.78357
5oqaye,"CamemBERT fine-tuned on (claim, post) pairs",1,0.17259
5srv8q,"CamemBERT fine-tuned on (claim, post) pairs",1,0.03615
5u0yx7,"CamemBERT fine-tuned on (claim, post) pairs",1,0.06651
5x4u0v,"CamemBERT fine-tuned on (claim, post) pairs",1,0.03247
5ydrdh,"CamemBERT fine-tuned on (claim, post) pairs",1,0.26077
5zia5v,"CamemBERT fine-tuned on (claim, post) pairs",1,0.89534
5zy9kd,"CamemBERT fine-tuned on (claim, post) pairs",1,0.03715
615460,"CamemBERT fine-tuned on (claim, post) pairs",1,0.06279
61axzl,"CamemBERT fine-tuned on (claim, post) pairs",1,0.03729
626ly6,"CamemBERT fine-tuned on (claim, post) pairs",1,0.03571
62embp,"CamemBERT fine-tuned on (claim, post) pairs",1,0.03365
64k0up,"CamemBERT fine-tuned on (claim, post) pairs",1,0.03931
64xizb,"CamemBERT fine-tuned on (claim, post) pairs",1,0.04565
65tmbv,"CamemBERT fine-tuned on (claim, post) pairs",1,0.03754
6684pv,"CamemBERT fine-tuned on (claim, post) pairs",1,0.03378
6690ac,"CamemBERT fine-tuned on (claim, post) pairs",1,0.03244
66fsni,"CamemBERT fine-tuned on (claim, post) pairs",1,0.02482
66h9mf,"CamemBERT fine-tuned on (claim, post) pairs",1,0.02535
688gvu,"CamemBERT fine-tuned on (claim, post) pairs",1,0.03413
689x42,"CamemBERT fine-tuned on (claim, post) pairs",1,0.03293
68dw9p,"CamemBERT fine-tuned on (claim, post) pairs",1,0.03268
68euzg,"CamemBERT fine-tuned on (claim, post) pairs",1,0.03253
68l0ln,"CamemBERT fine-tuned on (claim, post) pairs",1,0.02513
68zmng,"CamemBERT fine-tuned on (claim, post) pairs",1,0.02987
69ksmc,"CamemBERT fine-tuned on (claim, post) pairs",1,0.03259
69kvmc,"CamemBERT fine-tuned on (claim, post) pairs",1,0.12858
69sb4b,"CamemBERT fine-tuned on (claim, post) pairs",1,0.07336
69snyu,"CamemBERT fine-tuned on (claim, post) pairs",1,0.03318
69twpr,"CamemBERT fine-tuned on (claim, post) pairs",1,0.03757
6ak8du,"CamemBERT fine-tuned on (claim, post) pairs",1,0.04527
6awrdj,"CamemBERT fine-tuned on (claim, post) pairs",1,0.03397
6chrdz,"CamemBERT fine-tuned on (claim, post) pairs",1,0.04868
6clqf4,"CamemBERT fine-tuned on (claim, post) pairs",1,0.63245
6cna1l,"CamemBERT fine-tuned on (claim, post) pairs",1,0.05613
6ctng1,"CamemBERT fine-tuned on (claim, post) pairs",1,0.03528
6e8no8,"CamemBERT fine-tuned on (claim, post) pairs",1,0.03498
6fsp1s,"CamemBERT fine-tuned on (claim, post) pairs",1,0.03956
6giyno,"CamemBERT fine-tuned on (claim, post) pairs",1,0.04197
6gm1be,"CamemBERT fine-tuned on (claim, post) pairs",1,0.03446
6gsbos,"CamemBERT fine-tuned on (claim, post) pairs",1,0.10123
6ho431,"CamemBERT fine-tuned on (claim, post) pairs",1,0.03588
6hzc93,"CamemBERT fine-tuned on (claim, post) pairs",1,0.04414
6i0c5t,"CamemBERT fine-tuned on (claim, post) pairs",1,0.03508
6l8pej,"CamemBERT fine-tuned on (claim, post) pairs",1,0.06009
6lrzd8,"CamemBERT fine-tuned on (claim, post) pairs",1,0.11767
6ltt76,"CamemBERT fine-tuned on (claim, post) pairs",1,0.03343
6ng2qr,"CamemBERT fine-tuned on (claim, post) pairs",1,0.03225
6nscbf,"CamemBERT fine-tuned on (claim, post) pairs",1,0.03321
6q9xp0,"CamemBERT fine-tuned on (claim, post) pairs",1,0.03663
6quykg,"CamemBERT fine-tuned on (claim, post) pairs",1,0.03876
6s4yk2,"CamemBERT fine-tuned on (claim, post) pairs",1,0.02968
6stumu,"CamemBERT fine-tuned on (claim, post) pairs",1,0.14397
6t96ec,"CamemBERT fine-tuned on (claim, post) pairs",1,0.05755
6tzzi6,"CamemBERT fine-tuned on (claim, post) pairs",1,0.03171
6ughno,"CamemBERT fine-tuned on (claim, post) pairs",1,0.04154
6vec64,"CamemBERT fine-tuned on (claim, post) pairs",1,0.05066
6yjfcy,"CamemBERT fine-tuned on (claim, post) pairs",1,0.05797
6ym3lb,"CamemBERT fine-tuned on (claim, post) pairs",1,0.40002
6yvijc,"CamemBERT fine-tuned on (claim, post) pairs",1,0.37085
6zwa36,"CamemBERT fine-tuned on (claim, post) pairs",1,0.06687
700wa6,"CamemBERT fine-tuned on (claim, post) pairs",1,0.14081
70tyb7,"CamemBERT fine-tuned on (claim, post) pairs",1,0.02976
711t5y,"CamemBERT fine-tuned on (claim, post) pairs",1,0.02651
71tia4,"CamemBERT fine-tuned on (claim, post) pairs",1,0.03585
73fwq3,"CamemBERT fine-tuned on (claim, post) pairs",1,0.03126
73tccy,"CamemBERT fine-tuned on (claim, post) pairs",1,0.75174
73zein,"CamemBERT fine-tuned on (claim, post) pairs",1,0.04173
74ulmr,"CamemBERT fine-tuned on (claim, post) pairs",1,0.05905
74v0tg,"CamemBERT fine-tuned on (claim, post) pairs",1,0.03256
75o2tl,"CamemBERT fine-tuned on (claim, post) pairs",1,0.02709
77supo,"CamemBERT fine-tuned on (claim, post) pairs",1,0.08457
79528b,"CamemBERT fine-tuned on (claim, post) pairs",1,0.03442
79nhhe,"CamemBERT fine-tuned on (claim, post) pairs",1,0.03796
7b71pf,"CamemBERT fine-tuned on (claim, post) pairs",1,0.11338
7c62jb,"CamemBERT fine-tuned on (claim, post) pairs",1,0.03299
7d3zt0,"CamemBERT fine-tuned on (claim, post) pairs",1,0.27116
7fm9jz,"CamemBERT fine-tuned on (claim, post) pairs",1,0.04039
7gfoqi,"CamemBERT fine-tuned on (claim, post) pairs",1,0.03426
7hg3yp,"CamemBERT fine-tuned on (claim, post) pairs",1,0.04422
7ljsut,"CamemBERT fine-tuned on (claim, post) pairs",1,0.04805
7myqzz,"CamemBERT fine-tuned on (claim, post) pairs",1,0.05965
7o781c,"CamemBERT fine-tuned on (claim, post) pairs",1,0.04062
7ochcg,"CamemBERT fine-tuned on (claim, post) pairs",1,0.0299
7pr866,"CamemBERT fine-tuned on (claim, post) pairs",1,0.32504
7pvbsv,"CamemBERT fine-tuned on (claim, post) pairs",1,0.32504
7qqwpg,"CamemBERT fine-tuned on (claim, post) pairs",1,0.0253
7s4ufe,"CamemBERT fine-tuned on (claim, post) pairs",1,0.0341
7xpi3g,"CamemBERT fine-tuned on (claim, post) pairs",1,0.67367
7ymejv,"CamemBERT fine-tuned on (claim, post) pairs",1,0.03277
83em1z,"CamemBERT fine-tuned on (claim, post) pairs",1,0.03271
83f25c,"CamemBERT fine-tuned on (claim, post) pairs",1,0.2603
83of25,"CamemBERT fine-tuned on (claim, post) pairs",1,0.03346
85rbhc,"CamemBERT fine-tuned on (claim, post) pairs",1,0.74549
861k6n,"CamemBERT fine-tuned on (claim, post) pairs",1,0.04108
8b7gr3,"CamemBERT fine-tuned on (claim, post) pairs",1,0.81663
8bqvkt,"CamemBERT fine-tuned on (claim, post) pairs",1,0.47485
8bxi3w,"CamemBERT fine-tuned on (claim, post) pairs",1,0.03538
8cmq95,"CamemBERT fine-tuned on (claim, post) pairs",1,0.04001
8e6k9p,"CamemBERT fine-tuned on (claim, post) pairs",1,0.02535
8eaxjl,"CamemBERT fine-tuned on (claim, post) pairs",1,0.03455
8guuvd,"CamemBERT fine-tuned on (claim, post) pairs",1,0.03324
8h6l9c,"CamemBERT fine-tuned on (claim, post) pairs",1,0.02518
8hmdsh,"CamemBERT fine-tuned on (claim, post) pairs",1,0.03865
8i3zs8,"CamemBERT fine-tuned on (claim, post) pairs",1,0.02709
8j6y4x,"CamemBERT fine-tuned on (claim, post) pairs",1,0.03346
8lqsn3,"CamemBERT fine-tuned on (claim, post) pairs",1,0.03551
8lw08j,"CamemBERT fine-tuned on (claim, post) pairs",1,0.07885
8m089h,"CamemBERT fine-tuned on (claim, post) pairs",1,0.03868
8n6x3s,"CamemBERT fine-tuned on (claim, post) pairs",1,0.04104
8oqyiq,"CamemBERT fine-tuned on (claim, post) pairs",1,0.03615
8qr57h,"CamemBERT fine-tuned on (claim, post) pairs",1,0.08671
8rdvo,"CamemBERT fine-tuned on (claim, post) pairs",1,0.07682
8rtdev,"CamemBERT fine-tuned on (claim, post) pairs",1,0.03153
8thivx,"CamemBERT fine-tuned on (claim, post) pairs",1,0.09302
8ukd74,"CamemBERT fine-tuned on (claim, post) pairs",1,0.03531
8upvzl,"CamemBERT fine-tuned on (claim, post) pairs",1,0.03207
8uwqzt,"CamemBERT fine-tuned on (claim, post) pairs",1,0.05691
8w2awd,"CamemBERT fine-tuned on (claim, post) pairs",1,0.03544
8wveig,"CamemBERT fine-tuned on (claim, post) pairs",1,0.25973
8ybj73,"CamemBERT fine-tuned on (claim, post) pairs",1,0.041
8zbi91,"CamemBERT fine-tuned on (claim, post) pairs",1,0.42961
8zjuu0,"CamemBERT fine-tuned on (claim, post) pairs",1,0.03315
8zune6,"CamemBERT fine-tuned on (claim, post) pairs",1,0.05075
904jy9,"CamemBERT fine-tuned on (claim, post) pairs",1,0.03299
907lnw,"CamemBERT fine-tuned on (claim, post) pairs",1,0.02959
90ga1w,"CamemBERT fine-tuned on (claim, post) pairs",1,0.03165
91vcf0,"CamemBERT fine-tuned on (claim, post) pairs",1,0.03359
93cpy1,"CamemBERT fine-tuned on (claim, post) pairs",1,0.42008
93d57n,"CamemBERT fine-tuned on (claim, post) pairs",1,0.04435
94hsqm,"CamemBERT fine-tuned on (claim, post) pairs",1,0.13117
94s2ry,"CamemBERT fine-tuned on (claim, post) pairs",1,0.03162
951q9m,"CamemBERT fine-tuned on (claim, post) pairs",1,0.03299
95ko1b,"CamemBERT fine-tuned on (claim, post) pairs",1,0.02586
95pxyn,"CamemBERT fine-tuned on (claim, post) pairs",1,0.05916
967yts,"CamemBERT fine-tuned on (claim, post) pairs",1,0.2817
96pkb3,"CamemBERT fine-tuned on (claim, post) pairs",1,0.66405
99m68g,"CamemBERT fine-tuned on (claim, post) pairs",1,0.03365
9aotrf,"CamemBERT fine-tuned on (claim, post) pairs",1,0.02613
9b1od2,"CamemBERT fine-tuned on (claim, post) pairs",1,0.03544
9b8c4p,"CamemBERT fine-tuned on (claim, post) pairs",1,0.04225
9b8uhu,"CamemBERT fine-tuned on (claim, post) pairs",1,0.03581
9bhywi,"CamemBERT fine-tuned on (claim, post) pairs",1,0.03782
9bt0lu,"CamemBERT fine-tuned on (claim, post) pairs",1,0.87857
9cd07l,"CamemBERT fine-tuned on (claim, post) pairs",1,0.04357
9cu072,"CamemBERT fine-tuned on (claim, post) pairs",1,0.86397
9cwku0,"CamemBERT fine-tuned on (claim, post) pairs",1,0.03677
9dmmxr,"CamemBERT fine-tuned on (claim, post) pairs",1,0.03253
9eocv2,"CamemBERT fine-tuned on (claim, post) pairs",1,0.04345
9ewhky,"CamemBERT fine-tuned on (claim, post) pairs",1,0.03259
9g0oij,"CamemBERT fine-tuned on (claim, post) pairs",1,0.02987
9hzn0r,"CamemBERT fine-tuned on (claim, post) pairs",1,0.03598
9i7b81,"CamemBERT fine-tuned on (claim, post) pairs",1,0.04369
9i7ot6,"CamemBERT fine-tuned on (claim, post) pairs",1,0.03337
9ipva2,"CamemBERT fine-tuned on (claim, post) pairs",1,0.04062
9iswb7,"CamemBERT fine-tuned on (claim, post) pairs",1,0.05104
9ita19,"CamemBERT fine-tuned on (claim, post) pairs",1,0.03868
9jcvgf,"CamemBERT fine-tuned on (claim, post) pairs",1,0.03327
9krhfl,"CamemBERT fine-tuned on (claim, post) pairs",1,0.03284
9lasl6,"CamemBERT fine-tuned on (claim, post) pairs",1,0.03287
9mno6e,"CamemBERT fine-tuned on (claim, post) pairs",1,0.1126
9moo1u,"CamemBERT fine-tuned on (claim, post) pairs",1,0.03013
9mrp1j,"CamemBERT fine-tuned on (claim, post) pairs",1,0.68331
9myhyd,"CamemBERT fine-tuned on (claim, post) pairs",1,0.04664
9mzcvq,"CamemBERT fine-tuned on (claim, post) pairs",1,0.03544
9n8nap,"CamemBERT fine-tuned on (claim, post) pairs",1,0.02489
9nt13c,"CamemBERT fine-tuned on (claim, post) pairs",1,0.03446
9ol266,"CamemBERT fine-tuned on (claim, post) pairs",1,0.02987
9s2n6w,"CamemBERT fine-tuned on (claim, post) pairs",1,0.11521
9slu0t,"CamemBERT fine-tuned on (claim, post) pairs",1,0.03004
9trq9c,"CamemBERT fine-tuned on (claim, post) pairs",1,0.03397
9ve83u,"CamemBERT fine-tuned on (claim, post) pairs",1,0.03524
9w971b,"CamemBERT fine-tuned on (claim, post) pairs",1,0.03219
9wfi0p,"CamemBERT fine-tuned on (claim, post) pairs",1,0.68669
9xwy8o,"CamemBERT fine-tuned on (claim, post) pairs",1,0.03216
9y4e31,"CamemBERT fine-tuned on (claim, post) pairs",1,0.02547
9zdmcq,"CamemBERT fine-tuned on (claim, post) pairs",1,0.04135
9zgnix,"CamemBERT fine-tuned on (claim, post) pairs",1,0.02621
9zoxcy,"CamemBERT fine-tuned on (claim, post) pairs",1,0.11363
9zpdkw,"CamemBERT fine-tuned on (claim, post) pairs",1,0.03468
a0iarh,"CamemBERT fine-tuned on (claim, post) pairs",1,0.02532
a151zv,"CamemBERT fine-tuned on (claim, post) pairs",1,0.03836
a1v7ph,"CamemBERT fine-tuned on (claim, post) pairs",1,0.05792
a2zpof,"CamemBERT fine-tuned on (claim, post) pairs",1,0.03253
a3cb50,"CamemBERT fine-tuned on (claim, post) pairs",1,0.04561
a3fx5v,"CamemBERT fine-tuned on (claim, post) pairs",1,0.11437
a3m7au,"CamemBERT fine-tuned on (claim, post) pairs",1,0.07185
a3rf6,"CamemBERT fine-tuned on (claim, post) pairs",1,0.91841
a4kdrr,"CamemBERT fine-tuned on (claim, post) pairs",1,0.03581
a4xsib,"CamemBERT fine-tuned on (claim, post) pairs",1,0.03807
a5ch1l,"CamemBERT fine-tuned on (claim, post) pairs",1,0.06935
a5rrh2,"CamemBERT fine-tuned on (claim, post) pairs",1,0.03708
a5ss93,"CamemBERT fine-tuned on (claim, post) pairs",1,0.03277
a6yde4,"CamemBERT fine-tuned on (claim, post) pairs",1,0.10186
a6yw2g,"CamemBERT fine-tuned on (claim, post) pairs",1,0.03554
adae5b,"CamemBERT fine-tuned on (claim, post) pairs",1,0.05228
adia3d,"CamemBERT fine-tuned on (claim, post) pairs",1,0.03244
adik0y,"CamemBERT fine-tuned on (claim, post) pairs",1,0.04108
ae4vrk,"CamemBERT fine-tuned on (claim, post) pairs",1,0.07133
ae6t3b,"CamemBERT fine-tuned on (claim, post) pairs",1,0.03482
aegsg8,"CamemBERT fine-tuned on (claim, post) pairs",1,0.20625
aephtl,"CamemBERT fine-tuned on (claim, post) pairs",1,0.05861
afj03f,"CamemBERT fine-tuned on (claim, post) pairs",1,0.15668
aiag9z,"CamemBERT fine-tuned on (claim, post) pairs",1,0.22979
aim8fj,"CamemBERT fine-tuned on (claim, post) pairs",1,0.38154
ajldzr,"CamemBERT fine-tuned on (claim, post) pairs",1,0.29864
alczp8,"CamemBERT fine-tuned on (claim, post) pairs",1,0.07218
alq3f2,"CamemBERT fine-tuned on (claim, post) pairs",1,0.07343
amql9l,"CamemBERT fine-tuned on (claim, post) pairs",1,0.04035
ancn40,"CamemBERT fine-tuned on (claim, post) pairs",1,0.0297
anoqse,"CamemBERT fine-tuned on (claim, post) pairs",1,0.03277
ao546f,"CamemBERT fine-tuned on (claim, post) pairs",1,0.0299
aosx6d,"CamemBERT fine-tuned on (claim, post) pairs",1,0.0254
aou0rm,"CamemBERT fine-tuned on (claim, post) pairs",1,0.03265
apvc02,"CamemBERT fine-tuned on (claim, post) pairs",1,0.0325
aq84kk,"CamemBERT fine-tuned on (claim, post) pairs",1,0.06401
aqohqe,"CamemBERT fine-tuned on (claim, post) pairs",1,0.41428
ar6h7j,"CamemBERT fine-tuned on (claim, post) pairs",1,0.03268
ar7ec8,"CamemBERT fine-tuned on (claim, post) pairs",1,0.02638
ari3sz,"CamemBERT fine-tuned on (claim, post) pairs",1,0.02671
arn3mb,"CamemBERT fine-tuned on (claim, post) pairs",1,0.80069
avwxqi,"CamemBERT fine-tuned on (claim, post) pairs",1,0.29936
azk9wf,"CamemBERT fine-tuned on (claim, post) pairs",1,0.81205
azzjcs,"CamemBERT fine-tuned on (claim, post) pairs",1,0.04236
azzpfa,"CamemBERT fine-tuned on (claim, post) pairs",1,0.33693
b04uo3,"CamemBERT fine-tuned on (claim, post) pairs",1,0.06348
b0cilf,"CamemBERT fine-tuned on (claim, post) pairs",1,0.05495
b1ecj1,"CamemBERT fine-tuned on (claim, post) pairs",1,0.48862
b3unvm,"CamemBERT fine-tuned on (claim, post) pairs",1,0.11803
b46ji0,"CamemBERT fine-tuned on (claim, post) pairs",1,0.03768
b587v3,"CamemBERT fine-tuned on (claim, post) pairs",1,0.03309
b9dhs5,"CamemBERT fine-tuned on (claim, post) pairs",1,0.13609
bbxmcl,"CamemBERT fine-tuned on (claim, post) pairs",1,0.02833
bcb5bq,"CamemBERT fine-tuned on (claim, post) pairs",1,0.0299
bcgxj3,"CamemBERT fine-tuned on (claim, post) pairs",1,0.07477
bd7wwu,"CamemBERT fine-tuned on (claim, post) pairs",1,0.07815
bdjnc2,"CamemBERT fine-tuned on (claim, post) pairs",1,0.03462
bdrtng,"CamemBERT fine-tuned on (claim, post) pairs",1,0.04827
bepsxe,"CamemBERT fine-tuned on (claim, post) pairs",1,0.1681
bfyjiv,"CamemBERT fine-tuned on (claim, post) pairs",1,0.2133
bgeguu,"CamemBERT fine-tuned on (claim, post) pairs",1,0.03225
bggieq,"CamemBERT fine-tuned on (claim, post) pairs",1,0.17996
bhb76w,"CamemBERT fine-tuned on (claim, post) pairs",1,0.03426
bhowol,"CamemBERT fine-tuned on (claim, post) pairs",1,0.03524
bjfb3e,"CamemBERT fine-tuned on (claim, post) pairs",1,0.03368
bmvw9h,"CamemBERT fine-tuned on (claim, post) pairs",1,0.21942
bnoy8x,"CamemBERT fine-tuned on (claim, post) pairs",1,0.85681
bqn8hv,"CamemBERT fine-tuned on (claim, post) pairs",1,0.04252
bqwtsg,"CamemBERT fine-tuned on (claim, post) pairs",1,0.04531
br75o0,"CamemBERT fine-tuned on (claim, post) pairs",1,0.0396
brmib7,"CamemBERT fine-tuned on (claim, post) pairs",1,0.02525
brrqig,"CamemBERT fine-tuned on (claim, post) pairs",1,0.043
bsja0x,"CamemBERT fine-tuned on (claim, post) pairs",1,0.02527
btbfi4,"CamemBERT fine-tuned on (claim, post) pairs",1,0.03796
btnqcc,"CamemBERT fine-tuned on (claim, post) pairs",1,0.0334
bxkheg,"CamemBERT fine-tuned on (claim, post) pairs",1,0.44319
bxmyu8,"CamemBERT fine-tuned on (claim, post) pairs",1,0.03475
bzb17g,"CamemBERT fine-tuned on (claim, post) pairs",1,0.03436
c1zmfq,"CamemBERT fine-tuned on (claim, post) pairs",1,0.03404
c5oat5,"CamemBERT fine-tuned on (claim, post) pairs",1,0.04832
c64ss6,"CamemBERT fine-tuned on (claim, post) pairs",1,0.24481
c71xlq,"CamemBERT fine-tuned on (claim, post) pairs",1,0.02496
c8le3c,"CamemBERT fine-tuned on (claim, post) pairs",1,0.02506
cbtzq1,"CamemBERT fine-tuned on (claim, post) pairs",1,0.08953
ceqpay,"CamemBERT fine-tuned on (claim, post) pairs",1,0.04456
ceshxz,"CamemBERT fine-tuned on (claim, post) pairs",1,0.10586
cg9psx,"CamemBERT fine-tuned on (claim, post) pairs",1,0.0342
cgqoso,"CamemBERT fine-tuned on (claim, post) pairs",1,0.03429
cgtjqm,"CamemBERT fine-tuned on (claim, post) pairs",1,0.03013
cjbe5s,"CamemBERT fine-tuned on (claim, post) pairs",1,0.0366
ckcv0t,"CamemBERT fine-tuned on (claim, post) pairs",1,0.03353
cl3tzg,"CamemBERT fine-tuned on (claim, post) pairs",1,0.06371
co1e76,"CamemBERT fine-tuned on (claim, post) pairs",1,0.0367
coghm8,"CamemBERT fine-tuned on (claim, post) pairs",1,0.02945
cqbbso,"CamemBERT fine-tuned on (claim, post) pairs",1,0.0389
csm2pt,"CamemBERT fine-tuned on (claim, post) pairs",1,0.03691
ctb8b7,"CamemBERT fine-tuned on (claim, post) pairs",1,0.0252
cue8ed,"CamemBERT fine-tuned on (claim, post) pairs",1,0.03561
cw131i,"CamemBERT fine-tuned on (claim, post) pairs",1,0.03779
d0dalv,"CamemBERT fine-tuned on (claim, post) pairs",1,0.07316
d3m3ni,"CamemBERT fine-tuned on (claim, post) pairs",1,0.0299
d4ba7s,"CamemBERT fine-tuned on (claim, post) pairs",1,0.02959
d5f1h9,"CamemBERT fine-tuned on (claim, post) pairs",1,0.08457
d5yj8l,"CamemBERT fine-tuned on (claim, post) pairs",1,0.04518
d82gx6,"CamemBERT fine-tuned on (claim, post) pairs",1,0.0334
d8qza8,"CamemBERT fine-tuned on (claim, post) pairs",1,0.7428
d8r9xm,"CamemBERT fine-tuned on (claim, post) pairs",1,0.1391
d9wvlq,"CamemBERT fine-tuned on (claim, post) pairs",1,0.04489
da0fiz,"CamemBERT fine-tuned on (claim, post) pairs",1,0.0973
dc78wc,"CamemBERT fine-tuned on (claim, post) pairs",1,0.03225
ddqpea,"CamemBERT fine-tuned on (claim, post) pairs",1,0.03305
dexel2,"CamemBERT fine-tuned on (claim, post) pairs",1,0.12321
dfk9iz,"CamemBERT fine-tuned on (claim, post) pairs",1,0.02552
dioiij,"CamemBERT fine-tuned on (claim, post) pairs",1,0.02492
dlev5c,"CamemBERT fine-tuned on (claim, post) pairs",1,0.03007
dlyr5s,"CamemBERT fine-tuned on (claim, post) pairs",1,0.03436
dnblhd,"CamemBERT fine-tuned on (claim, post) pairs",1,0.0329
dnpdj9,"CamemBERT fine-tuned on (claim, post) pairs",1,0.03378
dqbtcn,"CamemBERT fine-tuned on (claim, post) pairs",1,0.02576
dthkqo,"CamemBERT fine-tuned on (claim, post) pairs",1,0.03455
dwahhl,"CamemBERT fine-tuned on (claim, post) pairs",1,0.09965
dwfmqg,"CamemBERT fine-tuned on (claim, post) pairs",1,0.0342
dyj4xf,"CamemBERT fine-tuned on (claim, post) pairs",1,0.03324
e1edg3,"CamemBERT fine-tuned on (claim, post) pairs",1,0.13575
e1xvqm,"CamemBERT fine-tuned on (claim, post) pairs",1,0.11134
e3ehbz,"CamemBERT fine-tuned on (claim, post) pairs",1,0.03234
e3g5q5,"CamemBERT fine-tuned on (claim, post) pairs",1,0.03423
e3rlhk,"CamemBERT fine-tuned on (claim, post) pairs",1,0.03452
e3tuaa,"CamemBERT fine-tuned on (claim, post) pairs",1,0.02504
e4ywaj,"CamemBERT fine-tuned on (claim, post) pairs",1,0.05856
e5e2aq,"CamemBERT fine-tuned on (claim, post) pairs",1,0.03378
e5gitz,"CamemBERT fine-tuned on (claim, post) pairs",1,0.06992
e5kvnz,"CamemBERT fine-tuned on (claim, post) pairs",1,0.08525
e5maon,"CamemBERT fine-tuned on (claim, post) pairs",1,0.02996
e5ui60,"CamemBERT fine-tuned on (claim, post) pairs",1,0.51309
e5xiiq,"CamemBERT fine-tuned on (claim, post) pairs",1,0.034
e62zgs,"CamemBERT fine-tuned on (claim, post) pairs",1,0.03394
e64n22,"CamemBERT fine-tuned on (claim, post) pairs",1,0.03019
e6ax6h,"CamemBERT fine-tuned on (claim, post) pairs",1,0.03436
e6f0rc,"CamemBERT fine-tuned on (claim, post) pairs",1,0.05204
e94ixf,"CamemBERT fine-tuned on (claim, post) pairs",1,0.0534
ea2jip,"CamemBERT fine-tuned on (claim, post) pairs",1,0.04177
ea30og,"CamemBERT fine-tuned on (claim, post) pairs",1,0.03271
ea9bpv,"CamemBERT fine-tuned on (claim, post) pairs",1,0.33042
ecfmdx,"CamemBERT fine-tuned on (claim, post) pairs",1,0.03394
echy7t,"CamemBERT fine-tuned on (claim, post) pairs",1,0.43749
edot6p,"CamemBERT fine-tuned on (claim, post) pairs",1,0.03259
edwwgn,"CamemBERT fine-tuned on (claim, post) pairs",1,0.09261
ee9n9o,"CamemBERT fine-tuned on (claim, post) pairs",1,0.05501
ejdjr5,"CamemBERT fine-tuned on (claim, post) pairs",1,0.54092
ejdunf,"CamemBERT fine-tuned on (claim, post) pairs",1,0.03404
eks8lr,"CamemBERT fine-tuned on (claim, post) pairs",1,0.03334
el8xqn,"CamemBERT fine-tuned on (claim, post) pairs",1,0.21593
elbwld,"CamemBERT fine-tuned on (claim, post) pairs",1,0.02611
elqv0f,"CamemBERT fine-tuned on (claim, post) pairs",1,0.02769
eo40n4,"CamemBERT fine-tuned on (claim, post) pairs",1,0.07907
eo5006,"CamemBERT fine-tuned on (claim, post) pairs",1,0.03305
eqb0h,"CamemBERT fine-tuned on (claim, post) pairs",1,0.2045
eqf7ot,"CamemBERT fine-tuned on (claim, post) pairs",1,0.09065
esq6p1,"CamemBERT fine-tuned on (claim, post) pairs",1,0.70675
etxpnm,"CamemBERT fine-tuned on (claim, post) pairs",1,0.62117
eu15v2,"CamemBERT fine-tuned on (claim, post) pairs",1,0.03736
eua0wf,"CamemBERT fine-tuned on (claim, post) pairs",1,0.0936
eup1di,"CamemBERT fine-tuned on (claim, post) pairs",1,0.03324
evtrx4,"CamemBERT fine-tuned on (claim, post) pairs",1,0.02956
ew9bu2,"CamemBERT fine-tuned on (claim, post) pairs",1,0.04651
eynxpz,"CamemBERT fine-tuned on (claim, post) pairs",1,0.07558
eyul8b,"CamemBERT fine-tuned on (claim, post) pairs",1,0.05033
ezpyag,"CamemBERT fine-tuned on (claim, post) pairs",1,0.02513
f2715d,"CamemBERT fine-tuned on (claim, post) pairs",1,0.0342
f283vi,"CamemBERT fine-tuned on (claim, post) pairs",1,0.08382
f4qms4,"CamemBERT fine-tuned on (claim, post) pairs",1,0.0279
f69ncu,"CamemBERT fine-tuned on (claim, post) pairs",1,0.03446
f799k5,"CamemBERT fine-tuned on (claim, post) pairs",1,0.05613
f96tbe,"CamemBERT fine-tuned on (claim, post) pairs",1,0.03591
fbgn5m,"CamemBERT fine-tuned on (claim, post) pairs",1,0.07056
fc8jpk,"CamemBERT fine-tuned on (claim, post) pairs",1,0.03708
fcaghn,"CamemBERT fine-tuned on (claim, post) pairs",1,0.05165
fccnsv,"CamemBERT fine-tuned on (claim, post) pairs",1,0.81309
ffsbpi,"CamemBERT fine-tuned on (claim, post) pairs",1,0.03505
fgbezz,"CamemBERT fine-tuned on (claim, post) pairs",1,0.04028
fgo3lf,"CamemBERT fine-tuned on (claim, post) pairs",1,0.02511
fguory,"CamemBERT fine-tuned on (claim, post) pairs",1,0.03079
fhdstg,"CamemBERT fine-tuned on (claim, post) pairs",1,0.03482
fhepc7,"CamemBERT fine-tuned on (claim, post) pairs",1,0.03558
fhk2vt,"CamemBERT fine-tuned on (claim, post) pairs",1,0.03501
fhxqf7,"CamemBERT fine-tuned on (claim, post) pairs",1,0.03237
fhz1tr,"CamemBERT fine-tuned on (claim, post) pairs",1,0.03192
fhzis1,"CamemBERT fine-tuned on (claim, post) pairs",1,0.03296
figt2n,"CamemBERT fine-tuned on (claim, post) pairs",1,0.04256
fiybcu,"CamemBERT fine-tuned on (claim, post) pairs",1,0.02489
fji10d,"CamemBERT fine-tuned on (claim, post) pairs",1,0.03591
fk0cbe,"CamemBERT fine-tuned on (claim, post) pairs",1,0.03455
fkfxtw,"CamemBERT fine-tuned on (claim, post) pairs",1,0.03684
fkldua,"CamemBERT fine-tuned on (claim, post) pairs",1,0.03912
fkm6y5,"CamemBERT fine-tuned on (claim, post) pairs",1,0.03505
fl6pbu,"CamemBERT fine-tuned on (claim, post) pairs",1,0.03027
flhf5m,"CamemBERT fine-tuned on (claim, post) pairs",1,0.04427
fls9mk,"CamemBERT fine-tuned on (claim, post) pairs",1,0.04104
flx35c,"CamemBERT fine-tuned on (claim, post) pairs",1,0.03687
flx637,"CamemBERT fine-tuned on (claim, post) pairs",1,0.03905
flyoyg,"CamemBERT fine-tuned on (claim, post) pairs",1,0.03459
fm41er,"CamemBERT fine-tuned on (claim, post) pairs",1,0.03501
fmbrtd,"CamemBERT fine-tuned on (claim, post) pairs",1,0.03334
fmgq9v,"CamemBERT fine-tuned on (claim, post) pairs",1,0.03478
fmkdde,"CamemBERT fine-tuned on (claim, post) pairs",1,0.0656
fmzraj,"CamemBERT fine-tuned on (claim, post) pairs",1,0.21085
fo70ft,"CamemBERT fine-tuned on (claim, post) pairs",1,0.0533
folx5c,"CamemBERT fine-tuned on (claim, post) pairs",1,0.03931
fp6tij,"CamemBERT fine-tuned on (claim, post) pairs",1,0.39791
fpxm9f,"CamemBERT fine-tuned on (claim, post) pairs",1,0.03524
fqfc29,"CamemBERT fine-tuned on (claim, post) pairs",1,0.08094
fqhu9s,"CamemBERT fine-tuned on (claim, post) pairs",1,0.79126
fqmsg2,"CamemBERT fine-tuned on (claim, post) pairs",1,0.03511
frmgqu,"CamemBERT fine-tuned on (claim, post) pairs",1,0.10604
ftllrc,"CamemBERT fine-tuned on (claim, post) pairs",1,0.08571
fueee3,"CamemBERT fine-tuned on (claim, post) pairs",1,0.03775
furh3t,"CamemBERT fine-tuned on (claim, post) pairs",1,0.09895
fvaxja,"CamemBERT fine-tuned on (claim, post) pairs",1,0.03359
fviobo,"CamemBERT fine-tuned on (claim, post) pairs",1,0.0696
fwgse8,"CamemBERT fine-tuned on (claim, post) pairs",1,0.0495
fwlvl4,"CamemBERT fine-tuned on (claim, post) pairs",1,0.37614
fx3xjv,"CamemBERT fine-tuned on (claim, post) pairs",1,0.03854
fy2oj3,"CamemBERT fine-tuned on (claim, post) pairs",1,0.03511
fy2p7f,"CamemBERT fine-tuned on (claim, post) pairs",1,0.03511
g0i8rm,"CamemBERT fine-tuned on (claim, post) pairs",1,0.04123
g19p90,"CamemBERT fine-tuned on (claim, post) pairs",1,0.04345
g1othi,"CamemBERT fine-tuned on (claim, post) pairs",1,0.03378
g2bytp,"CamemBERT fine-tuned on (claim, post) pairs",1,0.5569
g2gixl,"CamemBERT fine-tuned on (claim, post) pairs",1,0.03195
g2idz0,"CamemBERT fine-tuned on (claim, post) pairs",1,0.07383
g34bbf,"CamemBERT fine-tuned on (claim, post) pairs",1,0.09973
g4ewn0,"CamemBERT fine-tuned on (claim, post) pairs",1,0.02633
g4nxk5,"CamemBERT fine-tuned on (claim, post) pairs",1,0.03602
g5ky43,"CamemBERT fine-tuned on (claim, post) pairs",1,0.04476
g8y3o6,"CamemBERT fine-tuned on (claim, post) pairs",1,0.0325
gan3eg,"CamemBERT fine-tuned on (claim, post) pairs",1,0.04552
gbdhgn,"CamemBERT fine-tuned on (claim, post) pairs",1,0.71567
gd8rcb,"CamemBERT fine-tuned on (claim, post) pairs",1,0.83495
gecn8f,"CamemBERT fine-tuned on (claim, post) pairs",1,0.03485
ggbp5b,"CamemBERT fine-tuned on (claim, post) pairs",1,0.0936
ghjdyj,"CamemBERT fine-tuned on (claim, post) pairs",1,0.03265
ghslu9,"CamemBERT fine-tuned on (claim, post) pairs",1,0.25059
gksuau,"CamemBERT fine-tuned on (claim, post) pairs",1,0.05156
gl5kwt,"CamemBERT fine-tuned on (claim, post) pairs",1,0.04791
go1u33,"CamemBERT fine-tuned on (claim, post) pairs",1,0.05238
go6pl2,"CamemBERT fine-tuned on (claim, post) pairs",1,0.70391
gp3xs4,"CamemBERT fine-tuned on (claim, post) pairs",1,0.03244
gpwapq,"CamemBERT fine-tuned on (claim, post) pairs",1,0.03016
gvqoq3,"CamemBERT fine-tuned on (claim, post) pairs",1,0.18011
h9dp2s,"CamemBERT fine-tuned on (claim, post) pairs",1,0.04104
h9hstb,"CamemBERT fine-tuned on (claim, post) pairs",1,0.0536
ha4om1,"CamemBERT fine-tuned on (claim, post) pairs",1,0.03327
haav14,"CamemBERT fine-tuned on (claim, post) pairs",1,0.03495
hbfvim,"CamemBERT fine-tuned on (claim, post) pairs",1,0.13963
hdo19g,"CamemBERT fine-tuned on (claim, post) pairs",1,0.02636
hegmoy,"CamemBERT fine-tuned on (claim, post) pairs",1,0.08835
hfj7qz,"CamemBERT fine-tuned on (claim, post) pairs",1,0.03343
hgeu6a,"CamemBERT fine-tuned on (claim, post) pairs",1,0.02954
hgk0yr,"CamemBERT fine-tuned on (claim, post) pairs",1,0.03501
hjdm2t,"CamemBERT fine-tuned on (claim, post) pairs",1,0.03397
hjxc3u,"CamemBERT fine-tuned on (claim, post) pairs",1,0.0392
hkqsgq,"CamemBERT fine-tuned on (claim, post) pairs",1,0.03442
ho7nah,"CamemBERT fine-tuned on (claim, post) pairs",1,0.06205
hojmh7,"CamemBERT fine-tuned on (claim, post) pairs",1,0.0385
hwfz7k,"CamemBERT fine-tuned on (claim, post) pairs",1,0.16982
hzd5d1,"CamemBERT fine-tuned on (claim, post) pairs",1,0.56425
i0k0k5,"CamemBERT fine-tuned on (claim, post) pairs",1,0.03876
i0mhd5,"CamemBERT fine-tuned on (claim, post) pairs",1,0.03653
i0n5gc,"CamemBERT fine-tuned on (claim, post) pairs",1,0.03397
i3msyd,"CamemBERT fine-tuned on (claim, post) pairs",1,0.03694
i7rlrt,"CamemBERT fine-tuned on (claim, post) pairs",1,0.03578
i8b5uo,"CamemBERT fine-tuned on (claim, post) pairs",1,0.04756
ia99vr,"CamemBERT fine-tuned on (claim, post) pairs",1,0.05435
ibcu2q,"CamemBERT fine-tuned on (claim, post) pairs",1,0.03423
ic2g86,"CamemBERT fine-tuned on (claim, post) pairs",1,0.02489
ice0kk,"CamemBERT fine-tuned on (claim, post) pairs",1,0.04104
ici56t,"CamemBERT fine-tuned on (claim, post) pairs",1,0.29038
ictrw8,"CamemBERT fine-tuned on (claim, post) pairs",1,0.03353
iguhj6,"CamemBERT fine-tuned on (claim, post) pairs",1,0.04638
ih08v3,"CamemBERT fine-tuned on (claim, post) pairs",1,0.05613
ih7ei3,"CamemBERT fine-tuned on (claim, post) pairs",1,0.03343
ihj6bx,"CamemBERT fine-tuned on (claim, post) pairs",1,0.03615
iiqap8,"CamemBERT fine-tuned on (claim, post) pairs",1,0.03324
iiqu94,"CamemBERT fine-tuned on (claim, post) pairs",1,0.04024
ij8qio,"CamemBERT fine-tuned on (claim, post) pairs",1,0.02616
iket8f,"CamemBERT fine-tuned on (claim, post) pairs",1,0.07942
ilv17f,"CamemBERT fine-tuned on (claim, post) pairs",1,0.041
imb0ri,"CamemBERT fine-tuned on (claim, post) pairs",1,0.27924
imc2uz,"CamemBERT fine-tuned on (claim, post) pairs",1,0.91321
imi2li,"CamemBERT fine-tuned on (claim, post) pairs",1,0.03241
ioql0z,"CamemBERT fine-tuned on (claim, post) pairs",1,0.0424
iotgaz,"CamemBERT fine-tuned on (claim, post) pairs",1,0.02515
irrxv6,"CamemBERT fine-tuned on (claim, post) pairs",1,0.03544
isj1z0,"CamemBERT fine-tuned on (claim, post) pairs",1,0.04612
isp3z6,"CamemBERT fine-tuned on (claim, post) pairs",1,0.04439
ittyao,"CamemBERT fine-tuned on (claim, post) pairs",1,0.03091
iu2a3a,"CamemBERT fine-tuned on (claim, post) pairs",1,0.10613
ivghce,"CamemBERT fine-tuned on (claim, post) pairs",1,0.03468
ivn1mm,"CamemBERT fine-tuned on (claim, post) pairs",1,0.10114
ix01hq,"CamemBERT fine-tuned on (claim, post) pairs",1,0.02525
ixrd8y,"CamemBERT fine-tuned on (claim, post) pairs",1,0.03656
iy2bft,"CamemBERT fine-tuned on (claim, post) pairs",1,0.03207
iyumys,"CamemBERT fine-tuned on (claim, post) pairs",1,0.0533
iyvzvz,"CamemBERT fine-tuned on (claim, post) pairs",1,0.08181
izsgni,"CamemBERT fine-tuned on (claim, post) pairs",1,0.02532
j0t2d2,"CamemBERT fine-tuned on (claim, post) pairs",1,0.05948
j1069i,"CamemBERT fine-tuned on (claim, post) pairs",1,0.03673
j1zsiy,"CamemBERT fine-tuned on (claim, post) pairs",1,0.03649
j29je4,"CamemBERT fine-tuned on (claim, post) pairs",1,0.03256
j3wawt,"CamemBERT fine-tuned on (claim, post) pairs",1,0.067
j61gsa,"CamemBERT fine-tuned on (claim, post) pairs",1,0.11686
j70xoi,"CamemBERT fine-tuned on (claim, post) pairs",1,0.1554
j9sy3n,"CamemBERT fine-tuned on (claim, post) pairs",1,0.03318
jaaj86,"CamemBERT fine-tuned on (claim, post) pairs",1,0.03284
jbtcwk,"CamemBERT fine-tuned on (claim, post) pairs",1,0.07356
jc5uzf,"CamemBERT fine-tuned on (claim, post) pairs",1,0.03743
jc6461,"CamemBERT fine-tuned on (claim, post) pairs",1,0.91505
jcberw,"CamemBERT fine-tuned on (claim, post) pairs",1,0.03384
jgkjnm,"CamemBERT fine-tuned on (claim, post) pairs",1,0.10366
jgkvtb,"CamemBERT fine-tuned on (claim, post) pairs",1,0.03162
jgl84e,"CamemBERT fine-tuned on (claim, post) pairs",1,0.03433
jh46cv,"CamemBERT fine-tuned on (claim, post) pairs",1,0.03472
jia61d,"CamemBERT fine-tuned on (claim, post) pairs",1,0.17896
jivlvr,"CamemBERT fine-tuned on (claim, post) pairs",1,0.0367
jjwuzn,"CamemBERT fine-tuned on (claim, post) pairs",1,0.03331
jjylnj,"CamemBERT fine-tuned on (claim, post) pairs",1,0.03165
jkh3zx,"CamemBERT fine-tuned on (claim, post) pairs",1,0.03505
jkrv3d,"CamemBERT fine-tuned on (claim, post) pairs",1,0.0629
jkrze6,"CamemBERT fine-tuned on (claim, post) pairs",1,0.03733
jm32gj,"CamemBERT fine-tuned on (claim, post) pairs",1,0.03508
jncki5,"CamemBERT fine-tuned on (claim, post) pairs",1,0.04422
jnyj70,"CamemBERT fine-tuned on (claim, post) pairs",1,0.16205
jogf8j,"CamemBERT fine-tuned on (claim, post) pairs",1,0.04284
jp39k1,"CamemBERT fine-tuned on (claim, post) pairs",1,0.05835
jpqv0v,"CamemBERT fine-tuned on (claim, post) pairs",1,0.06436
jrjcgw,"CamemBERT fine-tuned on (claim, post) pairs",1,0.49232
js5av6,"CamemBERT fine-tuned on (claim, post) pairs",1,0.03548
jvpzh0,"CamemBERT fine-tuned on (claim, post) pairs",1,0.91055
jvqnsn,"CamemBERT fine-tuned on (claim, post) pairs",1,0.63906
jx5mib,"CamemBERT fine-tuned on (claim, post) pairs",1,0.02496
jzldwr,"CamemBERT fine-tuned on (claim, post) pairs",1,0.05824
k577mi,"CamemBERT fine-tuned on (claim, post) pairs",1,0.11692
k603dd,"CamemBERT fine-tuned on (claim, post) pairs",1,0.27523
k603y6,"CamemBERT fine-tuned on (claim, post) pairs",1,0.10857
k624c4,"CamemBERT fine-tuned on (claim, post) pairs",1,0.90715
k6o6bw,"CamemBERT fine-tuned on (claim, post) pairs",1,0.14439
k90kjc,"CamemBERT fine-tuned on (claim, post) pairs",1,0.91826
k9ajeu,"CamemBERT fine-tuned on (claim, post) pairs",1,0.34021
k9tt6x,"CamemBERT fine-tuned on (claim, post) pairs",1,0.02518
kabbn0,"CamemBERT fine-tuned on (claim, post) pairs",1,0.04573
kc99mr,"CamemBERT fine-tuned on (claim, post) pairs",1,0.91573
keiyka,"CamemBERT fine-tuned on (claim, post) pairs",1,0.04464
kfjwh1,"CamemBERT fine-tuned on (claim, post) pairs",1,0.04349
kgrai2,"CamemBERT fine-tuned on (claim, post) pairs",1,0.921
khpbim,"CamemBERT fine-tuned on (claim, post) pairs",1,0.0602
kixuic,"CamemBERT fine-tuned on (claim, post) pairs",1,0.91782
kj9yic,"CamemBERT fine-tuned on (claim, post) pairs",1,0.03016
kjm1a3,"CamemBERT fine-tuned on (claim, post) pairs",1,0.85633
knlqii,"CamemBERT fine-tuned on (claim, post) pairs",1,0.52705
knlr19,"CamemBERT fine-tuned on (claim, post) pairs",1,0.52705
ko9dyf,"CamemBERT fine-tuned on (claim, post) pairs",1,0.92213
kp0re0,"CamemBERT fine-tuned on (claim, post) pairs",1,0.33846
krjrvz,"CamemBERT fine-tuned on (claim, post) pairs",1,0.03455
krnvhz,"CamemBERT fine-tuned on (claim, post) pairs",1,0.91267
ksik3u,"CamemBERT fine-tuned on (claim, post) pairs",1,0.9014
kslmtn,"CamemBERT fine-tuned on (claim, post) pairs",1,0.02569
kt1iuf,"CamemBERT fine-tuned on (claim, post) pairs",1,0.9215
kt8gmt,"CamemBERT fine-tuned on (claim, post) pairs",1,0.9064
kuyyyj,"CamemBERT fine-tuned on (claim, post) pairs",1,0.03495
kyt8fg,"CamemBERT fine-tuned on (claim, post) pairs",1,0.91498
kz90ac,"CamemBERT fine-tuned on (claim, post) pairs",1,0.04642
l0kqeb,"CamemBERT fine-tuned on (claim, post) pairs",1,0.54436
l1v347,"CamemBERT fine-tuned on (claim, post) pairs",1,0.03482
l25gdq,"CamemBERT fine-tuned on (claim, post) pairs",1,0.02525
l4i7ej,"CamemBERT fine-tuned on (claim, post) pairs",1,0.0334
l4vujj,"CamemBERT fine-tuned on (claim, post) pairs",1,0.90114
l5djp3,"CamemBERT fine-tuned on (claim, post) pairs",1,0.03971
l5g4qt,"CamemBERT fine-tuned on (claim, post) pairs",1,0.15285
l5k8py,"CamemBERT fine-tuned on (claim, post) pairs",1,0.07477
l769em,"CamemBERT fine-tuned on (claim, post) pairs",1,0.02583
l79sl5,"CamemBERT fine-tuned on (claim, post) pairs",1,0.03452
l7ou1m,"CamemBERT fine-tuned on (claim, post) pairs",1,0.46024
la0a8q,"CamemBERT fine-tuned on (claim, post) pairs",1,0.04523
la93c7,"CamemBERT fine-tuned on (claim, post) pairs",1,0.04193
lcp4ri,"CamemBERT fine-tuned on (claim, post) pairs",1,0.07808
ld48jf,"CamemBERT fine-tuned on (claim, post) pairs",1,0.05765
ld93pc,"CamemBERT fine-tuned on (claim, post) pairs",1,0.04872
lfh2sm,"CamemBERT fine-tuned on (claim, post) pairs",1,0.04377
lfzbmy,"CamemBERT fine-tuned on (claim, post) pairs",1,0.89787
lg2dzw,"CamemBERT fine-tuned on (claim, post) pairs",1,0.71835
lg2k8j,"CamemBERT fine-tuned on (claim, post) pairs",1,0.13626
li83kz,"CamemBERT fine-tuned on (claim, post) pairs",1,0.04115
lm0xgx,"CamemBERT fine-tuned on (claim, post) pairs",1,0.10466
lp5f2u,"CamemBERT fine-tuned on (claim, post) pairs",1,0.03277
lpj2mi,"CamemBERT fine-tuned on (claim, post) pairs",1,0.57797
lpkviw,"CamemBERT fine-tuned on (claim, post) pairs",1,0.03605
lpuvub,"CamemBERT fine-tuned on (claim, post) pairs",1,0.03528
lpv6b2,"CamemBERT fine-tuned on (claim, post) pairs",1,0.04743
lv2ls2,"CamemBERT fine-tuned on (claim, post) pairs",1,0.03253
lvxwqy,"CamemBERT fine-tuned on (claim, post) pairs",1,0.9136
lx1vgg,"CamemBERT fine-tuned on (claim, post) pairs",1,0.68273
m0aaur,"CamemBERT fine-tuned on (claim, post) pairs",1,0.03201
m1ethl,"CamemBERT fine-tuned on (claim, post) pairs",1,0.91611
m3bs8z,"CamemBERT fine-tuned on (claim, post) pairs",1,0.02499
m4tu00,"CamemBERT fine-tuned on (claim, post) pairs",1,0.03839
m5h2ks,"CamemBERT fine-tuned on (claim, post) pairs",1,0.29351
m5kxle,"CamemBERT fine-tuned on (claim, post) pairs",1,0.03349
m8cg12,"CamemBERT fine-tuned on (claim, post) pairs",1,0.04996
m9eho9,"CamemBERT fine-tuned on (claim, post) pairs",1,0.05262
mai7eq,"CamemBERT fine-tuned on (claim, post) pairs",1,0.03027
mbi4r0,"CamemBERT fine-tuned on (claim, post) pairs",1,0.03793
mckjmc,"CamemBERT fine-tuned on (claim, post) pairs",1,0.03934
mdj0lc,"CamemBERT fine-tuned on (claim, post) pairs",1,0.03287
meh6b8,"CamemBERT fine-tuned on (claim, post) pairs",1,0.05335
meujox,"CamemBERT fine-tuned on (claim, post) pairs",1,0.03636
mfkofn,"CamemBERT fine-tuned on (claim, post) pairs",1,0.03495
mh20h1,"CamemBERT fine-tuned on (claim, post) pairs",1,0.04931
mhhicw,"CamemBERT fine-tuned on (claim, post) pairs",1,0.05921
mhrbt0,"CamemBERT fine-tuned on (claim, post) pairs",1,0.04225
mjgb76,"CamemBERT fine-tuned on (claim, post) pairs",1,0.03378
mk65eu,"CamemBERT fine-tuned on (claim, post) pairs",1,0.03779
mkefb8,"CamemBERT fine-tuned on (claim, post) pairs",1,0.03219
ml6tfy,"CamemBERT fine-tuned on (claim, post) pairs",1,0.03636
ml8s52,"CamemBERT fine-tuned on (claim, post) pairs",1,0.15649
mlwbui,"CamemBERT fine-tuned on (claim, post) pairs",1,0.03968
mlyr54,"CamemBERT fine-tuned on (claim, post) pairs",1,0.32848
mnfunz,"CamemBERT fine-tuned on (claim, post) pairs",1,0.10248
mo3jua,"CamemBERT fine-tuned on (claim, post) pairs",1,0.91841
mpauaf,"CamemBERT fine-tuned on (claim, post) pairs",1,0.03698
mpxraz,"CamemBERT fine-tuned on (claim, post) pairs",1,0.31716
mqbsvc,"CamemBERT fine-tuned on (claim, post) pairs",1,0.03384
mqm14i,"CamemBERT fine-tuned on (claim, post) pairs",1,0.03244
mrqhab,"CamemBERT fine-tuned on (claim, post) pairs",1,0.0432
mss81s,"CamemBERT fine-tuned on (claim, post) pairs",1,0.03144
mtfpga,"CamemBERT fine-tuned on (claim, post) pairs",1,0.68447
mun21m,"CamemBERT fine-tuned on (claim, post) pairs",1,0.03201
munkj0,"CamemBERT fine-tuned on (claim, post) pairs",1,0.05213
mwtpq2,"CamemBERT fine-tuned on (claim, post) pairs",1,0.02982
mwv5qu,"CamemBERT fine-tuned on (claim, post) pairs",1,0.06148
myfex3,"CamemBERT fine-tuned on (claim, post) pairs",1,0.03782
myq7qn,"CamemBERT fine-tuned on (claim, post) pairs",1,0.02948
n0dmbg,"CamemBERT fine-tuned on (claim, post) pairs",1,0.11134
n14wzz,"CamemBERT fine-tuned on (claim, post) pairs",1,0.04088
n2ckjs,"CamemBERT fine-tuned on (claim, post) pairs",1,0.03287
n5jatz,"CamemBERT fine-tuned on (claim, post) pairs",1,0.03684
n6i122,"CamemBERT fine-tuned on (claim, post) pairs",1,0.03598
n79v3,"CamemBERT fine-tuned on (claim, post) pairs",1,0.02671
n90ru9,"CamemBERT fine-tuned on (claim, post) pairs",1,0.03315
nbgk37,"CamemBERT fine-tuned on (claim, post) pairs",1,0.92015
ndy44b,"CamemBERT fine-tuned on (claim, post) pairs",1,0.11086
nelkdp,"CamemBERT fine-tuned on (claim, post) pairs",1,0.09009
nh21mm,"CamemBERT fine-tuned on (claim, post) pairs",1,0.90682
nh2xbd,"CamemBERT fine-tuned on (claim, post) pairs",1,0.31992
nhmo1w,"CamemBERT fine-tuned on (claim, post) pairs",1,0.03495
nhp74a,"CamemBERT fine-tuned on (claim, post) pairs",1,0.02559
nid4xk,"CamemBERT fine-tuned on (claim, post) pairs",1,0.03059
njswvw,"CamemBERT fine-tuned on (claim, post) pairs",1,0.03281
nmud4m,"CamemBERT fine-tuned on (claim, post) pairs",1,0.03315
np2d26,"CamemBERT fine-tuned on (claim, post) pairs",1,0.10706
nqefuh,"CamemBERT fine-tuned on (claim, post) pairs",1,0.03277
nqk4aw,"CamemBERT fine-tuned on (claim, post) pairs",1,0.09401
nquxge,"CamemBERT fine-tuned on (claim, post) pairs",1,0.04996
nra3e8,"CamemBERT fine-tuned on (claim, post) pairs",1,0.09713
nryb61,"CamemBERT fine-tuned on (claim, post) pairs",1,0.03253
nu4qwm,"CamemBERT fine-tuned on (claim, post) pairs",1,0.04936
nuepgt,"CamemBERT fine-tuned on (claim, post) pairs",1,0.12576
nulmqc,"CamemBERT fine-tuned on (claim, post) pairs",1,0.03524
nv4089,"CamemBERT fine-tuned on (claim, post) pairs",1,0.04264
nv9hr6,"CamemBERT fine-tuned on (claim, post) pairs",1,0.04264
nvbh3w,"CamemBERT fine-tuned on (claim, post) pairs",1,0.03293
nxvq3a,"CamemBERT fine-tuned on (claim, post) pairs",1,0.03887
nyq4wo,"CamemBERT fine-tuned on (claim, post) pairs",1,0.0283
nys24t,"CamemBERT fine-tuned on (claim, post) pairs",1,0.02525
nyvi2e,"CamemBERT fine-tuned on (claim, post) pairs",1,0.03872
nyxyka,"CamemBERT fine-tuned on (claim, post) pairs",1,0.03407
o18i8w,"CamemBERT fine-tuned on (claim, post) pairs",1,0.03315
o3c60p,"CamemBERT fine-tuned on (claim, post) pairs",1,0.53385
o4diru,"CamemBERT fine-tuned on (claim, post) pairs",1,0.04782
o6lnfo,"CamemBERT fine-tuned on (claim, post) pairs",1,0.90088
o7toq9,"CamemBERT fine-tuned on (claim, post) pairs",1,0.02561
o9yu8w,"CamemBERT fine-tuned on (claim, post) pairs",1,0.34566
objeos,"CamemBERT fine-tuned on (claim, post) pairs",1,0.02857
obpuh8,"CamemBERT fine-tuned on (claim, post) pairs",1,0.92007
obsrfj,"CamemBERT fine-tuned on (claim, post) pairs",1,0.91031
oc48n5,"CamemBERT fine-tuned on (claim, post) pairs",1,0.03241
oc89ax,"CamemBERT fine-tuned on (claim, post) pairs",1,0.08977
oe1lri,"CamemBERT fine-tuned on (claim, post) pairs",1,0.04468
offbxc,"CamemBERT fine-tuned on (claim, post) pairs",1,0.04651
ohim6f,"CamemBERT fine-tuned on (claim, post) pairs",1,0.0731
ohz00h,"CamemBERT fine-tuned on (claim, post) pairs",1,0.90397
oit39s,"CamemBERT fine-tuned on (claim, post) pairs",1,0.02973
ojb4cb,"CamemBERT fine-tuned on (claim, post) pairs",1,0.02511
ojmy4l,"CamemBERT fine-tuned on (claim, post) pairs",1,0.91848
ok75sy,"CamemBERT fine-tuned on (claim, post) pairs",1,0.75726
oknoru,"CamemBERT fine-tuned on (claim, post) pairs",1,0.08007
okqta8,"CamemBERT fine-tuned on (claim, post) pairs",1,0.91848
old392,"CamemBERT fine-tuned on (claim, post) pairs",1,0.11231
olukpq,"CamemBERT fine-tuned on (claim, post) pairs",1,0.03568
onwka1,"CamemBERT fine-tuned on (claim, post) pairs",1,0.03259
ooa0ki,"CamemBERT fine-tuned on (claim, post) pairs",1,0.034
oomes0,"CamemBERT fine-tuned on (claim, post) pairs",1,0.0501
oon4a8,"CamemBERT fine-tuned on (claim, post) pairs",1,0.03694
op3cu9,"CamemBERT fine-tuned on (claim, post) pairs",1,0.81721
oq3df1,"CamemBERT fine-tuned on (claim, post) pairs",1,0.03475
orj107,"CamemBERT fine-tuned on (claim, post) pairs",1,0.03372
ot4rej,"CamemBERT fine-tuned on (claim, post) pairs",1,0.03847
oug55y,"CamemBERT fine-tuned on (claim, post) pairs",1,0.20339
ovsuej,"CamemBERT fine-tuned on (claim, post) pairs",1,0.05526
owq7xx,"CamemBERT fine-tuned on (claim, post) pairs",1,0.29164
owxain,"CamemBERT fine-tuned on (claim, post) pairs",1,0.0254
oxyd6v,"CamemBERT fine-tuned on (claim, post) pairs",1,0.03281
p0vx4n,"CamemBERT fine-tuned on (claim, post) pairs",1,0.03222
p19ls2,"CamemBERT fine-tuned on (claim, post) pairs",1,0.89689
p1l865,"CamemBERT fine-tuned on (claim, post) pairs",1,0.09877
p1q2yw,"CamemBERT fine-tuned on (claim, post) pairs",1,0.0399
p370dc,"CamemBERT fine-tuned on (claim, post) pairs",1,0.28932
p3kigu,"CamemBERT fine-tuned on (claim, post) pairs",1,0.60279
p3nfil,"CamemBERT fine-tuned on (claim, post) pairs",1,0.0827
p51lhn,"CamemBERT fine-tuned on (claim, post) pairs",1,0.03927
p6eek4,"CamemBERT fine-tuned on (claim, post) pairs",1,0.03821
p7iocm,"CamemBERT fine-tuned on (claim, post) pairs",1,0.79999
p7m4ro,"CamemBERT fine-tuned on (claim, post) pairs",1,0.0392
p96cry,"CamemBERT fine-tuned on (claim, post) pairs",1,0.0607
p9uw35,"CamemBERT fine-tuned on (claim, post) pairs",1,0.02854
pa139w,"CamemBERT fine-tuned on (claim, post) pairs",1,0.0342
pb8yww,"CamemBERT fine-tuned on (claim, post) pairs",1,0.11192
pbj8bp,"CamemBERT fine-tuned on (claim, post) pairs",1,0.34285
pc3h4n,"CamemBERT fine-tuned on (claim, post) pairs",1,0.02494
peeucn,"CamemBERT fine-tuned on (claim, post) pairs",1,0.03346
pekj2t,"CamemBERT fine-tuned on (claim, post) pairs",1,0.02511
pezlht,"CamemBERT fine-tuned on (claim, post) pairs",1,0.07464
pf1pew,"CamemBERT fine-tuned on (claim, post) pairs",1,0.05455
pfxx55,"CamemBERT fine-tuned on (claim, post) pairs",1,0.04778
phrd2s,"CamemBERT fine-tuned on (claim, post) pairs",1,0.03832
phv7m2,"CamemBERT fine-tuned on (claim, post) pairs",1,0.6582
pid6cq,"CamemBERT fine-tuned on (claim, post) pairs",1,0.03561
piezlr,"CamemBERT fine-tuned on (claim, post) pairs",1,0.0341
piugjq,"CamemBERT fine-tuned on (claim, post) pairs",1,0.03883
pjmyno,"CamemBERT fine-tuned on (claim, post) pairs",1,0.8872
pk6bln,"CamemBERT fine-tuned on (claim, post) pairs",1,0.03793
pkts2h,"CamemBERT fine-tuned on (claim, post) pairs",1,0.03945
plkpyx,"CamemBERT fine-tuned on (claim, post) pairs",1,0.03934
pnawuz,"CamemBERT fine-tuned on (claim, post) pairs",1,0.90878
pov23z,"CamemBERT fine-tuned on (claim, post) pairs",1,0.0432
pqsmie,"CamemBERT fine-tuned on (claim, post) pairs",1,0.0602
prtvou,"CamemBERT fine-tuned on (claim, post) pairs",1,0.03521
pt7fzz,"CamemBERT fine-tuned on (claim, post) pairs",1,0.04721
ptqhaw,"CamemBERT fine-tuned on (claim, post) pairs",1,0.04252
pttfys,"CamemBERT fine-tuned on (claim, post) pairs",1,0.11762
pu3wbk,"CamemBERT fine-tuned on (claim, post) pairs",1,0.03343
pu5seb,"CamemBERT fine-tuned on (claim, post) pairs",1,0.92107
puk6sq,"CamemBERT fine-tuned on (claim, post) pairs",1,0.58904
pvl8c7,"CamemBERT fine-tuned on (claim, post) pairs",1,0.03524
pyiy57,"CamemBERT fine-tuned on (claim, post) pairs",1,0.3828
q12fz2,"CamemBERT fine-tuned on (claim, post) pairs",1,0.57592
q1p1n6,"CamemBERT fine-tuned on (claim, post) pairs",1,0.02492
q1z1tr,"CamemBERT fine-tuned on (claim, post) pairs",1,0.02984
q4ppb6,"CamemBERT fine-tuned on (claim, post) pairs",1,0.03825
q5qhh3,"CamemBERT fine-tuned on (claim, post) pairs",1,0.02513
q5sw9e,"CamemBERT fine-tuned on (claim, post) pairs",1,0.02501
q5ysp8,"CamemBERT fine-tuned on (claim, post) pairs",1,0.05042
q6gnqh,"CamemBERT fine-tuned on (claim, post) pairs",1,0.20738
qc2lzn,"CamemBERT fine-tuned on (claim, post) pairs",1,0.40795
qcolhb,"CamemBERT fine-tuned on (claim, post) pairs",1,0.03059
qdjokh,"CamemBERT fine-tuned on (claim, post) pairs",1,0.03677
qffqm2,"CamemBERT fine-tuned on (claim, post) pairs",1,0.03747
qg7f5j,"CamemBERT fine-tuned on (claim, post) pairs",1,0.79134
qj2ez7,"CamemBERT fine-tuned on (claim, post) pairs",1,0.03485
qjlr54,"CamemBERT fine-tuned on (claim, post) pairs",1,0.05639
qkc9ob,"CamemBERT fine-tuned on (claim, post) pairs",1,0.02523
qlponw,"CamemBERT fine-tuned on (claim, post) pairs",1,0.03775
qm3zs5,"CamemBERT fine-tuned on (claim, post) pairs",1,0.03433
qmj0et,"CamemBERT fine-tuned on (claim, post) pairs",1,0.03511
qmpcrf,"CamemBERT fine-tuned on (claim, post) pairs",1,0.61266
qn5bzy,"CamemBERT fine-tuned on (claim, post) pairs",1,0.91715
qo5r1s,"CamemBERT fine-tuned on (claim, post) pairs",1,0.05506
qol0qg,"CamemBERT fine-tuned on (claim, post) pairs",1,0.03779
qpcpda,"CamemBERT fine-tuned on (claim, post) pairs",1,0.38295
qqnm18,"CamemBERT fine-tuned on (claim, post) pairs",1,0.02945
qqou2m,"CamemBERT fine-tuned on (claim, post) pairs",1,0.03016
qqzv8s,"CamemBERT fine-tuned on (claim, post) pairs",1,0.04065
qr5jpf,"CamemBERT fine-tuned on (claim, post) pairs",1,0.0334
qrg5l7,"CamemBERT fine-tuned on (claim, post) pairs",1,0.03114
qtqqh5,"CamemBERT fine-tuned on (claim, post) pairs",1,0.03821
qulnig,"CamemBERT fine-tuned on (claim, post) pairs",1,0.02699
qve6b0,"CamemBERT fine-tuned on (claim, post) pairs",1,0.04738
qvl6qi,"CamemBERT fine-tuned on (claim, post) pairs",1,0.03551
qy9h6x,"CamemBERT fine-tuned on (claim, post) pairs",1,0.03439
qzmhg7,"CamemBERT fine-tuned on (claim, post) pairs",1,0.04189
r0bzft,"CamemBERT fine-tuned on (claim, post) pairs",1,0.88543
r0kqab,"CamemBERT fine-tuned on (claim, post) pairs",1,0.04054
r1sqhl,"CamemBERT fine-tuned on (claim, post) pairs",1,0.34865
r1vvup,"CamemBERT fine-tuned on (claim, post) pairs",1,0.91752
r1yxhd,"CamemBERT fine-tuned on (claim, post) pairs",1,0.04201
r2ie0y,"CamemBERT fine-tuned on (claim, post) pairs",1,0.03591
r3ibr2,"CamemBERT fine-tuned on (claim, post) pairs",1,0.11299
r7flie,"CamemBERT fine-tuned on (claim, post) pairs",1,0.03615
r7ia29,"CamemBERT fine-tuned on (claim, post) pairs",1,0.03561
r7knn3,"CamemBERT fine-tuned on (claim, post) pairs",1,0.03312
raut39,"CamemBERT fine-tuned on (claim, post) pairs",1,0.03365
rcetl2,"CamemBERT fine-tuned on (claim, post) pairs",1,0.05728
rdtec3,"CamemBERT fine-tuned on (claim, post) pairs",1,0.30601
rek0w8,"CamemBERT fine-tuned on (claim, post) pairs",1,0.03302
ri6vc6,"CamemBERT fine-tuned on (claim, post) pairs",1,0.49026
riqfj6,"CamemBERT fine-tuned on (claim, post) pairs",1,0.0273
rir6v3,"CamemBERT fine-tuned on (claim, post) pairs",1,0.25405
rmxsrq,"CamemBERT fine-tuned on (claim, post) pairs",1,0.0253
rmyfyx,"CamemBERT fine-tuned on (claim, post) pairs",1,0.03375
rp43h1,"CamemBERT fine-tuned on (claim, post) pairs",1,0.03378
rpj0v2,"CamemBERT fine-tuned on (claim, post) pairs",1,0.54473
rr8ahf,"CamemBERT fine-tuned on (claim, post) pairs",1,0.92115
rri8xa,"CamemBERT fine-tuned on (claim, post) pairs",1,0.04841
rt15y0,"CamemBERT fine-tuned on (claim, post) pairs",1,0.03498
rtqq9p,"CamemBERT fine-tuned on (claim, post) pairs",1,0.04024
rtuung,"CamemBERT fine-tuned on (claim, post) pairs",1,0.03656
rus5sh,"CamemBERT fine-tuned on (claim, post) pairs",1,0.05526
ruxsws,"CamemBERT fine-tuned on (claim, post) pairs",1,0.03284
rvq046,"CamemBERT fine-tuned on (claim, post) pairs",1,0.02518
rvtgmr,"CamemBERT fine-tuned on (claim, post) pairs",1,0.03518
rwjt89,"CamemBERT fine-tuned on (claim, post) pairs",1,0.04502
rwmqxx,"CamemBERT fine-tuned on (claim, post) pairs",1,0.03511
rworgg,"CamemBERT fine-tuned on (claim, post) pairs",1,0.89405
rxlufc,"CamemBERT fine-tuned on (claim, post) pairs",1,0.04725
ry2y0q,"CamemBERT fine-tuned on (claim, post) pairs",1,0.02648
ry3nne,"CamemBERT fine-tuned on (claim, post) pairs",1,0.03284
rzrsx7,"CamemBERT fine-tuned on (claim, post) pairs",1,0.0342
s0ep2s,"CamemBERT fine-tuned on (claim, post) pairs",1,0.04031
s0lfxs,"CamemBERT fine-tuned on (claim, post) pairs",1,0.17917
s19u4b,"CamemBERT fine-tuned on (claim, post) pairs",1,0.03271
s25tsv,"CamemBERT fine-tuned on (claim, post) pairs",1,0.03511
s2zl4w,"CamemBERT fine-tuned on (claim, post) pairs",1,0.33759
s3vm5c,"CamemBERT fine-tuned on (claim, post) pairs",1,0.0329
s427nc,"CamemBERT fine-tuned on (claim, post) pairs",1,0.03302
s4k0lg,"CamemBERT fine-tuned on (claim, post) pairs",1,0.03905
s5dzze,"CamemBERT fine-tuned on (claim, post) pairs",1,0.03356
s5yy4a,"CamemBERT fine-tuned on (claim, post) pairs",1,0.04108
s6v32r,"CamemBERT fine-tuned on (claim, post) pairs",1,0.06645
s6viqn,"CamemBERT fine-tuned on (claim, post) pairs",1,0.15197
s6y1k2,"CamemBERT fine-tuned on (claim, post) pairs",1,0.04373
s71noq,"CamemBERT fine-tuned on (claim, post) pairs",1,0.10539
s8gkdj,"CamemBERT fine-tuned on (claim, post) pairs",1,0.02561
s8kcsj,"CamemBERT fine-tuned on (claim, post) pairs",1,0.03768
s8kxgt,"CamemBERT fine-tuned on (claim, post) pairs",1,0.03646
s8nkyw,"CamemBERT fine-tuned on (claim, post) pairs",1,0.03331
say4xj,"CamemBERT fine-tuned on (claim, post) pairs",1,0.03318
sbmf6b,"CamemBERT fine-tuned on (claim, post) pairs",1,0.02857
sd73xx,"CamemBERT fine-tuned on (claim, post) pairs",1,0.06436
sdx1zh,"CamemBERT fine-tuned on (claim, post) pairs",1,0.03908
se849k,"CamemBERT fine-tuned on (claim, post) pairs",1,0.03782
seor6s,"CamemBERT fine-tuned on (claim, post) pairs",1,0.85645
sg3lfk,"CamemBERT fine-tuned on (claim, post) pairs",1,0.03488
sgvtsu,"CamemBERT fine-tuned on (claim, post) pairs",1,0.50999
si6c5r,"CamemBERT fine-tuned on (claim, post) pairs",1,0.03353
sii340,"CamemBERT fine-tuned on (claim, post) pairs",1,0.04582
sit78i,"CamemBERT fine-tuned on (claim, post) pairs",1,0.05624
siuakv,"CamemBERT fine-tuned on (claim, post) pairs",1,0.04046
sjxrk3,"CamemBERT fine-tuned on (claim, post) pairs",1,0.02511
smkm1j,"CamemBERT fine-tuned on (claim, post) pairs",1,0.02554
smzl0y,"CamemBERT fine-tuned on (claim, post) pairs",1,0.02772
sqnak8,"CamemBERT fine-tuned on (claim, post) pairs",1,0.05094
sqrcuv,"CamemBERT fine-tuned on (claim, post) pairs",1,0.04373
sqrsf0,"CamemBERT fine-tuned on (claim, post) pairs",1,0.02501
stsis1,"CamemBERT fine-tuned on (claim, post) pairs",1,0.04518
stu70x,"CamemBERT fine-tuned on (claim, post) pairs",1,0.23634
svfoic,"CamemBERT fine-tuned on (claim, post) pairs",1,0.02937
swaij2,"CamemBERT fine-tuned on (claim, post) pairs",1,0.04694
sxnj3u,"CamemBERT fine-tuned on (claim, post) pairs",1,0.02611
sxqmas,"CamemBERT fine-tuned on (claim, post) pairs",1,0.03359
t0zqxo,"CamemBERT fine-tuned on (claim, post) pairs",1,0.03636
t1991p,"CamemBERT fine-tuned on (claim, post) pairs",1,0.02511
t2m2sp,"CamemBERT fine-tuned on (claim, post) pairs",1,0.41005
t3cbqx,"CamemBERT fine-tuned on (claim, post) pairs",1,0.03302
t3f6jf,"CamemBERT fine-tuned on (claim, post) pairs",1,0.03455
t5jolk,"CamemBERT fine-tuned on (claim, post) pairs",1,0.04146
t8k9bm,"CamemBERT fine-tuned on (claim, post) pairs",1,0.38093
t8m8br,"CamemBERT fine-tuned on (claim, post) pairs",1,0.02954
t9h37p,"CamemBERT fine-tuned on (claim, post) pairs",1,0.02865
t9rxro,"CamemBERT fine-tuned on (claim, post) pairs",1,0.03268
ta9hzg,"CamemBERT fine-tuned on (claim, post) pairs",1,0.03397
tcd4ea,"CamemBERT fine-tuned on (claim, post) pairs",1,0.03027
tcdy59,"CamemBERT fine-tuned on (claim, post) pairs",1,0.04918
tdti6b,"CamemBERT fine-tuned on (claim, post) pairs",1,0.02566
tex3t2,"CamemBERT fine-tuned on (claim, post) pairs",1,0.03908
tfex6r,"CamemBERT fine-tuned on (claim, post) pairs",1,0.034
tff4oo,"CamemBERT fine-tuned on (claim, post) pairs",1,0.03426
tga5wh,"CamemBERT fine-tuned on (claim, post) pairs",1,0.02535
tgx9do,"CamemBERT fine-tuned on (claim, post) pairs",1,0.07303
thqmny,"CamemBERT fine-tuned on (claim, post) pairs",1,0.02513
tj5mon,"CamemBERT fine-tuned on (claim, post) pairs",1,0.03715
tj64pr,"CamemBERT fine-tuned on (claim, post) pairs",1,0.14421
tj9grk,"CamemBERT fine-tuned on (claim, post) pairs",1,0.02504
tjd9sg,"CamemBERT fine-tuned on (claim, post) pairs",1,0.92171
tkah7f,"CamemBERT fine-tuned on (claim, post) pairs",1,0.03253
tko0oa,"CamemBERT fine-tuned on (claim, post) pairs",1,0.02513
tne29w,"CamemBERT fine-tuned on (claim, post) pairs",1,0.02496
tngso3,"CamemBERT fine-tuned on (claim, post) pairs",1,0.02515
tpp04o,"CamemBERT fine-tuned on (claim, post) pairs",1,0.03324
tq9ql5,"CamemBERT fine-tuned on (claim, post) pairs",1,0.06948
tq9whl,"CamemBERT fine-tuned on (claim, post) pairs",1,0.03472
tqs9hv,"CamemBERT fine-tuned on (claim, post) pairs",1,0.02511
tqzpga,"CamemBERT fine-tuned on (claim, post) pairs",1,0.03293
trz6tx,"CamemBERT fine-tuned on (claim, post) pairs",1,0.02525
tsszug,"CamemBERT fine-tuned on (claim, post) pairs",1,0.0253
ttajh4,"CamemBERT fine-tuned on (claim, post) pairs",1,0.13905
tu5kvn,"CamemBERT fine-tuned on (claim, post) pairs",1,0.02518
tuigm2,"CamemBERT fine-tuned on (claim, post) pairs",1,0.03324
tulwnl,"CamemBERT fine-tuned on (claim, post) pairs",1,0.08457
tuxfqm,"CamemBERT fine-tuned on (claim, post) pairs",1,0.03923
tv6jha,"CamemBERT fine-tuned on (claim, post) pairs",1,0.04054
tvv6l3,"CamemBERT fine-tuned on (claim, post) pairs",1,0.02518
tvvlsn,"CamemBERT fine-tuned on (claim, post) pairs",1,0.03321
twno29,"CamemBERT fine-tuned on (claim, post) pairs",1,0.0253
twqbiv,"CamemBERT fine-tuned on (claim, post) pairs",1,0.03478
twtj3l,"CamemBERT fine-tuned on (claim, post) pairs",1,0.03612
twzazb,"CamemBERT fine-tuned on (claim, post) pairs",1,0.07655
twzdpb,"CamemBERT fine-tuned on (claim, post) pairs",1,0.05094
txev90,"CamemBERT fine-tuned on (claim, post) pairs",1,0.03436
txiefh,"CamemBERT fine-tuned on (claim, post) pairs",1,0.08434
txj2le,"CamemBERT fine-tuned on (claim, post) pairs",1,0.0329
txu6iw,"CamemBERT fine-tuned on (claim, post) pairs",1,0.06171
ty61qq,"CamemBERT fine-tuned on (claim, post) pairs",1,0.0252
tye0kt,"CamemBERT fine-tuned on (claim, post) pairs",1,0.09654
tyg26z,"CamemBERT fine-tuned on (claim, post) pairs",1,0.03302
tzjv11,"CamemBERT fine-tuned on (claim, post) pairs",1,0.02596
tzq230,"CamemBERT fine-tuned on (claim, post) pairs",1,0.03498
u0dwf0,"CamemBERT fine-tuned on (claim, post) pairs",1,0.87961
u1725f,"CamemBERT fine-tuned on (claim, post) pairs",1,0.03156
u175uu,"CamemBERT fine-tuned on (claim, post) pairs",1,0.04638
u1a0we,"CamemBERT fine-tuned on (claim, post) pairs",1,0.02554
u1stp9,"CamemBERT fine-tuned on (claim, post) pairs",1,0.0534
u1uv83,"CamemBERT fine-tuned on (claim, post) pairs",1,0.04154
u20isz,"CamemBERT fine-tuned on (claim, post) pairs",1,0.03472
u28xy6,"CamemBERT fine-tuned on (claim, post) pairs",1,0.02482
u2k2hi,"CamemBERT fine-tuned on (claim, post) pairs",1,0.03653
u2koj4,"CamemBERT fine-tuned on (claim, post) pairs",1,0.03872
u2sccm,"CamemBERT fine-tuned on (claim, post) pairs",1,0.03228
u2w1gt,"CamemBERT fine-tuned on (claim, post) pairs",1,0.04751
u2wov2,"CamemBERT fine-tuned on (claim, post) pairs",1,0.03698
u45mul,"CamemBERT fine-tuned on (claim, post) pairs",1,0.03459
u4xjdq,"CamemBERT fine-tuned on (claim, post) pairs",1,0.02506
u5imm7,"CamemBERT fine-tuned on (claim, post) pairs",1,0.04028
u5iqno,"CamemBERT fine-tuned on (claim, post) pairs",1,0.02959
u6wyq8,"CamemBERT fine-tuned on (claim, post) pairs",1,0.04634
u6zb89,"CamemBERT fine-tuned on (claim, post) pairs",1,0.04138
u7tu70,"CamemBERT fine-tuned on (claim, post) pairs",1,0.03433
u7uhz2,"CamemBERT fine-tuned on (claim, post) pairs",1,0.0321
u80a3u,"CamemBERT fine-tuned on (claim, post) pairs",1,0.0424
u8o54e,"CamemBERT fine-tuned on (claim, post) pairs",1,0.03274
u9in0y,"CamemBERT fine-tuned on (claim, post) pairs",1,0.0446
ubia9r,"CamemBERT fine-tuned on (claim, post) pairs",1,0.03268
ujkb6o,"CamemBERT fine-tuned on (claim, post) pairs",1,0.03259
ullr4v,"CamemBERT fine-tuned on (claim, post) pairs",1,0.03356
ulo9ot,"CamemBERT fine-tuned on (claim, post) pairs",1,0.03108
ulp0es,"CamemBERT fine-tuned on (claim, post) pairs",1,0.02996
umehos,"CamemBERT fine-tuned on (claim, post) pairs",1,0.03538
uorpth,"CamemBERT fine-tuned on (claim, post) pairs",1,0.03262
urftnb,"CamemBERT fine-tuned on (claim, post) pairs",1,0.87642
urgn2d,"CamemBERT fine-tuned on (claim, post) pairs",1,0.04065
us26sy,"CamemBERT fine-tuned on (claim, post) pairs",1,0.03201
usyrk1,"CamemBERT fine-tuned on (claim, post) pairs",1,0.03309
ut1w2k,"CamemBERT fine-tuned on (claim, post) pairs",1,0.03262
uv7rco,"CamemBERT fine-tuned on (claim, post) pairs",1,0.03942
uvvzyu,"CamemBERT fine-tuned on (claim, post) pairs",1,0.02623
uw0gg6,"CamemBERT fine-tuned on (claim, post) pairs",1,0.81435
uwln53,"CamemBERT fine-tuned on (claim, post) pairs",1,0.04406
uxeake,"CamemBERT fine-tuned on (claim, post) pairs",1,0.03843
v0j1qf,"CamemBERT fine-tuned on (claim, post) pairs",1,0.05644
v2bfj2,"CamemBERT fine-tuned on (claim, post) pairs",1,0.03712
v3412y,"CamemBERT fine-tuned on (claim, post) pairs",1,0.03571
v3bd7k,"CamemBERT fine-tuned on (claim, post) pairs",1,0.02653
v3zw9e,"CamemBERT fine-tuned on (claim, post) pairs",1,0.03256
v5a8iu,"CamemBERT fine-tuned on (claim, post) pairs",1,0.43054
v5j9ny,"CamemBERT fine-tuned on (claim, post) pairs",1,0.067
v66cxj,"CamemBERT fine-tuned on (claim, post) pairs",1,0.08961
v6qwzm,"CamemBERT fine-tuned on (claim, post) pairs",1,0.10017
v7iaoe,"CamemBERT fine-tuned on (claim, post) pairs",1,0.03305
v7j4nq,"CamemBERT fine-tuned on (claim, post) pairs",1,0.09114
v7ul64,"CamemBERT fine-tuned on (claim, post) pairs",1,0.08196
v8gd7u,"CamemBERT fine-tuned on (claim, post) pairs",1,0.03485
v8jpq9,"CamemBERT fine-tuned on (claim, post) pairs",1,0.09869
v95jzy,"CamemBERT fine-tuned on (claim, post) pairs",1,0.08419
vaj364,"CamemBERT fine-tuned on (claim, post) pairs",1,0.02945
valify,"CamemBERT fine-tuned on (claim, post) pairs",1,0.03605
vctood,"CamemBERT fine-tuned on (claim, post) pairs",1,0.03375
vd2qqh,"CamemBERT fine-tuned on (claim, post) pairs",1,0.03591
vdm3or,"CamemBERT fine-tuned on (claim, post) pairs",1,0.03923
vec520,"CamemBERT fine-tuned on (claim, post) pairs",1,0.05223
veq5sm,"CamemBERT fine-tuned on (claim, post) pairs",1,0.04268
vg3z1x,"CamemBERT fine-tuned on (claim, post) pairs",1,0.04108
vgk4kj,"CamemBERT fine-tuned on (claim, post) pairs",1,0.03508
vhn3ne,"CamemBERT fine-tuned on (claim, post) pairs",1,0.03429
vi8zcb,"CamemBERT fine-tuned on (claim, post) pairs",1,0.0389
vo65bw,"CamemBERT fine-tuned on (claim, post) pairs",1,0.04738
vqndkq,"CamemBERT fine-tuned on (claim, post) pairs",1,0.91414
vs0jf2,"CamemBERT fine-tuned on (claim, post) pairs",1,0.03394
vskks,"CamemBERT fine-tuned on (claim, post) pairs",1,0.09645
vu7hw1,"CamemBERT fine-tuned on (claim, post) pairs",1,0.06348
vy62fx,"CamemBERT fine-tuned on (claim, post) pairs",1,0.07871
vyq0jh,"CamemBERT fine-tuned on (claim, post) pairs",1,0.51584
vyr2ez,"CamemBERT fine-tuned on (claim, post) pairs",1,0.02962
vyrf29,"CamemBERT fine-tuned on (claim, post) pairs",1,0.0368
w1fc4i,"CamemBERT fine-tuned on (claim, post) pairs",1,0.03378
w28bbb,"CamemBERT fine-tuned on (claim, post) pairs",1,0.0305
w4l7b3,"CamemBERT fine-tuned on (claim, post) pairs",1,0.03975
w524xy,"CamemBERT fine-tuned on (claim, post) pairs",1,0.03694
w64hnf,"CamemBERT fine-tuned on (claim, post) pairs",1,0.02738
w8et95,"CamemBERT fine-tuned on (claim, post) pairs",1,0.054
w8go16,"CamemBERT fine-tuned on (claim, post) pairs",1,0.04548
w9esue,"CamemBERT fine-tuned on (claim, post) pairs",1,0.03165
wanv20,"CamemBERT fine-tuned on (claim, post) pairs",1,0.02544
wb29ee,"CamemBERT fine-tuned on (claim, post) pairs",1,0.02557
wb2z5l,"CamemBERT fine-tuned on (claim, post) pairs",1,0.03365
wddtzu,"CamemBERT fine-tuned on (claim, post) pairs",1,0.03343
we62zs,"CamemBERT fine-tuned on (claim, post) pairs",1,0.03455
we8icr,"CamemBERT fine-tuned on (claim, post) pairs",1,0.03324
wek1a5,"CamemBERT fine-tuned on (claim, post) pairs",1,0.03524
wf2346,"CamemBERT fine-tuned on (claim, post) pairs",1,0.02532
wg2uk5,"CamemBERT fine-tuned on (claim, post) pairs",1,0.02993
whjlsz,"CamemBERT fine-tuned on (claim, post) pairs",1,0.03213
whlcrv,"CamemBERT fine-tuned on (claim, post) pairs",1,0.02557
whnjn2,"CamemBERT fine-tuned on (claim, post) pairs",1,0.02756
whv4p3,"CamemBERT fine-tuned on (claim, post) pairs",1,0.03625
wjwke8,"CamemBERT fine-tuned on (claim, post) pairs",1,0.02987
wkx90y,"CamemBERT fine-tuned on (claim, post) pairs",1,0.02513
wmkpt6,"CamemBERT fine-tuned on (claim, post) pairs",1,0.02501
wmq4gv,"CamemBERT fine-tuned on (claim, post) pairs",1,0.21395
wnfaz5,"CamemBERT fine-tuned on (claim, post) pairs",1,0.03524
wnyvp2,"CamemBERT fine-tuned on (claim, post) pairs",1,0.04373
wo5be0,"CamemBERT fine-tuned on (claim, post) pairs",1,0.02525
woeakw,"CamemBERT fine-tuned on (claim, post) pairs",1,0.03231
woxjy6,"CamemBERT fine-tuned on (claim, post) pairs",1,0.03059
wp50za,"CamemBERT fine-tuned on (claim, post) pairs",1,0.39013
wpoc3s,"CamemBERT fine-tuned on (claim, post) pairs",1,0.03949
wqnif4,"CamemBERT fine-tuned on (claim, post) pairs",1,0.03446
ws6jxa,"CamemBERT fine-tuned on (claim, post) pairs",1,0.03433
wtcent,"CamemBERT fine-tuned on (claim, post) pairs",1,0.04012
wvyxjh,"CamemBERT fine-tuned on (claim, post) pairs",1,0.03391
wwtpd0,"CamemBERT fine-tuned on (claim, post) pairs",1,0.02515
wxhwdi,"CamemBERT fine-tuned on (claim, post) pairs",1,0.03397
wxj8ki,"CamemBERT fine-tuned on (claim, post) pairs",1,0.05005
wxqe1u,"CamemBERT fine-tuned on (claim, post) pairs",1,0.03277
wy04r2,"CamemBERT fine-tuned on (claim, post) pairs",1,0.02489
wy39bp,"CamemBERT fine-tuned on (claim, post) pairs",1,0.03901
wycyn8,"CamemBERT fine-tuned on (claim, post) pairs",1,0.03754
x1hl3b,"CamemBERT fine-tuned on (claim, post) pairs",1,0.06792
x1ng5s,"CamemBERT fine-tuned on (claim, post) pairs",1,0.03165
x1tmzz,"CamemBERT fine-tuned on (claim, post) pairs",1,0.04569
x1tuwu,"CamemBERT fine-tuned on (claim, post) pairs",1,0.08277
x40f2a,"CamemBERT fine-tuned on (claim, post) pairs",1,0.03883
x40j9m,"CamemBERT fine-tuned on (claim, post) pairs",1,0.63788
x4q66o,"CamemBERT fine-tuned on (claim, post) pairs",1,0.06401
x57627,"CamemBERT fine-tuned on (claim, post) pairs",1,0.03321
x5vcc8,"CamemBERT fine-tuned on (claim, post) pairs",1,0.03673
x5x6ac,"CamemBERT fine-tuned on (claim, post) pairs",1,0.03337
x67dzf,"CamemBERT fine-tuned on (claim, post) pairs",1,0.04108
x6c8r8,"CamemBERT fine-tuned on (claim, post) pairs",1,0.69787
x93zqn,"CamemBERT fine-tuned on (claim, post) pairs",1,0.68648
xbgp47,"CamemBERT fine-tuned on (claim, post) pairs",1,0.08874
xdp6gr,"CamemBERT fine-tuned on (claim, post) pairs",1,0.02508
xex9ql,"CamemBERT fine-tuned on (claim, post) pairs",1,0.02868
xfpchd,"CamemBERT fine-tuned on (claim, post) pairs",1,0.28747
xg2sys,"CamemBERT fine-tuned on (claim, post) pairs",1,0.03309
xgtphy,"CamemBERT fine-tuned on (claim, post) pairs",1,0.02542
xgtu36,"CamemBERT fine-tuned on (claim, post) pairs",1,0.02987
xhmdpu,"CamemBERT fine-tuned on (claim, post) pairs",1,0.03883
xi1day,"CamemBERT fine-tuned on (claim, post) pairs",1,0.03598
xi3luv,"CamemBERT fine-tuned on (claim, post) pairs",1,0.04162
xjbhsq,"CamemBERT fine-tuned on (claim, post) pairs",1,0.03439
xk04ig,"CamemBERT fine-tuned on (claim, post) pairs",1,0.03694
xk7uo0,"CamemBERT fine-tuned on (claim, post) pairs",1,0.04024
xl6g1c,"CamemBERT fine-tuned on (claim, post) pairs",1,0.03126
xm7yyg,"CamemBERT fine-tuned on (claim, post) pairs",1,0.24122
xmd3mb,"CamemBERT fine-tuned on (claim, post) pairs",1,0.0273
xmh6ll,"CamemBERT fine-tuned on (claim, post) pairs",1,0.02523
xo476c,"CamemBERT fine-tuned on (claim, post) pairs",1,0.03318
xoh2kc,"CamemBERT fine-tuned on (claim, post) pairs",1,0.24835
xp3dns,"CamemBERT fine-tuned on (claim, post) pairs",1,0.03047
xpa8ir,"CamemBERT fine-tuned on (claim, post) pairs",1,0.03442
xpnn73,"CamemBERT fine-tuned on (claim, post) pairs",1,0.03394
xr31ed,"CamemBERT fine-tuned on (claim, post) pairs",1,0.08749
xr4cyd,"CamemBERT fine-tuned on (claim, post) pairs",1,0.8934
xs6spm,"CamemBERT fine-tuned on (claim, post) pairs",1,0.03912
xu9dy6,"CamemBERT fine-tuned on (claim, post) pairs",1,0.81427
xwsryq,"CamemBERT fine-tuned on (claim, post) pairs",1,0.03207
xx6ccb,"CamemBERT fine-tuned on (claim, post) pairs",1,0.0432
xx8h0w,"CamemBERT fine-tuned on (claim, post) pairs",1,0.27728
xymafi,"CamemBERT fine-tuned on (claim, post) pairs",1,0.6261
xzh765,"CamemBERT fine-tuned on (claim, post) pairs",1,0.03117
y09nwo,"CamemBERT fine-tuned on (claim, post) pairs",1,0.03446
y1b9q2,"CamemBERT fine-tuned on (claim, post) pairs",1,0.03126
y2unrx,"CamemBERT fine-tuned on (claim, post) pairs",1,0.32082
y2uqw1,"CamemBERT fine-tuned on (claim, post) pairs",1,0.03986
y322ea,"CamemBERT fine-tuned on (claim, post) pairs",1,0.05019
y3m3m6,"CamemBERT fine-tuned on (claim, post) pairs",1,0.03132
y3ojmz,"CamemBERT fine-tuned on (claim, post) pairs",1,0.73192
y3rzcj,"CamemBERT fine-tuned on (claim, post) pairs",1,0.02515
y57x33,"CamemBERT fine-tuned on (claim, post) pairs",1,0.03439
y6508z,"CamemBERT fine-tuned on (claim, post) pairs",1,0.03281
y67acv,"CamemBERT fine-tuned on (claim, post) pairs",1,0.02658
y70bh7,"CamemBERT fine-tuned on (claim, post) pairs",1,0.02694
y772l0,"CamemBERT fine-tuned on (claim, post) pairs",1,0.03994
y7flqf,"CamemBERT fine-tuned on (claim, post) pairs",1,0.04296
y7sgen,"CamemBERT fine-tuned on (claim, post) pairs",1,0.0248
y7vnpu,"CamemBERT fine-tuned on (claim, post) pairs",1,0.03076
y7ydqc,"CamemBERT fine-tuned on (claim, post) pairs",1,0.03331
y8v06b,"CamemBERT fine-tuned on (claim, post) pairs",1,0.03495
y9jfj9,"CamemBERT fine-tuned on (claim, post) pairs",1,0.08733
y9pbe0,"CamemBERT fine-tuned on (claim, post) pairs",1,0.03789
ya0oo0,"CamemBERT fine-tuned on (claim, post) pairs",1,0.03231
ya0vz3,"CamemBERT fine-tuned on (claim, post) pairs",1,0.07675
yayqyf,"CamemBERT fine-tuned on (claim, post) pairs",1,0.02487
ybi13h,"CamemBERT fine-tuned on (claim, post) pairs",1,0.05286
ybjgjo,"CamemBERT fine-tuned on (claim, post) pairs",1,0.03171
yc5ckl,"CamemBERT fine-tuned on (claim, post) pairs",1,0.03171
yc5qrl,"CamemBERT fine-tuned on (claim, post) pairs",1,0.31227
yc6o95,"CamemBERT fine-tuned on (claim, post) pairs",1,0.02499
yc7pdp,"CamemBERT fine-tuned on (claim, post) pairs",1,0.03331
yccbvb,"CamemBERT fine-tuned on (claim, post) pairs",1,0.02561
ycd4xu,"CamemBERT fine-tuned on (claim, post) pairs",1,0.04108
ycmn79,"CamemBERT fine-tuned on (claim, post) pairs",1,0.03234
ydad37,"CamemBERT fine-tuned on (claim, post) pairs",1,0.02511
yddfgd,"CamemBERT fine-tuned on (claim, post) pairs",1,0.03384
ydvxvo,"CamemBERT fine-tuned on (claim, post) pairs",1,0.04591
yew101,"CamemBERT fine-tuned on (claim, post) pairs",1,0.03268
yff571,"CamemBERT fine-tuned on (claim, post) pairs",1,0.04162
yghar1,"CamemBERT fine-tuned on (claim, post) pairs",1,0.0301
yh87tu,"CamemBERT fine-tuned on (claim, post) pairs",1,0.05028
yhelbe,"CamemBERT fine-tuned on (claim, post) pairs",1,0.03162
yhlu8o,"CamemBERT fine-tuned on (claim, post) pairs",1,0.1664
yibcjz,"CamemBERT fine-tuned on (claim, post) pairs",1,0.10484
yj84wo,"CamemBERT fine-tuned on (claim, post) pairs",1,0.03905
yj9iqd,"CamemBERT fine-tuned on (claim, post) pairs",1,0.03407
yk7f0z,"CamemBERT fine-tuned on (claim, post) pairs",1,0.02588
ykmuv3,"CamemBERT fine-tuned on (claim, post) pairs",1,0.03391
ylcoz0,"CamemBERT fine-tuned on (claim, post) pairs",1,0.0297
ylgzxo,"CamemBERT fine-tuned on (claim, post) pairs",1,0.0893
ylt6sd,"CamemBERT fine-tuned on (claim, post) pairs",1,0.02523
ymehyd,"CamemBERT fine-tuned on (claim, post) pairs",1,0.05175
ympewy,"CamemBERT fine-tuned on (claim, post) pairs",1,0.03433
ynrjsu,"CamemBERT fine-tuned on (claim, post) pairs",1,0.03027
yojbib,"CamemBERT fine-tuned on (claim, post) pairs",1,0.02951
yok97w,"CamemBERT fine-tuned on (claim, post) pairs",1,0.02515
yomwdv,"CamemBERT fine-tuned on (claim, post) pairs",1,0.03168
ypkenn,"CamemBERT fine-tuned on (claim, post) pairs",1,0.04205
ypqdpt,"CamemBERT fine-tuned on (claim, post) pairs",1,0.04058
yptma9,"CamemBERT fine-tuned on (claim, post) pairs",1,0.02489
yqkrxy,"CamemBERT fine-tuned on (claim, post) pairs",1,0.03894
yrb5ve,"CamemBERT fine-tuned on (claim, post) pairs",1,0.03108
ys1f1z,"CamemBERT fine-tuned on (claim, post) pairs",1,0.04608
yt5wxs,"CamemBERT fine-tuned on (claim, post) pairs",1,0.0297
ytcjvl,"CamemBERT fine-tuned on (claim, post) pairs",1,0.02515
yty2zl,"CamemBERT fine-tuned on (claim, post) pairs",1,0.02515
yu7mq4,"CamemBERT fine-tuned on (claim, post) pairs",1,0.12459
yu8pj0,"CamemBERT fine-tuned on (claim, post) pairs",1,0.02482
yu8yu0,"CamemBERT fine-tuned on (claim, post) pairs",1,0.02934
yut4a3,"CamemBERT fine-tuned on (claim, post) pairs",1,0.0305
yvqklt,"CamemBERT fine-tuned on (claim, post) pairs",1,0.03153
yvw5nm,"CamemBERT fine-tuned on (claim, post) pairs",1,0.0518
ywpoaw,"CamemBERT fine-tuned on (claim, post) pairs",1,0.03183
yxmt72,"CamemBERT fine-tuned on (claim, post) pairs",1,0.03318
yyf3mh,"CamemBERT fine-tuned on (claim, post) pairs",1,0.02515
yyifu6,"CamemBERT fine-tuned on (claim, post) pairs",1,0.06687
yzhtwl,"CamemBERT fine-tuned on (claim, post) pairs",1,0.03256
yzi2oj,"CamemBERT fine-tuned on (claim, post) pairs",1,0.02485
yzy7g7,"CamemBERT fine-tuned on (claim, post) pairs",1,0.03088
z08fem,"CamemBERT fine-tuned on (claim, post) pairs",1,0.11447
z217fn,"CamemBERT fine-tuned on (claim, post) pairs",1,0.06342
z2t1dd,"CamemBERT fine-tuned on (claim, post) pairs",1,0.08203
z2wg3i,"CamemBERT fine-tuned on (claim, post) pairs",1,0.03068
z3n2bd,"CamemBERT fine-tuned on (claim, post) pairs",1,0.03228
z4hbb5,"CamemBERT fine-tuned on (claim, post) pairs",1,0.03375
z4hcoq,"CamemBERT fine-tuned on (claim, post) pairs",1,0.03429
z6t1gp,"CamemBERT fine-tuned on (claim, post) pairs",1,0.03446
z6tf3q,"CamemBERT fine-tuned on (claim, post) pairs",1,0.0367
z6wm48,"CamemBERT fine-tuned on (claim, post) pairs",1,0.03416
z6wyy8,"CamemBERT fine-tuned on (claim, post) pairs",1,0.03541
z6yxp0,"CamemBERT fine-tuned on (claim, post) pairs",1,0.02492
z7174d,"CamemBERT fine-tuned on (claim, post) pairs",1,0.03277
zac957,"CamemBERT fine-tuned on (claim, post) pairs",1,0.02525
zalgtq,"CamemBERT fine-tuned on (claim, post) pairs",1,0.10503
zaowq2,"CamemBERT fine-tuned on (claim, post) pairs",1,0.03388
zasifl,"CamemBERT fine-tuned on (claim, post) pairs",1,0.02508
zc3v10,"CamemBERT fine-tuned on (claim, post) pairs",1,0.02651
zcf7zw,"CamemBERT fine-tuned on (claim, post) pairs",1,0.03111
zcff9z,"CamemBERT fine-tuned on (claim, post) pairs",1,0.03222
zcmrow,"CamemBERT fine-tuned on (claim, post) pairs",1,0.03446
zcq6um,"CamemBERT fine-tuned on (claim, post) pairs",1,0.03488
zd64up,"CamemBERT fine-tuned on (claim, post) pairs",1,0.05042
zdui50,"CamemBERT fine-tuned on (claim, post) pairs",1,0.02506
ze12xr,"CamemBERT fine-tuned on (claim, post) pairs",1,0.05501
zeb5v6,"CamemBERT fine-tuned on (claim, post) pairs",1,0.02906
zefq0o,"CamemBERT fine-tuned on (claim, post) pairs",1,0.05521
zgt2g6,"CamemBERT fine-tuned on (claim, post) pairs",1,0.40075
zgt2jj,"CamemBERT fine-tuned on (claim, post) pairs",1,0.02544
zgzt0a,"CamemBERT fine-tuned on (claim, post) pairs",1,0.03986
zhtj3j,"CamemBERT fine-tuned on (claim, post) pairs",1,0.02492
zhx9ym,"CamemBERT fine-tuned on (claim, post) pairs",1,0.03757
zl3bjt,"CamemBERT fine-tuned on (claim, post) pairs",1,0.03108
zlgp2y,"CamemBERT fine-tuned on (claim, post) pairs",1,0.13023
zlnftq,"CamemBERT fine-tuned on (claim, post) pairs",1,0.03426
zmdnn0,"CamemBERT fine-tuned on (claim, post) pairs",1,0.05405
zmhqdd,"CamemBERT fine-tuned on (claim, post) pairs",1,0.04185
zmjuhx,"CamemBERT fine-tuned on (claim, post) pairs",1,0.06603
znaiu7,"CamemBERT fine-tuned on (claim, post) pairs",1,0.03423
zpmpk6,"CamemBERT fine-tuned on (claim, post) pairs",1,0.03228
zpmvbz,"CamemBERT fine-tuned on (claim, post) pairs",1,0.03198
zpn35n,"CamemBERT fine-tuned on (claim, post) pairs",1,0.0321
zqj2oc,"CamemBERT fine-tuned on (claim, post) pairs",1,0.0321
zqjfhd,"CamemBERT fine-tuned on (claim, post) pairs",1,0.03207
zqknq3,"CamemBERT fine-tuned on (claim, post) pairs",1,0.03949
zr75tz,"CamemBERT fine-tuned on (claim, post) pairs",1,0.03198
zr7d8d,"CamemBERT fine-tuned on (claim, post) pairs",1,0.03247
zryrqz,"CamemBERT fine-tuned on (claim, post) pairs",1,0.02518
zsjr52,"CamemBERT fine-tuned on (claim, post) pairs",1,0.03446
zu93n1,"CamemBERT fine-tuned on (claim, post) pairs",1,0.03198
zuchli,"CamemBERT fine-tuned on (claim, post) pairs",1,0.05861
zuvven,"CamemBERT fine-tuned on (claim, post) pairs",1,0.03177
zvy2tn,"CamemBERT fine-tuned on (claim, post) pairs",1,0.0315
zwbcm1,"CamemBERT fine-tuned on (claim, post) pairs",1,0.03073
zwdt7q,"CamemBERT fine-tuned on (claim, post) pairs",1,0.02499
zwlkjj,"CamemBERT fine-tuned on (claim, post) pairs",1,0.04765
zx78lo,"CamemBERT fine-tuned on (claim, post) pairs",1,0.03782
zxmbj8,"CamemBERT fine-tuned on (claim, post) pairs",1,0.03455
zy28vs,"CamemBERT fine-tuned on (claim, post) pairs",1,0.03334
zy2ssi,"CamemBERT fine-tuned on (claim, post) pairs",1,0.0297
zy2z2i,"CamemBERT fine-tuned on (claim, post) pairs",1,0.03213
zyezwp,"CamemBERT fine-tuned on (claim, post) pairs",1,0.03216
100hfq1,"CamemBERT fine-tuned on (claim, post) pairs",2,0.02871
101aehd,"CamemBERT fine-tuned on (claim, post) pairs",2,0.02852
102y4vm,"CamemBERT fine-tuned on (claim, post) pairs",2,0.03219
102zk07,"CamemBERT fine-tuned on (claim, post) pairs",2,0.02735
103ykgf,"CamemBERT fine-tuned on (claim, post) pairs",2,0.02956
1049976,"CamemBERT fine-tuned on (claim, post) pairs",2,0.02722
104updy,"CamemBERT fine-tuned on (claim, post) pairs",2,0.02801
105of9u,"CamemBERT fine-tuned on (claim, post) pairs",2,0.41223
105ut3d,"CamemBERT fine-tuned on (claim, post) pairs",2,0.02745
105yef6,"CamemBERT fine-tuned on (claim, post) pairs",2,0.02895
106htar,"CamemBERT fine-tuned on (claim, post) pairs",2,0.19598
106obfl,"CamemBERT fine-tuned on (claim, post) pairs",2,0.02704
107acdv,"CamemBERT fine-tuned on (claim, post) pairs",2,0.02814
107ai30,"CamemBERT fine-tuned on (claim, post) pairs",2,0.02701
107k677,"CamemBERT fine-tuned on (claim, post) pairs",2,0.19178
1083d63,"CamemBERT fine-tuned on (claim, post) pairs",2,0.1299
1085vco,"CamemBERT fine-tuned on (claim, post) pairs",2,0.57669
108au1g,"CamemBERT fine-tuned on (claim, post) pairs",2,0.05257
108dj01,"CamemBERT fine-tuned on (claim, post) pairs",2,0.03073
108jho8,"CamemBERT fine-tuned on (claim, post) pairs",2,0.04987
108lvx8,"CamemBERT fine-tuned on (claim, post) pairs",2,0.04328
109060s,"CamemBERT fine-tuned on (claim, post) pairs",2,0.04954
109dle6,"CamemBERT fine-tuned on (claim, post) pairs",2,0.27212
109t68i,"CamemBERT fine-tuned on (claim, post) pairs",2,0.73096
109vdiz,"CamemBERT fine-tuned on (claim, post) pairs",2,0.02876
109wo9y,"CamemBERT fine-tuned on (claim, post) pairs",2,0.02777
109wufc,"CamemBERT fine-tuned on (claim, post) pairs",2,0.04328
109wvby,"CamemBERT fine-tuned on (claim, post) pairs",2,0.04868
10ar4tu,"CamemBERT fine-tuned on (claim, post) pairs",2,0.05702
10ar69a,"CamemBERT fine-tuned on (claim, post) pairs",2,0.60944
10azz4b,"CamemBERT fine-tuned on (claim, post) pairs",2,0.03047
10bojv6,"CamemBERT fine-tuned on (claim, post) pairs",2,0.03004
10cfvrk,"CamemBERT fine-tuned on (claim, post) pairs",2,0.02722
10cx7gi,"CamemBERT fine-tuned on (claim, post) pairs",2,0.03059
10ef5bk,"CamemBERT fine-tuned on (claim, post) pairs",2,0.02738
10emso6,"CamemBERT fine-tuned on (claim, post) pairs",2,0.74214
10f1fr1,"CamemBERT fine-tuned on (claim, post) pairs",2,0.02909
10f72tg,"CamemBERT fine-tuned on (claim, post) pairs",2,0.26365
10f9eqa,"CamemBERT fine-tuned on (claim, post) pairs",2,0.0432
10f9jjw,"CamemBERT fine-tuned on (claim, post) pairs",2,0.02904
10gs3zg,"CamemBERT fine-tuned on (claim, post) pairs",2,0.0301
10ihoa3,"CamemBERT fine-tuned on (claim, post) pairs",2,0.02701
10iplkg,"CamemBERT fine-tuned on (claim, post) pairs",2,0.03056
10jb309,"CamemBERT fine-tuned on (claim, post) pairs",2,0.04845
10jopb1,"CamemBERT fine-tuned on (claim, post) pairs",2,0.47681
10k12o9,"CamemBERT fine-tuned on (claim, post) pairs",2,0.04394
10kz71e,"CamemBERT fine-tuned on (claim, post) pairs",2,0.03033
10loyb9,"CamemBERT fine-tuned on (claim, post) pairs",2,0.03299
10lq0pd,"CamemBERT fine-tuned on (claim, post) pairs",2,0.02735
10lt2gk,"CamemBERT fine-tuned on (claim, post) pairs",2,0.02738
10mhy4q,"CamemBERT fine-tuned on (claim, post) pairs",2,0.02704
10mxok4,"CamemBERT fine-tuned on (claim, post) pairs",2,0.04016
10nbec0,"CamemBERT fine-tuned on (claim, post) pairs",2,0.33388
10o0u9n,"CamemBERT fine-tuned on (claim, post) pairs",2,0.36356
10o4p3a,"CamemBERT fine-tuned on (claim, post) pairs",2,0.02673
10ou65s,"CamemBERT fine-tuned on (claim, post) pairs",2,0.05113
10oxcxt,"CamemBERT fine-tuned on (claim, post) pairs",2,0.02787
10oy6iq,"CamemBERT fine-tuned on (claim, post) pairs",2,0.02852
10ozpbg,"CamemBERT fine-tuned on (claim, post) pairs",2,0.03564
10pisjx,"CamemBERT fine-tuned on (claim, post) pairs",2,0.43779
10ptgx2,"CamemBERT fine-tuned on (claim, post) pairs",2,0.06222
10q30di,"CamemBERT fine-tuned on (claim, post) pairs",2,0.02751
10r1m8y,"CamemBERT fine-tuned on (claim, post) pairs",2,0.04964
10rmjaw,"CamemBERT fine-tuned on (claim, post) pairs",2,0.02811
10set1d,"CamemBERT fine-tuned on (claim, post) pairs",2,0.03225
10sg9d9,"CamemBERT fine-tuned on (claim, post) pairs",2,0.02676
10si603,"CamemBERT fine-tuned on (claim, post) pairs",2,0.02769
10td81j,"CamemBERT fine-tuned on (claim, post) pairs",2,0.02689
10te1kt,"CamemBERT fine-tuned on (claim, post) pairs",2,0.02785
10u97r9,"CamemBERT fine-tuned on (claim, post) pairs",2,0.02803
10uli5k,"CamemBERT fine-tuned on (claim, post) pairs",2,0.02701
10uonu8,"CamemBERT fine-tuned on (claim, post) pairs",2,0.02814
10v25p3,"CamemBERT fine-tuned on (claim, post) pairs",2,0.02696
10vzejp,"CamemBERT fine-tuned on (claim, post) pairs",2,0.04296
10w4phk,"CamemBERT fine-tuned on (claim, post) pairs",2,0.0441
10wv3eo,"CamemBERT fine-tuned on (claim, post) pairs",2,0.03126
10ww7ko,"CamemBERT fine-tuned on (claim, post) pairs",2,0.02809
10xdz8j,"CamemBERT fine-tuned on (claim, post) pairs",2,0.02704
10xs8iy,"CamemBERT fine-tuned on (claim, post) pairs",2,0.02704
10z13f7,"CamemBERT fine-tuned on (claim, post) pairs",2,0.56519
10zs908,"CamemBERT fine-tuned on (claim, post) pairs",2,0.03571
110c52b,"CamemBERT fine-tuned on (claim, post) pairs",2,0.0366
111agco,"CamemBERT fine-tuned on (claim, post) pairs",2,0.02689
112d7gi,"CamemBERT fine-tuned on (claim, post) pairs",2,0.39572
112hhpt,"CamemBERT fine-tuned on (claim, post) pairs",2,0.04316
112u3yl,"CamemBERT fine-tuned on (claim, post) pairs",2,0.02868
112vvj2,"CamemBERT fine-tuned on (claim, post) pairs",2,0.02753
114db0u,"CamemBERT fine-tuned on (claim, post) pairs",2,0.80124
114e0fy,"CamemBERT fine-tuned on (claim, post) pairs",2,0.03861
114fny3,"CamemBERT fine-tuned on (claim, post) pairs",2,0.02956
114j6i4,"CamemBERT fine-tuned on (claim, post) pairs",2,0.1192
114kq6q,"CamemBERT fine-tuned on (claim, post) pairs",2,0.02696
114r0wo,"CamemBERT fine-tuned on (claim, post) pairs",2,0.11491
115kdqw,"CamemBERT fine-tuned on (claim, post) pairs",2,0.54478
115wkch,"CamemBERT fine-tuned on (claim, post) pairs",2,0.02759
11665fz,"CamemBERT fine-tuned on (claim, post) pairs",2,0.0279
1170g85,"CamemBERT fine-tuned on (claim, post) pairs",2,0.09671
1176lct,"CamemBERT fine-tuned on (claim, post) pairs",2,0.03639
1180hws,"CamemBERT fine-tuned on (claim, post) pairs",2,0.02954
11832w4,"CamemBERT fine-tuned on (claim, post) pairs",2,0.02666
118trfu,"CamemBERT fine-tuned on (claim, post) pairs",2,0.03898
118uwmk,"CamemBERT fine-tuned on (claim, post) pairs",2,0.02651
11945kv,"CamemBERT fine-tuned on (claim, post) pairs",2,0.02766
119rjhv,"CamemBERT fine-tuned on (claim, post) pairs",2,0.03177
11a0bue,"CamemBERT fine-tuned on (claim, post) pairs",2,0.02694
11a46o0,"CamemBERT fine-tuned on (claim, post) pairs",2,0.08686
11a9pwr,"CamemBERT fine-tuned on (claim, post) pairs",2,0.03761
11b87lm,"CamemBERT fine-tuned on (claim, post) pairs",2,0.02686
11cfl1w,"CamemBERT fine-tuned on (claim, post) pairs",2,0.04681
11d7ubq,"CamemBERT fine-tuned on (claim, post) pairs",2,0.24545
11d7zw6,"CamemBERT fine-tuned on (claim, post) pairs",2,0.07005
11dadun,"CamemBERT fine-tuned on (claim, post) pairs",2,0.04236
11dalu6,"CamemBERT fine-tuned on (claim, post) pairs",2,0.05697
11dlehi,"CamemBERT fine-tuned on (claim, post) pairs",2,0.02979
11e0oqx,"CamemBERT fine-tuned on (claim, post) pairs",2,0.0278
11e409a,"CamemBERT fine-tuned on (claim, post) pairs",2,0.06126
11edn0p,"CamemBERT fine-tuned on (claim, post) pairs",2,0.0273
11ee61o,"CamemBERT fine-tuned on (claim, post) pairs",2,0.0374
11ey8z6,"CamemBERT fine-tuned on (claim, post) pairs",2,0.03312
11f3eeg,"CamemBERT fine-tuned on (claim, post) pairs",2,0.02709
11fccha,"CamemBERT fine-tuned on (claim, post) pairs",2,0.03667
11fdksb,"CamemBERT fine-tuned on (claim, post) pairs",2,0.02717
11fz3md,"CamemBERT fine-tuned on (claim, post) pairs",2,0.02766
11fz8xh,"CamemBERT fine-tuned on (claim, post) pairs",2,0.02704
11huqoo,"CamemBERT fine-tuned on (claim, post) pairs",2,0.04244
11irsxz,"CamemBERT fine-tuned on (claim, post) pairs",2,0.40536
11j4n7z,"CamemBERT fine-tuned on (claim, post) pairs",2,0.02689
11jdw4c,"CamemBERT fine-tuned on (claim, post) pairs",2,0.07037
11jitw6,"CamemBERT fine-tuned on (claim, post) pairs",2,0.03465
11l3gjg,"CamemBERT fine-tuned on (claim, post) pairs",2,0.21992
11l5mgy,"CamemBERT fine-tuned on (claim, post) pairs",2,0.02725
11lfciv,"CamemBERT fine-tuned on (claim, post) pairs",2,0.03782
11lv4dm,"CamemBERT fine-tuned on (claim, post) pairs",2,0.12091
11m0jps,"CamemBERT fine-tuned on (claim, post) pairs",2,0.02694
11marvj,"CamemBERT fine-tuned on (claim, post) pairs",2,0.3288
11mbhhs,"CamemBERT fine-tuned on (claim, post) pairs",2,0.36963
11mrjs6,"CamemBERT fine-tuned on (claim, post) pairs",2,0.02745
11nj3q3,"CamemBERT fine-tuned on (claim, post) pairs",2,0.06383
11oha77,"CamemBERT fine-tuned on (claim, post) pairs",2,0.04308
11ok2qd,"CamemBERT fine-tuned on (claim, post) pairs",2,0.02759
11oof25,"CamemBERT fine-tuned on (claim, post) pairs",2,0.02873
11pjlaw,"CamemBERT fine-tuned on (claim, post) pairs",2,0.03912
11q5nwm,"CamemBERT fine-tuned on (claim, post) pairs",2,0.038
11q71hx,"CamemBERT fine-tuned on (claim, post) pairs",2,0.04209
11rbj7x,"CamemBERT fine-tuned on (claim, post) pairs",2,0.19216
11rusfi,"CamemBERT fine-tuned on (claim, post) pairs",2,0.75401
11s17mi,"CamemBERT fine-tuned on (claim, post) pairs",2,0.24006
11s1mwn,"CamemBERT fine-tuned on (claim, post) pairs",2,0.0673
11s5x0w,"CamemBERT fine-tuned on (claim, post) pairs",2,0.05189
11sbdcc,"CamemBERT fine-tuned on (claim, post) pairs",2,0.03259
11srgyr,"CamemBERT fine-tuned on (claim, post) pairs",2,0.02681
11srmee,"CamemBERT fine-tuned on (claim, post) pairs",2,0.02668
11swh9c,"CamemBERT fine-tuned on (claim, post) pairs",2,0.04743
11szwem,"CamemBERT fine-tuned on (claim, post) pairs",2,0.04629
11t3igh,"CamemBERT fine-tuned on (claim, post) pairs",2,0.04591
11tuxpn,"CamemBERT fine-tuned on (claim, post) pairs",2,0.48134
11txcv3,"CamemBERT fine-tuned on (claim, post) pairs",2,0.05267
11vrlso,"CamemBERT fine-tuned on (claim, post) pairs",2,0.54183
11wowlb,"CamemBERT fine-tuned on (claim, post) pairs",2,0.13771
11wowov,"CamemBERT fine-tuned on (claim, post) pairs",2,0.02766
11wrm9q,"CamemBERT fine-tuned on (claim, post) pairs",2,0.02714
11wwgwj,"CamemBERT fine-tuned on (claim, post) pairs",2,0.04586
11wz0me,"CamemBERT fine-tuned on (claim, post) pairs",2,0.03106
11xhao1,"CamemBERT fine-tuned on (claim, post) pairs",2,0.0318
11xwpn3,"CamemBERT fine-tuned on (claim, post) pairs",2,0.03629
11zdm9m,"CamemBERT fine-tuned on (claim, post) pairs",2,0.42382
11zdohu,"CamemBERT fine-tuned on (claim, post) pairs",2,0.05024
11zldij,"CamemBERT fine-tuned on (claim, post) pairs",2,0.05038
11zlvvp,"CamemBERT fine-tuned on (claim, post) pairs",2,0.23196
120fq4u,"CamemBERT fine-tuned on (claim, post) pairs",2,0.03811
120sr6e,"CamemBERT fine-tuned on (claim, post) pairs",2,0.03754
120uouk,"CamemBERT fine-tuned on (claim, post) pairs",2,0.03068
121hlom,"CamemBERT fine-tuned on (claim, post) pairs",2,0.03247
121jajz,"CamemBERT fine-tuned on (claim, post) pairs",2,0.10186
121tiuj,"CamemBERT fine-tuned on (claim, post) pairs",2,0.07766
122kkoa,"CamemBERT fine-tuned on (claim, post) pairs",2,0.48755
123lveb,"CamemBERT fine-tuned on (claim, post) pairs",2,0.43829
123oj7s,"CamemBERT fine-tuned on (claim, post) pairs",2,0.04035
124p7cf,"CamemBERT fine-tuned on (claim, post) pairs",2,0.04422
124sqph,"CamemBERT fine-tuned on (claim, post) pairs",2,0.03293
125j6of,"CamemBERT fine-tuned on (claim, post) pairs",2,0.54724
126ftbj,"CamemBERT fine-tuned on (claim, post) pairs",2,0.06767
126ms18,"CamemBERT fine-tuned on (claim, post) pairs",2,0.34049
126yspz,"CamemBERT fine-tuned on (claim, post) pairs",2,0.02782
1281hx0,"CamemBERT fine-tuned on (claim, post) pairs",2,0.02898
12ahekq,"CamemBERT fine-tuned on (claim, post) pairs",2,0.03416
12baklv,"CamemBERT fine-tuned on (claim, post) pairs",2,0.57992
12brpfm,"CamemBERT fine-tuned on (claim, post) pairs",2,0.05094
12csy2q,"CamemBERT fine-tuned on (claim, post) pairs",2,0.03482
12cvhvs,"CamemBERT fine-tuned on (claim, post) pairs",2,0.11105
12dddt7,"CamemBERT fine-tuned on (claim, post) pairs",2,0.04365
12ddpq6,"CamemBERT fine-tuned on (claim, post) pairs",2,0.1354
12decva,"CamemBERT fine-tuned on (claim, post) pairs",2,0.0289
12dri6t,"CamemBERT fine-tuned on (claim, post) pairs",2,0.06267
12ee5ls,"CamemBERT fine-tuned on (claim, post) pairs",2,0.03359
12ezowh,"CamemBERT fine-tuned on (claim, post) pairs",2,0.41129
12fpn6i,"CamemBERT fine-tuned on (claim, post) pairs",2,0.04552
12gto59,"CamemBERT fine-tuned on (claim, post) pairs",2,0.0283
12gw98e,"CamemBERT fine-tuned on (claim, post) pairs",2,0.03836
12gwpn6,"CamemBERT fine-tuned on (claim, post) pairs",2,0.03733
12gwtc1,"CamemBERT fine-tuned on (claim, post) pairs",2,0.03771
12kbigt,"CamemBERT fine-tuned on (claim, post) pairs",2,0.05122
12kid2q,"CamemBERT fine-tuned on (claim, post) pairs",2,0.08795
12kvpdm,"CamemBERT fine-tuned on (claim, post) pairs",2,0.02738
12lpsbh,"CamemBERT fine-tuned on (claim, post) pairs",2,0.02656
12lq3tk,"CamemBERT fine-tuned on (claim, post) pairs",2,0.04518
12lq801,"CamemBERT fine-tuned on (claim, post) pairs",2,0.02743
12lwnfm,"CamemBERT fine-tuned on (claim, post) pairs",2,0.0731
12m1wgz,"CamemBERT fine-tuned on (claim, post) pairs",2,0.65842
12o315k,"CamemBERT fine-tuned on (claim, post) pairs",2,0.62784
12o3f3q,"CamemBERT fine-tuned on (claim, post) pairs",2,0.0375
12ocqg4,"CamemBERT fine-tuned on (claim, post) pairs",2,0.02699
12oedgl,"CamemBERT fine-tuned on (claim, post) pairs",2,0.02696
12oespk,"CamemBERT fine-tuned on (claim, post) pairs",2,0.03715
12p6nlt,"CamemBERT fine-tuned on (claim, post) pairs",2,0.16125
12p9mzj,"CamemBERT fine-tuned on (claim, post) pairs",2,0.39301
12pb3sj,"CamemBERT fine-tuned on (claim, post) pairs",2,0.5195
12pgfl4,"CamemBERT fine-tuned on (claim, post) pairs",2,0.02673
12pmju1,"CamemBERT fine-tuned on (claim, post) pairs",2,0.04197
12qe6r6,"CamemBERT fine-tuned on (claim, post) pairs",2,0.04005
12qkylt,"CamemBERT fine-tuned on (claim, post) pairs",2,0.03691
12ql713,"CamemBERT fine-tuned on (claim, post) pairs",2,0.02689
12s50vj,"CamemBERT fine-tuned on (claim, post) pairs",2,0.03548
12ssj9h,"CamemBERT fine-tuned on (claim, post) pairs",2,0.02942
12ssvfv,"CamemBERT fine-tuned on (claim, post) pairs",2,0.02798
12swxs5,"CamemBERT fine-tuned on (claim, post) pairs",2,0.04001
12vijhs,"CamemBERT fine-tuned on (claim, post) pairs",2,0.03793
12vjdw9,"CamemBERT fine-tuned on (claim, post) pairs",2,0.03814
12vjy4g,"CamemBERT fine-tuned on (claim, post) pairs",2,0.0374
12vkgvs,"CamemBERT fine-tuned on (claim, post) pairs",2,0.02735
12vko0o,"CamemBERT fine-tuned on (claim, post) pairs",2,0.02756
12vksn1,"CamemBERT fine-tuned on (claim, post) pairs",2,0.03602
12wh6q7,"CamemBERT fine-tuned on (claim, post) pairs",2,0.02709
12x5uwd,"CamemBERT fine-tuned on (claim, post) pairs",2,0.0273
12yhx4y,"CamemBERT fine-tuned on (claim, post) pairs",2,0.02656
12yifx8,"CamemBERT fine-tuned on (claim, post) pairs",2,0.02725
12ynguc,"CamemBERT fine-tuned on (claim, post) pairs",2,0.03775
12z9ned,"CamemBERT fine-tuned on (claim, post) pairs",2,0.06477
12zjevs,"CamemBERT fine-tuned on (claim, post) pairs",2,0.02712
12zodvi,"CamemBERT fine-tuned on (claim, post) pairs",2,0.02825
130hcib,"CamemBERT fine-tuned on (claim, post) pairs",2,0.02676
130hy1l,"CamemBERT fine-tuned on (claim, post) pairs",2,0.0602
130jjlk,"CamemBERT fine-tuned on (claim, post) pairs",2,0.02696
13130cj,"CamemBERT fine-tuned on (claim, post) pairs",2,0.02979
1313d0e,"CamemBERT fine-tuned on (claim, post) pairs",2,0.02717
131ji0g,"CamemBERT fine-tuned on (claim, post) pairs",2,0.12179
131lzz7,"CamemBERT fine-tuned on (claim, post) pairs",2,0.04859
131mwun,"CamemBERT fine-tuned on (claim, post) pairs",2,0.02876
131nftw,"CamemBERT fine-tuned on (claim, post) pairs",2,0.03673
131nq93,"CamemBERT fine-tuned on (claim, post) pairs",2,0.03719
132n7xl,"CamemBERT fine-tuned on (claim, post) pairs",2,0.03646
132o4fs,"CamemBERT fine-tuned on (claim, post) pairs",2,0.03796
132oc0k,"CamemBERT fine-tuned on (claim, post) pairs",2,0.02725
132rtf2,"CamemBERT fine-tuned on (claim, post) pairs",2,0.03636
134n3l2,"CamemBERT fine-tuned on (claim, post) pairs",2,0.0278
136daux,"CamemBERT fine-tuned on (claim, post) pairs",2,0.38425
136kq85,"CamemBERT fine-tuned on (claim, post) pairs",2,0.02691
137fc3o,"CamemBERT fine-tuned on (claim, post) pairs",2,0.02684
137fjhy,"CamemBERT fine-tuned on (claim, post) pairs",2,0.03771
137gmqe,"CamemBERT fine-tuned on (claim, post) pairs",2,0.12885
139lq41,"CamemBERT fine-tuned on (claim, post) pairs",2,0.0272
139ojd7,"CamemBERT fine-tuned on (claim, post) pairs",2,0.02717
13as6v3,"CamemBERT fine-tuned on (claim, post) pairs",2,0.02735
13aw8ny,"CamemBERT fine-tuned on (claim, post) pairs",2,0.03712
13awlh9,"CamemBERT fine-tuned on (claim, post) pairs",2,0.0279
13awtoy,"CamemBERT fine-tuned on (claim, post) pairs",2,0.02681
13bhtuu,"CamemBERT fine-tuned on (claim, post) pairs",2,0.21834
13bibgx,"CamemBERT fine-tuned on (claim, post) pairs",2,0.04316
13booh4,"CamemBERT fine-tuned on (claim, post) pairs",2,0.02704
13c5obs,"CamemBERT fine-tuned on (claim, post) pairs",2,0.03349
13cjg9f,"CamemBERT fine-tuned on (claim, post) pairs",2,0.02937
13dkuds,"CamemBERT fine-tuned on (claim, post) pairs",2,0.03764
13edi9y,"CamemBERT fine-tuned on (claim, post) pairs",2,0.0576
13eky2c,"CamemBERT fine-tuned on (claim, post) pairs",2,0.05582
13f15oh,"CamemBERT fine-tuned on (claim, post) pairs",2,0.02904
13f2snt,"CamemBERT fine-tuned on (claim, post) pairs",2,0.02987
13fcqcj,"CamemBERT fine-tuned on (claim, post) pairs",2,0.02782
13fd1pa,"CamemBERT fine-tuned on (claim, post) pairs",2,0.03274
13fhzph,"CamemBERT fine-tuned on (claim, post) pairs",2,0.15034
13hd97w,"CamemBERT fine-tuned on (claim, post) pairs",2,0.02727
13hilrj,"CamemBERT fine-tuned on (claim, post) pairs",2,0.0283
13i4svg,"CamemBERT fine-tuned on (claim, post) pairs",2,0.07336
13i72vg,"CamemBERT fine-tuned on (claim, post) pairs",2,0.06755
13igcdn,"CamemBERT fine-tuned on (claim, post) pairs",2,0.61898
13ju5kw,"CamemBERT fine-tuned on (claim, post) pairs",2,0.51748
13k1fqx,"CamemBERT fine-tuned on (claim, post) pairs",2,0.05546
13kb1cf,"CamemBERT fine-tuned on (claim, post) pairs",2,0.08412
13kztxp,"CamemBERT fine-tuned on (claim, post) pairs",2,0.03059
13lhwle,"CamemBERT fine-tuned on (claim, post) pairs",2,0.03274
13n6u9z,"CamemBERT fine-tuned on (claim, post) pairs",2,0.02833
13nr2lt,"CamemBERT fine-tuned on (claim, post) pairs",2,0.06609
13p0urf,"CamemBERT fine-tuned on (claim, post) pairs",2,0.17653
13peyn8,"CamemBERT fine-tuned on (claim, post) pairs",2,0.05028
13qjnlp,"CamemBERT fine-tuned on (claim, post) pairs",2,0.03241
13r4a7k,"CamemBERT fine-tuned on (claim, post) pairs",2,0.03843
13rj771,"CamemBERT fine-tuned on (claim, post) pairs",2,0.0279
13rmhyo,"CamemBERT fine-tuned on (claim, post) pairs",2,0.05321
13sb7od,"CamemBERT fine-tuned on (claim, post) pairs",2,0.04035
13sdty3,"CamemBERT fine-tuned on (claim, post) pairs",2,0.03747
13seli6,"CamemBERT fine-tuned on (claim, post) pairs",2,0.03684
13tvumk,"CamemBERT fine-tuned on (claim, post) pairs",2,0.04077
13vkidb,"CamemBERT fine-tuned on (claim, post) pairs",2,0.03764
13voob9,"CamemBERT fine-tuned on (claim, post) pairs",2,0.03771
13vqx03,"CamemBERT fine-tuned on (claim, post) pairs",2,0.02945
13vrw1z,"CamemBERT fine-tuned on (claim, post) pairs",2,0.02873
13vzorq,"CamemBERT fine-tuned on (claim, post) pairs",2,0.10777
13wezig,"CamemBERT fine-tuned on (claim, post) pairs",2,0.48711
13ww9my,"CamemBERT fine-tuned on (claim, post) pairs",2,0.05247
13xd35y,"CamemBERT fine-tuned on (claim, post) pairs",2,0.02732
13y6y7v,"CamemBERT fine-tuned on (claim, post) pairs",2,0.38711
13z4905,"CamemBERT fine-tuned on (claim, post) pairs",2,0.0441
141dend,"CamemBERT fine-tuned on (claim, post) pairs",2,0.42271
141gi0z,"CamemBERT fine-tuned on (claim, post) pairs",2,0.06639
142a1c9,"CamemBERT fine-tuned on (claim, post) pairs",2,0.02772
143d0ua,"CamemBERT fine-tuned on (claim, post) pairs",2,0.19035
144cn05,"CamemBERT fine-tuned on (claim, post) pairs",2,0.05415
1455ths,"CamemBERT fine-tuned on (claim, post) pairs",2,0.0543
146zvpu,"CamemBERT fine-tuned on (claim, post) pairs",2,0.02712
14945l9,"CamemBERT fine-tuned on (claim, post) pairs",2,0.02689
1495e2s,"CamemBERT fine-tuned on (claim, post) pairs",2,0.02707
1496bbe,"CamemBERT fine-tuned on (claim, post) pairs",2,0.02722
149y7n0,"CamemBERT fine-tuned on (claim, post) pairs",2,0.06687
14a0iy8,"CamemBERT fine-tuned on (claim, post) pairs",2,0.08427
14a48ox,"CamemBERT fine-tuned on (claim, post) pairs",2,0.03656
14a4coz,"CamemBERT fine-tuned on (claim, post) pairs",2,0.02704
14a4hia,"CamemBERT fine-tuned on (claim, post) pairs",2,0.02681
14a4lgz,"CamemBERT fine-tuned on (claim, post) pairs",2,0.02801
14aswpe,"CamemBERT fine-tuned on (claim, post) pairs",2,0.03141
14bxm4j,"CamemBERT fine-tuned on (claim, post) pairs",2,0.02814
14clvdt,"CamemBERT fine-tuned on (claim, post) pairs",2,0.03108
14dmbhp,"CamemBERT fine-tuned on (claim, post) pairs",2,0.35304
14dmur2,"CamemBERT fine-tuned on (claim, post) pairs",2,0.02827
14e5zwh,"CamemBERT fine-tuned on (claim, post) pairs",2,0.06854
14jateg,"CamemBERT fine-tuned on (claim, post) pairs",2,0.0612
14jimzx,"CamemBERT fine-tuned on (claim, post) pairs",2,0.65302
14jnqwd,"CamemBERT fine-tuned on (claim, post) pairs",2,0.03468
14lwal3,"CamemBERT fine-tuned on (claim, post) pairs",2,0.03259
14m4oke,"CamemBERT fine-tuned on (claim, post) pairs",2,0.03247
14mznfn,"CamemBERT fine-tuned on (claim, post) pairs",2,0.04769
14n81kn,"CamemBERT fine-tuned on (claim, post) pairs",2,0.28792
14nq474,"CamemBERT fine-tuned on (claim, post) pairs",2,0.14959
14peh0c,"CamemBERT fine-tuned on (claim, post) pairs",2,0.08
14t6i25,"CamemBERT fine-tuned on (claim, post) pairs",2,0.06531
14u0n1t,"CamemBERT fine-tuned on (claim, post) pairs",2,0.07277
14v7943,"CamemBERT fine-tuned on (claim, post) pairs",2,0.04904
14wo22a,"CamemBERT fine-tuned on (claim, post) pairs",2,0.0424
14yge8b,"CamemBERT fine-tuned on (claim, post) pairs",2,0.034
1509mag,"CamemBERT fine-tuned on (claim, post) pairs",2,0.04578
152psh8,"CamemBERT fine-tuned on (claim, post) pairs",2,0.02774
152u6w6,"CamemBERT fine-tuned on (claim, post) pairs",2,0.02761
15312zr,"CamemBERT fine-tuned on (claim, post) pairs",2,0.89983
155kxt6,"CamemBERT fine-tuned on (claim, post) pairs",2,0.05582
156mub1,"CamemBERT fine-tuned on (claim, post) pairs",2,0.03195
1584uxr,"CamemBERT fine-tuned on (claim, post) pairs",2,0.02928
1586vte,"CamemBERT fine-tuned on (claim, post) pairs",2,0.03171
159c7gq,"CamemBERT fine-tuned on (claim, post) pairs",2,0.02785
159g1b5,"CamemBERT fine-tuned on (claim, post) pairs",2,0.02912
15a8prv,"CamemBERT fine-tuned on (claim, post) pairs",2,0.03433
15a8vyw,"CamemBERT fine-tuned on (claim, post) pairs",2,0.03578
15aaw83,"CamemBERT fine-tuned on (claim, post) pairs",2,0.03299
15auuwg,"CamemBERT fine-tuned on (claim, post) pairs",2,0.05546
15crqft,"CamemBERT fine-tuned on (claim, post) pairs",2,0.49124
15cxyur,"CamemBERT fine-tuned on (claim, post) pairs",2,0.0273
15d3csi,"CamemBERT fine-tuned on (claim, post) pairs",2,0.07192
15e9adj,"CamemBERT fine-tuned on (claim, post) pairs",2,0.04349
15eb6kt,"CamemBERT fine-tuned on (claim, post) pairs",2,0.03192
15ebd5k,"CamemBERT fine-tuned on (claim, post) pairs",2,0.05598
15eg570,"CamemBERT fine-tuned on (claim, post) pairs",2,0.2431
15ffsmu,"CamemBERT fine-tuned on (claim, post) pairs",2,0.35215
15g8q72,"CamemBERT fine-tuned on (claim, post) pairs",2,0.05085
15gyjp3,"CamemBERT fine-tuned on (claim, post) pairs",2,0.04308
15hw0om,"CamemBERT fine-tuned on (claim, post) pairs",2,0.14265
15hwdky,"CamemBERT fine-tuned on (claim, post) pairs",2,0.03253
15isioa,"CamemBERT fine-tuned on (claim, post) pairs",2,0.02942
15j2pz9,"CamemBERT fine-tuned on (claim, post) pairs",2,0.02879
15j43lf,"CamemBERT fine-tuned on (claim, post) pairs",2,0.03268
15kosj0,"CamemBERT fine-tuned on (claim, post) pairs",2,0.04341
15krhgh,"CamemBERT fine-tuned on (claim, post) pairs",2,0.02701
15kvv3y,"CamemBERT fine-tuned on (claim, post) pairs",2,0.02836
15lu2d2,"CamemBERT fine-tuned on (claim, post) pairs",2,0.04232
15lunx9,"CamemBERT fine-tuned on (claim, post) pairs",2,0.03462
15mia1y,"CamemBERT fine-tuned on (claim, post) pairs",2,0.02756
15midjy,"CamemBERT fine-tuned on (claim, post) pairs",2,0.02699
15mlo3k,"CamemBERT fine-tuned on (claim, post) pairs",2,0.0739
15o4636,"CamemBERT fine-tuned on (claim, post) pairs",2,0.56114
15ozc9o,"CamemBERT fine-tuned on (claim, post) pairs",2,0.02868
15q3j5b,"CamemBERT fine-tuned on (claim, post) pairs",2,0.0542
15qtbrv,"CamemBERT fine-tuned on (claim, post) pairs",2,0.02656
15qug5c,"CamemBERT fine-tuned on (claim, post) pairs",2,0.02761
15r4ala,"CamemBERT fine-tuned on (claim, post) pairs",2,0.02663
15rqqca,"CamemBERT fine-tuned on (claim, post) pairs",2,0.02811
15su48d,"CamemBERT fine-tuned on (claim, post) pairs",2,0.02704
15tkvmf,"CamemBERT fine-tuned on (claim, post) pairs",2,0.02769
15wbys2,"CamemBERT fine-tuned on (claim, post) pairs",2,0.03804
15wcsc1,"CamemBERT fine-tuned on (claim, post) pairs",2,0.02751
15wfdns,"CamemBERT fine-tuned on (claim, post) pairs",2,0.02743
15wfjod,"CamemBERT fine-tuned on (claim, post) pairs",2,0.03663
15xlqhu,"CamemBERT fine-tuned on (claim, post) pairs",2,0.0392
15y9ex8,"CamemBERT fine-tuned on (claim, post) pairs",2,0.02901
15yd899,"CamemBERT fine-tuned on (claim, post) pairs",2,0.02887
15z41xe,"CamemBERT fine-tuned on (claim, post) pairs",2,0.0805
15z6om4,"CamemBERT fine-tuned on (claim, post) pairs",2,0.02748
161d2au,"CamemBERT fine-tuned on (claim, post) pairs",2,0.03019
161vpoq,"CamemBERT fine-tuned on (claim, post) pairs",2,0.02863
163mu5b,"CamemBERT fine-tuned on (claim, post) pairs",2,0.06942
163sc1p,"CamemBERT fine-tuned on (claim, post) pairs",2,0.02803
164lrkh,"CamemBERT fine-tuned on (claim, post) pairs",2,0.02809
164rpz4,"CamemBERT fine-tuned on (claim, post) pairs",2,0.02782
165fb4w,"CamemBERT fine-tuned on (claim, post) pairs",2,0.02707
166zkc4,"CamemBERT fine-tuned on (claim, post) pairs",2,0.02841
167573w,"CamemBERT fine-tuned on (claim, post) pairs",2,0.02722
1677z9e,"CamemBERT fine-tuned on (claim, post) pairs",2,0.07356
167xq4e,"CamemBERT fine-tuned on (claim, post) pairs",2,0.02777
168elrj,"CamemBERT fine-tuned on (claim, post) pairs",2,0.04081
16a85oh,"CamemBERT fine-tuned on (claim, post) pairs",2,0.03687
16ax72h,"CamemBERT fine-tuned on (claim, post) pairs",2,0.02709
16ca2qs,"CamemBERT fine-tuned on (claim, post) pairs",2,0.03694
16cci0i,"CamemBERT fine-tuned on (claim, post) pairs",2,0.02865
16cgp44,"CamemBERT fine-tuned on (claim, post) pairs",2,0.02928
16chxuz,"CamemBERT fine-tuned on (claim, post) pairs",2,0.02814
16cw8gk,"CamemBERT fine-tuned on (claim, post) pairs",2,0.02738
16d3srr,"CamemBERT fine-tuned on (claim, post) pairs",2,0.03059
16d4mmj,"CamemBERT fine-tuned on (claim, post) pairs",2,0.02751
16dghd5,"CamemBERT fine-tuned on (claim, post) pairs",2,0.03528
16e5828,"CamemBERT fine-tuned on (claim, post) pairs",2,0.03123
16e7s2x,"CamemBERT fine-tuned on (claim, post) pairs",2,0.02825
16e81se,"CamemBERT fine-tuned on (claim, post) pairs",2,0.02803
16f0cxx,"CamemBERT fine-tuned on (claim, post) pairs",2,0.02795
16g0xjy,"CamemBERT fine-tuned on (claim, post) pairs",2,0.05712
16gomka,"CamemBERT fine-tuned on (claim, post) pairs",2,0.02689
16gqjvl,"CamemBERT fine-tuned on (claim, post) pairs",2,0.46767
16gr6ue,"CamemBERT fine-tuned on (claim, post) pairs",2,0.02704
16gr6us,"CamemBERT fine-tuned on (claim, post) pairs",2,0.02727
16hhee9,"CamemBERT fine-tuned on (claim, post) pairs",2,0.02704
16htgir,"CamemBERT fine-tuned on (claim, post) pairs",2,0.03901
16hwuoa,"CamemBERT fine-tuned on (claim, post) pairs",2,0.03771
16icokg,"CamemBERT fine-tuned on (claim, post) pairs",2,0.02691
16k5rp4,"CamemBERT fine-tuned on (claim, post) pairs",2,0.03786
16k8y7n,"CamemBERT fine-tuned on (claim, post) pairs",2,0.28797
16ke5mv,"CamemBERT fine-tuned on (claim, post) pairs",2,0.02793
16kmu0r,"CamemBERT fine-tuned on (claim, post) pairs",2,0.02865
16loklq,"CamemBERT fine-tuned on (claim, post) pairs",2,0.03391
16mswgu,"CamemBERT fine-tuned on (claim, post) pairs",2,0.03004
16o9ehf,"CamemBERT fine-tuned on (claim, post) pairs",2,0.06651
16odvg2,"CamemBERT fine-tuned on (claim, post) pairs",2,0.02745
16p7zot,"CamemBERT fine-tuned on (claim, post) pairs",2,0.02844
16pjo9s,"CamemBERT fine-tuned on (claim, post) pairs",2,0.0273
16pkcq2,"CamemBERT fine-tuned on (claim, post) pairs",2,0.0279
16r0gyf,"CamemBERT fine-tuned on (claim, post) pairs",2,0.0272
16r3zkq,"CamemBERT fine-tuned on (claim, post) pairs",2,0.03056
16r8aq1,"CamemBERT fine-tuned on (claim, post) pairs",2,0.04345
16rs6u9,"CamemBERT fine-tuned on (claim, post) pairs",2,0.03743
16smogb,"CamemBERT fine-tuned on (claim, post) pairs",2,0.02694
16sp2dr,"CamemBERT fine-tuned on (claim, post) pairs",2,0.02817
16sqt88,"CamemBERT fine-tuned on (claim, post) pairs",2,0.02772
16tix22,"CamemBERT fine-tuned on (claim, post) pairs",2,0.04028
16tlycw,"CamemBERT fine-tuned on (claim, post) pairs",2,0.05718
16twv4u,"CamemBERT fine-tuned on (claim, post) pairs",2,0.02956
16ugxlr,"CamemBERT fine-tuned on (claim, post) pairs",2,0.04712
16ul3yh,"CamemBERT fine-tuned on (claim, post) pairs",2,0.75851
16upbwq,"CamemBERT fine-tuned on (claim, post) pairs",2,0.04414
16v762m,"CamemBERT fine-tuned on (claim, post) pairs",2,0.02701
16v7q95,"CamemBERT fine-tuned on (claim, post) pairs",2,0.03715
16vce90,"CamemBERT fine-tuned on (claim, post) pairs",2,0.02811
16vd6oq,"CamemBERT fine-tuned on (claim, post) pairs",2,0.02694
16vi53c,"CamemBERT fine-tuned on (claim, post) pairs",2,0.04236
16w1j2q,"CamemBERT fine-tuned on (claim, post) pairs",2,0.0272
16wyj2y,"CamemBERT fine-tuned on (claim, post) pairs",2,0.03016
16x4aop,"CamemBERT fine-tuned on (claim, post) pairs",2,0.0273
16x84jw,"CamemBERT fine-tuned on (claim, post) pairs",2,0.02673
16x8a98,"CamemBERT fine-tuned on (claim, post) pairs",2,0.02673
16y0qvf,"CamemBERT fine-tuned on (claim, post) pairs",2,0.03868
16y56gn,"CamemBERT fine-tuned on (claim, post) pairs",2,0.03452
16yn74r,"CamemBERT fine-tuned on (claim, post) pairs",2,0.13776
16ysshv,"CamemBERT fine-tuned on (claim, post) pairs",2,0.02795
16yz3hx,"CamemBERT fine-tuned on (claim, post) pairs",2,0.50153
16zj5r5,"CamemBERT fine-tuned on (claim, post) pairs",2,0.02873
16zjc06,"CamemBERT fine-tuned on (claim, post) pairs",2,0.02777
16zt3tl,"CamemBERT fine-tuned on (claim, post) pairs",2,0.87338
170fc85,"CamemBERT fine-tuned on (claim, post) pairs",2,0.03687
170inab,"CamemBERT fine-tuned on (claim, post) pairs",2,0.02951
170l9pf,"CamemBERT fine-tuned on (claim, post) pairs",2,0.02712
17189pc,"CamemBERT fine-tuned on (claim, post) pairs",2,0.02712
1729dyz,"CamemBERT fine-tuned on (claim, post) pairs",2,0.03761
172eim1,"CamemBERT fine-tuned on (claim, post) pairs",2,0.02671
172xrre,"CamemBERT fine-tuned on (claim, post) pairs",2,0.02814
172ze4c,"CamemBERT fine-tuned on (claim, post) pairs",2,0.02684
173mnc4,"CamemBERT fine-tuned on (claim, post) pairs",2,0.02833
173of82,"CamemBERT fine-tuned on (claim, post) pairs",2,0.02774
1744jgk,"CamemBERT fine-tuned on (claim, post) pairs",2,0.03736
174ncsh,"CamemBERT fine-tuned on (claim, post) pairs",2,0.02691
175bp6w,"CamemBERT fine-tuned on (claim, post) pairs",2,0.0273
175btwz,"CamemBERT fine-tuned on (claim, post) pairs",2,0.02678
175eka1,"CamemBERT fine-tuned on (claim, post) pairs",2,0.03821
175exug,"CamemBERT fine-tuned on (claim, post) pairs",2,0.03062
175mczu,"CamemBERT fine-tuned on (claim, post) pairs",2,0.02743
1762vqk,"CamemBERT fine-tuned on (claim, post) pairs",2,0.02764
176ubug,"CamemBERT fine-tuned on (claim, post) pairs",2,0.02699
176wy47,"CamemBERT fine-tuned on (claim, post) pairs",2,0.02712
176x0ru,"CamemBERT fine-tuned on (claim, post) pairs",2,0.02928
1773xza,"CamemBERT fine-tuned on (claim, post) pairs",2,0.0274
177kndo,"CamemBERT fine-tuned on (claim, post) pairs",2,0.02793
177kxnq,"CamemBERT fine-tuned on (claim, post) pairs",2,0.0274
177l9lj,"CamemBERT fine-tuned on (claim, post) pairs",2,0.02686
177lcz9,"CamemBERT fine-tuned on (claim, post) pairs",2,0.02833
177qlr4,"CamemBERT fine-tuned on (claim, post) pairs",2,0.02852
177qona,"CamemBERT fine-tuned on (claim, post) pairs",2,0.03764
177uh6e,"CamemBERT fine-tuned on (claim, post) pairs",2,0.02759
178bf8r,"CamemBERT fine-tuned on (claim, post) pairs",2,0.02732
178bl57,"CamemBERT fine-tuned on (claim, post) pairs",2,0.02806
178bor1,"CamemBERT fine-tuned on (claim, post) pairs",2,0.02735
178gobg,"CamemBERT fine-tuned on (claim, post) pairs",2,0.02694
178h5v8,"CamemBERT fine-tuned on (claim, post) pairs",2,0.02689
178hc7m,"CamemBERT fine-tuned on (claim, post) pairs",2,0.02753
178hgso,"CamemBERT fine-tuned on (claim, post) pairs",2,0.0367
178lxh6,"CamemBERT fine-tuned on (claim, post) pairs",2,0.02999
1791af0,"CamemBERT fine-tuned on (claim, post) pairs",2,0.02787
1791ey5,"CamemBERT fine-tuned on (claim, post) pairs",2,0.02825
1791izf,"CamemBERT fine-tuned on (claim, post) pairs",2,0.02678
1796igl,"CamemBERT fine-tuned on (claim, post) pairs",2,0.02676
179bbei,"CamemBERT fine-tuned on (claim, post) pairs",2,0.02691
179wux9,"CamemBERT fine-tuned on (claim, post) pairs",2,0.02707
17a2dvq,"CamemBERT fine-tuned on (claim, post) pairs",2,0.04451
17a4h3e,"CamemBERT fine-tuned on (claim, post) pairs",2,0.0273
17a4ydp,"CamemBERT fine-tuned on (claim, post) pairs",2,0.02689
17a5lai,"CamemBERT fine-tuned on (claim, post) pairs",2,0.02876
17aow7x,"CamemBERT fine-tuned on (claim, post) pairs",2,0.02748
17ap4yo,"CamemBERT fine-tuned on (claim, post) pairs",2,0.02694
17bdh8a,"CamemBERT fine-tuned on (claim, post) pairs",2,0.03381
17bdilh,"CamemBERT fine-tuned on (claim, post) pairs",2,0.05702
17bhfzx,"CamemBERT fine-tuned on (claim, post) pairs",2,0.02694
17bhmqe,"CamemBERT fine-tuned on (claim, post) pairs",2,0.02806
17c78fe,"CamemBERT fine-tuned on (claim, post) pairs",2,0.02876
17c7ae5,"CamemBERT fine-tuned on (claim, post) pairs",2,0.0274
17ca0u9,"CamemBERT fine-tuned on (claim, post) pairs",2,0.0283
17can30,"CamemBERT fine-tuned on (claim, post) pairs",2,0.02753
17ccflo,"CamemBERT fine-tuned on (claim, post) pairs",2,0.03747
17cf1ne,"CamemBERT fine-tuned on (claim, post) pairs",2,0.02727
17cfavw,"CamemBERT fine-tuned on (claim, post) pairs",2,0.02748
17chatq,"CamemBERT fine-tuned on (claim, post) pairs",2,0.02803
17ckv6d,"CamemBERT fine-tuned on (claim, post) pairs",2,0.02691
17cpvzj,"CamemBERT fine-tuned on (claim, post) pairs",2,0.02709
17cye3n,"CamemBERT fine-tuned on (claim, post) pairs",2,0.02761
17cynwv,"CamemBERT fine-tuned on (claim, post) pairs",2,0.02761
17cywvl,"CamemBERT fine-tuned on (claim, post) pairs",2,0.02704
17czuik,"CamemBERT fine-tuned on (claim, post) pairs",2,0.03605
17d077w,"CamemBERT fine-tuned on (claim, post) pairs",2,0.02849
17d1yl0,"CamemBERT fine-tuned on (claim, post) pairs",2,0.02709
17da0ni,"CamemBERT fine-tuned on (claim, post) pairs",2,0.02876
17da4nk,"CamemBERT fine-tuned on (claim, post) pairs",2,0.02712
17dp4xg,"CamemBERT fine-tuned on (claim, post) pairs",2,0.02709
17dp77a,"CamemBERT fine-tuned on (claim, post) pairs",2,0.02751
17dq75e,"CamemBERT fine-tuned on (claim, post) pairs",2,0.0366
17dtush,"CamemBERT fine-tuned on (claim, post) pairs",2,0.03729
17dwend,"CamemBERT fine-tuned on (claim, post) pairs",2,0.03771
17eggl8,"CamemBERT fine-tuned on (claim, post) pairs",2,0.0389
17eiakh,"CamemBERT fine-tuned on (claim, post) pairs",2,0.02738
17ekmiq,"CamemBERT fine-tuned on (claim, post) pairs",2,0.02689
17f78kf,"CamemBERT fine-tuned on (claim, post) pairs",2,0.02814
17f8e7i,"CamemBERT fine-tuned on (claim, post) pairs",2,0.03983
17fab58,"CamemBERT fine-tuned on (claim, post) pairs",2,0.02722
17fe9p5,"CamemBERT fine-tuned on (claim, post) pairs",2,0.02887
17fs39k,"CamemBERT fine-tuned on (claim, post) pairs",2,0.76472
17fyyjr,"CamemBERT fine-tuned on (claim, post) pairs",2,0.05755
17g0klk,"CamemBERT fine-tuned on (claim, post) pairs",2,0.0273
17g0ohb,"CamemBERT fine-tuned on (claim, post) pairs",2,0.02709
17g0vid,"CamemBERT fine-tuned on (claim, post) pairs",2,0.02901
17g4ud5,"CamemBERT fine-tuned on (claim, post) pairs",2,0.02904
17g4xur,"CamemBERT fine-tuned on (claim, post) pairs",2,0.02722
17g52dg,"CamemBERT fine-tuned on (claim, post) pairs",2,0.02678
17g54ko,"CamemBERT fine-tuned on (claim, post) pairs",2,0.03656
17g5gsb,"CamemBERT fine-tuned on (claim, post) pairs",2,0.02838
17g5slm,"CamemBERT fine-tuned on (claim, post) pairs",2,0.02712
17gqyos,"CamemBERT fine-tuned on (claim, post) pairs",2,0.03804
17gt48g,"CamemBERT fine-tuned on (claim, post) pairs",2,0.03649
17h47lj,"CamemBERT fine-tuned on (claim, post) pairs",2,0.06501
17hjn2y,"CamemBERT fine-tuned on (claim, post) pairs",2,0.02701
17hjr3w,"CamemBERT fine-tuned on (claim, post) pairs",2,0.03775
17hjuf6,"CamemBERT fine-tuned on (claim, post) pairs",2,0.02712
17ho3bw,"CamemBERT fine-tuned on (claim, post) pairs",2,0.02717
17ho5rx,"CamemBERT fine-tuned on (claim, post) pairs",2,0.03836
17hoa26,"CamemBERT fine-tuned on (claim, post) pairs",2,0.03726
17iae01,"CamemBERT fine-tuned on (claim, post) pairs",2,0.079
17iaejm,"CamemBERT fine-tuned on (claim, post) pairs",2,0.02803
17iamqo,"CamemBERT fine-tuned on (claim, post) pairs",2,0.02865
17iannx,"CamemBERT fine-tuned on (claim, post) pairs",2,0.0272
17iauno,"CamemBERT fine-tuned on (claim, post) pairs",2,0.02795
17iawlp,"CamemBERT fine-tuned on (claim, post) pairs",2,0.03782
17ido0o,"CamemBERT fine-tuned on (claim, post) pairs",2,0.02827
17ii2hd,"CamemBERT fine-tuned on (claim, post) pairs",2,0.04707
17iif8e,"CamemBERT fine-tuned on (claim, post) pairs",2,0.02882
17jppj6,"CamemBERT fine-tuned on (claim, post) pairs",2,0.05765
17jrogf,"CamemBERT fine-tuned on (claim, post) pairs",2,0.03865
17jx18j,"CamemBERT fine-tuned on (claim, post) pairs",2,0.02686
17k06ry,"CamemBERT fine-tuned on (claim, post) pairs",2,0.02759
17kob73,"CamemBERT fine-tuned on (claim, post) pairs",2,0.0279
17kpefv,"CamemBERT fine-tuned on (claim, post) pairs",2,0.02822
17kpy4c,"CamemBERT fine-tuned on (claim, post) pairs",2,0.02714
17l17qa,"CamemBERT fine-tuned on (claim, post) pairs",2,0.0273
17l1oyi,"CamemBERT fine-tuned on (claim, post) pairs",2,0.02743
17l94kp,"CamemBERT fine-tuned on (claim, post) pairs",2,0.03632
17l9cfg,"CamemBERT fine-tuned on (claim, post) pairs",2,0.02681
17lzxyu,"CamemBERT fine-tuned on (claim, post) pairs",2,0.02801
17m43n2,"CamemBERT fine-tuned on (claim, post) pairs",2,0.02844
17n2jzw,"CamemBERT fine-tuned on (claim, post) pairs",2,0.02937
17n4esf,"CamemBERT fine-tuned on (claim, post) pairs",2,0.04062
17nfb1w,"CamemBERT fine-tuned on (claim, post) pairs",2,0.0278
17nhvc9,"CamemBERT fine-tuned on (claim, post) pairs",2,0.02712
17nieyp,"CamemBERT fine-tuned on (claim, post) pairs",2,0.02811
17nistv,"CamemBERT fine-tuned on (claim, post) pairs",2,0.02714
17nli9l,"CamemBERT fine-tuned on (claim, post) pairs",2,0.0272
17nvpqg,"CamemBERT fine-tuned on (claim, post) pairs",2,0.02846
17o0js5,"CamemBERT fine-tuned on (claim, post) pairs",2,0.03698
17o8mtz,"CamemBERT fine-tuned on (claim, post) pairs",2,0.02699
17olzxc,"CamemBERT fine-tuned on (claim, post) pairs",2,0.04634
17ouc19,"CamemBERT fine-tuned on (claim, post) pairs",2,0.02811
17p0wzh,"CamemBERT fine-tuned on (claim, post) pairs",2,0.02753
17p1bid,"CamemBERT fine-tuned on (claim, post) pairs",2,0.02793
17p1eq5,"CamemBERT fine-tuned on (claim, post) pairs",2,0.03949
17p93s4,"CamemBERT fine-tuned on (claim, post) pairs",2,0.02714
17pixc6,"CamemBERT fine-tuned on (claim, post) pairs",2,0.02759
17pj11w,"CamemBERT fine-tuned on (claim, post) pairs",2,0.02633
17pz339,"CamemBERT fine-tuned on (claim, post) pairs",2,0.02822
17q7ckw,"CamemBERT fine-tuned on (claim, post) pairs",2,0.02766
17q7ke6,"CamemBERT fine-tuned on (claim, post) pairs",2,0.02694
17qjfkb,"CamemBERT fine-tuned on (claim, post) pairs",2,0.02753
17qjrht,"CamemBERT fine-tuned on (claim, post) pairs",2,0.02751
17qjtu2,"CamemBERT fine-tuned on (claim, post) pairs",2,0.02912
17ql75o,"CamemBERT fine-tuned on (claim, post) pairs",2,0.02846
17qmh3g,"CamemBERT fine-tuned on (claim, post) pairs",2,0.05992
17qqlay,"CamemBERT fine-tuned on (claim, post) pairs",2,0.02814
17qqpls,"CamemBERT fine-tuned on (claim, post) pairs",2,0.0274
17r8wgz,"CamemBERT fine-tuned on (claim, post) pairs",2,0.02696
17r8ywj,"CamemBERT fine-tuned on (claim, post) pairs",2,0.03673
17r91qt,"CamemBERT fine-tuned on (claim, post) pairs",2,0.02684
17rfgqy,"CamemBERT fine-tuned on (claim, post) pairs",2,0.02671
17rfln4,"CamemBERT fine-tuned on (claim, post) pairs",2,0.02795
17rfwdv,"CamemBERT fine-tuned on (claim, post) pairs",2,0.02678
17rg103,"CamemBERT fine-tuned on (claim, post) pairs",2,0.02895
17rkc1r,"CamemBERT fine-tuned on (claim, post) pairs",2,0.02814
17rkfqs,"CamemBERT fine-tuned on (claim, post) pairs",2,0.02819
17rz7zt,"CamemBERT fine-tuned on (claim, post) pairs",2,0.04377
17s0lcp,"CamemBERT fine-tuned on (claim, post) pairs",2,0.02825
17s5u23,"CamemBERT fine-tuned on (claim, post) pairs",2,0.02722
17s6v2z,"CamemBERT fine-tuned on (claim, post) pairs",2,0.03632
17seqtw,"CamemBERT fine-tuned on (claim, post) pairs",2,0.06313
17srut1,"CamemBERT fine-tuned on (claim, post) pairs",2,0.02825
17srxob,"CamemBERT fine-tuned on (claim, post) pairs",2,0.02825
17svvfw,"CamemBERT fine-tuned on (claim, post) pairs",2,0.03694
17t04r0,"CamemBERT fine-tuned on (claim, post) pairs",2,0.02849
17t4bqy,"CamemBERT fine-tuned on (claim, post) pairs",2,0.02787
17tre0p,"CamemBERT fine-tuned on (claim, post) pairs",2,0.02764
17u7fsv,"CamemBERT fine-tuned on (claim, post) pairs",2,0.02798
17u7jn5,"CamemBERT fine-tuned on (claim, post) pairs",2,0.02868
17u9mf8,"CamemBERT fine-tuned on (claim, post) pairs",2,0.03701
17uce4d,"CamemBERT fine-tuned on (claim, post) pairs",2,0.02761
17uy214,"CamemBERT fine-tuned on (claim, post) pairs",2,0.02809
17uyohx,"CamemBERT fine-tuned on (claim, post) pairs",2,0.02699
17uzwv9,"CamemBERT fine-tuned on (claim, post) pairs",2,0.05835
17vuhgh,"CamemBERT fine-tuned on (claim, post) pairs",2,0.02785
17vusou,"CamemBERT fine-tuned on (claim, post) pairs",2,0.02769
17vv5od,"CamemBERT fine-tuned on (claim, post) pairs",2,0.02701
17w0mo4,"CamemBERT fine-tuned on (claim, post) pairs",2,0.02772
17wae18,"CamemBERT fine-tuned on (claim, post) pairs",2,0.02849
17wif51,"CamemBERT fine-tuned on (claim, post) pairs",2,0.02686
17wigvp,"CamemBERT fine-tuned on (claim, post) pairs",2,0.02686
17wj1ur,"CamemBERT fine-tuned on (claim, post) pairs",2,0.02689
17wj4sm,"CamemBERT fine-tuned on (claim, post) pairs",2,0.02825
17wjcbs,"CamemBERT fine-tuned on (claim, post) pairs",2,0.02893
17wkm70,"CamemBERT fine-tuned on (claim, post) pairs",2,0.02863
17wmvg8,"CamemBERT fine-tuned on (claim, post) pairs",2,0.02691
17wtwjw,"CamemBERT fine-tuned on (claim, post) pairs",2,0.02825
17wze5i,"CamemBERT fine-tuned on (claim, post) pairs",2,0.02701
17wzgt0,"CamemBERT fine-tuned on (claim, post) pairs",2,0.04012
17wzmxn,"CamemBERT fine-tuned on (claim, post) pairs",2,0.02689
17wzrdj,"CamemBERT fine-tuned on (claim, post) pairs",2,0.02699
17xe21a,"CamemBERT fine-tuned on (claim, post) pairs",2,0.02798
17xh60w,"CamemBERT fine-tuned on (claim, post) pairs",2,0.02712
17xhfxx,"CamemBERT fine-tuned on (claim, post) pairs",2,0.02798
17xhitq,"CamemBERT fine-tuned on (claim, post) pairs",2,0.02738
17y2c0r,"CamemBERT fine-tuned on (claim, post) pairs",2,0.03619
17y2d6p,"CamemBERT fine-tuned on (claim, post) pairs",2,0.03349
17y2p8g,"CamemBERT fine-tuned on (claim, post) pairs",2,0.02803
17yckag,"CamemBERT fine-tuned on (claim, post) pairs",2,0.02962
17ykgu1,"CamemBERT fine-tuned on (claim, post) pairs",2,0.02681
17yu2b0,"CamemBERT fine-tuned on (claim, post) pairs",2,0.02699
17yu8cn,"CamemBERT fine-tuned on (claim, post) pairs",2,0.02717
17zke8j,"CamemBERT fine-tuned on (claim, post) pairs",2,0.03698
17zkjfy,"CamemBERT fine-tuned on (claim, post) pairs",2,0.02678
17zn0im,"CamemBERT fine-tuned on (claim, post) pairs",2,0.02854
17zpay1,"CamemBERT fine-tuned on (claim, post) pairs",2,0.5856
17zqr7n,"CamemBERT fine-tuned on (claim, post) pairs",2,0.02798
18033zt,"CamemBERT fine-tuned on (claim, post) pairs",2,0.02772
180gs5o,"CamemBERT fine-tuned on (claim, post) pairs",2,0.02681
180gxn5,"CamemBERT fine-tuned on (claim, post) pairs",2,0.02806
180h3tr,"CamemBERT fine-tuned on (claim, post) pairs",2,0.02722
180hb5x,"CamemBERT fine-tuned on (claim, post) pairs",2,0.03673
180mjsi,"CamemBERT fine-tuned on (claim, post) pairs",2,0.02748
180msvv,"CamemBERT fine-tuned on (claim, post) pairs",2,0.02709
180nlrn,"CamemBERT fine-tuned on (claim, post) pairs",2,0.0283
180nx0v,"CamemBERT fine-tuned on (claim, post) pairs",2,0.02735
180nzeq,"CamemBERT fine-tuned on (claim, post) pairs",2,0.02841
180o1j9,"CamemBERT fine-tuned on (claim, post) pairs",2,0.0274
1818f84,"CamemBERT fine-tuned on (claim, post) pairs",2,0.04936
181ge9x,"CamemBERT fine-tuned on (claim, post) pairs",2,0.08495
181xudn,"CamemBERT fine-tuned on (claim, post) pairs",2,0.0272
181y11r,"CamemBERT fine-tuned on (claim, post) pairs",2,0.03667
181y4rx,"CamemBERT fine-tuned on (claim, post) pairs",2,0.0367
181y8id,"CamemBERT fine-tuned on (claim, post) pairs",2,0.03905
181yt3j,"CamemBERT fine-tuned on (claim, post) pairs",2,0.02701
182rkfa,"CamemBERT fine-tuned on (claim, post) pairs",2,0.02701
182tbwj,"CamemBERT fine-tuned on (claim, post) pairs",2,0.03538
1845zqp,"CamemBERT fine-tuned on (claim, post) pairs",2,0.02686
18461pq,"CamemBERT fine-tuned on (claim, post) pairs",2,0.02756
1846ami,"CamemBERT fine-tuned on (claim, post) pairs",2,0.02795
1848134,"CamemBERT fine-tuned on (claim, post) pairs",2,0.02811
1849x68,"CamemBERT fine-tuned on (claim, post) pairs",2,0.02787
184a09p,"CamemBERT fine-tuned on (claim, post) pairs",2,0.02689
184dmng,"CamemBERT fine-tuned on (claim, post) pairs",2,0.02714
184e3hw,"CamemBERT fine-tuned on (claim, post) pairs",2,0.04001
184ervp,"CamemBERT fine-tuned on (claim, post) pairs",2,0.02764
1853400,"CamemBERT fine-tuned on (claim, post) pairs",2,0.02806
18538if,"CamemBERT fine-tuned on (claim, post) pairs",2,0.02704
1853fml,"CamemBERT fine-tuned on (claim, post) pairs",2,0.02709
185wk08,"CamemBERT fine-tuned on (claim, post) pairs",2,0.02928
185ymm1,"CamemBERT fine-tuned on (claim, post) pairs",2,0.02854
185yzts,"CamemBERT fine-tuned on (claim, post) pairs",2,0.0274
185z2sz,"CamemBERT fine-tuned on (claim, post) pairs",2,0.02717
185zzg9,"CamemBERT fine-tuned on (claim, post) pairs",2,0.02841
18608yt,"CamemBERT fine-tuned on (claim, post) pairs",2,0.02838
1866wpi,"CamemBERT fine-tuned on (claim, post) pairs",2,0.03001
186j9k3,"CamemBERT fine-tuned on (claim, post) pairs",2,0.05567
186kpuv,"CamemBERT fine-tuned on (claim, post) pairs",2,0.02928
186l8tl,"CamemBERT fine-tuned on (claim, post) pairs",2,0.03938
186lcv4,"CamemBERT fine-tuned on (claim, post) pairs",2,0.02691
186lkq4,"CamemBERT fine-tuned on (claim, post) pairs",2,0.02691
186lwdb,"CamemBERT fine-tuned on (claim, post) pairs",2,0.02766
186m1z9,"CamemBERT fine-tuned on (claim, post) pairs",2,0.02684
186m7ff,"CamemBERT fine-tuned on (claim, post) pairs",2,0.02873
186mde8,"CamemBERT fine-tuned on (claim, post) pairs",2,0.02696
186mhdi,"CamemBERT fine-tuned on (claim, post) pairs",2,0.03854
186mjkp,"CamemBERT fine-tuned on (claim, post) pairs",2,0.02727
186ml6s,"CamemBERT fine-tuned on (claim, post) pairs",2,0.02722
186mpba,"CamemBERT fine-tuned on (claim, post) pairs",2,0.02722
186n1dn,"CamemBERT fine-tuned on (claim, post) pairs",2,0.02725
186n4c0,"CamemBERT fine-tuned on (claim, post) pairs",2,0.02814
187g4qk,"CamemBERT fine-tuned on (claim, post) pairs",2,0.04264
187ghw2,"CamemBERT fine-tuned on (claim, post) pairs",2,0.02769
187gprg,"CamemBERT fine-tuned on (claim, post) pairs",2,0.02663
187hltt,"CamemBERT fine-tuned on (claim, post) pairs",2,0.02651
187u1pc,"CamemBERT fine-tuned on (claim, post) pairs",2,0.02751
188badl,"CamemBERT fine-tuned on (claim, post) pairs",2,0.02725
188bvzu,"CamemBERT fine-tuned on (claim, post) pairs",2,0.02777
188bzfj,"CamemBERT fine-tuned on (claim, post) pairs",2,0.02884
188klhd,"CamemBERT fine-tuned on (claim, post) pairs",2,0.02717
188krlj,"CamemBERT fine-tuned on (claim, post) pairs",2,0.03811
1890ej0,"CamemBERT fine-tuned on (claim, post) pairs",2,0.02803
18983zo,"CamemBERT fine-tuned on (claim, post) pairs",2,0.0278
189phwz,"CamemBERT fine-tuned on (claim, post) pairs",2,0.02725
189tufg,"CamemBERT fine-tuned on (claim, post) pairs",2,0.03698
189ubhv,"CamemBERT fine-tuned on (claim, post) pairs",2,0.02809
18ah4jw,"CamemBERT fine-tuned on (claim, post) pairs",2,0.03934
18ahajl,"CamemBERT fine-tuned on (claim, post) pairs",2,0.0278
18ahfdd,"CamemBERT fine-tuned on (claim, post) pairs",2,0.0283
18ahlwf,"CamemBERT fine-tuned on (claim, post) pairs",2,0.02712
18akrnj,"CamemBERT fine-tuned on (claim, post) pairs",2,0.02942
18apftn,"CamemBERT fine-tuned on (claim, post) pairs",2,0.03076
18bc16q,"CamemBERT fine-tuned on (claim, post) pairs",2,0.02722
18bc5dm,"CamemBERT fine-tuned on (claim, post) pairs",2,0.02684
18bcasp,"CamemBERT fine-tuned on (claim, post) pairs",2,0.02759
18bgnbe,"CamemBERT fine-tuned on (claim, post) pairs",2,0.02753
18bgtno,"CamemBERT fine-tuned on (claim, post) pairs",2,0.02822
18bh4e6,"CamemBERT fine-tuned on (claim, post) pairs",2,0.02686
18bh80k,"CamemBERT fine-tuned on (claim, post) pairs",2,0.02678
18bhh9b,"CamemBERT fine-tuned on (claim, post) pairs",2,0.02825
18bigzz,"CamemBERT fine-tuned on (claim, post) pairs",2,0.02803
18bitft,"CamemBERT fine-tuned on (claim, post) pairs",2,0.02714
18bkx1d,"CamemBERT fine-tuned on (claim, post) pairs",2,0.02722
18c09cg,"CamemBERT fine-tuned on (claim, post) pairs",2,0.02701
18c0edo,"CamemBERT fine-tuned on (claim, post) pairs",2,0.02798
18cabd1,"CamemBERT fine-tuned on (claim, post) pairs",2,0.02699
18cdet8,"CamemBERT fine-tuned on (claim, post) pairs",2,0.02712
18cdyur,"CamemBERT fine-tuned on (claim, post) pairs",2,0.02833
18ce85y,"CamemBERT fine-tuned on (claim, post) pairs",2,0.02774
18crzkr,"CamemBERT fine-tuned on (claim, post) pairs",2,0.02653
18csp0f,"CamemBERT fine-tuned on (claim, post) pairs",2,0.02769
18ct27d,"CamemBERT fine-tuned on (claim, post) pairs",2,0.02699
18ctaip,"CamemBERT fine-tuned on (claim, post) pairs",2,0.02714
18d2p1k,"CamemBERT fine-tuned on (claim, post) pairs",2,0.02795
18d47zq,"CamemBERT fine-tuned on (claim, post) pairs",2,0.03293
18dji17,"CamemBERT fine-tuned on (claim, post) pairs",2,0.04193
18djrl4,"CamemBERT fine-tuned on (claim, post) pairs",2,0.02846
18dk7z9,"CamemBERT fine-tuned on (claim, post) pairs",2,0.02689
18e92co,"CamemBERT fine-tuned on (claim, post) pairs",2,0.52302
18eaykt,"CamemBERT fine-tuned on (claim, post) pairs",2,0.02868
18elnh6,"CamemBERT fine-tuned on (claim, post) pairs",2,0.02798
18eltoc,"CamemBERT fine-tuned on (claim, post) pairs",2,0.02777
18em1f5,"CamemBERT fine-tuned on (claim, post) pairs",2,0.03653
18f05rm,"CamemBERT fine-tuned on (claim, post) pairs",2,0.02793
18f5v4o,"CamemBERT fine-tuned on (claim, post) pairs",2,0.02735
18ffwfz,"CamemBERT fine-tuned on (claim, post) pairs",2,0.02753
18fg7bf,"CamemBERT fine-tuned on (claim, post) pairs",2,0.02838
18fgddi,"CamemBERT fine-tuned on (claim, post) pairs",2,0.02748
18fgvak,"CamemBERT fine-tuned on (claim, post) pairs",2,0.03722
18fh1qp,"CamemBERT fine-tuned on (claim, post) pairs",2,0.02707
18fh9jf,"CamemBERT fine-tuned on (claim, post) pairs",2,0.02684
18ftw1l,"CamemBERT fine-tuned on (claim, post) pairs",2,0.0278
18fzegb,"CamemBERT fine-tuned on (claim, post) pairs",2,0.02722
18g5a25,"CamemBERT fine-tuned on (claim, post) pairs",2,0.04268
18gkq9h,"CamemBERT fine-tuned on (claim, post) pairs",2,0.02707
18gkv34,"CamemBERT fine-tuned on (claim, post) pairs",2,0.02809
18gl6xg,"CamemBERT fine-tuned on (claim, post) pairs",2,0.02704
18gll5i,"CamemBERT fine-tuned on (claim, post) pairs",2,0.0292
18gmv74,"CamemBERT fine-tuned on (claim, post) pairs",2,0.02725
18gn7la,"CamemBERT fine-tuned on (claim, post) pairs",2,0.03872
18gpia4,"CamemBERT fine-tuned on (claim, post) pairs",2,0.02993
18gzi0z,"CamemBERT fine-tuned on (claim, post) pairs",2,0.02777
18hdw6j,"CamemBERT fine-tuned on (claim, post) pairs",2,0.02759
18he60e,"CamemBERT fine-tuned on (claim, post) pairs",2,0.0273
18he9jd,"CamemBERT fine-tuned on (claim, post) pairs",2,0.02738
18hi268,"CamemBERT fine-tuned on (claim, post) pairs",2,0.26712
18hkqmo,"CamemBERT fine-tuned on (claim, post) pairs",2,0.02948
18hodpk,"CamemBERT fine-tuned on (claim, post) pairs",2,0.02694
18hoj7y,"CamemBERT fine-tuned on (claim, post) pairs",2,0.02735
18hops5,"CamemBERT fine-tuned on (claim, post) pairs",2,0.0279
18hotvp,"CamemBERT fine-tuned on (claim, post) pairs",2,0.02725
18hox14,"CamemBERT fine-tuned on (claim, post) pairs",2,0.03712
18i38xr,"CamemBERT fine-tuned on (claim, post) pairs",2,0.03622
18i9c99,"CamemBERT fine-tuned on (claim, post) pairs",2,0.02735
18i9h8d,"CamemBERT fine-tuned on (claim, post) pairs",2,0.02668
18i9mdf,"CamemBERT fine-tuned on (claim, post) pairs",2,0.03754
18i9uoj,"CamemBERT fine-tuned on (claim, post) pairs",2,0.02801
18i9yzx,"CamemBERT fine-tuned on (claim, post) pairs",2,0.02863
18ia0w9,"CamemBERT fine-tuned on (claim, post) pairs",2,0.02686
18iez0f,"CamemBERT fine-tuned on (claim, post) pairs",2,0.02954
18ig4g1,"CamemBERT fine-tuned on (claim, post) pairs",2,0.02748
18iuqhn,"CamemBERT fine-tuned on (claim, post) pairs",2,0.02717
18iwhdy,"CamemBERT fine-tuned on (claim, post) pairs",2,0.03857
18j02eh,"CamemBERT fine-tuned on (claim, post) pairs",2,0.05894
18jajeq,"CamemBERT fine-tuned on (claim, post) pairs",2,0.02714
18jo0xl,"CamemBERT fine-tuned on (claim, post) pairs",2,0.02806
18jolzj,"CamemBERT fine-tuned on (claim, post) pairs",2,0.02701
18joqsp,"CamemBERT fine-tuned on (claim, post) pairs",2,0.02714
18jotju,"CamemBERT fine-tuned on (claim, post) pairs",2,0.02852
18jowp8,"CamemBERT fine-tuned on (claim, post) pairs",2,0.02785
18jp4i1,"CamemBERT fine-tuned on (claim, post) pairs",2,0.02759
18jvway,"CamemBERT fine-tuned on (claim, post) pairs",2,0.02704
18jwnqu,"CamemBERT fine-tuned on (claim, post) pairs",2,0.04316
18jyht1,"CamemBERT fine-tuned on (claim, post) pairs",2,0.05326
18k11hj,"CamemBERT fine-tuned on (claim, post) pairs",2,0.03912
18kd2ws,"CamemBERT fine-tuned on (claim, post) pairs",2,0.02743
18khw8l,"CamemBERT fine-tuned on (claim, post) pairs",2,0.02727
18ki60k,"CamemBERT fine-tuned on (claim, post) pairs",2,0.02934
18kixym,"CamemBERT fine-tuned on (claim, post) pairs",2,0.02819
18kltku,"CamemBERT fine-tuned on (claim, post) pairs",2,0.02893
18kn70h,"CamemBERT fine-tuned on (claim, post) pairs",2,0.02846
18ktaz7,"CamemBERT fine-tuned on (claim, post) pairs",2,0.0272
18lfe9z,"CamemBERT fine-tuned on (claim, post) pairs",2,0.02709
18lhwlp,"CamemBERT fine-tuned on (claim, post) pairs",2,0.02819
18mbu1m,"CamemBERT fine-tuned on (claim, post) pairs",2,0.02793
18mcpij,"CamemBERT fine-tuned on (claim, post) pairs",2,0.03879
18mq8nl,"CamemBERT fine-tuned on (claim, post) pairs",2,0.02795
18mrsc2,"CamemBERT fine-tuned on (claim, post) pairs",2,0.0374
18mrxtj,"CamemBERT fine-tuned on (claim, post) pairs",2,0.02681
18n2ri8,"CamemBERT fine-tuned on (claim, post) pairs",2,0.02701
18n3o0k,"CamemBERT fine-tuned on (claim, post) pairs",2,0.02951
18nj44y,"CamemBERT fine-tuned on (claim, post) pairs",2,0.0273
18oa7yj,"CamemBERT fine-tuned on (claim, post) pairs",2,0.02722
18oabde,"CamemBERT fine-tuned on (claim, post) pairs",2,0.0279
18oag62,"CamemBERT fine-tuned on (claim, post) pairs",2,0.02725
18oeukn,"CamemBERT fine-tuned on (claim, post) pairs",2,0.03934
18ol12a,"CamemBERT fine-tuned on (claim, post) pairs",2,0.0274
18p13so,"CamemBERT fine-tuned on (claim, post) pairs",2,0.02666
18p4exy,"CamemBERT fine-tuned on (claim, post) pairs",2,0.03007
18p4uxt,"CamemBERT fine-tuned on (claim, post) pairs",2,0.02979
18pxdpb,"CamemBERT fine-tuned on (claim, post) pairs",2,0.02817
18q02g4,"CamemBERT fine-tuned on (claim, post) pairs",2,0.02803
18q08fw,"CamemBERT fine-tuned on (claim, post) pairs",2,0.02653
18q0me8,"CamemBERT fine-tuned on (claim, post) pairs",2,0.02676
18q1315,"CamemBERT fine-tuned on (claim, post) pairs",2,0.02772
18q18c5,"CamemBERT fine-tuned on (claim, post) pairs",2,0.02753
18q7dok,"CamemBERT fine-tuned on (claim, post) pairs",2,0.02704
18q7pay,"CamemBERT fine-tuned on (claim, post) pairs",2,0.02865
18qbah5,"CamemBERT fine-tuned on (claim, post) pairs",2,0.03204
18qjn6e,"CamemBERT fine-tuned on (claim, post) pairs",2,0.03876
18qqy7h,"CamemBERT fine-tuned on (claim, post) pairs",2,0.02751
18r3me2,"CamemBERT fine-tuned on (claim, post) pairs",2,0.02795
18r3p7w,"CamemBERT fine-tuned on (claim, post) pairs",2,0.02751
18r3utj,"CamemBERT fine-tuned on (claim, post) pairs",2,0.02714
18r3zxh,"CamemBERT fine-tuned on (claim, post) pairs",2,0.02704
18r4o3e,"CamemBERT fine-tuned on (claim, post) pairs",2,0.02689
18r7rl7,"CamemBERT fine-tuned on (claim, post) pairs",2,0.25437
18r9fac,"CamemBERT fine-tuned on (claim, post) pairs",2,0.02811
18r9y4a,"CamemBERT fine-tuned on (claim, post) pairs",2,0.02923
18rc9to,"CamemBERT fine-tuned on (claim, post) pairs",2,0.03677
18rcq5b,"CamemBERT fine-tuned on (claim, post) pairs",2,0.0278
18rlu95,"CamemBERT fine-tuned on (claim, post) pairs",2,0.0279
18rxowk,"CamemBERT fine-tuned on (claim, post) pairs",2,0.04341
18sb59t,"CamemBERT fine-tuned on (claim, post) pairs",2,0.55252
18sbu84,"CamemBERT fine-tuned on (claim, post) pairs",2,0.02774
18shlh2,"CamemBERT fine-tuned on (claim, post) pairs",2,0.0286
18slya9,"CamemBERT fine-tuned on (claim, post) pairs",2,0.03111
18sst67,"CamemBERT fine-tuned on (claim, post) pairs",2,0.02756
18ssxll,"CamemBERT fine-tuned on (claim, post) pairs",2,0.02748
18stoaj,"CamemBERT fine-tuned on (claim, post) pairs",2,0.02942
18syhnz,"CamemBERT fine-tuned on (claim, post) pairs",2,0.02709
18sys0u,"CamemBERT fine-tuned on (claim, post) pairs",2,0.02751
18syus6,"CamemBERT fine-tuned on (claim, post) pairs",2,0.03024
18sznlx,"CamemBERT fine-tuned on (claim, post) pairs",2,0.0278
18thi0b,"CamemBERT fine-tuned on (claim, post) pairs",2,0.02717
18tkb7c,"CamemBERT fine-tuned on (claim, post) pairs",2,0.02673
18tkd9z,"CamemBERT fine-tuned on (claim, post) pairs",2,0.02761
18tksdh,"CamemBERT fine-tuned on (claim, post) pairs",2,0.02782
18tky9x,"CamemBERT fine-tuned on (claim, post) pairs",2,0.02954
18tnkph,"CamemBERT fine-tuned on (claim, post) pairs",2,0.02801
18ubqiv,"CamemBERT fine-tuned on (claim, post) pairs",2,0.02806
18ud4q6,"CamemBERT fine-tuned on (claim, post) pairs",2,0.02701
18ud9zr,"CamemBERT fine-tuned on (claim, post) pairs",2,0.0273
18uil8k,"CamemBERT fine-tuned on (claim, post) pairs",2,0.02753
18ujwi7,"CamemBERT fine-tuned on (claim, post) pairs",2,0.03019
18v49ec,"CamemBERT fine-tuned on (claim, post) pairs",2,0.03663
18v4gph,"CamemBERT fine-tuned on (claim, post) pairs",2,0.0305
18v4q9i,"CamemBERT fine-tuned on (claim, post) pairs",2,0.02841
18v4zat,"CamemBERT fine-tuned on (claim, post) pairs",2,0.02766
18v55p3,"CamemBERT fine-tuned on (claim, post) pairs",2,0.02798
18vhgav,"CamemBERT fine-tuned on (claim, post) pairs",2,0.02694
18vn34a,"CamemBERT fine-tuned on (claim, post) pairs",2,0.02701
18vzkmg,"CamemBERT fine-tuned on (claim, post) pairs",2,0.05781
18w3tlb,"CamemBERT fine-tuned on (claim, post) pairs",2,0.03694
18w3yia,"CamemBERT fine-tuned on (claim, post) pairs",2,0.02725
18w4epy,"CamemBERT fine-tuned on (claim, post) pairs",2,0.02653
18w4jfb,"CamemBERT fine-tuned on (claim, post) pairs",2,0.02764
18w4p3e,"CamemBERT fine-tuned on (claim, post) pairs",2,0.03622
18wpjsm,"CamemBERT fine-tuned on (claim, post) pairs",2,0.0273
18wuwyn,"CamemBERT fine-tuned on (claim, post) pairs",2,0.05755
18ww0tj,"CamemBERT fine-tuned on (claim, post) pairs",2,0.02684
18wwmkc,"CamemBERT fine-tuned on (claim, post) pairs",2,0.02801
18x3iki,"CamemBERT fine-tuned on (claim, post) pairs",2,0.02732
18xshjc,"CamemBERT fine-tuned on (claim, post) pairs",2,0.02956
18y7fex,"CamemBERT fine-tuned on (claim, post) pairs",2,0.02663
18y7lpi,"CamemBERT fine-tuned on (claim, post) pairs",2,0.02753
18y7ryg,"CamemBERT fine-tuned on (claim, post) pairs",2,0.02738
18y7u0t,"CamemBERT fine-tuned on (claim, post) pairs",2,0.02699
18y85v6,"CamemBERT fine-tuned on (claim, post) pairs",2,0.02882
18yhcjt,"CamemBERT fine-tuned on (claim, post) pairs",2,0.0274
18z23gl,"CamemBERT fine-tuned on (claim, post) pairs",2,0.02838
18zc6ze,"CamemBERT fine-tuned on (claim, post) pairs",2,0.03201
18zd4gk,"CamemBERT fine-tuned on (claim, post) pairs",2,0.02774
19029rc,"CamemBERT fine-tuned on (claim, post) pairs",2,0.0273
1902iz3,"CamemBERT fine-tuned on (claim, post) pairs",2,0.02712
19037uo,"CamemBERT fine-tuned on (claim, post) pairs",2,0.02868
1903ls9,"CamemBERT fine-tuned on (claim, post) pairs",2,0.02712
1904g3f,"CamemBERT fine-tuned on (claim, post) pairs",2,0.02681
1905p5l,"CamemBERT fine-tuned on (claim, post) pairs",2,0.02759
190yp28,"CamemBERT fine-tuned on (claim, post) pairs",2,0.06331
1911hjg,"CamemBERT fine-tuned on (claim, post) pairs",2,0.02666
191jc6z,"CamemBERT fine-tuned on (claim, post) pairs",2,0.02898
191lgbs,"CamemBERT fine-tuned on (claim, post) pairs",2,0.03956
191mhsu,"CamemBERT fine-tuned on (claim, post) pairs",2,0.02906
191zmco,"CamemBERT fine-tuned on (claim, post) pairs",2,0.71358
19292qm,"CamemBERT fine-tuned on (claim, post) pairs",2,0.03757
192zy7d,"CamemBERT fine-tuned on (claim, post) pairs",2,0.05582
193yzzs,"CamemBERT fine-tuned on (claim, post) pairs",2,0.02838
19442rl,"CamemBERT fine-tuned on (claim, post) pairs",2,0.0274
1954lu5,"CamemBERT fine-tuned on (claim, post) pairs",2,0.02917
19562p7,"CamemBERT fine-tuned on (claim, post) pairs",2,0.03368
195e8mq,"CamemBERT fine-tuned on (claim, post) pairs",2,0.03782
195eipr,"CamemBERT fine-tuned on (claim, post) pairs",2,0.02863
195eo0f,"CamemBERT fine-tuned on (claim, post) pairs",2,0.02772
195evcr,"CamemBERT fine-tuned on (claim, post) pairs",2,0.02909
195f7af,"CamemBERT fine-tuned on (claim, post) pairs",2,0.02732
195mgrp,"CamemBERT fine-tuned on (claim, post) pairs",2,0.02764
195p9q1,"CamemBERT fine-tuned on (claim, post) pairs",2,0.02732
195q3zc,"CamemBERT fine-tuned on (claim, post) pairs",2,0.02722
195qf4w,"CamemBERT fine-tuned on (claim, post) pairs",2,0.02663
195r29w,"CamemBERT fine-tuned on (claim, post) pairs",2,0.0396
195w8db,"CamemBERT fine-tuned on (claim, post) pairs",2,0.0279
196e0pm,"CamemBERT fine-tuned on (claim, post) pairs",2,0.05883
196fq04,"CamemBERT fine-tuned on (claim, post) pairs",2,0.0485
196n1eh,"CamemBERT fine-tuned on (claim, post) pairs",2,0.05593
1978onb,"CamemBERT fine-tuned on (claim, post) pairs",2,0.02785
1978to1,"CamemBERT fine-tuned on (claim, post) pairs",2,0.05733
197buyi,"CamemBERT fine-tuned on (claim, post) pairs",2,0.02748
197c75f,"CamemBERT fine-tuned on (claim, post) pairs",2,0.02735
1994aor,"CamemBERT fine-tuned on (claim, post) pairs",2,0.02714
1994hrx,"CamemBERT fine-tuned on (claim, post) pairs",2,0.02701
1994lra,"CamemBERT fine-tuned on (claim, post) pairs",2,0.02694
1995ve0,"CamemBERT fine-tuned on (claim, post) pairs",2,0.03804
199lpii,"CamemBERT fine-tuned on (claim, post) pairs",2,0.02717
199ts0c,"CamemBERT fine-tuned on (claim, post) pairs",2,0.02712
199uls5,"CamemBERT fine-tuned on (claim, post) pairs",2,0.02819
199upem,"CamemBERT fine-tuned on (claim, post) pairs",2,0.02694
199v5nt,"CamemBERT fine-tuned on (claim, post) pairs",2,0.0279
199y5hj,"CamemBERT fine-tuned on (claim, post) pairs",2,0.05194
19ayc6c,"CamemBERT fine-tuned on (claim, post) pairs",2,0.02759
19beihz,"CamemBERT fine-tuned on (claim, post) pairs",2,0.02884
19blujd,"CamemBERT fine-tuned on (claim, post) pairs",2,0.02753
19c61q1,"CamemBERT fine-tuned on (claim, post) pairs",2,0.03053
19cvv32,"CamemBERT fine-tuned on (claim, post) pairs",2,0.0279
19czl9q,"CamemBERT fine-tuned on (claim, post) pairs",2,0.02931
19eor6q,"CamemBERT fine-tuned on (claim, post) pairs",2,0.02717
19eoy1h,"CamemBERT fine-tuned on (claim, post) pairs",2,0.02676
19epeh5,"CamemBERT fine-tuned on (claim, post) pairs",2,0.03715
19eplt5,"CamemBERT fine-tuned on (claim, post) pairs",2,0.02769
19eq8em,"CamemBERT fine-tuned on (claim, post) pairs",2,0.02798
19f7ecz,"CamemBERT fine-tuned on (claim, post) pairs",2,0.02699
19fc0i6,"CamemBERT fine-tuned on (claim, post) pairs",2,0.17385
1abdwax,"CamemBERT fine-tuned on (claim, post) pairs",2,0.29803
1acemay,"CamemBERT fine-tuned on (claim, post) pairs",2,0.0279
1acjpbe,"CamemBERT fine-tuned on (claim, post) pairs",2,0.02777
1acjvmx,"CamemBERT fine-tuned on (claim, post) pairs",2,0.02785
1ack4bv,"CamemBERT fine-tuned on (claim, post) pairs",2,0.02678
1ackamm,"CamemBERT fine-tuned on (claim, post) pairs",2,0.02868
1ackdsr,"CamemBERT fine-tuned on (claim, post) pairs",2,0.02725
1ackjao,"CamemBERT fine-tuned on (claim, post) pairs",2,0.03701
1ackrld,"CamemBERT fine-tuned on (claim, post) pairs",2,0.02819
1ackyue,"CamemBERT fine-tuned on (claim, post) pairs",2,0.02673
1ae0xrq,"CamemBERT fine-tuned on (claim, post) pairs",2,0.11383
1aejl66,"CamemBERT fine-tuned on (claim, post) pairs",2,0.26602
1aejqeg,"CamemBERT fine-tuned on (claim, post) pairs",2,0.02901
1aeq6f6,"CamemBERT fine-tuned on (claim, post) pairs",2,0.03274
1aewo2e,"CamemBERT fine-tuned on (claim, post) pairs",2,0.03581
1aff1eg,"CamemBERT fine-tuned on (claim, post) pairs",2,0.06657
1afitmc,"CamemBERT fine-tuned on (claim, post) pairs",2,0.10838
1ag3jzd,"CamemBERT fine-tuned on (claim, post) pairs",2,0.03656
1agbqh8,"CamemBERT fine-tuned on (claim, post) pairs",2,0.03186
1agd6q8,"CamemBERT fine-tuned on (claim, post) pairs",2,0.1391
1agz31y,"CamemBERT fine-tuned on (claim, post) pairs",2,0.0273
1agzeig,"CamemBERT fine-tuned on (claim, post) pairs",2,0.02849
1agzll5,"CamemBERT fine-tuned on (claim, post) pairs",2,0.0273
1agzvsv,"CamemBERT fine-tuned on (claim, post) pairs",2,0.02701
1ah00b4,"CamemBERT fine-tuned on (claim, post) pairs",2,0.02717
1ah0e99,"CamemBERT fine-tuned on (claim, post) pairs",2,0.02882
1ah0h9v,"CamemBERT fine-tuned on (claim, post) pairs",2,0.02658
1ahrm8p,"CamemBERT fine-tuned on (claim, post) pairs",2,0.02777
1ahw49n,"CamemBERT fine-tuned on (claim, post) pairs",2,0.02769
1ahwd11,"CamemBERT fine-tuned on (claim, post) pairs",2,0.02798
1ahx4px,"CamemBERT fine-tuned on (claim, post) pairs",2,0.02764
1ailjqg,"CamemBERT fine-tuned on (claim, post) pairs",2,0.02727
1aim3u9,"CamemBERT fine-tuned on (claim, post) pairs",2,0.0432
1aivqtm,"CamemBERT fine-tuned on (claim, post) pairs",2,0.05355
1ajbytz,"CamemBERT fine-tuned on (claim, post) pairs",2,0.02795
1ajgxwq,"CamemBERT fine-tuned on (claim, post) pairs",2,0.02764
1ajhwrl,"CamemBERT fine-tuned on (claim, post) pairs",2,0.02684
1aji02k,"CamemBERT fine-tuned on (claim, post) pairs",2,0.0273
1ajihqi,"CamemBERT fine-tuned on (claim, post) pairs",2,0.02764
1ajj42n,"CamemBERT fine-tuned on (claim, post) pairs",2,0.02793
1ajjbr9,"CamemBERT fine-tuned on (claim, post) pairs",2,0.02707
1ajo0j6,"CamemBERT fine-tuned on (claim, post) pairs",2,0.02849
1ak5mhd,"CamemBERT fine-tuned on (claim, post) pairs",2,0.05845
1ak60m3,"CamemBERT fine-tuned on (claim, post) pairs",2,0.04435
1ak6eyp,"CamemBERT fine-tuned on (claim, post) pairs",2,0.02817
1akcx06,"CamemBERT fine-tuned on (claim, post) pairs",2,0.03274
1akd7pl,"CamemBERT fine-tuned on (claim, post) pairs",2,0.02846
1akhn9s,"CamemBERT fine-tuned on (claim, post) pairs",2,0.02814
1akhr6q,"CamemBERT fine-tuned on (claim, post) pairs",2,0.02701
1akhv4r,"CamemBERT fine-tuned on (claim, post) pairs",2,0.02709
1akifm8,"CamemBERT fine-tuned on (claim, post) pairs",2,0.02699
1akipte,"CamemBERT fine-tuned on (claim, post) pairs",2,0.0273
1akiuyh,"CamemBERT fine-tuned on (claim, post) pairs",2,0.0272
1akizay,"CamemBERT fine-tuned on (claim, post) pairs",2,0.02646
1akjtd4,"CamemBERT fine-tuned on (claim, post) pairs",2,0.02819
1akxo26,"CamemBERT fine-tuned on (claim, post) pairs",2,0.02717
1al11d0,"CamemBERT fine-tuned on (claim, post) pairs",2,0.02827
1al13nz,"CamemBERT fine-tuned on (claim, post) pairs",2,0.2566
1al1xgb,"CamemBERT fine-tuned on (claim, post) pairs",2,0.02785
1al43u9,"CamemBERT fine-tuned on (claim, post) pairs",2,0.02945
1alsav6,"CamemBERT fine-tuned on (claim, post) pairs",2,0.02663
1altizo,"CamemBERT fine-tuned on (claim, post) pairs",2,0.02745
1am0eci,"CamemBERT fine-tuned on (claim, post) pairs",2,0.02712
1am1bo0,"CamemBERT fine-tuned on (claim, post) pairs",2,0.0274
1am1lnv,"CamemBERT fine-tuned on (claim, post) pairs",2,0.02756
1am2aa6,"CamemBERT fine-tuned on (claim, post) pairs",2,0.0272
1amlld2,"CamemBERT fine-tuned on (claim, post) pairs",2,0.02725
1amnwe6,"CamemBERT fine-tuned on (claim, post) pairs",2,0.02727
1anh93u,"CamemBERT fine-tuned on (claim, post) pairs",2,0.02806
1anl486,"CamemBERT fine-tuned on (claim, post) pairs",2,0.03649
1anmqz7,"CamemBERT fine-tuned on (claim, post) pairs",2,0.03983
1annt6e,"CamemBERT fine-tuned on (claim, post) pairs",2,0.02725
1ao2tgt,"CamemBERT fine-tuned on (claim, post) pairs",2,0.02841
1ao2y4u,"CamemBERT fine-tuned on (claim, post) pairs",2,0.02707
1ao3cy1,"CamemBERT fine-tuned on (claim, post) pairs",2,0.0366
1ao4hr2,"CamemBERT fine-tuned on (claim, post) pairs",2,0.02904
1aod503,"CamemBERT fine-tuned on (claim, post) pairs",2,0.048
1aoez3c,"CamemBERT fine-tuned on (claim, post) pairs",2,0.0283
1aof953,"CamemBERT fine-tuned on (claim, post) pairs",2,0.02709
1aofsdm,"CamemBERT fine-tuned on (claim, post) pairs",2,0.0279
1aogflc,"CamemBERT fine-tuned on (claim, post) pairs",2,0.02727
1aoze9t,"CamemBERT fine-tuned on (claim, post) pairs",2,0.26698
1apiqqr,"CamemBERT fine-tuned on (claim, post) pairs",2,0.02725
1apt1vt,"CamemBERT fine-tuned on (claim, post) pairs",2,0.02769
1apymz0,"CamemBERT fine-tuned on (claim, post) pairs",2,0.02782
1aq026k,"CamemBERT fine-tuned on (claim, post) pairs",2,0.02704
1aq0f7k,"CamemBERT fine-tuned on (claim, post) pairs",2,0.03698
1aq0wn0,"CamemBERT fine-tuned on (claim, post) pairs",2,0.02732
1aq1vss,"CamemBERT fine-tuned on (claim, post) pairs",2,0.02689
1aq28aa,"CamemBERT fine-tuned on (claim, post) pairs",2,0.0272
1aqp0no,"CamemBERT fine-tuned on (claim, post) pairs",2,0.02819
1aqpi80,"CamemBERT fine-tuned on (claim, post) pairs",2,0.02709
1aqrcu7,"CamemBERT fine-tuned on (claim, post) pairs",2,0.02696
1aqrfc7,"CamemBERT fine-tuned on (claim, post) pairs",2,0.02795
1aqrv3e,"CamemBERT fine-tuned on (claim, post) pairs",2,0.02838
1aqryg1,"CamemBERT fine-tuned on (claim, post) pairs",2,0.0279
1aqs2i8,"CamemBERT fine-tuned on (claim, post) pairs",2,0.02759
1arcw8y,"CamemBERT fine-tuned on (claim, post) pairs",2,0.02691
1as4h14,"CamemBERT fine-tuned on (claim, post) pairs",2,0.02769
1as4xpw,"CamemBERT fine-tuned on (claim, post) pairs",2,0.02707
1as55sb,"CamemBERT fine-tuned on (claim, post) pairs",2,0.02704
1as5bg0,"CamemBERT fine-tuned on (claim, post) pairs",2,0.02699
1as5lzr,"CamemBERT fine-tuned on (claim, post) pairs",2,0.02712
1as5qzu,"CamemBERT fine-tuned on (claim, post) pairs",2,0.02756
1as5tdk,"CamemBERT fine-tuned on (claim, post) pairs",2,0.02819
1as6hiz,"CamemBERT fine-tuned on (claim, post) pairs",2,0.02811
1as9gdm,"CamemBERT fine-tuned on (claim, post) pairs",2,0.02699
1asdwa6,"CamemBERT fine-tuned on (claim, post) pairs",2,0.02825
1asz15m,"CamemBERT fine-tuned on (claim, post) pairs",2,0.02793
1aszv6y,"CamemBERT fine-tuned on (claim, post) pairs",2,0.03465
1ath8xx,"CamemBERT fine-tuned on (claim, post) pairs",2,0.02803
1awlo4p,"CamemBERT fine-tuned on (claim, post) pairs",2,0.02795
1axghys,"CamemBERT fine-tuned on (claim, post) pairs",2,0.03287
1azpvx6,"CamemBERT fine-tuned on (claim, post) pairs",2,0.04945
1b17kx5,"CamemBERT fine-tuned on (claim, post) pairs",2,0.02772
1b1blip,"CamemBERT fine-tuned on (claim, post) pairs",2,0.02774
1b1jhg2,"CamemBERT fine-tuned on (claim, post) pairs",2,0.85561
1b2a8ts,"CamemBERT fine-tuned on (claim, post) pairs",2,0.02854
1b3mmao,"CamemBERT fine-tuned on (claim, post) pairs",2,0.0537
1b3zhav,"CamemBERT fine-tuned on (claim, post) pairs",2,0.04814
1b5uwh9,"CamemBERT fine-tuned on (claim, post) pairs",2,0.06973
1b7ee96,"CamemBERT fine-tuned on (claim, post) pairs",2,0.06804
1b7vdil,"CamemBERT fine-tuned on (claim, post) pairs",2,0.02725
1b7w65o,"CamemBERT fine-tuned on (claim, post) pairs",2,0.02686
1b8creq,"CamemBERT fine-tuned on (claim, post) pairs",2,0.87674
1b8cx6y,"CamemBERT fine-tuned on (claim, post) pairs",2,0.02717
1b8jfkl,"CamemBERT fine-tuned on (claim, post) pairs",2,0.02673
1b8jlqh,"CamemBERT fine-tuned on (claim, post) pairs",2,0.02694
1b8k9i6,"CamemBERT fine-tuned on (claim, post) pairs",2,0.03786
1b8kfw1,"CamemBERT fine-tuned on (claim, post) pairs",2,0.02735
1b8pmmi,"CamemBERT fine-tuned on (claim, post) pairs",2,0.05161
1b8qmy7,"CamemBERT fine-tuned on (claim, post) pairs",2,0.05894
1b9lhgk,"CamemBERT fine-tuned on (claim, post) pairs",2,0.02846
1b9osxh,"CamemBERT fine-tuned on (claim, post) pairs",2,0.04119
1b9py2e,"CamemBERT fine-tuned on (claim, post) pairs",2,0.02714
1b9qjeh,"CamemBERT fine-tuned on (claim, post) pairs",2,0.02873
1b9sch0,"CamemBERT fine-tuned on (claim, post) pairs",2,0.02712
1b9sxdk,"CamemBERT fine-tuned on (claim, post) pairs",2,0.02704
1b9tqw9,"CamemBERT fine-tuned on (claim, post) pairs",2,0.79921
1b9ypda,"CamemBERT fine-tuned on (claim, post) pairs",2,0.02709
1b9yy29,"CamemBERT fine-tuned on (claim, post) pairs",2,0.02732
1bacba5,"CamemBERT fine-tuned on (claim, post) pairs",2,0.02984
1bcu5o4,"CamemBERT fine-tuned on (claim, post) pairs",2,0.02806
1bcuigb,"CamemBERT fine-tuned on (claim, post) pairs",2,0.02817
1bcv28t,"CamemBERT fine-tuned on (claim, post) pairs",2,0.0278
1bcvmhl,"CamemBERT fine-tuned on (claim, post) pairs",2,0.02806
1bdakef,"CamemBERT fine-tuned on (claim, post) pairs",2,0.05326
1bdljph,"CamemBERT fine-tuned on (claim, post) pairs",2,0.03315
1bdoho9,"CamemBERT fine-tuned on (claim, post) pairs",2,0.02879
1bdr2r5,"CamemBERT fine-tuned on (claim, post) pairs",2,0.02769
1bdrv5j,"CamemBERT fine-tuned on (claim, post) pairs",2,0.02841
1bdtnx3,"CamemBERT fine-tuned on (claim, post) pairs",2,0.04146
1beh8mn,"CamemBERT fine-tuned on (claim, post) pairs",2,0.02833
1bei9em,"CamemBERT fine-tuned on (claim, post) pairs",2,0.03736
1beifxc,"CamemBERT fine-tuned on (claim, post) pairs",2,0.02709
1beky3j,"CamemBERT fine-tuned on (claim, post) pairs",2,0.02707
1ben3cs,"CamemBERT fine-tuned on (claim, post) pairs",2,0.02937
1ben4xw,"CamemBERT fine-tuned on (claim, post) pairs",2,0.38312
1bewdxd,"CamemBERT fine-tuned on (claim, post) pairs",2,0.02782
1bfl1hm,"CamemBERT fine-tuned on (claim, post) pairs",2,0.02764
1bg3m43,"CamemBERT fine-tuned on (claim, post) pairs",2,0.02684
1bg3pzf,"CamemBERT fine-tuned on (claim, post) pairs",2,0.0279
1bg3u66,"CamemBERT fine-tuned on (claim, post) pairs",2,0.02686
1bg3wey,"CamemBERT fine-tuned on (claim, post) pairs",2,0.02727
1bg4123,"CamemBERT fine-tuned on (claim, post) pairs",2,0.02691
1bg77po,"CamemBERT fine-tuned on (claim, post) pairs",2,0.02709
1bgfcbc,"CamemBERT fine-tuned on (claim, post) pairs",2,0.03039
1bgu5zi,"CamemBERT fine-tuned on (claim, post) pairs",2,0.02769
1bgz5ah,"CamemBERT fine-tuned on (claim, post) pairs",2,0.02753
1bh735v,"CamemBERT fine-tuned on (claim, post) pairs",2,0.05557
1bhs7kz,"CamemBERT fine-tuned on (claim, post) pairs",2,0.04899
1bi3jjx,"CamemBERT fine-tuned on (claim, post) pairs",2,0.03001
1biu7df,"CamemBERT fine-tuned on (claim, post) pairs",2,0.02712
1biufo3,"CamemBERT fine-tuned on (claim, post) pairs",2,0.02701
1bj8m0n,"CamemBERT fine-tuned on (claim, post) pairs",2,0.08159
1bj98dv,"CamemBERT fine-tuned on (claim, post) pairs",2,0.30565
1bjc25j,"CamemBERT fine-tuned on (claim, post) pairs",2,0.02915
1bjiqz4,"CamemBERT fine-tuned on (claim, post) pairs",2,0.02727
1bjm4ag,"CamemBERT fine-tuned on (claim, post) pairs",2,0.0286
1bjyqro,"CamemBERT fine-tuned on (claim, post) pairs",2,0.02785
1bjyyeq,"CamemBERT fine-tuned on (claim, post) pairs",2,0.02735
1bjz2ok,"CamemBERT fine-tuned on (claim, post) pairs",2,0.02735
1bjzcrm,"CamemBERT fine-tuned on (claim, post) pairs",2,0.02696
1bkttoh,"CamemBERT fine-tuned on (claim, post) pairs",2,0.02836
1bku2zx,"CamemBERT fine-tuned on (claim, post) pairs",2,0.0273
1bkua8v,"CamemBERT fine-tuned on (claim, post) pairs",2,0.02962
1bkubkn,"CamemBERT fine-tuned on (claim, post) pairs",2,0.02836
1bkugao,"CamemBERT fine-tuned on (claim, post) pairs",2,0.02819
1bkuier,"CamemBERT fine-tuned on (claim, post) pairs",2,0.03857
1bl8e8r,"CamemBERT fine-tuned on (claim, post) pairs",2,0.02712
1bl8me7,"CamemBERT fine-tuned on (claim, post) pairs",2,0.02811
1blo2vs,"CamemBERT fine-tuned on (claim, post) pairs",2,0.02699
1blo6d1,"CamemBERT fine-tuned on (claim, post) pairs",2,0.02836
1blrkoa,"CamemBERT fine-tuned on (claim, post) pairs",2,0.0273
1blsbzn,"CamemBERT fine-tuned on (claim, post) pairs",2,0.06009
1blxjpc,"CamemBERT fine-tuned on (claim, post) pairs",2,0.02738
1blxolr,"CamemBERT fine-tuned on (claim, post) pairs",2,0.02714
1bmj13o,"CamemBERT fine-tuned on (claim, post) pairs",2,0.0673
1bmmss6,"CamemBERT fine-tuned on (claim, post) pairs",2,0.75
1bnuyhx,"CamemBERT fine-tuned on (claim, post) pairs",2,0.02707
1boyxp2,"CamemBERT fine-tuned on (claim, post) pairs",2,0.02817
1boyzwh,"CamemBERT fine-tuned on (claim, post) pairs",2,0.02704
1boz5sd,"CamemBERT fine-tuned on (claim, post) pairs",2,0.02689
1bp6uhy,"CamemBERT fine-tuned on (claim, post) pairs",2,0.02696
1bp71yt,"CamemBERT fine-tuned on (claim, post) pairs",2,0.02704
1bpqwc0,"CamemBERT fine-tuned on (claim, post) pairs",2,0.02777
1bpqxt5,"CamemBERT fine-tuned on (claim, post) pairs",2,0.02759
1bpr1pd,"CamemBERT fine-tuned on (claim, post) pairs",2,0.04131
1bpr607,"CamemBERT fine-tuned on (claim, post) pairs",2,0.02806
1bprcsk,"CamemBERT fine-tuned on (claim, post) pairs",2,0.02814
1bprhnx,"CamemBERT fine-tuned on (claim, post) pairs",2,0.02714
1bpsc5l,"CamemBERT fine-tuned on (claim, post) pairs",2,0.0546
1bpy1xg,"CamemBERT fine-tuned on (claim, post) pairs",2,0.05165
1bqui38,"CamemBERT fine-tuned on (claim, post) pairs",2,0.0274
1bre7fd,"CamemBERT fine-tuned on (claim, post) pairs",2,0.02777
1brgcf5,"CamemBERT fine-tuned on (claim, post) pairs",2,0.03782
1brgsd4,"CamemBERT fine-tuned on (claim, post) pairs",2,0.02678
1brguvr,"CamemBERT fine-tuned on (claim, post) pairs",2,0.02787
1brgymp,"CamemBERT fine-tuned on (claim, post) pairs",2,0.02798
1brh3fp,"CamemBERT fine-tuned on (claim, post) pairs",2,0.02801
1bttjzq,"CamemBERT fine-tuned on (claim, post) pairs",2,0.02681
1bupp91,"CamemBERT fine-tuned on (claim, post) pairs",2,0.05691
1butdv4,"CamemBERT fine-tuned on (claim, post) pairs",2,0.06841
1bvjmgm,"CamemBERT fine-tuned on (claim, post) pairs",2,0.06424
1bvrt4h,"CamemBERT fine-tuned on (claim, post) pairs",2,0.02984
1bvupup,"CamemBERT fine-tuned on (claim, post) pairs",2,0.04909
1bx6piv,"CamemBERT fine-tuned on (claim, post) pairs",2,0.02722
1c0e70q,"CamemBERT fine-tuned on (claim, post) pairs",2,0.02984
1c0h6qv,"CamemBERT fine-tuned on (claim, post) pairs",2,0.0385
1c0lloj,"CamemBERT fine-tuned on (claim, post) pairs",2,0.63884
1c0o7bl,"CamemBERT fine-tuned on (claim, post) pairs",2,0.02854
1c0t3sx,"CamemBERT fine-tuned on (claim, post) pairs",2,0.05455
1c21byc,"CamemBERT fine-tuned on (claim, post) pairs",2,0.06718
1c27osd,"CamemBERT fine-tuned on (claim, post) pairs",2,0.12771
1c2a1gl,"CamemBERT fine-tuned on (claim, post) pairs",2,0.04738
1c3qkzj,"CamemBERT fine-tuned on (claim, post) pairs",2,0.58098
1c3qnq1,"CamemBERT fine-tuned on (claim, post) pairs",2,0.06171
1c4sj07,"CamemBERT fine-tuned on (claim, post) pairs",2,0.06267
1c4yhit,"CamemBERT fine-tuned on (claim, post) pairs",2,0.03171
1c5hgob,"CamemBERT fine-tuned on (claim, post) pairs",2,0.02811
1c65n5g,"CamemBERT fine-tuned on (claim, post) pairs",2,0.03198
1c6cxua,"CamemBERT fine-tuned on (claim, post) pairs",2,0.04232
1c6vp3p,"CamemBERT fine-tuned on (claim, post) pairs",2,0.04651
1c6vqsz,"CamemBERT fine-tuned on (claim, post) pairs",2,0.03793
1cac9tl,"CamemBERT fine-tuned on (claim, post) pairs",2,0.02982
1cdi9mx,"CamemBERT fine-tuned on (claim, post) pairs",2,0.02795
1cemajh,"CamemBERT fine-tuned on (claim, post) pairs",2,0.02684
1cf6ni3,"CamemBERT fine-tuned on (claim, post) pairs",2,0.03241
1cia37b,"CamemBERT fine-tuned on (claim, post) pairs",2,0.03065
1cidi5e,"CamemBERT fine-tuned on (claim, post) pairs",2,0.07146
1cmyai6,"CamemBERT fine-tuned on (claim, post) pairs",2,0.03585
1co8ccx,"CamemBERT fine-tuned on (claim, post) pairs",2,0.06525
1corcr4,"CamemBERT fine-tuned on (claim, post) pairs",2,0.04608
1cow4pc,"CamemBERT fine-tuned on (claim, post) pairs",2,0.04996
1cq3spj,"CamemBERT fine-tuned on (claim, post) pairs",2,0.02712
1crid3e,"CamemBERT fine-tuned on (claim, post) pairs",2,0.02923
1crx10r,"CamemBERT fine-tuned on (claim, post) pairs",2,0.02822
1csfpit,"CamemBERT fine-tuned on (claim, post) pairs",2,0.03247
1csntuz,"CamemBERT fine-tuned on (claim, post) pairs",2,0.0539
1cu0aj5,"CamemBERT fine-tuned on (claim, post) pairs",2,0.03062
1cubufv,"CamemBERT fine-tuned on (claim, post) pairs",2,0.02895
1cubzin,"CamemBERT fine-tuned on (claim, post) pairs",2,0.44946
1cusgbb,"CamemBERT fine-tuned on (claim, post) pairs",2,0.02673
1cynsa1,"CamemBERT fine-tuned on (claim, post) pairs",2,0.25123
1cyrov7,"CamemBERT fine-tuned on (claim, post) pairs",2,0.04328
1czrn2k,"CamemBERT fine-tuned on (claim, post) pairs",2,0.02803
1d08gwl,"CamemBERT fine-tuned on (claim, post) pairs",2,0.02928
1d10shk,"CamemBERT fine-tuned on (claim, post) pairs",2,0.03581
1d1qdq9,"CamemBERT fine-tuned on (claim, post) pairs",2,0.0305
1d2t9x7,"CamemBERT fine-tuned on (claim, post) pairs",2,0.02904
1d5ohgk,"CamemBERT fine-tuned on (claim, post) pairs",2,0.04111
1d7c185,"CamemBERT fine-tuned on (claim, post) pairs",2,0.02732
1d8kd43,"CamemBERT fine-tuned on (claim, post) pairs",2,0.03007
1d8mic3,"CamemBERT fine-tuned on (claim, post) pairs",2,0.03013
1d8offt,"CamemBERT fine-tuned on (claim, post) pairs",2,0.15649
1d8s1ie,"CamemBERT fine-tuned on (claim, post) pairs",2,0.0368
1d9csi9,"CamemBERT fine-tuned on (claim, post) pairs",2,0.03814
1d9defb,"CamemBERT fine-tuned on (claim, post) pairs",2,0.02811
1da7njk,"CamemBERT fine-tuned on (claim, post) pairs",2,0.0543
1da927o,"CamemBERT fine-tuned on (claim, post) pairs",2,0.02965
1dadxjg,"CamemBERT fine-tuned on (claim, post) pairs",2,0.03082
1dafkpi,"CamemBERT fine-tuned on (claim, post) pairs",2,0.03241
1daz7gt,"CamemBERT fine-tuned on (claim, post) pairs",2,0.02707
1dbpd5d,"CamemBERT fine-tuned on (claim, post) pairs",2,0.04502
1dbt8zf,"CamemBERT fine-tuned on (claim, post) pairs",2,0.0402
1dc1d9n,"CamemBERT fine-tuned on (claim, post) pairs",2,0.02833
1dce6tz,"CamemBERT fine-tuned on (claim, post) pairs",2,0.05132
1dcf2fh,"CamemBERT fine-tuned on (claim, post) pairs",2,0.03534
1dcgfo1,"CamemBERT fine-tuned on (claim, post) pairs",2,0.02827
1dciusk,"CamemBERT fine-tuned on (claim, post) pairs",2,0.03916
1dczefz,"CamemBERT fine-tuned on (claim, post) pairs",2,0.0439
1dd6thg,"CamemBERT fine-tuned on (claim, post) pairs",2,0.02811
1ddi96d,"CamemBERT fine-tuned on (claim, post) pairs",2,0.03353
1de040h,"CamemBERT fine-tuned on (claim, post) pairs",2,0.02819
1debgw2,"CamemBERT fine-tuned on (claim, post) pairs",2,0.03013
1deh5x0,"CamemBERT fine-tuned on (claim, post) pairs",2,0.04333
1df1ij1,"CamemBERT fine-tuned on (claim, post) pairs",2,0.02833
1dfjxkf,"CamemBERT fine-tuned on (claim, post) pairs",2,0.0286
1dfuspz,"CamemBERT fine-tuned on (claim, post) pairs",2,0.02976
1dg0yts,"CamemBERT fine-tuned on (claim, post) pairs",2,0.02801
1dgbnph,"CamemBERT fine-tuned on (claim, post) pairs",2,0.02811
1dgfoey,"CamemBERT fine-tuned on (claim, post) pairs",2,0.03302
1dgk657,"CamemBERT fine-tuned on (claim, post) pairs",2,0.22448
1dgwae8,"CamemBERT fine-tuned on (claim, post) pairs",2,0.04398
1dh48f2,"CamemBERT fine-tuned on (claim, post) pairs",2,0.04431
1dhhn6b,"CamemBERT fine-tuned on (claim, post) pairs",2,0.02984
1dhrn9r,"CamemBERT fine-tuned on (claim, post) pairs",2,0.02819
1dhvl4n,"CamemBERT fine-tuned on (claim, post) pairs",2,0.05272
1dhvt8s,"CamemBERT fine-tuned on (claim, post) pairs",2,0.0305
1dikv20,"CamemBERT fine-tuned on (claim, post) pairs",2,0.03439
1dil8h2,"CamemBERT fine-tuned on (claim, post) pairs",2,0.02942
1dj28yd,"CamemBERT fine-tuned on (claim, post) pairs",2,0.03216
1dkbozg,"CamemBERT fine-tuned on (claim, post) pairs",2,0.04043
1dkdkms,"CamemBERT fine-tuned on (claim, post) pairs",2,0.11646
1dkl9d9,"CamemBERT fine-tuned on (claim, post) pairs",2,0.04385
1dkmhn1,"CamemBERT fine-tuned on (claim, post) pairs",2,0.0297
1dkzwoh,"CamemBERT fine-tuned on (claim, post) pairs",2,0.02982
1dlchla,"CamemBERT fine-tuned on (claim, post) pairs",2,0.02996
1dlu8wq,"CamemBERT fine-tuned on (claim, post) pairs",2,0.03779
1dm1xlr,"CamemBERT fine-tuned on (claim, post) pairs",2,0.05728
1dnlrek,"CamemBERT fine-tuned on (claim, post) pairs",2,0.03331
1dny95b,"CamemBERT fine-tuned on (claim, post) pairs",2,0.02987
1do0zun,"CamemBERT fine-tuned on (claim, post) pairs",2,0.04158
1do8npk,"CamemBERT fine-tuned on (claim, post) pairs",2,0.05976
1doah2p,"CamemBERT fine-tuned on (claim, post) pairs",2,0.03372
1dobijv,"CamemBERT fine-tuned on (claim, post) pairs",2,0.05213
1dosoob,"CamemBERT fine-tuned on (claim, post) pairs",2,0.02863
1dp6x90,"CamemBERT fine-tuned on (claim, post) pairs",2,0.27498
1dp7lq4,"CamemBERT fine-tuned on (claim, post) pairs",2,0.04872
1dpf9h8,"CamemBERT fine-tuned on (claim, post) pairs",2,0.04361
1dpmd6j,"CamemBERT fine-tuned on (claim, post) pairs",2,0.05802
1dpt4w3,"CamemBERT fine-tuned on (claim, post) pairs",2,0.58797
1dq0rm2,"CamemBERT fine-tuned on (claim, post) pairs",2,0.08874
1dqj6mf,"CamemBERT fine-tuned on (claim, post) pairs",2,0.02884
1dr7p6o,"CamemBERT fine-tuned on (claim, post) pairs",2,0.02968
1drbfvz,"CamemBERT fine-tuned on (claim, post) pairs",2,0.02735
1ds7f7r,"CamemBERT fine-tuned on (claim, post) pairs",2,0.02915
1dslge2,"CamemBERT fine-tuned on (claim, post) pairs",2,0.02982
1dsrb9h,"CamemBERT fine-tuned on (claim, post) pairs",2,0.02879
1dtf4fi,"CamemBERT fine-tuned on (claim, post) pairs",2,0.02934
1dtm3r0,"CamemBERT fine-tuned on (claim, post) pairs",2,0.03138
1dtx7p4,"CamemBERT fine-tuned on (claim, post) pairs",2,0.03701
1du768r,"CamemBERT fine-tuned on (claim, post) pairs",2,0.03044
1dukqf3,"CamemBERT fine-tuned on (claim, post) pairs",2,0.04108
1dv6hry,"CamemBERT fine-tuned on (claim, post) pairs",2,0.02759
1dv87gw,"CamemBERT fine-tuned on (claim, post) pairs",2,0.05104
1dv89kh,"CamemBERT fine-tuned on (claim, post) pairs",2,0.03416
1dxisst,"CamemBERT fine-tuned on (claim, post) pairs",2,0.02962
1dy24o5,"CamemBERT fine-tuned on (claim, post) pairs",2,0.02795
1dywnc4,"CamemBERT fine-tuned on (claim, post) pairs",2,0.02923
1dzt80b,"CamemBERT fine-tuned on (claim, post) pairs",2,0.03956
1e0hgnf,"CamemBERT fine-tuned on (claim, post) pairs",2,0.07264
1e1bu76,"CamemBERT fine-tuned on (claim, post) pairs",2,0.0329
1e1iz84,"CamemBERT fine-tuned on (claim, post) pairs",2,0.04854
1e1j4d9,"CamemBERT fine-tuned on (claim, post) pairs",2,0.11616
1e3s5hh,"CamemBERT fine-tuned on (claim, post) pairs",2,0.03318
1e4ks0l,"CamemBERT fine-tuned on (claim, post) pairs",2,0.03986
1e4n0px,"CamemBERT fine-tuned on (claim, post) pairs",2,0.02906
1e4pzmv,"CamemBERT fine-tuned on (claim, post) pairs",2,0.04012
1e4qpix,"CamemBERT fine-tuned on (claim, post) pairs",2,0.05501
1e5ci39,"CamemBERT fine-tuned on (claim, post) pairs",2,0.05634
1e5htqp,"CamemBERT fine-tuned on (claim, post) pairs",2,0.06848
1e5ok5h,"CamemBERT fine-tuned on (claim, post) pairs",2,0.0536
1e67ex8,"CamemBERT fine-tuned on (claim, post) pairs",2,0.12517
1e6gxpc,"CamemBERT fine-tuned on (claim, post) pairs",2,0.08795
1e787n6,"CamemBERT fine-tuned on (claim, post) pairs",2,0.02825
1e81mgl,"CamemBERT fine-tuned on (claim, post) pairs",2,0.05992
1e8v02c,"CamemBERT fine-tuned on (claim, post) pairs",2,0.03388
1e8z7xp,"CamemBERT fine-tuned on (claim, post) pairs",2,0.02787
1e9k9a7,"CamemBERT fine-tuned on (claim, post) pairs",2,0.05286
1eahmzg,"CamemBERT fine-tuned on (claim, post) pairs",2,0.02759
1eauomt,"CamemBERT fine-tuned on (claim, post) pairs",2,0.03416
1eaxfbq,"CamemBERT fine-tuned on (claim, post) pairs",2,0.05262
1ebpsok,"CamemBERT fine-tuned on (claim, post) pairs",2,0.06205
1ebs243,"CamemBERT fine-tuned on (claim, post) pairs",2,0.02738
1ebtarw,"CamemBERT fine-tuned on (claim, post) pairs",2,0.02681
1ec19f9,"CamemBERT fine-tuned on (claim, post) pairs",2,0.05316
1ecryfs,"CamemBERT fine-tuned on (claim, post) pairs",2,0.05286
1edaz1f,"CamemBERT fine-tuned on (claim, post) pairs",2,0.07264
1eddctw,"CamemBERT fine-tuned on (claim, post) pairs",2,0.04402
1ee6eul,"CamemBERT fine-tuned on (claim, post) pairs",2,0.05521
1ee7svn,"CamemBERT fine-tuned on (claim, post) pairs",2,0.07971
1eevmh5,"CamemBERT fine-tuned on (claim, post) pairs",2,0.04443
1ef3cq1,"CamemBERT fine-tuned on (claim, post) pairs",2,0.05526
1efayex,"CamemBERT fine-tuned on (claim, post) pairs",2,0.06543
1efnhye,"CamemBERT fine-tuned on (claim, post) pairs",2,0.05819
1efsnxh,"CamemBERT fine-tuned on (claim, post) pairs",2,0.07491
1eftexl,"CamemBERT fine-tuned on (claim, post) pairs",2,0.0545
1efuetm,"CamemBERT fine-tuned on (claim, post) pairs",2,0.05776
1efwjrz,"CamemBERT fine-tuned on (claim, post) pairs",2,0.03793
1eg7v4g,"CamemBERT fine-tuned on (claim, post) pairs",2,0.05146
1eggnu9,"CamemBERT fine-tuned on (claim, post) pairs",2,0.04973
1eggq7w,"CamemBERT fine-tuned on (claim, post) pairs",2,0.04561
1ehg8fx,"CamemBERT fine-tuned on (claim, post) pairs",2,0.06401
1ehn3st,"CamemBERT fine-tuned on (claim, post) pairs",2,0.11828
1ei3rkv,"CamemBERT fine-tuned on (claim, post) pairs",2,0.05242
1ej1snr,"CamemBERT fine-tuned on (claim, post) pairs",2,0.04931
1ejbu1m,"CamemBERT fine-tuned on (claim, post) pairs",2,0.05813
1ejuwk0,"CamemBERT fine-tuned on (claim, post) pairs",2,0.05296
1ek47ig,"CamemBERT fine-tuned on (claim, post) pairs",2,0.0656
1ekjjwe,"CamemBERT fine-tuned on (claim, post) pairs",2,0.05531
1elarbx,"CamemBERT fine-tuned on (claim, post) pairs",2,0.06262
1elhpc6,"CamemBERT fine-tuned on (claim, post) pairs",2,0.05042
1elhzdn,"CamemBERT fine-tuned on (claim, post) pairs",2,0.02803
1encwnm,"CamemBERT fine-tuned on (claim, post) pairs",2,0.05552
1eny8p8,"CamemBERT fine-tuned on (claim, post) pairs",2,0.07586
1eo4eta,"CamemBERT fine-tuned on (claim, post) pairs",2,0.05127
1ep2jor,"CamemBERT fine-tuned on (claim, post) pairs",2,0.05194
1epnvej,"CamemBERT fine-tuned on (claim, post) pairs",2,0.04406
1epo7f9,"CamemBERT fine-tuned on (claim, post) pairs",2,0.02753
1eptigv,"CamemBERT fine-tuned on (claim, post) pairs",2,0.04177
1eqbcee,"CamemBERT fine-tuned on (claim, post) pairs",2,0.08036
1eqr741,"CamemBERT fine-tuned on (claim, post) pairs",2,0.02849
1er84xt,"CamemBERT fine-tuned on (claim, post) pairs",2,0.04945
1eyhz0x,"CamemBERT fine-tuned on (claim, post) pairs",2,0.76568
1ezcfgb,"CamemBERT fine-tuned on (claim, post) pairs",2,0.04108
1f1l3cv,"CamemBERT fine-tuned on (claim, post) pairs",2,0.03625
1f3443m,"CamemBERT fine-tuned on (claim, post) pairs",2,0.02732
1f4b5wr,"CamemBERT fine-tuned on (claim, post) pairs",2,0.02748
1f4wdfl,"CamemBERT fine-tuned on (claim, post) pairs",2,0.07971
1f6jwov,"CamemBERT fine-tuned on (claim, post) pairs",2,0.05089
1f6pvnp,"CamemBERT fine-tuned on (claim, post) pairs",2,0.06025
1f72a4j,"CamemBERT fine-tuned on (claim, post) pairs",2,0.02912
1f9k578,"CamemBERT fine-tuned on (claim, post) pairs",2,0.02777
1fbxury,"CamemBERT fine-tuned on (claim, post) pairs",2,0.0424
1fcv2tf,"CamemBERT fine-tuned on (claim, post) pairs",2,0.03829
1fd8o6t,"CamemBERT fine-tuned on (claim, post) pairs",2,0.02854
1feub3j,"CamemBERT fine-tuned on (claim, post) pairs",2,0.76136
1fhyjl8,"CamemBERT fine-tuned on (claim, post) pairs",2,0.02959
1fks6e4,"CamemBERT fine-tuned on (claim, post) pairs",2,0.10061
1fl5s5s,"CamemBERT fine-tuned on (claim, post) pairs",2,0.04092
1fl6mcl,"CamemBERT fine-tuned on (claim, post) pairs",2,0.07166
1foxbds,"CamemBERT fine-tuned on (claim, post) pairs",2,0.04913
1fp03ct,"CamemBERT fine-tuned on (claim, post) pairs",2,0.03007
1fp880l,"CamemBERT fine-tuned on (claim, post) pairs",2,0.04357
1fpxjmh,"CamemBERT fine-tuned on (claim, post) pairs",2,0.02803
1fsplqe,"CamemBERT fine-tuned on (claim, post) pairs",2,0.06454
1ft3bdf,"CamemBERT fine-tuned on (claim, post) pairs",2,0.02694
1ft7qo3,"CamemBERT fine-tuned on (claim, post) pairs",2,0.35287
1fv7cc5,"CamemBERT fine-tuned on (claim, post) pairs",2,0.03287
1fy3t6h,"CamemBERT fine-tuned on (claim, post) pairs",2,0.0402
1fzrqe1,"CamemBERT fine-tuned on (claim, post) pairs",2,0.02707
1fztvth,"CamemBERT fine-tuned on (claim, post) pairs",2,0.04031
1g0ca1k,"CamemBERT fine-tuned on (claim, post) pairs",2,0.53043
1g13egl,"CamemBERT fine-tuned on (claim, post) pairs",2,0.27777
1g2zhjt,"CamemBERT fine-tuned on (claim, post) pairs",2,0.0341
1g3a6yi,"CamemBERT fine-tuned on (claim, post) pairs",2,0.02868
1g48b3h,"CamemBERT fine-tuned on (claim, post) pairs",2,0.10393
1g4wao0,"CamemBERT fine-tuned on (claim, post) pairs",2,0.26143
1g5ln0v,"CamemBERT fine-tuned on (claim, post) pairs",2,0.03632
1g6cqni,"CamemBERT fine-tuned on (claim, post) pairs",2,0.13916
1g83j28,"CamemBERT fine-tuned on (claim, post) pairs",2,0.02931
1g8myad,"CamemBERT fine-tuned on (claim, post) pairs",2,0.55616
1g8qt3a,"CamemBERT fine-tuned on (claim, post) pairs",2,0.05921
1g9eloj,"CamemBERT fine-tuned on (claim, post) pairs",2,0.03183
1g9hlg9,"CamemBERT fine-tuned on (claim, post) pairs",2,0.03315
1gagde0,"CamemBERT fine-tuned on (claim, post) pairs",2,0.02959
1gaxvyj,"CamemBERT fine-tuned on (claim, post) pairs",2,0.02714
1gbv39k,"CamemBERT fine-tuned on (claim, post) pairs",2,0.03277
1gc5enm,"CamemBERT fine-tuned on (claim, post) pairs",2,0.02854
1gdha3r,"CamemBERT fine-tuned on (claim, post) pairs",2,0.06366
1gdz53k,"CamemBERT fine-tuned on (claim, post) pairs",2,0.35251
1ggftpo,"CamemBERT fine-tuned on (claim, post) pairs",2,0.04655
1ggjlxr,"CamemBERT fine-tuned on (claim, post) pairs",2,0.3267
1gh1x3r,"CamemBERT fine-tuned on (claim, post) pairs",2,0.0305
1gk5aqh,"CamemBERT fine-tuned on (claim, post) pairs",2,0.02965
1gktp3b,"CamemBERT fine-tuned on (claim, post) pairs",2,0.02942
1gluet4,"CamemBERT fine-tuned on (claim, post) pairs",2,0.35092
1gmcgh7,"CamemBERT fine-tuned on (claim, post) pairs",2,0.0273
1gn8qpg,"CamemBERT fine-tuned on (claim, post) pairs",2,0.02906
1gozh3k,"CamemBERT fine-tuned on (claim, post) pairs",2,0.02782
1gpv0ke,"CamemBERT fine-tuned on (claim, post) pairs",2,0.02751
1gq95wb,"CamemBERT fine-tuned on (claim, post) pairs",2,0.10838
1gq9vso,"CamemBERT fine-tuned on (claim, post) pairs",2,0.19744
1gqkobf,"CamemBERT fine-tuned on (claim, post) pairs",2,0.0405
1gsmqzu,"CamemBERT fine-tuned on (claim, post) pairs",2,0.40775
1gusx02,"CamemBERT fine-tuned on (claim, post) pairs",2,0.03475
1gut8f7,"CamemBERT fine-tuned on (claim, post) pairs",2,0.031
1gvuolb,"CamemBERT fine-tuned on (claim, post) pairs",2,0.23669
1gwgfse,"CamemBERT fine-tuned on (claim, post) pairs",2,0.02833
1h0naf9,"CamemBERT fine-tuned on (claim, post) pairs",2,0.64991
1h0yeip,"CamemBERT fine-tuned on (claim, post) pairs",2,0.04077
1h148x3,"CamemBERT fine-tuned on (claim, post) pairs",2,0.02846
1h1agmg,"CamemBERT fine-tuned on (claim, post) pairs",2,0.02809
1h43ail,"CamemBERT fine-tuned on (claim, post) pairs",2,0.03271
1h50c4x,"CamemBERT fine-tuned on (claim, post) pairs",2,0.03407
1h5ujg5,"CamemBERT fine-tuned on (claim, post) pairs",2,0.03705
1h6c44o,"CamemBERT fine-tuned on (claim, post) pairs",2,0.04918
1h6jsfq,"CamemBERT fine-tuned on (claim, post) pairs",2,0.02801
1ha5uf5,"CamemBERT fine-tuned on (claim, post) pairs",2,0.02709
1ha7mzh,"CamemBERT fine-tuned on (claim, post) pairs",2,0.02735
1hapzx9,"CamemBERT fine-tuned on (claim, post) pairs",2,0.03968
1hb5l6u,"CamemBERT fine-tuned on (claim, post) pairs",2,0.07878
1hbp8gi,"CamemBERT fine-tuned on (claim, post) pairs",2,0.04221
1hc3gcw,"CamemBERT fine-tuned on (claim, post) pairs",2,0.05987
1hc46hu,"CamemBERT fine-tuned on (claim, post) pairs",2,0.42161
1hcu28q,"CamemBERT fine-tuned on (claim, post) pairs",2,0.02691
1hdaa42,"CamemBERT fine-tuned on (claim, post) pairs",2,0.02833
1hdi0kn,"CamemBERT fine-tuned on (claim, post) pairs",2,0.043
1hfhac4,"CamemBERT fine-tuned on (claim, post) pairs",2,0.02722
1hfikff,"CamemBERT fine-tuned on (claim, post) pairs",2,0.05233
1hgjn5n,"CamemBERT fine-tuned on (claim, post) pairs",2,0.03114
1hhbyvd,"CamemBERT fine-tuned on (claim, post) pairs",2,0.07231
1hin2h3,"CamemBERT fine-tuned on (claim, post) pairs",2,0.02814
1hj9s5a,"CamemBERT fine-tuned on (claim, post) pairs",2,0.03365
1hjdevb,"CamemBERT fine-tuned on (claim, post) pairs",2,0.02725
1hmltqw,"CamemBERT fine-tuned on (claim, post) pairs",2,0.0286
1hnndcr,"CamemBERT fine-tuned on (claim, post) pairs",2,0.0278
1ho8n68,"CamemBERT fine-tuned on (claim, post) pairs",2,0.0273
1hqhe8n,"CamemBERT fine-tuned on (claim, post) pairs",2,0.02863
1hr82n0,"CamemBERT fine-tuned on (claim, post) pairs",2,0.03201
1hrsn74,"CamemBERT fine-tuned on (claim, post) pairs",2,0.0279
1htc6ow,"CamemBERT fine-tuned on (claim, post) pairs",2,0.02814
1htczxo,"CamemBERT fine-tuned on (claim, post) pairs",2,0.02725
1hufee1,"CamemBERT fine-tuned on (claim, post) pairs",2,0.19582
1hvo0zx,"CamemBERT fine-tuned on (claim, post) pairs",2,0.02923
1hvpi1h,"CamemBERT fine-tuned on (claim, post) pairs",2,0.0278
1hvq823,"CamemBERT fine-tuned on (claim, post) pairs",2,0.04497
1hwi09l,"CamemBERT fine-tuned on (claim, post) pairs",2,0.0297
1hx8pwq,"CamemBERT fine-tuned on (claim, post) pairs",2,0.02793
1hx8x8q,"CamemBERT fine-tuned on (claim, post) pairs",2,0.50147
1hxbe2s,"CamemBERT fine-tuned on (claim, post) pairs",2,0.05209
1hxxy5b,"CamemBERT fine-tuned on (claim, post) pairs",2,0.04296
1hy04tq,"CamemBERT fine-tuned on (claim, post) pairs",2,0.02714
1hyg0l8,"CamemBERT fine-tuned on (claim, post) pairs",2,0.03141
1hyiyks,"CamemBERT fine-tuned on (claim, post) pairs",2,0.05118
1hyzp7t,"CamemBERT fine-tuned on (claim, post) pairs",2,0.0272
1i0covs,"CamemBERT fine-tuned on (claim, post) pairs",2,0.03619
1i11ann,"CamemBERT fine-tuned on (claim, post) pairs",2,0.02937
1i11tx2,"CamemBERT fine-tuned on (claim, post) pairs",2,0.04123
1i1glkr,"CamemBERT fine-tuned on (claim, post) pairs",2,0.02751
1i3a84e,"CamemBERT fine-tuned on (claim, post) pairs",2,0.02681
1i3deqt,"CamemBERT fine-tuned on (claim, post) pairs",2,0.02782
1i3do0y,"CamemBERT fine-tuned on (claim, post) pairs",2,0.02727
1i5m6qi,"CamemBERT fine-tuned on (claim, post) pairs",2,0.03309
1i66ogv,"CamemBERT fine-tuned on (claim, post) pairs",2,0.02868
1i7yh9h,"CamemBERT fine-tuned on (claim, post) pairs",2,0.038
1i81a29,"CamemBERT fine-tuned on (claim, post) pairs",2,0.02849
1i81gdj,"CamemBERT fine-tuned on (claim, post) pairs",2,0.03299
1i8sbuw,"CamemBERT fine-tuned on (claim, post) pairs",2,0.04738
1i8vrzn,"CamemBERT fine-tuned on (claim, post) pairs",2,0.03488
1iaef4b,"CamemBERT fine-tuned on (claim, post) pairs",2,0.02901
1ib5egz,"CamemBERT fine-tuned on (claim, post) pairs",2,0.02676
1ic7jen,"CamemBERT fine-tuned on (claim, post) pairs",2,0.05311
1icbj4w,"CamemBERT fine-tuned on (claim, post) pairs",2,0.07928
1id18ec,"CamemBERT fine-tuned on (claim, post) pairs",2,0.04703
1ie7byj,"CamemBERT fine-tuned on (claim, post) pairs",2,0.02931
1if751o,"CamemBERT fine-tuned on (claim, post) pairs",2,0.03649
1ifzfhj,"CamemBERT fine-tuned on (claim, post) pairs",2,0.02825
1igmw0o,"CamemBERT fine-tuned on (claim, post) pairs",2,0.02798
1igqw7t,"CamemBERT fine-tuned on (claim, post) pairs",2,0.03912
1ihpo79,"CamemBERT fine-tuned on (claim, post) pairs",2,0.02984
1iixvvo,"CamemBERT fine-tuned on (claim, post) pairs",2,0.0366
1ij0hgz,"CamemBERT fine-tuned on (claim, post) pairs",2,0.03293
1ijr7gd,"CamemBERT fine-tuned on (claim, post) pairs",2,0.05038
1ijs5ob,"CamemBERT fine-tuned on (claim, post) pairs",2,0.03927
1ijylle,"CamemBERT fine-tuned on (claim, post) pairs",2,0.06395
1im199p,"CamemBERT fine-tuned on (claim, post) pairs",2,0.03186
1im2tam,"CamemBERT fine-tuned on (claim, post) pairs",2,0.02673
1imwlav,"CamemBERT fine-tuned on (claim, post) pairs",2,0.03804
1in284x,"CamemBERT fine-tuned on (claim, post) pairs",2,0.02879
1inmns6,"CamemBERT fine-tuned on (claim, post) pairs",2,0.02868
1ipadvs,"CamemBERT fine-tuned on (claim, post) pairs",2,0.02785
1ipdkp5,"CamemBERT fine-tuned on (claim, post) pairs",2,0.02795
1iq0dp6,"CamemBERT fine-tuned on (claim, post) pairs",2,0.06273
1iswcqa,"CamemBERT fine-tuned on (claim, post) pairs",2,0.13207
1it0s8n,"CamemBERT fine-tuned on (claim, post) pairs",2,0.02772
1ituppo,"CamemBERT fine-tuned on (claim, post) pairs",2,0.02699
1iuj56b,"CamemBERT fine-tuned on (claim, post) pairs",2,0.03076
1iun1kw,"CamemBERT fine-tuned on (claim, post) pairs",2,0.03327
1iuyk4n,"CamemBERT fine-tuned on (claim, post) pairs",2,0.03256
1iwdhfd,"CamemBERT fine-tuned on (claim, post) pairs",2,0.03036
1iyug40,"CamemBERT fine-tuned on (claim, post) pairs",2,0.16941
1j1rf8d,"CamemBERT fine-tuned on (claim, post) pairs",2,0.04369
1j3jh04,"CamemBERT fine-tuned on (claim, post) pairs",2,0.03228
1j3kjt2,"CamemBERT fine-tuned on (claim, post) pairs",2,0.06233
1j49sfh,"CamemBERT fine-tuned on (claim, post) pairs",2,0.72365
1j5jitq,"CamemBERT fine-tuned on (claim, post) pairs",2,0.02814
1j5ovgx,"CamemBERT fine-tuned on (claim, post) pairs",2,0.03076
1j6lvx0,"CamemBERT fine-tuned on (claim, post) pairs",2,0.03865
1j7uext,"CamemBERT fine-tuned on (claim, post) pairs",2,0.03775
1j7w2rf,"CamemBERT fine-tuned on (claim, post) pairs",2,0.45222
1j9rxig,"CamemBERT fine-tuned on (claim, post) pairs",2,0.02803
1ja0ns4,"CamemBERT fine-tuned on (claim, post) pairs",2,0.02809
1jaa8gs,"CamemBERT fine-tuned on (claim, post) pairs",2,0.03839
1jacozo,"CamemBERT fine-tuned on (claim, post) pairs",2,0.02769
1jbzbnk,"CamemBERT fine-tuned on (claim, post) pairs",2,0.02904
1jc8doo,"CamemBERT fine-tuned on (claim, post) pairs",2,0.04872
1jcudse,"CamemBERT fine-tuned on (claim, post) pairs",2,0.03159
1jee6nr,"CamemBERT fine-tuned on (claim, post) pairs",2,0.02819
1jim3gj,"CamemBERT fine-tuned on (claim, post) pairs",2,0.09187
1jkcw2a,"CamemBERT fine-tuned on (claim, post) pairs",2,0.02909
1jl0adx,"CamemBERT fine-tuned on (claim, post) pairs",2,0.29609
1jlc1df,"CamemBERT fine-tuned on (claim, post) pairs",2,0.0294
1jmjhz5,"CamemBERT fine-tuned on (claim, post) pairs",2,0.88818
1jmkx80,"CamemBERT fine-tuned on (claim, post) pairs",2,0.03062
1jn90x9,"CamemBERT fine-tuned on (claim, post) pairs",2,0.04127
1jnlz07,"CamemBERT fine-tuned on (claim, post) pairs",2,0.32713
1jnyt37,"CamemBERT fine-tuned on (claim, post) pairs",2,0.05531
1jnzdy2,"CamemBERT fine-tuned on (claim, post) pairs",2,0.02725
1jnzub5,"CamemBERT fine-tuned on (claim, post) pairs",2,0.054
1jo0i7v,"CamemBERT fine-tuned on (claim, post) pairs",2,0.04418
1jo10t9,"CamemBERT fine-tuned on (claim, post) pairs",2,0.04595
1jo28i9,"CamemBERT fine-tuned on (claim, post) pairs",2,0.03832
1jo46y3,"CamemBERT fine-tuned on (claim, post) pairs",2,0.04439
1jo83tu,"CamemBERT fine-tuned on (claim, post) pairs",2,0.05127
1joad9b,"CamemBERT fine-tuned on (claim, post) pairs",2,0.03677
1jocksy,"CamemBERT fine-tuned on (claim, post) pairs",2,0.0392
1joneqw,"CamemBERT fine-tuned on (claim, post) pairs",2,0.04668
1joq4h3,"CamemBERT fine-tuned on (claim, post) pairs",2,0.07552
1jp23rz,"CamemBERT fine-tuned on (claim, post) pairs",2,0.04229
1jphe7w,"CamemBERT fine-tuned on (claim, post) pairs",2,0.03575
1jpkvyf,"CamemBERT fine-tuned on (claim, post) pairs",2,0.04796
1jpl22e,"CamemBERT fine-tuned on (claim, post) pairs",2,0.04185
1jpmasw,"CamemBERT fine-tuned on (claim, post) pairs",2,0.04016
1jpp80q,"CamemBERT fine-tuned on (claim, post) pairs",2,0.5542
1jprt1e,"CamemBERT fine-tuned on (claim, post) pairs",2,0.03413
1jpv8vq,"CamemBERT fine-tuned on (claim, post) pairs",2,0.04166
1jqqtde,"CamemBERT fine-tuned on (claim, post) pairs",2,0.04333
1jr5577,"CamemBERT fine-tuned on (claim, post) pairs",2,0.03771
1jr688z,"CamemBERT fine-tuned on (claim, post) pairs",2,0.04769
1jrafld,"CamemBERT fine-tuned on (claim, post) pairs",2,0.04729
1js7lsl,"CamemBERT fine-tuned on (claim, post) pairs",2,0.04527
1jsr12u,"CamemBERT fine-tuned on (claim, post) pairs",2,0.04443
1jsutxx,"CamemBERT fine-tuned on (claim, post) pairs",2,0.03916
1jtd9pp,"CamemBERT fine-tuned on (claim, post) pairs",2,0.03757
1juze39,"CamemBERT fine-tuned on (claim, post) pairs",2,0.02761
1jv1432,"CamemBERT fine-tuned on (claim, post) pairs",2,0.02748
1jv1tpc,"CamemBERT fine-tuned on (claim, post) pairs",2,0.02849
1jw3g0e,"CamemBERT fine-tuned on (claim, post) pairs",2,0.03439
1jye6fe,"CamemBERT fine-tuned on (claim, post) pairs",2,0.02846
1k1itoj,"CamemBERT fine-tuned on (claim, post) pairs",2,0.02748
1k27tg8,"CamemBERT fine-tuned on (claim, post) pairs",2,0.02934
1k27uxd,"CamemBERT fine-tuned on (claim, post) pairs",2,0.0428
1k2m4vs,"CamemBERT fine-tuned on (claim, post) pairs",2,0.35126
1k2u7y8,"CamemBERT fine-tuned on (claim, post) pairs",2,0.04987
1k54kf0,"CamemBERT fine-tuned on (claim, post) pairs",2,0.02965
1k5569e,"CamemBERT fine-tuned on (claim, post) pairs",2,0.03082
1k5bkkx,"CamemBERT fine-tuned on (claim, post) pairs",2,0.03349
1k643iq,"CamemBERT fine-tuned on (claim, post) pairs",2,0.07376
1k7w1j5,"CamemBERT fine-tuned on (claim, post) pairs",2,0.02962
1k9ry0u,"CamemBERT fine-tuned on (claim, post) pairs",2,0.03001
1k9xhcs,"CamemBERT fine-tuned on (claim, post) pairs",2,0.06954
1ka6v47,"CamemBERT fine-tuned on (claim, post) pairs",2,0.02873
1kamfwx,"CamemBERT fine-tuned on (claim, post) pairs",2,0.05707
1katfve,"CamemBERT fine-tuned on (claim, post) pairs",2,0.81685
1kcy87o,"CamemBERT fine-tuned on (claim, post) pairs",2,0.02787
1ke82uh,"CamemBERT fine-tuned on (claim, post) pairs",2,0.02904
1kl7twc,"CamemBERT fine-tuned on (claim, post) pairs",2,0.02833
1klgqeh,"CamemBERT fine-tuned on (claim, post) pairs",2,0.02959
1klipsg,"CamemBERT fine-tuned on (claim, post) pairs",2,0.02722
1km8ijo,"CamemBERT fine-tuned on (claim, post) pairs",2,0.04485
1kmda67,"CamemBERT fine-tuned on (claim, post) pairs",2,0.05146
1kmfoup,"CamemBERT fine-tuned on (claim, post) pairs",2,0.03876
1knvqry,"CamemBERT fine-tuned on (claim, post) pairs",2,0.02774
1ko25wn,"CamemBERT fine-tuned on (claim, post) pairs",2,0.02873
1ko7oem,"CamemBERT fine-tuned on (claim, post) pairs",2,0.0273
1kpd8dv,"CamemBERT fine-tuned on (claim, post) pairs",2,0.05326
1kq99jd,"CamemBERT fine-tuned on (claim, post) pairs",2,0.03265
1kqd8xa,"CamemBERT fine-tuned on (claim, post) pairs",2,0.02777
1krcbyz,"CamemBERT fine-tuned on (claim, post) pairs",2,0.03135
1kthgc8,"CamemBERT fine-tuned on (claim, post) pairs",2,0.02926
1ktj5x9,"CamemBERT fine-tuned on (claim, post) pairs",2,0.03024
1kttop0,"CamemBERT fine-tuned on (claim, post) pairs",2,0.02694
1kuag2w,"CamemBERT fine-tuned on (claim, post) pairs",2,0.02689
1kvobxy,"CamemBERT fine-tuned on (claim, post) pairs",2,0.0272
1kvzwfx,"CamemBERT fine-tuned on (claim, post) pairs",2,0.02976
1kwlwe8,"CamemBERT fine-tuned on (claim, post) pairs",2,0.02712
1kwtd72,"CamemBERT fine-tuned on (claim, post) pairs",2,0.02814
1kxdu77,"CamemBERT fine-tuned on (claim, post) pairs",2,0.02753
1kz19te,"CamemBERT fine-tuned on (claim, post) pairs",2,0.0864
1kzwmx8,"CamemBERT fine-tuned on (claim, post) pairs",2,0.62309
1l1c7i0,"CamemBERT fine-tuned on (claim, post) pairs",2,0.02833
1l29u95,"CamemBERT fine-tuned on (claim, post) pairs",2,0.04918
1l2kjvv,"CamemBERT fine-tuned on (claim, post) pairs",2,0.03024
1l3178n,"CamemBERT fine-tuned on (claim, post) pairs",2,0.04373
1l3cown,"CamemBERT fine-tuned on (claim, post) pairs",2,0.09603
1l46ruf,"CamemBERT fine-tuned on (claim, post) pairs",2,0.0279
1l47zya,"CamemBERT fine-tuned on (claim, post) pairs",2,0.66083
1l72s05,"CamemBERT fine-tuned on (claim, post) pairs",2,0.0546
1l7se5k,"CamemBERT fine-tuned on (claim, post) pairs",2,0.02709
1l80rbv,"CamemBERT fine-tuned on (claim, post) pairs",2,0.02882
1l8216k,"CamemBERT fine-tuned on (claim, post) pairs",2,0.03983
1l87zf2,"CamemBERT fine-tuned on (claim, post) pairs",2,0.03174
1l90tcf,"CamemBERT fine-tuned on (claim, post) pairs",2,0.05485
1l9u2my,"CamemBERT fine-tuned on (claim, post) pairs",2,0.03397
1lbumx0,"CamemBERT fine-tuned on (claim, post) pairs",2,0.82608
1lbz6gz,"CamemBERT fine-tuned on (claim, post) pairs",2,0.0292
1ldh464,"CamemBERT fine-tuned on (claim, post) pairs",2,0.02717
1lfvi3m,"CamemBERT fine-tuned on (claim, post) pairs",2,0.03811
1lfxh0w,"CamemBERT fine-tuned on (claim, post) pairs",2,0.02701
1lfyerd,"CamemBERT fine-tuned on (claim, post) pairs",2,0.40551
1lg8edj,"CamemBERT fine-tuned on (claim, post) pairs",2,0.05104
1lgssgk,"CamemBERT fine-tuned on (claim, post) pairs",2,0.04703
1lhh86x,"CamemBERT fine-tuned on (claim, post) pairs",2,0.02727
1lhl4ii,"CamemBERT fine-tuned on (claim, post) pairs",2,0.03964
1lhr2qg,"CamemBERT fine-tuned on (claim, post) pairs",2,0.02906
1lidzfg,"CamemBERT fine-tuned on (claim, post) pairs",2,0.03625
1lihtgy,"CamemBERT fine-tuned on (claim, post) pairs",2,0.03636
1lj94fo,"CamemBERT fine-tuned on (claim, post) pairs",2,0.04427
1ljio9k,"CamemBERT fine-tuned on (claim, post) pairs",2,0.03818
1lk22jw,"CamemBERT fine-tuned on (claim, post) pairs",2,0.04328
1lktm2h,"CamemBERT fine-tuned on (claim, post) pairs",2,0.07018
1lkvd8l,"CamemBERT fine-tuned on (claim, post) pairs",2,0.2128
1lkvwgy,"CamemBERT fine-tuned on (claim, post) pairs",2,0.06366
1ll3qvg,"CamemBERT fine-tuned on (claim, post) pairs",2,0.04142
1ll5ke3,"CamemBERT fine-tuned on (claim, post) pairs",2,0.05819
1lltmwj,"CamemBERT fine-tuned on (claim, post) pairs",2,0.10512
1lnaa3b,"CamemBERT fine-tuned on (claim, post) pairs",2,0.06075
1lnkdjr,"CamemBERT fine-tuned on (claim, post) pairs",2,0.04945
1lnl6nc,"CamemBERT fine-tuned on (claim, post) pairs",2,0.03237
1lo23v1,"CamemBERT fine-tuned on (claim, post) pairs",2,0.02798
1loaoov,"CamemBERT fine-tuned on (claim, post) pairs",2,0.0439
1loembe,"CamemBERT fine-tuned on (claim, post) pairs",2,0.04863
1lomeea,"CamemBERT fine-tuned on (claim, post) pairs",2,0.03687
1louyid,"CamemBERT fine-tuned on (claim, post) pairs",2,0.02904
1loz2kf,"CamemBERT fine-tuned on (claim, post) pairs",2,0.02846
1lpilhq,"CamemBERT fine-tuned on (claim, post) pairs",2,0.03033
1lpr0n6,"CamemBERT fine-tuned on (claim, post) pairs",2,0.05326
1lpsj7n,"CamemBERT fine-tuned on (claim, post) pairs",2,0.558
1lpztio,"CamemBERT fine-tuned on (claim, post) pairs",2,0.26507
1lqaa0q,"CamemBERT fine-tuned on (claim, post) pairs",2,0.03047
1lqpgq1,"CamemBERT fine-tuned on (claim, post) pairs",2,0.03171
1lqu21x,"CamemBERT fine-tuned on (claim, post) pairs",2,0.03281
1lreoc5,"CamemBERT fine-tuned on (claim, post) pairs",2,0.02931
1lrhamx,"CamemBERT fine-tuned on (claim, post) pairs",2,0.22618
1lrl3rm,"CamemBERT fine-tuned on (claim, post) pairs",2,0.05541
1lrpzay,"CamemBERT fine-tuned on (claim, post) pairs",2,0.02973
1ls2kso,"CamemBERT fine-tuned on (claim, post) pairs",2,0.04308
1ls7ybf,"CamemBERT fine-tuned on (claim, post) pairs",2,0.02996
1ltn316,"CamemBERT fine-tuned on (claim, post) pairs",2,0.03782
1lttu2k,"CamemBERT fine-tuned on (claim, post) pairs",2,0.03653
1lumn3f,"CamemBERT fine-tuned on (claim, post) pairs",2,0.02854
1luug1d,"CamemBERT fine-tuned on (claim, post) pairs",2,0.04028
1lvbkkb,"CamemBERT fine-tuned on (claim, post) pairs",2,0.56593
1lvhasv,"CamemBERT fine-tuned on (claim, post) pairs",2,0.03397
1lvq9jg,"CamemBERT fine-tuned on (claim, post) pairs",2,0.03222
1lws0nc,"CamemBERT fine-tuned on (claim, post) pairs",2,0.02844
1lxsvbn,"CamemBERT fine-tuned on (claim, post) pairs",2,0.0283
1lxwxac,"CamemBERT fine-tuned on (claim, post) pairs",2,0.63318
1lxxudv,"CamemBERT fine-tuned on (claim, post) pairs",2,0.02882
1lxzhs4,"CamemBERT fine-tuned on (claim, post) pairs",2,0.0389
1lz4t29,"CamemBERT fine-tuned on (claim, post) pairs",2,0.02876
1lzbd5g,"CamemBERT fine-tuned on (claim, post) pairs",2,0.03475
1m0ckky,"CamemBERT fine-tuned on (claim, post) pairs",2,0.03117
1m0mcfn,"CamemBERT fine-tuned on (claim, post) pairs",2,0.05485
1m0pqg1,"CamemBERT fine-tuned on (claim, post) pairs",2,0.02841
1m183tv,"CamemBERT fine-tuned on (claim, post) pairs",2,0.02772
1m2964x,"CamemBERT fine-tuned on (claim, post) pairs",2,0.03004
1m34eik,"CamemBERT fine-tuned on (claim, post) pairs",2,0.02857
1m3pnm5,"CamemBERT fine-tuned on (claim, post) pairs",2,0.04778
1m4f1wx,"CamemBERT fine-tuned on (claim, post) pairs",2,0.03646
1m4iult,"CamemBERT fine-tuned on (claim, post) pairs",2,0.02865
1m4m9rz,"CamemBERT fine-tuned on (claim, post) pairs",2,0.76621
1m4yfj2,"CamemBERT fine-tuned on (claim, post) pairs",2,0.0273
1m5hb1j,"CamemBERT fine-tuned on (claim, post) pairs",2,0.02751
1m5qui7,"CamemBERT fine-tuned on (claim, post) pairs",2,0.08404
1m5tooc,"CamemBERT fine-tuned on (claim, post) pairs",2,0.02868
1m6i27q,"CamemBERT fine-tuned on (claim, post) pairs",2,0.04177
1m8qv12,"CamemBERT fine-tuned on (claim, post) pairs",2,0.03036
1m8wmlx,"CamemBERT fine-tuned on (claim, post) pairs",2,0.04703
1m8zs6c,"CamemBERT fine-tuned on (claim, post) pairs",2,0.37105
1m91l87,"CamemBERT fine-tuned on (claim, post) pairs",2,0.04485
1madrnd,"CamemBERT fine-tuned on (claim, post) pairs",2,0.03183
1mc6322,"CamemBERT fine-tuned on (claim, post) pairs",2,0.05071
1mc73gw,"CamemBERT fine-tuned on (claim, post) pairs",2,0.6943
1mc8bfv,"CamemBERT fine-tuned on (claim, post) pairs",2,0.02827
1mcqw1b,"CamemBERT fine-tuned on (claim, post) pairs",2,0.02803
1md1s57,"CamemBERT fine-tuned on (claim, post) pairs",2,0.02849
1md5ss3,"CamemBERT fine-tuned on (claim, post) pairs",2,0.02725
1mdj68n,"CamemBERT fine-tuned on (claim, post) pairs",2,0.04414
1mei15u,"CamemBERT fine-tuned on (claim, post) pairs",2,0.02809
1mes1ce,"CamemBERT fine-tuned on (claim, post) pairs",2,0.11531
1met49u,"CamemBERT fine-tuned on (claim, post) pairs",2,0.03036
1mhqow0,"CamemBERT fine-tuned on (claim, post) pairs",2,0.02743
1mi4i3n,"CamemBERT fine-tuned on (claim, post) pairs",2,0.02822
1mi6o5o,"CamemBERT fine-tuned on (claim, post) pairs",2,0.02912
1miewf0,"CamemBERT fine-tuned on (claim, post) pairs",2,0.02727
1mihwst,"CamemBERT fine-tuned on (claim, post) pairs",2,0.02846
1miv7op,"CamemBERT fine-tuned on (claim, post) pairs",2,0.05127
1mk0b4y,"CamemBERT fine-tuned on (claim, post) pairs",2,0.08057
1mk5oz2,"CamemBERT fine-tuned on (claim, post) pairs",2,0.56344
1mk82z0,"CamemBERT fine-tuned on (claim, post) pairs",2,0.33944
1mk83ge,"CamemBERT fine-tuned on (claim, post) pairs",2,0.30146
1mkrn7g,"CamemBERT fine-tuned on (claim, post) pairs",2,0.02849
1mmdxdf,"CamemBERT fine-tuned on (claim, post) pairs",2,0.02865
1mnzdhe,"CamemBERT fine-tuned on (claim, post) pairs",2,0.09543
1mpxent,"CamemBERT fine-tuned on (claim, post) pairs",2,0.03237
1msdabb,"CamemBERT fine-tuned on (claim, post) pairs",2,0.03968
1msmenf,"CamemBERT fine-tuned on (claim, post) pairs",2,0.04497
1mst8sl,"CamemBERT fine-tuned on (claim, post) pairs",2,0.02999
1mu3ve3,"CamemBERT fine-tuned on (claim, post) pairs",2,0.02857
1mvx5vj,"CamemBERT fine-tuned on (claim, post) pairs",2,0.03036
1mw6wdr,"CamemBERT fine-tuned on (claim, post) pairs",2,0.0597
1mx0rsb,"CamemBERT fine-tuned on (claim, post) pairs",2,0.03779
1mxiec8,"CamemBERT fine-tuned on (claim, post) pairs",2,0.03426
1myr3zi,"CamemBERT fine-tuned on (claim, post) pairs",2,0.02893
1mysrmi,"CamemBERT fine-tuned on (claim, post) pairs",2,0.02759
1n00mwq,"CamemBERT fine-tuned on (claim, post) pairs",2,0.02748
1n0idwd,"CamemBERT fine-tuned on (claim, post) pairs",2,0.02993
1n29zvi,"CamemBERT fine-tuned on (claim, post) pairs",2,0.02704
1n2ko37,"CamemBERT fine-tuned on (claim, post) pairs",2,0.02745
1n2n1vi,"CamemBERT fine-tuned on (claim, post) pairs",2,0.04236
1n6d412,"CamemBERT fine-tuned on (claim, post) pairs",2,0.87109
1n7m037,"CamemBERT fine-tuned on (claim, post) pairs",2,0.02849
1n7t1i2,"CamemBERT fine-tuned on (claim, post) pairs",2,0.04608
1n80kbv,"CamemBERT fine-tuned on (claim, post) pairs",2,0.0274
1n8ylf6,"CamemBERT fine-tuned on (claim, post) pairs",2,0.02849
1n97f25,"CamemBERT fine-tuned on (claim, post) pairs",2,0.05495
1n9tcns,"CamemBERT fine-tuned on (claim, post) pairs",2,0.0731
1nabpfj,"CamemBERT fine-tuned on (claim, post) pairs",2,0.02904
1nam6s4,"CamemBERT fine-tuned on (claim, post) pairs",2,0.05056
1nb0gug,"CamemBERT fine-tuned on (claim, post) pairs",2,0.03044
1nbhfqe,"CamemBERT fine-tuned on (claim, post) pairs",2,0.02769
1nbt91a,"CamemBERT fine-tuned on (claim, post) pairs",2,0.02759
1ncftmo,"CamemBERT fine-tuned on (claim, post) pairs",2,0.07244
1ncgjf2,"CamemBERT fine-tuned on (claim, post) pairs",2,0.02852
1ncgw0y,"CamemBERT fine-tuned on (claim, post) pairs",2,0.0405
1ncgwyi,"CamemBERT fine-tuned on (claim, post) pairs",2,0.03108
1ncijfc,"CamemBERT fine-tuned on (claim, post) pairs",2,0.0273
1ncwrna,"CamemBERT fine-tuned on (claim, post) pairs",2,0.02777
1ndappw,"CamemBERT fine-tuned on (claim, post) pairs",2,0.03299
1neeiru,"CamemBERT fine-tuned on (claim, post) pairs",2,0.03488
1nexvca,"CamemBERT fine-tuned on (claim, post) pairs",2,0.0303
1nfeyyx,"CamemBERT fine-tuned on (claim, post) pairs",2,0.1538
1ngl5zs,"CamemBERT fine-tuned on (claim, post) pairs",2,0.02801
1ngmicc,"CamemBERT fine-tuned on (claim, post) pairs",2,0.04468
1ngvc84,"CamemBERT fine-tuned on (claim, post) pairs",2,0.03201
1nhdbex,"CamemBERT fine-tuned on (claim, post) pairs",2,0.03868
1nhf5mw,"CamemBERT fine-tuned on (claim, post) pairs",2,0.04877
1nhgp7g,"CamemBERT fine-tuned on (claim, post) pairs",2,0.03722
1ni8qr8,"CamemBERT fine-tuned on (claim, post) pairs",2,0.09886
1nix6rd,"CamemBERT fine-tuned on (claim, post) pairs",2,0.03337
1njhtof,"CamemBERT fine-tuned on (claim, post) pairs",2,0.03551
1nkxy37,"CamemBERT fine-tuned on (claim, post) pairs",2,0.06693
1nm3oh1,"CamemBERT fine-tuned on (claim, post) pairs",2,0.04028
1nogham,"CamemBERT fine-tuned on (claim, post) pairs",2,0.03299
1nojzpd,"CamemBERT fine-tuned on (claim, post) pairs",2,0.0727
1nq29i0,"CamemBERT fine-tuned on (claim, post) pairs",2,0.02965
1nq55bf,"CamemBERT fine-tuned on (claim, post) pairs",2,0.02745
1nqv1j0,"CamemBERT fine-tuned on (claim, post) pairs",2,0.03036
1ns3gi4,"CamemBERT fine-tuned on (claim, post) pairs",2,0.03472
1nsyao7,"CamemBERT fine-tuned on (claim, post) pairs",2,0.02917
1nu83so,"CamemBERT fine-tuned on (claim, post) pairs",2,0.02764
1nvg1xa,"CamemBERT fine-tuned on (claim, post) pairs",2,0.03007
1nwvfm8,"CamemBERT fine-tuned on (claim, post) pairs",2,0.03207
1nx33q5,"CamemBERT fine-tuned on (claim, post) pairs",2,0.07464
1nx88d8,"CamemBERT fine-tuned on (claim, post) pairs",2,0.03619
1nzf1wi,"CamemBERT fine-tuned on (claim, post) pairs",2,0.02876
1o14a93,"CamemBERT fine-tuned on (claim, post) pairs",2,0.13017
1o17n4f,"CamemBERT fine-tuned on (claim, post) pairs",2,0.02766
1o1nnzq,"CamemBERT fine-tuned on (claim, post) pairs",2,0.02751
1o2t5yg,"CamemBERT fine-tuned on (claim, post) pairs",2,0.3688
1o3s8mo,"CamemBERT fine-tuned on (claim, post) pairs",2,0.02753
1o6atgl,"CamemBERT fine-tuned on (claim, post) pairs",2,0.03065
1o6fuw1,"CamemBERT fine-tuned on (claim, post) pairs",2,0.02973
1o6n4jn,"CamemBERT fine-tuned on (claim, post) pairs",2,0.02984
1o7ao18,"CamemBERT fine-tuned on (claim, post) pairs",2,0.03847
1o7q2x6,"CamemBERT fine-tuned on (claim, post) pairs",2,0.02979
1o82bav,"CamemBERT fine-tuned on (claim, post) pairs",2,0.02895
1o8w5dz,"CamemBERT fine-tuned on (claim, post) pairs",2,0.02822
1o910np,"CamemBERT fine-tuned on (claim, post) pairs",2,0.04115
1oap7hx,"CamemBERT fine-tuned on (claim, post) pairs",2,0.03253
1obf6uu,"CamemBERT fine-tuned on (claim, post) pairs",2,0.02996
1odvydw,"CamemBERT fine-tuned on (claim, post) pairs",2,0.02838
1of72w0,"CamemBERT fine-tuned on (claim, post) pairs",2,0.03397
1of8aqg,"CamemBERT fine-tuned on (claim, post) pairs",2,0.02923
1ofkfcd,"CamemBERT fine-tuned on (claim, post) pairs",2,0.03397
1ohgn8t,"CamemBERT fine-tuned on (claim, post) pairs",2,0.0432
1oix0j8,"CamemBERT fine-tuned on (claim, post) pairs",2,0.02898
1oizce9,"CamemBERT fine-tuned on (claim, post) pairs",2,0.81757
1omf2bj,"CamemBERT fine-tuned on (claim, post) pairs",2,0.04832
1omiph5,"CamemBERT fine-tuned on (claim, post) pairs",2,0.02882
1omtvfj,"CamemBERT fine-tuned on (claim, post) pairs",2,0.1692
1onydfe,"CamemBERT fine-tuned on (claim, post) pairs",2,0.02738
1opy0dr,"CamemBERT fine-tuned on (claim, post) pairs",2,0.15922
1orjr7o,"CamemBERT fine-tuned on (claim, post) pairs",2,0.02841
1orq7u2,"CamemBERT fine-tuned on (claim, post) pairs",2,0.02798
1osl6lf,"CamemBERT fine-tuned on (claim, post) pairs",2,0.04092
1ow3e6f,"CamemBERT fine-tuned on (claim, post) pairs",2,0.02822
1owwg9n,"CamemBERT fine-tuned on (claim, post) pairs",2,0.03625
1owy5j3,"CamemBERT fine-tuned on (claim, post) pairs",2,0.02849
1ozf5qw,"CamemBERT fine-tuned on (claim, post) pairs",2,0.03436
1p06cgi,"CamemBERT fine-tuned on (claim, post) pairs",2,0.03103
1p087r7,"CamemBERT fine-tuned on (claim, post) pairs",2,0.02756
1p2yeuc,"CamemBERT fine-tuned on (claim, post) pairs",2,0.02827
1p4nk1a,"CamemBERT fine-tuned on (claim, post) pairs",2,0.02849
1p5umvg,"CamemBERT fine-tuned on (claim, post) pairs",2,0.62458
1p62ymr,"CamemBERT fine-tuned on (claim, post) pairs",2,0.0272
1p86rh3,"CamemBERT fine-tuned on (claim, post) pairs",2,0.05042
1p9k4yj,"CamemBERT fine-tuned on (claim, post) pairs",2,0.04485
1pasmbq,"CamemBERT fine-tuned on (claim, post) pairs",2,0.02973
1pcpxei,"CamemBERT fine-tuned on (claim, post) pairs",2,0.02772
1pdkeq0,"CamemBERT fine-tuned on (claim, post) pairs",2,0.0279
1pdz39d,"CamemBERT fine-tuned on (claim, post) pairs",2,0.03114
1pe3wez,"CamemBERT fine-tuned on (claim, post) pairs",2,0.03667
1pef3e6,"CamemBERT fine-tuned on (claim, post) pairs",2,0.03302
1pet9xw,"CamemBERT fine-tuned on (claim, post) pairs",2,0.02819
1peyxlj,"CamemBERT fine-tuned on (claim, post) pairs",2,0.02782
1pfm6eu,"CamemBERT fine-tuned on (claim, post) pairs",2,0.0547
1pgfwsk,"CamemBERT fine-tuned on (claim, post) pairs",2,0.03302
1pgivxz,"CamemBERT fine-tuned on (claim, post) pairs",2,0.02756
1pgmijn,"CamemBERT fine-tuned on (claim, post) pairs",2,0.03207
1pgtmiu,"CamemBERT fine-tuned on (claim, post) pairs",2,0.03667
1phahga,"CamemBERT fine-tuned on (claim, post) pairs",2,0.84972
1phe0pu,"CamemBERT fine-tuned on (claim, post) pairs",2,0.84286
1pj2pqo,"CamemBERT fine-tuned on (claim, post) pairs",2,0.05425
1plqvis,"CamemBERT fine-tuned on (claim, post) pairs",2,0.04345
1pm75ub,"CamemBERT fine-tuned on (claim, post) pairs",2,0.02854
1pn5wsc,"CamemBERT fine-tuned on (claim, post) pairs",2,0.03132
1po7ogz,"CamemBERT fine-tuned on (claim, post) pairs",2,0.04069
1poc8m9,"CamemBERT fine-tuned on (claim, post) pairs",2,0.02846
1poeu11,"CamemBERT fine-tuned on (claim, post) pairs",2,0.02684
1pqlsws,"CamemBERT fine-tuned on (claim, post) pairs",2,0.05562
1pqxg9a,"CamemBERT fine-tuned on (claim, post) pairs",2,0.03068
1pujygt,"CamemBERT fine-tuned on (claim, post) pairs",2,0.04959
1pw2rqh,"CamemBERT fine-tuned on (claim, post) pairs",2,0.03847
1pwvvqj,"CamemBERT fine-tuned on (claim, post) pairs",2,0.05014
1px0wkk,"CamemBERT fine-tuned on (claim, post) pairs",2,0.04385
1pxmn20,"CamemBERT fine-tuned on (claim, post) pairs",2,0.03898
1pxt9gw,"CamemBERT fine-tuned on (claim, post) pairs",2,0.03413
1pzbls0,"CamemBERT fine-tuned on (claim, post) pairs",2,0.02738
1pzi6hi,"CamemBERT fine-tuned on (claim, post) pairs",2,0.03687
1pzzaun,"CamemBERT fine-tuned on (claim, post) pairs",2,0.02735
1q0ev6v,"CamemBERT fine-tuned on (claim, post) pairs",2,0.02806
1q1cr6i,"CamemBERT fine-tuned on (claim, post) pairs",2,0.03908
1q1e6uh,"CamemBERT fine-tuned on (claim, post) pairs",2,0.02753
1q21n6s,"CamemBERT fine-tuned on (claim, post) pairs",2,0.02701
1q3yeyk,"CamemBERT fine-tuned on (claim, post) pairs",2,0.02817
1q4q3or,"CamemBERT fine-tuned on (claim, post) pairs",2,0.0612
1q5pxku,"CamemBERT fine-tuned on (claim, post) pairs",2,0.06193
1q6vwuh,"CamemBERT fine-tuned on (claim, post) pairs",2,0.04877
1q77uke,"CamemBERT fine-tuned on (claim, post) pairs",2,0.03793
1q783he,"CamemBERT fine-tuned on (claim, post) pairs",2,0.02727
1q7acst,"CamemBERT fine-tuned on (claim, post) pairs",2,0.05052
1q7mcad,"CamemBERT fine-tuned on (claim, post) pairs",2,0.03426
1q8dehd,"CamemBERT fine-tuned on (claim, post) pairs",2,0.03847
1q8mkok,"CamemBERT fine-tuned on (claim, post) pairs",2,0.04031
1q96b6k,"CamemBERT fine-tuned on (claim, post) pairs",2,0.02833
1q9w17h,"CamemBERT fine-tuned on (claim, post) pairs",2,0.16519
1qan5pt,"CamemBERT fine-tuned on (claim, post) pairs",2,0.0283
1qaqati,"CamemBERT fine-tuned on (claim, post) pairs",2,0.04556
1qbjzxk,"CamemBERT fine-tuned on (claim, post) pairs",2,0.0279
1qbkslz,"CamemBERT fine-tuned on (claim, post) pairs",2,0.45943
1qcjny6,"CamemBERT fine-tuned on (claim, post) pairs",2,0.04539
1qcs0yc,"CamemBERT fine-tuned on (claim, post) pairs",2,0.15084
1qczd1g,"CamemBERT fine-tuned on (claim, post) pairs",2,0.06489
1qdecph,"CamemBERT fine-tuned on (claim, post) pairs",2,0.03001
1qdi910,"CamemBERT fine-tuned on (claim, post) pairs",2,0.02819
1qdljdd,"CamemBERT fine-tuned on (claim, post) pairs",2,0.03521
1qeu1wt,"CamemBERT fine-tuned on (claim, post) pairs",2,0.03302
1qfb0hb,"CamemBERT fine-tuned on (claim, post) pairs",2,0.03168
1qg4ydc,"CamemBERT fine-tuned on (claim, post) pairs",2,0.02806
1qgnkjt,"CamemBERT fine-tuned on (claim, post) pairs",2,0.05233
1qh7cug,"CamemBERT fine-tuned on (claim, post) pairs",2,0.02814
1qhw74q,"CamemBERT fine-tuned on (claim, post) pairs",2,0.0402
1qhwsr1,"CamemBERT fine-tuned on (claim, post) pairs",2,0.02871
1qhxf21,"CamemBERT fine-tuned on (claim, post) pairs",2,0.04497
1qibnjv,"CamemBERT fine-tuned on (claim, post) pairs",2,0.04353
1qisrex,"CamemBERT fine-tuned on (claim, post) pairs",2,0.04895
1qizru6,"CamemBERT fine-tuned on (claim, post) pairs",2,0.02681
1qj6om2,"CamemBERT fine-tuned on (claim, post) pairs",2,0.03147
1qjocn3,"CamemBERT fine-tuned on (claim, post) pairs",2,0.05108
1qjsii6,"CamemBERT fine-tuned on (claim, post) pairs",2,0.33193
1qkrtq4,"CamemBERT fine-tuned on (claim, post) pairs",2,0.03646
1qkud9i,"CamemBERT fine-tuned on (claim, post) pairs",2,0.73886
1qm1r5m,"CamemBERT fine-tuned on (claim, post) pairs",2,0.02801
1qnt4lu,"CamemBERT fine-tuned on (claim, post) pairs",2,0.02982
1qp5y2u,"CamemBERT fine-tuned on (claim, post) pairs",2,0.04276
1qpn10u,"CamemBERT fine-tuned on (claim, post) pairs",2,0.0279
1qtryqi,"CamemBERT fine-tuned on (claim, post) pairs",2,0.02898
1qu8m5h,"CamemBERT fine-tuned on (claim, post) pairs",2,0.02968
1qum6vr,"CamemBERT fine-tuned on (claim, post) pairs",2,0.0273
1qv2yvb,"CamemBERT fine-tuned on (claim, post) pairs",2,0.02735
1qv6axe,"CamemBERT fine-tuned on (claim, post) pairs",2,0.03927
1qvj5pp,"CamemBERT fine-tuned on (claim, post) pairs",2,0.03575
1qvlvxc,"CamemBERT fine-tuned on (claim, post) pairs",2,0.03983
1qwhzqe,"CamemBERT fine-tuned on (claim, post) pairs",2,0.03189
1qxdb60,"CamemBERT fine-tuned on (claim, post) pairs",2,0.02814
1r0uop7,"CamemBERT fine-tuned on (claim, post) pairs",2,0.02948
1r130xh,"CamemBERT fine-tuned on (claim, post) pairs",2,0.04272
1r1tiqi,"CamemBERT fine-tuned on (claim, post) pairs",2,0.02884
1r1vg9h,"CamemBERT fine-tuned on (claim, post) pairs",2,0.05618
1r65d64,"CamemBERT fine-tuned on (claim, post) pairs",2,0.03001
1r6jmns,"CamemBERT fine-tuned on (claim, post) pairs",2,0.05146
1r7l1bb,"CamemBERT fine-tuned on (claim, post) pairs",2,0.0297
1r8bfym,"CamemBERT fine-tuned on (claim, post) pairs",2,0.02912
1r8ccuf,"CamemBERT fine-tuned on (claim, post) pairs",2,0.054
1ra36ml,"CamemBERT fine-tuned on (claim, post) pairs",2,0.0278
1ra4vtc,"CamemBERT fine-tuned on (claim, post) pairs",2,0.02777
1rabbnu,"CamemBERT fine-tuned on (claim, post) pairs",2,0.03065
1rat6ox,"CamemBERT fine-tuned on (claim, post) pairs",2,0.02777
1rav8tg,"CamemBERT fine-tuned on (claim, post) pairs",2,0.04406
1rbfwn3,"CamemBERT fine-tuned on (claim, post) pairs",2,0.02999
1rcawrg,"CamemBERT fine-tuned on (claim, post) pairs",2,0.1766
1rd9yix,"CamemBERT fine-tuned on (claim, post) pairs",2,0.08906
1re7rj2,"CamemBERT fine-tuned on (claim, post) pairs",2,0.02871
1rg2wdb,"CamemBERT fine-tuned on (claim, post) pairs",2,0.0539
1rgz1af,"CamemBERT fine-tuned on (claim, post) pairs",2,0.04729
1rjr1x1,"CamemBERT fine-tuned on (claim, post) pairs",2,0.02852
1rkphll,"CamemBERT fine-tuned on (claim, post) pairs",2,0.02743
1rlefml,"CamemBERT fine-tuned on (claim, post) pairs",2,0.03168
1rmg8c3,"CamemBERT fine-tuned on (claim, post) pairs",2,0.02882
1rof0ad,"CamemBERT fine-tuned on (claim, post) pairs",2,0.03698
1rogd55,"CamemBERT fine-tuned on (claim, post) pairs",2,0.02841
1rotuec,"CamemBERT fine-tuned on (claim, post) pairs",2,0.03097
1rpu82g,"CamemBERT fine-tuned on (claim, post) pairs",2,0.02777
1rrseuk,"CamemBERT fine-tuned on (claim, post) pairs",2,0.02735
1rt6d2o,"CamemBERT fine-tuned on (claim, post) pairs",2,0.05355
1rtbzgc,"CamemBERT fine-tuned on (claim, post) pairs",2,0.08579
1rtpwfg,"CamemBERT fine-tuned on (claim, post) pairs",2,0.02772
1ru8am6,"CamemBERT fine-tuned on (claim, post) pairs",2,0.02777
1rw50ee,"CamemBERT fine-tuned on (claim, post) pairs",2,0.02722
1rznsvr,"CamemBERT fine-tuned on (claim, post) pairs",2,0.06848
1s1va1n,"CamemBERT fine-tuned on (claim, post) pairs",2,0.04646
1s2bonu,"CamemBERT fine-tuned on (claim, post) pairs",2,0.02766
1s35kne,"CamemBERT fine-tuned on (claim, post) pairs",2,0.03934
1s47azr,"CamemBERT fine-tuned on (claim, post) pairs",2,0.02836
1s4tr82,"CamemBERT fine-tuned on (claim, post) pairs",2,0.02722
1s4wlw4,"CamemBERT fine-tuned on (claim, post) pairs",2,0.03883
1s4xew8,"CamemBERT fine-tuned on (claim, post) pairs",2,0.04369
1s622sq,"CamemBERT fine-tuned on (claim, post) pairs",2,0.02732
1s9jscs,"CamemBERT fine-tuned on (claim, post) pairs",2,0.03171
1s9kmzd,"CamemBERT fine-tuned on (claim, post) pairs",2,0.02857
1sal794,"CamemBERT fine-tuned on (claim, post) pairs",2,0.0518
1scd5bd,"CamemBERT fine-tuned on (claim, post) pairs",2,0.03554
1sdcpel,"CamemBERT fine-tuned on (claim, post) pairs",2,0.05199
1seuh00,"CamemBERT fine-tuned on (claim, post) pairs",2,0.02822
1sf62pi,"CamemBERT fine-tuned on (claim, post) pairs",2,0.06804
1sfptq0,"CamemBERT fine-tuned on (claim, post) pairs",2,0.24954
1sfql8i,"CamemBERT fine-tuned on (claim, post) pairs",2,0.03111
1shi0re,"CamemBERT fine-tuned on (claim, post) pairs",2,0.03804
1si0a94,"CamemBERT fine-tuned on (claim, post) pairs",2,0.02846
1sithhr,"CamemBERT fine-tuned on (claim, post) pairs",2,0.04127
1sk3m6l,"CamemBERT fine-tuned on (claim, post) pairs",2,0.0385
1sm4vlc,"CamemBERT fine-tuned on (claim, post) pairs",2,0.0286
1smwix4,"CamemBERT fine-tuned on (claim, post) pairs",2,0.05199
1smzxog,"CamemBERT fine-tuned on (claim, post) pairs",2,0.04304
1sp8uoe,"CamemBERT fine-tuned on (claim, post) pairs",2,0.02725
1spnkt7,"CamemBERT fine-tuned on (claim, post) pairs",2,0.07689
1spnmqo,"CamemBERT fine-tuned on (claim, post) pairs",2,0.03315
1spsrht,"CamemBERT fine-tuned on (claim, post) pairs",2,0.03761
1sqxpn7,"CamemBERT fine-tuned on (claim, post) pairs",2,0.02772
1sr9ehr,"CamemBERT fine-tuned on (claim, post) pairs",2,0.13928
1srmu52,"CamemBERT fine-tuned on (claim, post) pairs",2,0.02876
1ssonai,"CamemBERT fine-tuned on (claim, post) pairs",2,0.02849
1stpw5m,"CamemBERT fine-tuned on (claim, post) pairs",2,0.02999
1suc8yz,"CamemBERT fine-tuned on (claim, post) pairs",2,0.03782
1supuh6,"CamemBERT fine-tuned on (claim, post) pairs",2,0.02838
1sv5bj3,"CamemBERT fine-tuned on (claim, post) pairs",2,0.02838
1svddie,"CamemBERT fine-tuned on (claim, post) pairs",2,0.0279
1sx7qgw,"CamemBERT fine-tuned on (claim, post) pairs",2,0.02942
1sxtmsr,"CamemBERT fine-tuned on (claim, post) pairs",2,0.02691
1sxz12z,"CamemBERT fine-tuned on (claim, post) pairs",2,0.03416
1sy7v8w,"CamemBERT fine-tuned on (claim, post) pairs",2,0.03733
1syf21d,"CamemBERT fine-tuned on (claim, post) pairs",2,0.0312
1sys0yr,"CamemBERT fine-tuned on (claim, post) pairs",2,0.0451
1xm9ft,"CamemBERT fine-tuned on (claim, post) pairs",2,0.03821
26ii7z,"CamemBERT fine-tuned on (claim, post) pairs",2,0.02887
2b2i70,"CamemBERT fine-tuned on (claim, post) pairs",2,0.03649
2e2os9,"CamemBERT fine-tuned on (claim, post) pairs",2,0.08961
2h6e28,"CamemBERT fine-tuned on (claim, post) pairs",2,0.02725
2i3v7s,"CamemBERT fine-tuned on (claim, post) pairs",2,0.06609
2q62xj,"CamemBERT fine-tuned on (claim, post) pairs",2,0.04005
2w86e7,"CamemBERT fine-tuned on (claim, post) pairs",2,0.02793
31vl51,"CamemBERT fine-tuned on (claim, post) pairs",2,0.50383
321shc,"CamemBERT fine-tuned on (claim, post) pairs",2,0.85531
334a8d,"CamemBERT fine-tuned on (claim, post) pairs",2,0.14081
33otbl,"CamemBERT fine-tuned on (claim, post) pairs",2,0.02704
340itv,"CamemBERT fine-tuned on (claim, post) pairs",2,0.04913
34xkzo,"CamemBERT fine-tuned on (claim, post) pairs",2,0.09991
351qdk,"CamemBERT fine-tuned on (claim, post) pairs",2,0.06929
35owc4,"CamemBERT fine-tuned on (claim, post) pairs",2,0.12049
38oz5m,"CamemBERT fine-tuned on (claim, post) pairs",2,0.16211
3a1grd,"CamemBERT fine-tuned on (claim, post) pairs",2,0.68505
3b92zr,"CamemBERT fine-tuned on (claim, post) pairs",2,0.66432
3b9cdx,"CamemBERT fine-tuned on (claim, post) pairs",2,0.05676
3d5gtr,"CamemBERT fine-tuned on (claim, post) pairs",2,0.04142
3eddti,"CamemBERT fine-tuned on (claim, post) pairs",2,0.27029
3err0k,"CamemBERT fine-tuned on (claim, post) pairs",2,0.33835
3fuumz,"CamemBERT fine-tuned on (claim, post) pairs",2,0.27082
3fz8em,"CamemBERT fine-tuned on (claim, post) pairs",2,0.32253
3gn1op,"CamemBERT fine-tuned on (claim, post) pairs",2,0.1514
3pszvd,"CamemBERT fine-tuned on (claim, post) pairs",2,0.03324
3q9eou,"CamemBERT fine-tuned on (claim, post) pairs",2,0.06222
3rww9o,"CamemBERT fine-tuned on (claim, post) pairs",2,0.27261
3schd5,"CamemBERT fine-tuned on (claim, post) pairs",2,0.02973
3w14cr,"CamemBERT fine-tuned on (claim, post) pairs",2,0.0299
40n33m,"CamemBERT fine-tuned on (claim, post) pairs",2,0.02795
41p2uz,"CamemBERT fine-tuned on (claim, post) pairs",2,0.31274
41qfg7,"CamemBERT fine-tuned on (claim, post) pairs",2,0.28453
423pa0,"CamemBERT fine-tuned on (claim, post) pairs",2,0.36738
42evys,"CamemBERT fine-tuned on (claim, post) pairs",2,0.06986
438qdk,"CamemBERT fine-tuned on (claim, post) pairs",2,0.0368
465cbb,"CamemBERT fine-tuned on (claim, post) pairs",2,0.04927
47ia4p,"CamemBERT fine-tuned on (claim, post) pairs",2,0.04024
4ck34b,"CamemBERT fine-tuned on (claim, post) pairs",2,0.07011
4h6s4d,"CamemBERT fine-tuned on (claim, post) pairs",2,0.64238
4keg77,"CamemBERT fine-tuned on (claim, post) pairs",2,0.03244
4kibjk,"CamemBERT fine-tuned on (claim, post) pairs",2,0.86844
4kvrdi,"CamemBERT fine-tuned on (claim, post) pairs",2,0.30157
4m7v8k,"CamemBERT fine-tuned on (claim, post) pairs",2,0.09569
4sh0tc,"CamemBERT fine-tuned on (claim, post) pairs",2,0.02696
4t9u5n,"CamemBERT fine-tuned on (claim, post) pairs",2,0.02806
4tc1ne,"CamemBERT fine-tuned on (claim, post) pairs",2,0.02931
4tfmoj,"CamemBERT fine-tuned on (claim, post) pairs",2,0.07198
4vsyz6,"CamemBERT fine-tuned on (claim, post) pairs",2,0.57459
4w5b6n,"CamemBERT fine-tuned on (claim, post) pairs",2,0.04353
4w5vkf,"CamemBERT fine-tuned on (claim, post) pairs",2,0.03667
4wpecq,"CamemBERT fine-tuned on (claim, post) pairs",2,0.59543
4zlvsv,"CamemBERT fine-tuned on (claim, post) pairs",2,0.02817
50ibsa,"CamemBERT fine-tuned on (claim, post) pairs",2,0.88798
53atzi,"CamemBERT fine-tuned on (claim, post) pairs",2,0.31216
53mq3w,"CamemBERT fine-tuned on (claim, post) pairs",2,0.03108
558n00,"CamemBERT fine-tuned on (claim, post) pairs",2,0.09269
579g29,"CamemBERT fine-tuned on (claim, post) pairs",2,0.03079
58mlme,"CamemBERT fine-tuned on (claim, post) pairs",2,0.14554
58mxli,"CamemBERT fine-tuned on (claim, post) pairs",2,0.60072
58ysn8,"CamemBERT fine-tuned on (claim, post) pairs",2,0.03821
5ar97d,"CamemBERT fine-tuned on (claim, post) pairs",2,0.03388
5bsjo1,"CamemBERT fine-tuned on (claim, post) pairs",2,0.02844
5e34gi,"CamemBERT fine-tuned on (claim, post) pairs",2,0.0546
5ij73u,"CamemBERT fine-tuned on (claim, post) pairs",2,0.02712
5ing61,"CamemBERT fine-tuned on (claim, post) pairs",2,0.03712
5ku91y,"CamemBERT fine-tuned on (claim, post) pairs",2,0.02787
5ls4eh,"CamemBERT fine-tuned on (claim, post) pairs",2,0.10521
5me65r,"CamemBERT fine-tuned on (claim, post) pairs",2,0.89172
5oqaye,"CamemBERT fine-tuned on (claim, post) pairs",2,0.07864
5srv8q,"CamemBERT fine-tuned on (claim, post) pairs",2,0.031
5u0yx7,"CamemBERT fine-tuned on (claim, post) pairs",2,0.05808
5x4u0v,"CamemBERT fine-tuned on (claim, post) pairs",2,0.0283
5ydrdh,"CamemBERT fine-tuned on (claim, post) pairs",2,0.6973
5zia5v,"CamemBERT fine-tuned on (claim, post) pairs",2,0.85513
5zy9kd,"CamemBERT fine-tuned on (claim, post) pairs",2,0.0292
615460,"CamemBERT fine-tuned on (claim, post) pairs",2,0.06142
61axzl,"CamemBERT fine-tuned on (claim, post) pairs",2,0.02854
626ly6,"CamemBERT fine-tuned on (claim, post) pairs",2,0.03222
62embp,"CamemBERT fine-tuned on (claim, post) pairs",2,0.03016
64k0up,"CamemBERT fine-tuned on (claim, post) pairs",2,0.03343
64xizb,"CamemBERT fine-tuned on (claim, post) pairs",2,0.04703
65tmbv,"CamemBERT fine-tuned on (claim, post) pairs",2,0.04292
6684pv,"CamemBERT fine-tuned on (claim, post) pairs",2,0.03156
6690ac,"CamemBERT fine-tuned on (claim, post) pairs",2,0.02912
66fsni,"CamemBERT fine-tuned on (claim, post) pairs",2,0.02717
66h9mf,"CamemBERT fine-tuned on (claim, post) pairs",2,0.0292
688gvu,"CamemBERT fine-tuned on (claim, post) pairs",2,0.0325
689x42,"CamemBERT fine-tuned on (claim, post) pairs",2,0.02962
68dw9p,"CamemBERT fine-tuned on (claim, post) pairs",2,0.02846
68euzg,"CamemBERT fine-tuned on (claim, post) pairs",2,0.02822
68l0ln,"CamemBERT fine-tuned on (claim, post) pairs",2,0.02743
68zmng,"CamemBERT fine-tuned on (claim, post) pairs",2,0.02761
69ksmc,"CamemBERT fine-tuned on (claim, post) pairs",2,0.04312
69kvmc,"CamemBERT fine-tuned on (claim, post) pairs",2,0.0864
69sb4b,"CamemBERT fine-tuned on (claim, post) pairs",2,0.06009
69snyu,"CamemBERT fine-tuned on (claim, post) pairs",2,0.03284
69twpr,"CamemBERT fine-tuned on (claim, post) pairs",2,0.02846
6ak8du,"CamemBERT fine-tuned on (claim, post) pairs",2,0.04493
6awrdj,"CamemBERT fine-tuned on (claim, post) pairs",2,0.02745
6chrdz,"CamemBERT fine-tuned on (claim, post) pairs",2,0.05301
6clqf4,"CamemBERT fine-tuned on (claim, post) pairs",2,0.67271
6cna1l,"CamemBERT fine-tuned on (claim, post) pairs",2,0.06537
6ctng1,"CamemBERT fine-tuned on (claim, post) pairs",2,0.03462
6e8no8,"CamemBERT fine-tuned on (claim, post) pairs",2,0.02838
6fsp1s,"CamemBERT fine-tuned on (claim, post) pairs",2,0.04899
6giyno,"CamemBERT fine-tuned on (claim, post) pairs",2,0.02956
6gm1be,"CamemBERT fine-tuned on (claim, post) pairs",2,0.03271
6gsbos,"CamemBERT fine-tuned on (claim, post) pairs",2,0.32135
6ho431,"CamemBERT fine-tuned on (claim, post) pairs",2,0.02846
6hzc93,"CamemBERT fine-tuned on (claim, post) pairs",2,0.04264
6i0c5t,"CamemBERT fine-tuned on (claim, post) pairs",2,0.03324
6l8pej,"CamemBERT fine-tuned on (claim, post) pairs",2,0.05501
6lrzd8,"CamemBERT fine-tuned on (claim, post) pairs",2,0.10706
6ltt76,"CamemBERT fine-tuned on (claim, post) pairs",2,0.02945
6ng2qr,"CamemBERT fine-tuned on (claim, post) pairs",2,0.02871
6nscbf,"CamemBERT fine-tuned on (claim, post) pairs",2,0.02915
6q9xp0,"CamemBERT fine-tuned on (claim, post) pairs",2,0.05042
6quykg,"CamemBERT fine-tuned on (claim, post) pairs",2,0.04809
6s4yk2,"CamemBERT fine-tuned on (claim, post) pairs",2,0.02722
6stumu,"CamemBERT fine-tuned on (claim, post) pairs",2,0.25725
6t96ec,"CamemBERT fine-tuned on (claim, post) pairs",2,0.08632
6tzzi6,"CamemBERT fine-tuned on (claim, post) pairs",2,0.03857
6ughno,"CamemBERT fine-tuned on (claim, post) pairs",2,0.06675
6vec64,"CamemBERT fine-tuned on (claim, post) pairs",2,0.08671
6yjfcy,"CamemBERT fine-tuned on (claim, post) pairs",2,0.13558
6ym3lb,"CamemBERT fine-tuned on (claim, post) pairs",2,0.42183
6yvijc,"CamemBERT fine-tuned on (claim, post) pairs",2,0.47172
6zwa36,"CamemBERT fine-tuned on (claim, post) pairs",2,0.0625
700wa6,"CamemBERT fine-tuned on (claim, post) pairs",2,0.09799
70tyb7,"CamemBERT fine-tuned on (claim, post) pairs",2,0.0278
711t5y,"CamemBERT fine-tuned on (claim, post) pairs",2,0.03114
71tia4,"CamemBERT fine-tuned on (claim, post) pairs",2,0.02846
73fwq3,"CamemBERT fine-tuned on (claim, post) pairs",2,0.03825
73tccy,"CamemBERT fine-tuned on (claim, post) pairs",2,0.82908
73zein,"CamemBERT fine-tuned on (claim, post) pairs",2,0.03708
74ulmr,"CamemBERT fine-tuned on (claim, post) pairs",2,0.0909
74v0tg,"CamemBERT fine-tuned on (claim, post) pairs",2,0.04476
75o2tl,"CamemBERT fine-tuned on (claim, post) pairs",2,0.03381
77supo,"CamemBERT fine-tuned on (claim, post) pairs",2,0.29885
79528b,"CamemBERT fine-tuned on (claim, post) pairs",2,0.03033
79nhhe,"CamemBERT fine-tuned on (claim, post) pairs",2,0.36294
7b71pf,"CamemBERT fine-tuned on (claim, post) pairs",2,0.06627
7c62jb,"CamemBERT fine-tuned on (claim, post) pairs",2,0.02917
7d3zt0,"CamemBERT fine-tuned on (claim, post) pairs",2,0.11803
7fm9jz,"CamemBERT fine-tuned on (claim, post) pairs",2,0.0292
7gfoqi,"CamemBERT fine-tuned on (claim, post) pairs",2,0.02759
7hg3yp,"CamemBERT fine-tuned on (claim, post) pairs",2,0.05277
7ljsut,"CamemBERT fine-tuned on (claim, post) pairs",2,0.54349
7myqzz,"CamemBERT fine-tuned on (claim, post) pairs",2,0.06103
7o781c,"CamemBERT fine-tuned on (claim, post) pairs",2,0.03639
7ochcg,"CamemBERT fine-tuned on (claim, post) pairs",2,0.02764
7pr866,"CamemBERT fine-tuned on (claim, post) pairs",2,0.66231
7pvbsv,"CamemBERT fine-tuned on (claim, post) pairs",2,0.66231
7qqwpg,"CamemBERT fine-tuned on (claim, post) pairs",2,0.02787
7s4ufe,"CamemBERT fine-tuned on (claim, post) pairs",2,0.03013
7xpi3g,"CamemBERT fine-tuned on (claim, post) pairs",2,0.25036
7ymejv,"CamemBERT fine-tuned on (claim, post) pairs",2,0.02854
83em1z,"CamemBERT fine-tuned on (claim, post) pairs",2,0.03065
83f25c,"CamemBERT fine-tuned on (claim, post) pairs",2,0.27043
83of25,"CamemBERT fine-tuned on (claim, post) pairs",2,0.02996
85rbhc,"CamemBERT fine-tuned on (claim, post) pairs",2,0.48881
861k6n,"CamemBERT fine-tuned on (claim, post) pairs",2,0.079
8b7gr3,"CamemBERT fine-tuned on (claim, post) pairs",2,0.84916
8bqvkt,"CamemBERT fine-tuned on (claim, post) pairs",2,0.80433
8bxi3w,"CamemBERT fine-tuned on (claim, post) pairs",2,0.02882
8cmq95,"CamemBERT fine-tuned on (claim, post) pairs",2,0.04561
8e6k9p,"CamemBERT fine-tuned on (claim, post) pairs",2,0.02844
8eaxjl,"CamemBERT fine-tuned on (claim, post) pairs",2,0.03132
8guuvd,"CamemBERT fine-tuned on (claim, post) pairs",2,0.031
8h6l9c,"CamemBERT fine-tuned on (claim, post) pairs",2,0.02673
8hmdsh,"CamemBERT fine-tuned on (claim, post) pairs",2,0.05085
8i3zs8,"CamemBERT fine-tuned on (claim, post) pairs",2,0.03764
8j6y4x,"CamemBERT fine-tuned on (claim, post) pairs",2,0.02906
8lqsn3,"CamemBERT fine-tuned on (claim, post) pairs",2,0.03168
8lw08j,"CamemBERT fine-tuned on (claim, post) pairs",2,0.05375
8m089h,"CamemBERT fine-tuned on (claim, post) pairs",2,0.03588
8n6x3s,"CamemBERT fine-tuned on (claim, post) pairs",2,0.03259
8oqyiq,"CamemBERT fine-tuned on (claim, post) pairs",2,0.40413
8qr57h,"CamemBERT fine-tuned on (claim, post) pairs",2,0.40716
8rdvo,"CamemBERT fine-tuned on (claim, post) pairs",2,0.25525
8rtdev,"CamemBERT fine-tuned on (claim, post) pairs",2,0.03854
8thivx,"CamemBERT fine-tuned on (claim, post) pairs",2,0.04814
8ukd74,"CamemBERT fine-tuned on (claim, post) pairs",2,0.05056
8upvzl,"CamemBERT fine-tuned on (claim, post) pairs",2,0.02811
8uwqzt,"CamemBERT fine-tuned on (claim, post) pairs",2,0.06681
8w2awd,"CamemBERT fine-tuned on (claim, post) pairs",2,0.02814
8wveig,"CamemBERT fine-tuned on (claim, post) pairs",2,0.77755
8ybj73,"CamemBERT fine-tuned on (claim, post) pairs",2,0.03747
8zbi91,"CamemBERT fine-tuned on (claim, post) pairs",2,0.07211
8zjuu0,"CamemBERT fine-tuned on (claim, post) pairs",2,0.02906
8zune6,"CamemBERT fine-tuned on (claim, post) pairs",2,0.03883
904jy9,"CamemBERT fine-tuned on (claim, post) pairs",2,0.02876
907lnw,"CamemBERT fine-tuned on (claim, post) pairs",2,0.02717
90ga1w,"CamemBERT fine-tuned on (claim, post) pairs",2,0.04264
91vcf0,"CamemBERT fine-tuned on (claim, post) pairs",2,0.02945
93cpy1,"CamemBERT fine-tuned on (claim, post) pairs",2,0.44827
93d57n,"CamemBERT fine-tuned on (claim, post) pairs",2,0.03277
94hsqm,"CamemBERT fine-tuned on (claim, post) pairs",2,0.07043
94s2ry,"CamemBERT fine-tuned on (claim, post) pairs",2,0.03975
951q9m,"CamemBERT fine-tuned on (claim, post) pairs",2,0.02887
95ko1b,"CamemBERT fine-tuned on (claim, post) pairs",2,0.0305
95pxyn,"CamemBERT fine-tuned on (claim, post) pairs",2,0.04447
967yts,"CamemBERT fine-tuned on (claim, post) pairs",2,0.63731
96pkb3,"CamemBERT fine-tuned on (claim, post) pairs",2,0.47634
99m68g,"CamemBERT fine-tuned on (claim, post) pairs",2,0.02954
9aotrf,"CamemBERT fine-tuned on (claim, post) pairs",2,0.0283
9b1od2,"CamemBERT fine-tuned on (claim, post) pairs",2,0.05277
9b8c4p,"CamemBERT fine-tuned on (claim, post) pairs",2,0.03044
9b8uhu,"CamemBERT fine-tuned on (claim, post) pairs",2,0.02806
9bhywi,"CamemBERT fine-tuned on (claim, post) pairs",2,0.03228
9bt0lu,"CamemBERT fine-tuned on (claim, post) pairs",2,0.39566
9cd07l,"CamemBERT fine-tuned on (claim, post) pairs",2,0.49948
9cu072,"CamemBERT fine-tuned on (claim, post) pairs",2,0.85597
9cwku0,"CamemBERT fine-tuned on (claim, post) pairs",2,0.02857
9dmmxr,"CamemBERT fine-tuned on (claim, post) pairs",2,0.02787
9eocv2,"CamemBERT fine-tuned on (claim, post) pairs",2,0.03044
9ewhky,"CamemBERT fine-tuned on (claim, post) pairs",2,0.0286
9g0oij,"CamemBERT fine-tuned on (claim, post) pairs",2,0.02884
9hzn0r,"CamemBERT fine-tuned on (claim, post) pairs",2,0.02912
9i7b81,"CamemBERT fine-tuned on (claim, post) pairs",2,0.0299
9i7ot6,"CamemBERT fine-tuned on (claim, post) pairs",2,0.02931
9ipva2,"CamemBERT fine-tuned on (claim, post) pairs",2,0.05099
9iswb7,"CamemBERT fine-tuned on (claim, post) pairs",2,0.11457
9ita19,"CamemBERT fine-tuned on (claim, post) pairs",2,0.16817
9jcvgf,"CamemBERT fine-tuned on (claim, post) pairs",2,0.02904
9krhfl,"CamemBERT fine-tuned on (claim, post) pairs",2,0.03165
9lasl6,"CamemBERT fine-tuned on (claim, post) pairs",2,0.0292
9mno6e,"CamemBERT fine-tuned on (claim, post) pairs",2,0.25875
9moo1u,"CamemBERT fine-tuned on (claim, post) pairs",2,0.03465
9mrp1j,"CamemBERT fine-tuned on (claim, post) pairs",2,0.55962
9myhyd,"CamemBERT fine-tuned on (claim, post) pairs",2,0.03237
9mzcvq,"CamemBERT fine-tuned on (claim, post) pairs",2,0.031
9n8nap,"CamemBERT fine-tuned on (claim, post) pairs",2,0.02681
9nt13c,"CamemBERT fine-tuned on (claim, post) pairs",2,0.03016
9ol266,"CamemBERT fine-tuned on (claim, post) pairs",2,0.02743
9s2n6w,"CamemBERT fine-tuned on (claim, post) pairs",2,0.06519
9slu0t,"CamemBERT fine-tuned on (claim, post) pairs",2,0.02926
9trq9c,"CamemBERT fine-tuned on (claim, post) pairs",2,0.02871
9ve83u,"CamemBERT fine-tuned on (claim, post) pairs",2,0.03281
9w971b,"CamemBERT fine-tuned on (claim, post) pairs",2,0.03975
9wfi0p,"CamemBERT fine-tuned on (claim, post) pairs",2,0.78923
9xwy8o,"CamemBERT fine-tuned on (claim, post) pairs",2,0.04493
9y4e31,"CamemBERT fine-tuned on (claim, post) pairs",2,0.02841
9zdmcq,"CamemBERT fine-tuned on (claim, post) pairs",2,0.44339
9zgnix,"CamemBERT fine-tuned on (claim, post) pairs",2,0.04158
9zoxcy,"CamemBERT fine-tuned on (claim, post) pairs",2,0.1453
9zpdkw,"CamemBERT fine-tuned on (claim, post) pairs",2,0.0278
a0iarh,"CamemBERT fine-tuned on (claim, post) pairs",2,0.02825
a151zv,"CamemBERT fine-tuned on (claim, post) pairs",2,0.0329
a1v7ph,"CamemBERT fine-tuned on (claim, post) pairs",2,0.05118
a2zpof,"CamemBERT fine-tuned on (claim, post) pairs",2,0.04481
a3cb50,"CamemBERT fine-tuned on (claim, post) pairs",2,0.02976
a3fx5v,"CamemBERT fine-tuned on (claim, post) pairs",2,0.77637
a3m7au,"CamemBERT fine-tuned on (claim, post) pairs",2,0.18345
a3rf6,"CamemBERT fine-tuned on (claim, post) pairs",2,0.85836
a4kdrr,"CamemBERT fine-tuned on (claim, post) pairs",2,0.05992
a4xsib,"CamemBERT fine-tuned on (claim, post) pairs",2,0.02965
a5ch1l,"CamemBERT fine-tuned on (claim, post) pairs",2,0.06412
a5rrh2,"CamemBERT fine-tuned on (claim, post) pairs",2,0.02745
a5ss93,"CamemBERT fine-tuned on (claim, post) pairs",2,0.04209
a6yde4,"CamemBERT fine-tuned on (claim, post) pairs",2,0.15317
a6yw2g,"CamemBERT fine-tuned on (claim, post) pairs",2,0.0283
adae5b,"CamemBERT fine-tuned on (claim, post) pairs",2,0.04651
adia3d,"CamemBERT fine-tuned on (claim, post) pairs",2,0.02827
adik0y,"CamemBERT fine-tuned on (claim, post) pairs",2,0.03649
ae4vrk,"CamemBERT fine-tuned on (claim, post) pairs",2,0.06609
ae6t3b,"CamemBERT fine-tuned on (claim, post) pairs",2,0.0283
aegsg8,"CamemBERT fine-tuned on (claim, post) pairs",2,0.06176
aephtl,"CamemBERT fine-tuned on (claim, post) pairs",2,0.12116
afj03f,"CamemBERT fine-tuned on (claim, post) pairs",2,0.50243
aiag9z,"CamemBERT fine-tuned on (claim, post) pairs",2,0.33873
aim8fj,"CamemBERT fine-tuned on (claim, post) pairs",2,0.42915
ajldzr,"CamemBERT fine-tuned on (claim, post) pairs",2,0.39077
alczp8,"CamemBERT fine-tuned on (claim, post) pairs",2,0.06779
alq3f2,"CamemBERT fine-tuned on (claim, post) pairs",2,0.10549
amql9l,"CamemBERT fine-tuned on (claim, post) pairs",2,0.0301
ancn40,"CamemBERT fine-tuned on (claim, post) pairs",2,0.02743
anoqse,"CamemBERT fine-tuned on (claim, post) pairs",2,0.03001
ao546f,"CamemBERT fine-tuned on (claim, post) pairs",2,0.25248
aosx6d,"CamemBERT fine-tuned on (claim, post) pairs",2,0.02753
aou0rm,"CamemBERT fine-tuned on (claim, post) pairs",2,0.0292
apvc02,"CamemBERT fine-tuned on (claim, post) pairs",2,0.02814
aq84kk,"CamemBERT fine-tuned on (claim, post) pairs",2,0.64685
aqohqe,"CamemBERT fine-tuned on (claim, post) pairs",2,0.60481
ar6h7j,"CamemBERT fine-tuned on (claim, post) pairs",2,0.04357
ar7ec8,"CamemBERT fine-tuned on (claim, post) pairs",2,0.0424
ari3sz,"CamemBERT fine-tuned on (claim, post) pairs",2,0.03442
arn3mb,"CamemBERT fine-tuned on (claim, post) pairs",2,0.60411
avwxqi,"CamemBERT fine-tuned on (claim, post) pairs",2,0.48958
azk9wf,"CamemBERT fine-tuned on (claim, post) pairs",2,0.6942
azzjcs,"CamemBERT fine-tuned on (claim, post) pairs",2,0.05572
azzpfa,"CamemBERT fine-tuned on (claim, post) pairs",2,0.06371
b04uo3,"CamemBERT fine-tuned on (claim, post) pairs",2,0.11854
b0cilf,"CamemBERT fine-tuned on (claim, post) pairs",2,0.0747
b1ecj1,"CamemBERT fine-tuned on (claim, post) pairs",2,0.49654
b3unvm,"CamemBERT fine-tuned on (claim, post) pairs",2,0.49909
b46ji0,"CamemBERT fine-tuned on (claim, post) pairs",2,0.05501
b587v3,"CamemBERT fine-tuned on (claim, post) pairs",2,0.04328
b9dhs5,"CamemBERT fine-tuned on (claim, post) pairs",2,0.3912
bbxmcl,"CamemBERT fine-tuned on (claim, post) pairs",2,0.02965
bcb5bq,"CamemBERT fine-tuned on (claim, post) pairs",2,0.02712
bcgxj3,"CamemBERT fine-tuned on (claim, post) pairs",2,0.49131
bd7wwu,"CamemBERT fine-tuned on (claim, post) pairs",2,0.05405
bdjnc2,"CamemBERT fine-tuned on (claim, post) pairs",2,0.02777
bdrtng,"CamemBERT fine-tuned on (claim, post) pairs",2,0.04377
bepsxe,"CamemBERT fine-tuned on (claim, post) pairs",2,0.2133
bfyjiv,"CamemBERT fine-tuned on (claim, post) pairs",2,0.12106
bgeguu,"CamemBERT fine-tuned on (claim, post) pairs",2,0.07627
bggieq,"CamemBERT fine-tuned on (claim, post) pairs",2,0.57371
bhb76w,"CamemBERT fine-tuned on (claim, post) pairs",2,0.02787
bhowol,"CamemBERT fine-tuned on (claim, post) pairs",2,0.02895
bjfb3e,"CamemBERT fine-tuned on (claim, post) pairs",2,0.03044
bmvw9h,"CamemBERT fine-tuned on (claim, post) pairs",2,0.19598
bnoy8x,"CamemBERT fine-tuned on (claim, post) pairs",2,0.79827
bqn8hv,"CamemBERT fine-tuned on (claim, post) pairs",2,0.0325
bqwtsg,"CamemBERT fine-tuned on (claim, post) pairs",2,0.03111
br75o0,"CamemBERT fine-tuned on (claim, post) pairs",2,0.05326
brmib7,"CamemBERT fine-tuned on (claim, post) pairs",2,0.02753
brrqig,"CamemBERT fine-tuned on (claim, post) pairs",2,0.0303
bsja0x,"CamemBERT fine-tuned on (claim, post) pairs",2,0.02727
btbfi4,"CamemBERT fine-tuned on (claim, post) pairs",2,0.03498
btnqcc,"CamemBERT fine-tuned on (claim, post) pairs",2,0.03108
bxkheg,"CamemBERT fine-tuned on (claim, post) pairs",2,0.48532
bxmyu8,"CamemBERT fine-tuned on (claim, post) pairs",2,0.03528
bzb17g,"CamemBERT fine-tuned on (claim, post) pairs",2,0.04918
c1zmfq,"CamemBERT fine-tuned on (claim, post) pairs",2,0.02945
c5oat5,"CamemBERT fine-tuned on (claim, post) pairs",2,0.04435
c64ss6,"CamemBERT fine-tuned on (claim, post) pairs",2,0.32381
c71xlq,"CamemBERT fine-tuned on (claim, post) pairs",2,0.02769
c8le3c,"CamemBERT fine-tuned on (claim, post) pairs",2,0.02699
cbtzq1,"CamemBERT fine-tuned on (claim, post) pairs",2,0.54038
ceqpay,"CamemBERT fine-tuned on (claim, post) pairs",2,0.04328
ceshxz,"CamemBERT fine-tuned on (claim, post) pairs",2,0.17946
cg9psx,"CamemBERT fine-tuned on (claim, post) pairs",2,0.03062
cgqoso,"CamemBERT fine-tuned on (claim, post) pairs",2,0.0274
cgtjqm,"CamemBERT fine-tuned on (claim, post) pairs",2,0.02982
cjbe5s,"CamemBERT fine-tuned on (claim, post) pairs",2,0.39735
ckcv0t,"CamemBERT fine-tuned on (claim, post) pairs",2,0.02904
cl3tzg,"CamemBERT fine-tuned on (claim, post) pairs",2,0.12279
co1e76,"CamemBERT fine-tuned on (claim, post) pairs",2,0.03375
coghm8,"CamemBERT fine-tuned on (claim, post) pairs",2,0.10195
cqbbso,"CamemBERT fine-tuned on (claim, post) pairs",2,0.03174
csm2pt,"CamemBERT fine-tuned on (claim, post) pairs",2,0.05161
ctb8b7,"CamemBERT fine-tuned on (claim, post) pairs",2,0.02707
cue8ed,"CamemBERT fine-tuned on (claim, post) pairs",2,0.02825
cw131i,"CamemBERT fine-tuned on (claim, post) pairs",2,0.03331
d0dalv,"CamemBERT fine-tuned on (claim, post) pairs",2,0.74632
d3m3ni,"CamemBERT fine-tuned on (claim, post) pairs",2,0.02766
d4ba7s,"CamemBERT fine-tuned on (claim, post) pairs",2,0.02751
d5f1h9,"CamemBERT fine-tuned on (claim, post) pairs",2,0.12174
d5yj8l,"CamemBERT fine-tuned on (claim, post) pairs",2,0.04361
d82gx6,"CamemBERT fine-tuned on (claim, post) pairs",2,0.02901
d8qza8,"CamemBERT fine-tuned on (claim, post) pairs",2,0.65589
d8r9xm,"CamemBERT fine-tuned on (claim, post) pairs",2,0.04899
d9wvlq,"CamemBERT fine-tuned on (claim, post) pairs",2,0.0625
da0fiz,"CamemBERT fine-tuned on (claim, post) pairs",2,0.09991
dc78wc,"CamemBERT fine-tuned on (claim, post) pairs",2,0.041
ddqpea,"CamemBERT fine-tuned on (claim, post) pairs",2,0.031
dexel2,"CamemBERT fine-tuned on (claim, post) pairs",2,0.22474
dfk9iz,"CamemBERT fine-tuned on (claim, post) pairs",2,0.02795
dioiij,"CamemBERT fine-tuned on (claim, post) pairs",2,0.02727
dlev5c,"CamemBERT fine-tuned on (claim, post) pairs",2,0.02725
dlyr5s,"CamemBERT fine-tuned on (claim, post) pairs",2,0.02909
dnblhd,"CamemBERT fine-tuned on (claim, post) pairs",2,0.02912
dnpdj9,"CamemBERT fine-tuned on (claim, post) pairs",2,0.02884
dqbtcn,"CamemBERT fine-tuned on (claim, post) pairs",2,0.02984
dthkqo,"CamemBERT fine-tuned on (claim, post) pairs",2,0.0299
dwahhl,"CamemBERT fine-tuned on (claim, post) pairs",2,0.12738
dwfmqg,"CamemBERT fine-tuned on (claim, post) pairs",2,0.0273
dyj4xf,"CamemBERT fine-tuned on (claim, post) pairs",2,0.02822
e1edg3,"CamemBERT fine-tuned on (claim, post) pairs",2,0.53902
e1xvqm,"CamemBERT fine-tuned on (claim, post) pairs",2,0.53087
e3ehbz,"CamemBERT fine-tuned on (claim, post) pairs",2,0.04005
e3g5q5,"CamemBERT fine-tuned on (claim, post) pairs",2,0.05395
e3rlhk,"CamemBERT fine-tuned on (claim, post) pairs",2,0.02882
e3tuaa,"CamemBERT fine-tuned on (claim, post) pairs",2,0.02798
e4ywaj,"CamemBERT fine-tuned on (claim, post) pairs",2,0.07648
e5e2aq,"CamemBERT fine-tuned on (claim, post) pairs",2,0.04805
e5gitz,"CamemBERT fine-tuned on (claim, post) pairs",2,0.57788
e5kvnz,"CamemBERT fine-tuned on (claim, post) pairs",2,0.05526
e5maon,"CamemBERT fine-tuned on (claim, post) pairs",2,0.02761
e5ui60,"CamemBERT fine-tuned on (claim, post) pairs",2,0.61277
e5xiiq,"CamemBERT fine-tuned on (claim, post) pairs",2,0.02945
e62zgs,"CamemBERT fine-tuned on (claim, post) pairs",2,0.02912
e64n22,"CamemBERT fine-tuned on (claim, post) pairs",2,0.02759
e6ax6h,"CamemBERT fine-tuned on (claim, post) pairs",2,0.04447
e6f0rc,"CamemBERT fine-tuned on (claim, post) pairs",2,0.03667
e94ixf,"CamemBERT fine-tuned on (claim, post) pairs",2,0.0656
ea2jip,"CamemBERT fine-tuned on (claim, post) pairs",2,0.0543
ea30og,"CamemBERT fine-tuned on (claim, post) pairs",2,0.02865
ea9bpv,"CamemBERT fine-tuned on (claim, post) pairs",2,0.58213
ecfmdx,"CamemBERT fine-tuned on (claim, post) pairs",2,0.0303
echy7t,"CamemBERT fine-tuned on (claim, post) pairs",2,0.37348
edot6p,"CamemBERT fine-tuned on (claim, post) pairs",2,0.02893
edwwgn,"CamemBERT fine-tuned on (claim, post) pairs",2,0.21527
ee9n9o,"CamemBERT fine-tuned on (claim, post) pairs",2,0.16512
ejdjr5,"CamemBERT fine-tuned on (claim, post) pairs",2,0.79319
ejdunf,"CamemBERT fine-tuned on (claim, post) pairs",2,0.03123
eks8lr,"CamemBERT fine-tuned on (claim, post) pairs",2,0.02836
el8xqn,"CamemBERT fine-tuned on (claim, post) pairs",2,0.50771
elbwld,"CamemBERT fine-tuned on (claim, post) pairs",2,0.02951
elqv0f,"CamemBERT fine-tuned on (claim, post) pairs",2,0.03426
eo40n4,"CamemBERT fine-tuned on (claim, post) pairs",2,0.18758
eo5006,"CamemBERT fine-tuned on (claim, post) pairs",2,0.02863
eqb0h,"CamemBERT fine-tuned on (claim, post) pairs",2,0.67902
eqf7ot,"CamemBERT fine-tuned on (claim, post) pairs",2,0.05888
esq6p1,"CamemBERT fine-tuned on (claim, post) pairs",2,0.74964
etxpnm,"CamemBERT fine-tuned on (claim, post) pairs",2,0.57848
eu15v2,"CamemBERT fine-tuned on (claim, post) pairs",2,0.02785
eua0wf,"CamemBERT fine-tuned on (claim, post) pairs",2,0.06459
eup1di,"CamemBERT fine-tuned on (claim, post) pairs",2,0.02884
evtrx4,"CamemBERT fine-tuned on (claim, post) pairs",2,0.02898
ew9bu2,"CamemBERT fine-tuned on (claim, post) pairs",2,0.04489
eynxpz,"CamemBERT fine-tuned on (claim, post) pairs",2,0.2004
eyul8b,"CamemBERT fine-tuned on (claim, post) pairs",2,0.06967
ezpyag,"CamemBERT fine-tuned on (claim, post) pairs",2,0.03082
f2715d,"CamemBERT fine-tuned on (claim, post) pairs",2,0.02846
f283vi,"CamemBERT fine-tuned on (claim, post) pairs",2,0.58311
f4qms4,"CamemBERT fine-tuned on (claim, post) pairs",2,0.0321
f69ncu,"CamemBERT fine-tuned on (claim, post) pairs",2,0.04918
f799k5,"CamemBERT fine-tuned on (claim, post) pairs",2,0.03059
f96tbe,"CamemBERT fine-tuned on (claim, post) pairs",2,0.02803
fbgn5m,"CamemBERT fine-tuned on (claim, post) pairs",2,0.08898
fc8jpk,"CamemBERT fine-tuned on (claim, post) pairs",2,0.0289
fcaghn,"CamemBERT fine-tuned on (claim, post) pairs",2,0.03423
fccnsv,"CamemBERT fine-tuned on (claim, post) pairs",2,0.84247
ffsbpi,"CamemBERT fine-tuned on (claim, post) pairs",2,0.02774
fgbezz,"CamemBERT fine-tuned on (claim, post) pairs",2,0.02806
fgo3lf,"CamemBERT fine-tuned on (claim, post) pairs",2,0.02766
fguory,"CamemBERT fine-tuned on (claim, post) pairs",2,0.03646
fhdstg,"CamemBERT fine-tuned on (claim, post) pairs",2,0.02863
fhepc7,"CamemBERT fine-tuned on (claim, post) pairs",2,0.03581
fhk2vt,"CamemBERT fine-tuned on (claim, post) pairs",2,0.02795
fhxqf7,"CamemBERT fine-tuned on (claim, post) pairs",2,0.04308
fhz1tr,"CamemBERT fine-tuned on (claim, post) pairs",2,0.04146
fhzis1,"CamemBERT fine-tuned on (claim, post) pairs",2,0.02923
figt2n,"CamemBERT fine-tuned on (claim, post) pairs",2,0.02984
fiybcu,"CamemBERT fine-tuned on (claim, post) pairs",2,0.02668
fji10d,"CamemBERT fine-tuned on (claim, post) pairs",2,0.02833
fk0cbe,"CamemBERT fine-tuned on (claim, post) pairs",2,0.02738
fkfxtw,"CamemBERT fine-tuned on (claim, post) pairs",2,0.02782
fkldua,"CamemBERT fine-tuned on (claim, post) pairs",2,0.13552
fkm6y5,"CamemBERT fine-tuned on (claim, post) pairs",2,0.02753
fl6pbu,"CamemBERT fine-tuned on (claim, post) pairs",2,0.02954
flhf5m,"CamemBERT fine-tuned on (claim, post) pairs",2,0.03225
fls9mk,"CamemBERT fine-tuned on (claim, post) pairs",2,0.03318
flx35c,"CamemBERT fine-tuned on (claim, post) pairs",2,0.10079
flx637,"CamemBERT fine-tuned on (claim, post) pairs",2,0.02887
flyoyg,"CamemBERT fine-tuned on (claim, post) pairs",2,0.02917
fm41er,"CamemBERT fine-tuned on (claim, post) pairs",2,0.03177
fmbrtd,"CamemBERT fine-tuned on (claim, post) pairs",2,0.03174
fmgq9v,"CamemBERT fine-tuned on (claim, post) pairs",2,0.03021
fmkdde,"CamemBERT fine-tuned on (claim, post) pairs",2,0.03694
fmzraj,"CamemBERT fine-tuned on (claim, post) pairs",2,0.33873
fo70ft,"CamemBERT fine-tuned on (claim, post) pairs",2,0.07283
folx5c,"CamemBERT fine-tuned on (claim, post) pairs",2,0.02917
fp6tij,"CamemBERT fine-tuned on (claim, post) pairs",2,0.0771
fpxm9f,"CamemBERT fine-tuned on (claim, post) pairs",2,0.04381
fqfc29,"CamemBERT fine-tuned on (claim, post) pairs",2,0.05943
fqhu9s,"CamemBERT fine-tuned on (claim, post) pairs",2,0.56162
fqmsg2,"CamemBERT fine-tuned on (claim, post) pairs",2,0.02857
frmgqu,"CamemBERT fine-tuned on (claim, post) pairs",2,0.07069
ftllrc,"CamemBERT fine-tuned on (claim, post) pairs",2,0.11905
fueee3,"CamemBERT fine-tuned on (claim, post) pairs",2,0.03436
furh3t,"CamemBERT fine-tuned on (claim, post) pairs",2,0.07661
fvaxja,"CamemBERT fine-tuned on (claim, post) pairs",2,0.02857
fviobo,"CamemBERT fine-tuned on (claim, post) pairs",2,0.03598
fwgse8,"CamemBERT fine-tuned on (claim, post) pairs",2,0.03997
fwlvl4,"CamemBERT fine-tuned on (claim, post) pairs",2,0.23953
fx3xjv,"CamemBERT fine-tuned on (claim, post) pairs",2,0.03293
fy2oj3,"CamemBERT fine-tuned on (claim, post) pairs",2,0.03505
fy2p7f,"CamemBERT fine-tuned on (claim, post) pairs",2,0.03505
g0i8rm,"CamemBERT fine-tuned on (claim, post) pairs",2,0.03056
g19p90,"CamemBERT fine-tuned on (claim, post) pairs",2,0.02887
g1othi,"CamemBERT fine-tuned on (claim, post) pairs",2,0.02962
g2bytp,"CamemBERT fine-tuned on (claim, post) pairs",2,0.5854
g2gixl,"CamemBERT fine-tuned on (claim, post) pairs",2,0.03804
g2idz0,"CamemBERT fine-tuned on (claim, post) pairs",2,0.07843
g34bbf,"CamemBERT fine-tuned on (claim, post) pairs",2,0.17343
g4ewn0,"CamemBERT fine-tuned on (claim, post) pairs",2,0.02984
g4nxk5,"CamemBERT fine-tuned on (claim, post) pairs",2,0.0501
g5ky43,"CamemBERT fine-tuned on (claim, post) pairs",2,0.0299
g8y3o6,"CamemBERT fine-tuned on (claim, post) pairs",2,0.04365
gan3eg,"CamemBERT fine-tuned on (claim, post) pairs",2,0.04827
gbdhgn,"CamemBERT fine-tuned on (claim, post) pairs",2,0.30798
gd8rcb,"CamemBERT fine-tuned on (claim, post) pairs",2,0.37748
gecn8f,"CamemBERT fine-tuned on (claim, post) pairs",2,0.03059
ggbp5b,"CamemBERT fine-tuned on (claim, post) pairs",2,0.72429
ghjdyj,"CamemBERT fine-tuned on (claim, post) pairs",2,0.02817
ghslu9,"CamemBERT fine-tuned on (claim, post) pairs",2,0.22118
gksuau,"CamemBERT fine-tuned on (claim, post) pairs",2,0.04043
gl5kwt,"CamemBERT fine-tuned on (claim, post) pairs",2,0.03256
go1u33,"CamemBERT fine-tuned on (claim, post) pairs",2,0.03646
go6pl2,"CamemBERT fine-tuned on (claim, post) pairs",2,0.81779
gp3xs4,"CamemBERT fine-tuned on (claim, post) pairs",2,0.04043
gpwapq,"CamemBERT fine-tuned on (claim, post) pairs",2,0.02751
gvqoq3,"CamemBERT fine-tuned on (claim, post) pairs",2,0.16458
h9dp2s,"CamemBERT fine-tuned on (claim, post) pairs",2,0.03019
h9hstb,"CamemBERT fine-tuned on (claim, post) pairs",2,0.02852
ha4om1,"CamemBERT fine-tuned on (claim, post) pairs",2,0.03044
haav14,"CamemBERT fine-tuned on (claim, post) pairs",2,0.03271
hbfvim,"CamemBERT fine-tuned on (claim, post) pairs",2,0.27953
hdo19g,"CamemBERT fine-tuned on (claim, post) pairs",2,0.02996
hegmoy,"CamemBERT fine-tuned on (claim, post) pairs",2,0.06454
hfj7qz,"CamemBERT fine-tuned on (claim, post) pairs",2,0.04357
hgeu6a,"CamemBERT fine-tuned on (claim, post) pairs",2,0.0286
hgk0yr,"CamemBERT fine-tuned on (claim, post) pairs",2,0.0279
hjdm2t,"CamemBERT fine-tuned on (claim, post) pairs",2,0.03132
hjxc3u,"CamemBERT fine-tuned on (claim, post) pairs",2,0.02833
hkqsgq,"CamemBERT fine-tuned on (claim, post) pairs",2,0.03144
ho7nah,"CamemBERT fine-tuned on (claim, post) pairs",2,0.07696
hojmh7,"CamemBERT fine-tuned on (claim, post) pairs",2,0.03495
hwfz7k,"CamemBERT fine-tuned on (claim, post) pairs",2,0.08442
hzd5d1,"CamemBERT fine-tuned on (claim, post) pairs",2,0.71003
i0k0k5,"CamemBERT fine-tuned on (claim, post) pairs",2,0.03416
i0mhd5,"CamemBERT fine-tuned on (claim, post) pairs",2,0.05204
i0n5gc,"CamemBERT fine-tuned on (claim, post) pairs",2,0.02785
i3msyd,"CamemBERT fine-tuned on (claim, post) pairs",2,0.02926
i7rlrt,"CamemBERT fine-tuned on (claim, post) pairs",2,0.03615
i8b5uo,"CamemBERT fine-tuned on (claim, post) pairs",2,0.03004
ia99vr,"CamemBERT fine-tuned on (claim, post) pairs",2,0.02926
ibcu2q,"CamemBERT fine-tuned on (claim, post) pairs",2,0.03129
ic2g86,"CamemBERT fine-tuned on (claim, post) pairs",2,0.02696
ice0kk,"CamemBERT fine-tuned on (claim, post) pairs",2,0.03413
ici56t,"CamemBERT fine-tuned on (claim, post) pairs",2,0.58389
ictrw8,"CamemBERT fine-tuned on (claim, post) pairs",2,0.02942
iguhj6,"CamemBERT fine-tuned on (claim, post) pairs",2,0.03024
ih08v3,"CamemBERT fine-tuned on (claim, post) pairs",2,0.12059
ih7ei3,"CamemBERT fine-tuned on (claim, post) pairs",2,0.0279
ihj6bx,"CamemBERT fine-tuned on (claim, post) pairs",2,0.05199
iiqap8,"CamemBERT fine-tuned on (claim, post) pairs",2,0.05194
iiqu94,"CamemBERT fine-tuned on (claim, post) pairs",2,0.02999
ij8qio,"CamemBERT fine-tuned on (claim, post) pairs",2,0.03518
iket8f,"CamemBERT fine-tuned on (claim, post) pairs",2,0.07457
ilv17f,"CamemBERT fine-tuned on (claim, post) pairs",2,0.04991
imb0ri,"CamemBERT fine-tuned on (claim, post) pairs",2,0.12247
imc2uz,"CamemBERT fine-tuned on (claim, post) pairs",2,0.87589
imi2li,"CamemBERT fine-tuned on (claim, post) pairs",2,0.04765
ioql0z,"CamemBERT fine-tuned on (claim, post) pairs",2,0.06256
iotgaz,"CamemBERT fine-tuned on (claim, post) pairs",2,0.02717
irrxv6,"CamemBERT fine-tuned on (claim, post) pairs",2,0.02827
isj1z0,"CamemBERT fine-tuned on (claim, post) pairs",2,0.0426
isp3z6,"CamemBERT fine-tuned on (claim, post) pairs",2,0.02863
ittyao,"CamemBERT fine-tuned on (claim, post) pairs",2,0.04248
iu2a3a,"CamemBERT fine-tuned on (claim, post) pairs",2,0.05792
ivghce,"CamemBERT fine-tuned on (claim, post) pairs",2,0.04272
ivn1mm,"CamemBERT fine-tuned on (claim, post) pairs",2,0.04987
ix01hq,"CamemBERT fine-tuned on (claim, post) pairs",2,0.0303
ixrd8y,"CamemBERT fine-tuned on (claim, post) pairs",2,0.03372
iy2bft,"CamemBERT fine-tuned on (claim, post) pairs",2,0.0274
iyumys,"CamemBERT fine-tuned on (claim, post) pairs",2,0.03478
iyvzvz,"CamemBERT fine-tuned on (claim, post) pairs",2,0.11255
izsgni,"CamemBERT fine-tuned on (claim, post) pairs",2,0.02735
j0t2d2,"CamemBERT fine-tuned on (claim, post) pairs",2,0.07244
j1069i,"CamemBERT fine-tuned on (claim, post) pairs",2,0.03334
j1zsiy,"CamemBERT fine-tuned on (claim, post) pairs",2,0.03768
j29je4,"CamemBERT fine-tuned on (claim, post) pairs",2,0.03796
j3wawt,"CamemBERT fine-tuned on (claim, post) pairs",2,0.15438
j61gsa,"CamemBERT fine-tuned on (claim, post) pairs",2,0.4756
j70xoi,"CamemBERT fine-tuned on (claim, post) pairs",2,0.1504
j9sy3n,"CamemBERT fine-tuned on (claim, post) pairs",2,0.02863
jaaj86,"CamemBERT fine-tuned on (claim, post) pairs",2,0.02873
jbtcwk,"CamemBERT fine-tuned on (claim, post) pairs",2,0.05546
jc5uzf,"CamemBERT fine-tuned on (claim, post) pairs",2,0.04276
jc6461,"CamemBERT fine-tuned on (claim, post) pairs",2,0.87402
jcberw,"CamemBERT fine-tuned on (claim, post) pairs",2,0.03047
jgkjnm,"CamemBERT fine-tuned on (claim, post) pairs",2,0.09765
jgkvtb,"CamemBERT fine-tuned on (claim, post) pairs",2,0.03931
jgl84e,"CamemBERT fine-tuned on (claim, post) pairs",2,0.03265
jh46cv,"CamemBERT fine-tuned on (claim, post) pairs",2,0.02766
jia61d,"CamemBERT fine-tuned on (claim, post) pairs",2,0.314
jivlvr,"CamemBERT fine-tuned on (claim, post) pairs",2,0.02857
jjwuzn,"CamemBERT fine-tuned on (claim, post) pairs",2,0.02951
jjylnj,"CamemBERT fine-tuned on (claim, post) pairs",2,0.04062
jkh3zx,"CamemBERT fine-tuned on (claim, post) pairs",2,0.02844
jkrv3d,"CamemBERT fine-tuned on (claim, post) pairs",2,0.05257
jkrze6,"CamemBERT fine-tuned on (claim, post) pairs",2,0.03183
jm32gj,"CamemBERT fine-tuned on (claim, post) pairs",2,0.03287
jncki5,"CamemBERT fine-tuned on (claim, post) pairs",2,0.03091
jnyj70,"CamemBERT fine-tuned on (claim, post) pairs",2,0.47436
jogf8j,"CamemBERT fine-tuned on (claim, post) pairs",2,0.03004
jp39k1,"CamemBERT fine-tuned on (claim, post) pairs",2,0.04823
jpqv0v,"CamemBERT fine-tuned on (claim, post) pairs",2,0.07224
jrjcgw,"CamemBERT fine-tuned on (claim, post) pairs",2,0.48466
js5av6,"CamemBERT fine-tuned on (claim, post) pairs",2,0.0297
jvpzh0,"CamemBERT fine-tuned on (claim, post) pairs",2,0.85777
jvqnsn,"CamemBERT fine-tuned on (claim, post) pairs",2,0.72909
jx5mib,"CamemBERT fine-tuned on (claim, post) pairs",2,0.02689
jzldwr,"CamemBERT fine-tuned on (claim, post) pairs",2,0.04185
k577mi,"CamemBERT fine-tuned on (claim, post) pairs",2,0.11956
k603dd,"CamemBERT fine-tuned on (claim, post) pairs",2,0.26947
k603y6,"CamemBERT fine-tuned on (claim, post) pairs",2,0.20363
k624c4,"CamemBERT fine-tuned on (claim, post) pairs",2,0.74752
k6o6bw,"CamemBERT fine-tuned on (claim, post) pairs",2,0.06835
k90kjc,"CamemBERT fine-tuned on (claim, post) pairs",2,0.87256
k9ajeu,"CamemBERT fine-tuned on (claim, post) pairs",2,0.27034
k9tt6x,"CamemBERT fine-tuned on (claim, post) pairs",2,0.02653
kabbn0,"CamemBERT fine-tuned on (claim, post) pairs",2,0.27246
kc99mr,"CamemBERT fine-tuned on (claim, post) pairs",2,0.86899
keiyka,"CamemBERT fine-tuned on (claim, post) pairs",2,0.0534
kfjwh1,"CamemBERT fine-tuned on (claim, post) pairs",2,0.03268
kgrai2,"CamemBERT fine-tuned on (claim, post) pairs",2,0.83407
khpbim,"CamemBERT fine-tuned on (claim, post) pairs",2,0.11946
kixuic,"CamemBERT fine-tuned on (claim, post) pairs",2,0.88151
kj9yic,"CamemBERT fine-tuned on (claim, post) pairs",2,0.02814
kjm1a3,"CamemBERT fine-tuned on (claim, post) pairs",2,0.84235
knlqii,"CamemBERT fine-tuned on (claim, post) pairs",2,0.76463
knlr19,"CamemBERT fine-tuned on (claim, post) pairs",2,0.76463
ko9dyf,"CamemBERT fine-tuned on (claim, post) pairs",2,0.86749
kp0re0,"CamemBERT fine-tuned on (claim, post) pairs",2,0.17867
krjrvz,"CamemBERT fine-tuned on (claim, post) pairs",2,0.02825
krnvhz,"CamemBERT fine-tuned on (claim, post) pairs",2,0.82908
ksik3u,"CamemBERT fine-tuned on (claim, post) pairs",2,0.82283
kslmtn,"CamemBERT fine-tuned on (claim, post) pairs",2,0.03106
kt1iuf,"CamemBERT fine-tuned on (claim, post) pairs",2,0.87488
kt8gmt,"CamemBERT fine-tuned on (claim, post) pairs",2,0.87669
kuyyyj,"CamemBERT fine-tuned on (claim, post) pairs",2,0.03033
kyt8fg,"CamemBERT fine-tuned on (claim, post) pairs",2,0.8288
kz90ac,"CamemBERT fine-tuned on (claim, post) pairs",2,0.0534
l0kqeb,"CamemBERT fine-tuned on (claim, post) pairs",2,0.2324
l1v347,"CamemBERT fine-tuned on (claim, post) pairs",2,0.03455
l25gdq,"CamemBERT fine-tuned on (claim, post) pairs",2,0.02761
l4i7ej,"CamemBERT fine-tuned on (claim, post) pairs",2,0.02954
l4vujj,"CamemBERT fine-tuned on (claim, post) pairs",2,0.8246
l5djp3,"CamemBERT fine-tuned on (claim, post) pairs",2,0.02979
l5g4qt,"CamemBERT fine-tuned on (claim, post) pairs",2,0.07518
l5k8py,"CamemBERT fine-tuned on (claim, post) pairs",2,0.73374
l769em,"CamemBERT fine-tuned on (claim, post) pairs",2,0.02909
l79sl5,"CamemBERT fine-tuned on (claim, post) pairs",2,0.03241
l7ou1m,"CamemBERT fine-tuned on (claim, post) pairs",2,0.2304
la0a8q,"CamemBERT fine-tuned on (claim, post) pairs",2,0.20181
la93c7,"CamemBERT fine-tuned on (claim, post) pairs",2,0.02954
lcp4ri,"CamemBERT fine-tuned on (claim, post) pairs",2,0.04431
ld48jf,"CamemBERT fine-tuned on (claim, post) pairs",2,0.20087
ld93pc,"CamemBERT fine-tuned on (claim, post) pairs",2,0.14481
lfh2sm,"CamemBERT fine-tuned on (claim, post) pairs",2,0.02846
lfzbmy,"CamemBERT fine-tuned on (claim, post) pairs",2,0.85555
lg2dzw,"CamemBERT fine-tuned on (claim, post) pairs",2,0.48102
lg2k8j,"CamemBERT fine-tuned on (claim, post) pairs",2,0.11168
li83kz,"CamemBERT fine-tuned on (claim, post) pairs",2,0.06165
lm0xgx,"CamemBERT fine-tuned on (claim, post) pairs",2,0.10257
lp5f2u,"CamemBERT fine-tuned on (claim, post) pairs",2,0.02928
lpj2mi,"CamemBERT fine-tuned on (claim, post) pairs",2,0.7626
lpkviw,"CamemBERT fine-tuned on (claim, post) pairs",2,0.05355
lpuvub,"CamemBERT fine-tuned on (claim, post) pairs",2,0.02841
lpv6b2,"CamemBERT fine-tuned on (claim, post) pairs",2,0.30116
lv2ls2,"CamemBERT fine-tuned on (claim, post) pairs",2,0.02769
lvxwqy,"CamemBERT fine-tuned on (claim, post) pairs",2,0.84163
lx1vgg,"CamemBERT fine-tuned on (claim, post) pairs",2,0.69694
m0aaur,"CamemBERT fine-tuned on (claim, post) pairs",2,0.02798
m1ethl,"CamemBERT fine-tuned on (claim, post) pairs",2,0.88105
m3bs8z,"CamemBERT fine-tuned on (claim, post) pairs",2,0.02701
m4tu00,"CamemBERT fine-tuned on (claim, post) pairs",2,0.03832
m5h2ks,"CamemBERT fine-tuned on (claim, post) pairs",2,0.40524
m5kxle,"CamemBERT fine-tuned on (claim, post) pairs",2,0.03068
m8cg12,"CamemBERT fine-tuned on (claim, post) pairs",2,0.03259
m9eho9,"CamemBERT fine-tuned on (claim, post) pairs",2,0.03327
mai7eq,"CamemBERT fine-tuned on (claim, post) pairs",2,0.02793
mbi4r0,"CamemBERT fine-tuned on (claim, post) pairs",2,0.05204
mckjmc,"CamemBERT fine-tuned on (claim, post) pairs",2,0.02915
mdj0lc,"CamemBERT fine-tuned on (claim, post) pairs",2,0.04069
meh6b8,"CamemBERT fine-tuned on (claim, post) pairs",2,0.04535
meujox,"CamemBERT fine-tuned on (claim, post) pairs",2,0.02806
mfkofn,"CamemBERT fine-tuned on (claim, post) pairs",2,0.02898
mh20h1,"CamemBERT fine-tuned on (claim, post) pairs",2,0.06749
mhhicw,"CamemBERT fine-tuned on (claim, post) pairs",2,0.04481
mhrbt0,"CamemBERT fine-tuned on (claim, post) pairs",2,0.05052
mjgb76,"CamemBERT fine-tuned on (claim, post) pairs",2,0.05056
mk65eu,"CamemBERT fine-tuned on (claim, post) pairs",2,0.03234
mkefb8,"CamemBERT fine-tuned on (claim, post) pairs",2,0.02857
ml6tfy,"CamemBERT fine-tuned on (claim, post) pairs",2,0.034
ml8s52,"CamemBERT fine-tuned on (claim, post) pairs",2,0.08014
mlwbui,"CamemBERT fine-tuned on (claim, post) pairs",2,0.02909
mlyr54,"CamemBERT fine-tuned on (claim, post) pairs",2,0.17917
mnfunz,"CamemBERT fine-tuned on (claim, post) pairs",2,0.04304
mo3jua,"CamemBERT fine-tuned on (claim, post) pairs",2,0.88033
mpauaf,"CamemBERT fine-tuned on (claim, post) pairs",2,0.02793
mpxraz,"CamemBERT fine-tuned on (claim, post) pairs",2,0.29716
mqbsvc,"CamemBERT fine-tuned on (claim, post) pairs",2,0.0305
mqm14i,"CamemBERT fine-tuned on (claim, post) pairs",2,0.04485
mrqhab,"CamemBERT fine-tuned on (claim, post) pairs",2,0.07843
mss81s,"CamemBERT fine-tuned on (claim, post) pairs",2,0.03768
mtfpga,"CamemBERT fine-tuned on (claim, post) pairs",2,0.41147
mun21m,"CamemBERT fine-tuned on (claim, post) pairs",2,0.04158
munkj0,"CamemBERT fine-tuned on (claim, post) pairs",2,0.03956
mwtpq2,"CamemBERT fine-tuned on (claim, post) pairs",2,0.02764
mwv5qu,"CamemBERT fine-tuned on (claim, post) pairs",2,0.04292
myfex3,"CamemBERT fine-tuned on (claim, post) pairs",2,0.02849
myq7qn,"CamemBERT fine-tuned on (claim, post) pairs",2,0.02803
n0dmbg,"CamemBERT fine-tuned on (claim, post) pairs",2,0.08733
n14wzz,"CamemBERT fine-tuned on (claim, post) pairs",2,0.0584
n2ckjs,"CamemBERT fine-tuned on (claim, post) pairs",2,0.0428
n5jatz,"CamemBERT fine-tuned on (claim, post) pairs",2,0.02774
n6i122,"CamemBERT fine-tuned on (claim, post) pairs",2,0.02844
n79v3,"CamemBERT fine-tuned on (claim, post) pairs",2,0.03097
n90ru9,"CamemBERT fine-tuned on (claim, post) pairs",2,0.02906
nbgk37,"CamemBERT fine-tuned on (claim, post) pairs",2,0.84312
ndy44b,"CamemBERT fine-tuned on (claim, post) pairs",2,0.0518
nelkdp,"CamemBERT fine-tuned on (claim, post) pairs",2,0.08412
nh21mm,"CamemBERT fine-tuned on (claim, post) pairs",2,0.73536
nh2xbd,"CamemBERT fine-tuned on (claim, post) pairs",2,0.32215
nhmo1w,"CamemBERT fine-tuned on (claim, post) pairs",2,0.02774
nhp74a,"CamemBERT fine-tuned on (claim, post) pairs",2,0.02732
nid4xk,"CamemBERT fine-tuned on (claim, post) pairs",2,0.0299
njswvw,"CamemBERT fine-tuned on (claim, post) pairs",2,0.0286
nmud4m,"CamemBERT fine-tuned on (claim, post) pairs",2,0.02806
np2d26,"CamemBERT fine-tuned on (claim, post) pairs",2,0.08449
nqefuh,"CamemBERT fine-tuned on (claim, post) pairs",2,0.02887
nqk4aw,"CamemBERT fine-tuned on (claim, post) pairs",2,0.73278
nquxge,"CamemBERT fine-tuned on (claim, post) pairs",2,0.06042
nra3e8,"CamemBERT fine-tuned on (claim, post) pairs",2,0.17731
nryb61,"CamemBERT fine-tuned on (claim, post) pairs",2,0.02833
nu4qwm,"CamemBERT fine-tuned on (claim, post) pairs",2,0.04166
nuepgt,"CamemBERT fine-tuned on (claim, post) pairs",2,0.07661
nulmqc,"CamemBERT fine-tuned on (claim, post) pairs",2,0.02846
nv4089,"CamemBERT fine-tuned on (claim, post) pairs",2,0.06603
nv9hr6,"CamemBERT fine-tuned on (claim, post) pairs",2,0.06603
nvbh3w,"CamemBERT fine-tuned on (claim, post) pairs",2,0.02838
nxvq3a,"CamemBERT fine-tuned on (claim, post) pairs",2,0.03216
nyq4wo,"CamemBERT fine-tuned on (claim, post) pairs",2,0.03836
nys24t,"CamemBERT fine-tuned on (claim, post) pairs",2,0.02801
nyvi2e,"CamemBERT fine-tuned on (claim, post) pairs",2,0.05582
nyxyka,"CamemBERT fine-tuned on (claim, post) pairs",2,0.0301
o18i8w,"CamemBERT fine-tuned on (claim, post) pairs",2,0.0292
o3c60p,"CamemBERT fine-tuned on (claim, post) pairs",2,0.38795
o4diru,"CamemBERT fine-tuned on (claim, post) pairs",2,0.06923
o6lnfo,"CamemBERT fine-tuned on (claim, post) pairs",2,0.84626
o7toq9,"CamemBERT fine-tuned on (claim, post) pairs",2,0.03053
o9yu8w,"CamemBERT fine-tuned on (claim, post) pairs",2,0.10999
objeos,"CamemBERT fine-tuned on (claim, post) pairs",2,0.08686
obpuh8,"CamemBERT fine-tuned on (claim, post) pairs",2,0.82608
obsrfj,"CamemBERT fine-tuned on (claim, post) pairs",2,0.86408
oc48n5,"CamemBERT fine-tuned on (claim, post) pairs",2,0.02865
oc89ax,"CamemBERT fine-tuned on (claim, post) pairs",2,0.07978
oe1lri,"CamemBERT fine-tuned on (claim, post) pairs",2,0.02999
offbxc,"CamemBERT fine-tuned on (claim, post) pairs",2,0.24265
ohim6f,"CamemBERT fine-tuned on (claim, post) pairs",2,0.04913
ohz00h,"CamemBERT fine-tuned on (claim, post) pairs",2,0.7676
oit39s,"CamemBERT fine-tuned on (claim, post) pairs",2,0.02704
ojb4cb,"CamemBERT fine-tuned on (claim, post) pairs",2,0.02865
ojmy4l,"CamemBERT fine-tuned on (claim, post) pairs",2,0.87769
ok75sy,"CamemBERT fine-tuned on (claim, post) pairs",2,0.31164
oknoru,"CamemBERT fine-tuned on (claim, post) pairs",2,0.13404
okqta8,"CamemBERT fine-tuned on (claim, post) pairs",2,0.87769
old392,"CamemBERT fine-tuned on (claim, post) pairs",2,0.07082
olukpq,"CamemBERT fine-tuned on (claim, post) pairs",2,0.0286
onwka1,"CamemBERT fine-tuned on (claim, post) pairs",2,0.02854
ooa0ki,"CamemBERT fine-tuned on (claim, post) pairs",2,0.0301
oomes0,"CamemBERT fine-tuned on (claim, post) pairs",2,0.0621
oon4a8,"CamemBERT fine-tuned on (claim, post) pairs",2,0.02819
op3cu9,"CamemBERT fine-tuned on (claim, post) pairs",2,0.78883
oq3df1,"CamemBERT fine-tuned on (claim, post) pairs",2,0.03337
orj107,"CamemBERT fine-tuned on (claim, post) pairs",2,0.02984
ot4rej,"CamemBERT fine-tuned on (claim, post) pairs",2,0.03636
oug55y,"CamemBERT fine-tuned on (claim, post) pairs",2,0.50018
ovsuej,"CamemBERT fine-tuned on (claim, post) pairs",2,0.04024
owq7xx,"CamemBERT fine-tuned on (claim, post) pairs",2,0.71647
owxain,"CamemBERT fine-tuned on (claim, post) pairs",2,0.02751
oxyd6v,"CamemBERT fine-tuned on (claim, post) pairs",2,0.04927
p0vx4n,"CamemBERT fine-tuned on (claim, post) pairs",2,0.02857
p19ls2,"CamemBERT fine-tuned on (claim, post) pairs",2,0.83535
p1l865,"CamemBERT fine-tuned on (claim, post) pairs",2,0.35432
p1q2yw,"CamemBERT fine-tuned on (claim, post) pairs",2,0.07558
p370dc,"CamemBERT fine-tuned on (claim, post) pairs",2,0.22397
p3kigu,"CamemBERT fine-tuned on (claim, post) pairs",2,0.3637
p3nfil,"CamemBERT fine-tuned on (claim, post) pairs",2,0.12716
p51lhn,"CamemBERT fine-tuned on (claim, post) pairs",2,0.02863
p6eek4,"CamemBERT fine-tuned on (claim, post) pairs",2,0.02841
p7iocm,"CamemBERT fine-tuned on (claim, post) pairs",2,0.3905
p7m4ro,"CamemBERT fine-tuned on (claim, post) pairs",2,0.02849
p96cry,"CamemBERT fine-tuned on (claim, post) pairs",2,0.06401
p9uw35,"CamemBERT fine-tuned on (claim, post) pairs",2,0.03375
pa139w,"CamemBERT fine-tuned on (claim, post) pairs",2,0.02965
pb8yww,"CamemBERT fine-tuned on (claim, post) pairs",2,0.09106
pbj8bp,"CamemBERT fine-tuned on (claim, post) pairs",2,0.21775
pc3h4n,"CamemBERT fine-tuned on (claim, post) pairs",2,0.02817
peeucn,"CamemBERT fine-tuned on (claim, post) pairs",2,0.03033
pekj2t,"CamemBERT fine-tuned on (claim, post) pairs",2,0.02725
pezlht,"CamemBERT fine-tuned on (claim, post) pairs",2,0.08756
pf1pew,"CamemBERT fine-tuned on (claim, post) pairs",2,0.03528
pfxx55,"CamemBERT fine-tuned on (claim, post) pairs",2,0.02959
phrd2s,"CamemBERT fine-tuned on (claim, post) pairs",2,0.02841
phv7m2,"CamemBERT fine-tuned on (claim, post) pairs",2,0.14265
pid6cq,"CamemBERT fine-tuned on (claim, post) pairs",2,0.02887
piezlr,"CamemBERT fine-tuned on (claim, post) pairs",2,0.02979
piugjq,"CamemBERT fine-tuned on (claim, post) pairs",2,0.02873
pjmyno,"CamemBERT fine-tuned on (claim, post) pairs",2,0.85121
pk6bln,"CamemBERT fine-tuned on (claim, post) pairs",2,0.02993
pkts2h,"CamemBERT fine-tuned on (claim, post) pairs",2,0.031
plkpyx,"CamemBERT fine-tuned on (claim, post) pairs",2,0.04252
pnawuz,"CamemBERT fine-tuned on (claim, post) pairs",2,0.8718
pov23z,"CamemBERT fine-tuned on (claim, post) pairs",2,0.05405
pqsmie,"CamemBERT fine-tuned on (claim, post) pairs",2,0.05345
prtvou,"CamemBERT fine-tuned on (claim, post) pairs",2,0.03033
pt7fzz,"CamemBERT fine-tuned on (claim, post) pairs",2,0.03491
ptqhaw,"CamemBERT fine-tuned on (claim, post) pairs",2,0.03192
pttfys,"CamemBERT fine-tuned on (claim, post) pairs",2,0.03719
pu3wbk,"CamemBERT fine-tuned on (claim, post) pairs",2,0.04385
pu5seb,"CamemBERT fine-tuned on (claim, post) pairs",2,0.84991
puk6sq,"CamemBERT fine-tuned on (claim, post) pairs",2,0.1404
pvl8c7,"CamemBERT fine-tuned on (claim, post) pairs",2,0.02954
pyiy57,"CamemBERT fine-tuned on (claim, post) pairs",2,0.49636
q12fz2,"CamemBERT fine-tuned on (claim, post) pairs",2,0.82949
q1p1n6,"CamemBERT fine-tuned on (claim, post) pairs",2,0.02694
q1z1tr,"CamemBERT fine-tuned on (claim, post) pairs",2,0.0278
q4ppb6,"CamemBERT fine-tuned on (claim, post) pairs",2,0.05019
q5qhh3,"CamemBERT fine-tuned on (claim, post) pairs",2,0.02727
q5sw9e,"CamemBERT fine-tuned on (claim, post) pairs",2,0.02646
q5ysp8,"CamemBERT fine-tuned on (claim, post) pairs",2,0.03153
q6gnqh,"CamemBERT fine-tuned on (claim, post) pairs",2,0.21701
qc2lzn,"CamemBERT fine-tuned on (claim, post) pairs",2,0.23979
qcolhb,"CamemBERT fine-tuned on (claim, post) pairs",2,0.03024
qdjokh,"CamemBERT fine-tuned on (claim, post) pairs",2,0.03271
qffqm2,"CamemBERT fine-tuned on (claim, post) pairs",2,0.0517
qg7f5j,"CamemBERT fine-tuned on (claim, post) pairs",2,0.59682
qj2ez7,"CamemBERT fine-tuned on (claim, post) pairs",2,0.02987
qjlr54,"CamemBERT fine-tuned on (claim, post) pairs",2,0.50436
qkc9ob,"CamemBERT fine-tuned on (claim, post) pairs",2,0.02727
qlponw,"CamemBERT fine-tuned on (claim, post) pairs",2,0.03673
qm3zs5,"CamemBERT fine-tuned on (claim, post) pairs",2,0.03068
qmj0et,"CamemBERT fine-tuned on (claim, post) pairs",2,0.03068
qmpcrf,"CamemBERT fine-tuned on (claim, post) pairs",2,0.73517
qn5bzy,"CamemBERT fine-tuned on (claim, post) pairs",2,0.84254
qo5r1s,"CamemBERT fine-tuned on (claim, post) pairs",2,0.06798
qol0qg,"CamemBERT fine-tuned on (claim, post) pairs",2,0.02857
qpcpda,"CamemBERT fine-tuned on (claim, post) pairs",2,0.35936
qqnm18,"CamemBERT fine-tuned on (claim, post) pairs",2,0.02766
qqou2m,"CamemBERT fine-tuned on (claim, post) pairs",2,0.03743
qqzv8s,"CamemBERT fine-tuned on (claim, post) pairs",2,0.03114
qr5jpf,"CamemBERT fine-tuned on (claim, post) pairs",2,0.02895
qrg5l7,"CamemBERT fine-tuned on (claim, post) pairs",2,0.06706
qtqqh5,"CamemBERT fine-tuned on (claim, post) pairs",2,0.02893
qulnig,"CamemBERT fine-tuned on (claim, post) pairs",2,0.03736
qve6b0,"CamemBERT fine-tuned on (claim, post) pairs",2,0.04544
qvl6qi,"CamemBERT fine-tuned on (claim, post) pairs",2,0.12539
qy9h6x,"CamemBERT fine-tuned on (claim, post) pairs",2,0.02912
qzmhg7,"CamemBERT fine-tuned on (claim, post) pairs",2,0.03343
r0bzft,"CamemBERT fine-tuned on (claim, post) pairs",2,0.79976
r0kqab,"CamemBERT fine-tuned on (claim, post) pairs",2,0.03416
r1sqhl,"CamemBERT fine-tuned on (claim, post) pairs",2,0.6025
r1vvup,"CamemBERT fine-tuned on (claim, post) pairs",2,0.81145
r1yxhd,"CamemBERT fine-tuned on (claim, post) pairs",2,0.05744
r2ie0y,"CamemBERT fine-tuned on (claim, post) pairs",2,0.06109
r3ibr2,"CamemBERT fine-tuned on (claim, post) pairs",2,0.04973
r7flie,"CamemBERT fine-tuned on (claim, post) pairs",2,0.02743
r7ia29,"CamemBERT fine-tuned on (claim, post) pairs",2,0.0546
r7knn3,"CamemBERT fine-tuned on (claim, post) pairs",2,0.03001
raut39,"CamemBERT fine-tuned on (claim, post) pairs",2,0.02959
rcetl2,"CamemBERT fine-tuned on (claim, post) pairs",2,0.11977
rdtec3,"CamemBERT fine-tuned on (claim, post) pairs",2,0.06627
rek0w8,"CamemBERT fine-tuned on (claim, post) pairs",2,0.03039
ri6vc6,"CamemBERT fine-tuned on (claim, post) pairs",2,0.19452
riqfj6,"CamemBERT fine-tuned on (claim, post) pairs",2,0.03701
rir6v3,"CamemBERT fine-tuned on (claim, post) pairs",2,0.16532
rmxsrq,"CamemBERT fine-tuned on (claim, post) pairs",2,0.02809
rmyfyx,"CamemBERT fine-tuned on (claim, post) pairs",2,0.03004
rp43h1,"CamemBERT fine-tuned on (claim, post) pairs",2,0.09033
rpj0v2,"CamemBERT fine-tuned on (claim, post) pairs",2,0.14935
rr8ahf,"CamemBERT fine-tuned on (claim, post) pairs",2,0.87435
rri8xa,"CamemBERT fine-tuned on (claim, post) pairs",2,0.06227
rt15y0,"CamemBERT fine-tuned on (claim, post) pairs",2,0.02761
rtqq9p,"CamemBERT fine-tuned on (claim, post) pairs",2,0.02873
rtuung,"CamemBERT fine-tuned on (claim, post) pairs",2,0.03065
rus5sh,"CamemBERT fine-tuned on (claim, post) pairs",2,0.03625
ruxsws,"CamemBERT fine-tuned on (claim, post) pairs",2,0.02838
rvq046,"CamemBERT fine-tuned on (claim, post) pairs",2,0.02795
rvtgmr,"CamemBERT fine-tuned on (claim, post) pairs",2,0.03365
rwjt89,"CamemBERT fine-tuned on (claim, post) pairs",2,0.0334
rwmqxx,"CamemBERT fine-tuned on (claim, post) pairs",2,0.03353
rworgg,"CamemBERT fine-tuned on (claim, post) pairs",2,0.65677
rxlufc,"CamemBERT fine-tuned on (claim, post) pairs",2,0.05686
ry2y0q,"CamemBERT fine-tuned on (claim, post) pairs",2,0.03757
ry3nne,"CamemBERT fine-tuned on (claim, post) pairs",2,0.02871
rzrsx7,"CamemBERT fine-tuned on (claim, post) pairs",2,0.048
s0ep2s,"CamemBERT fine-tuned on (claim, post) pairs",2,0.03123
s0lfxs,"CamemBERT fine-tuned on (claim, post) pairs",2,0.08072
s19u4b,"CamemBERT fine-tuned on (claim, post) pairs",2,0.02806
s25tsv,"CamemBERT fine-tuned on (claim, post) pairs",2,0.03189
s2zl4w,"CamemBERT fine-tuned on (claim, post) pairs",2,0.0813
s3vm5c,"CamemBERT fine-tuned on (claim, post) pairs",2,0.03673
s427nc,"CamemBERT fine-tuned on (claim, post) pairs",2,0.02954
s4k0lg,"CamemBERT fine-tuned on (claim, post) pairs",2,0.02915
s5dzze,"CamemBERT fine-tuned on (claim, post) pairs",2,0.03068
s5yy4a,"CamemBERT fine-tuned on (claim, post) pairs",2,0.03945
s6v32r,"CamemBERT fine-tuned on (claim, post) pairs",2,0.08065
s6viqn,"CamemBERT fine-tuned on (claim, post) pairs",2,0.28727
s6y1k2,"CamemBERT fine-tuned on (claim, post) pairs",2,0.0299
s71noq,"CamemBERT fine-tuned on (claim, post) pairs",2,0.0476
s8gkdj,"CamemBERT fine-tuned on (claim, post) pairs",2,0.02814
s8kcsj,"CamemBERT fine-tuned on (claim, post) pairs",2,0.0597
s8kxgt,"CamemBERT fine-tuned on (claim, post) pairs",2,0.02838
s8nkyw,"CamemBERT fine-tuned on (claim, post) pairs",2,0.02917
say4xj,"CamemBERT fine-tuned on (claim, post) pairs",2,0.0297
sbmf6b,"CamemBERT fine-tuned on (claim, post) pairs",2,0.03106
sd73xx,"CamemBERT fine-tuned on (claim, post) pairs",2,0.09671
sdx1zh,"CamemBERT fine-tuned on (claim, post) pairs",2,0.05475
se849k,"CamemBERT fine-tuned on (claim, post) pairs",2,0.1015
seor6s,"CamemBERT fine-tuned on (claim, post) pairs",2,0.29154
sg3lfk,"CamemBERT fine-tuned on (claim, post) pairs",2,0.03027
sgvtsu,"CamemBERT fine-tuned on (claim, post) pairs",2,0.79021
si6c5r,"CamemBERT fine-tuned on (claim, post) pairs",2,0.02849
sii340,"CamemBERT fine-tuned on (claim, post) pairs",2,0.0584
sit78i,"CamemBERT fine-tuned on (claim, post) pairs",2,0.05856
siuakv,"CamemBERT fine-tuned on (claim, post) pairs",2,0.04664
sjxrk3,"CamemBERT fine-tuned on (claim, post) pairs",2,0.02699
smkm1j,"CamemBERT fine-tuned on (claim, post) pairs",2,0.02707
smzl0y,"CamemBERT fine-tuned on (claim, post) pairs",2,0.03033
sqnak8,"CamemBERT fine-tuned on (claim, post) pairs",2,0.04729
sqrcuv,"CamemBERT fine-tuned on (claim, post) pairs",2,0.07759
sqrsf0,"CamemBERT fine-tuned on (claim, post) pairs",2,0.0272
stsis1,"CamemBERT fine-tuned on (claim, post) pairs",2,0.04625
stu70x,"CamemBERT fine-tuned on (claim, post) pairs",2,0.15147
svfoic,"CamemBERT fine-tuned on (claim, post) pairs",2,0.04119
swaij2,"CamemBERT fine-tuned on (claim, post) pairs",2,0.06114
sxnj3u,"CamemBERT fine-tuned on (claim, post) pairs",2,0.03189
sxqmas,"CamemBERT fine-tuned on (claim, post) pairs",2,0.04638
t0zqxo,"CamemBERT fine-tuned on (claim, post) pairs",2,0.03495
t1991p,"CamemBERT fine-tuned on (claim, post) pairs",2,0.02671
t2m2sp,"CamemBERT fine-tuned on (claim, post) pairs",2,0.23944
t3cbqx,"CamemBERT fine-tuned on (claim, post) pairs",2,0.04586
t3f6jf,"CamemBERT fine-tuned on (claim, post) pairs",2,0.03016
t5jolk,"CamemBERT fine-tuned on (claim, post) pairs",2,0.03524
t8k9bm,"CamemBERT fine-tuned on (claim, post) pairs",2,0.13156
t8m8br,"CamemBERT fine-tuned on (claim, post) pairs",2,0.02854
t9h37p,"CamemBERT fine-tuned on (claim, post) pairs",2,0.03818
t9rxro,"CamemBERT fine-tuned on (claim, post) pairs",2,0.04586
ta9hzg,"CamemBERT fine-tuned on (claim, post) pairs",2,0.04548
tcd4ea,"CamemBERT fine-tuned on (claim, post) pairs",2,0.02857
tcdy59,"CamemBERT fine-tuned on (claim, post) pairs",2,0.05405
tdti6b,"CamemBERT fine-tuned on (claim, post) pairs",2,0.02951
tex3t2,"CamemBERT fine-tuned on (claim, post) pairs",2,0.03359
tfex6r,"CamemBERT fine-tuned on (claim, post) pairs",2,0.03039
tff4oo,"CamemBERT fine-tuned on (claim, post) pairs",2,0.04578
tga5wh,"CamemBERT fine-tuned on (claim, post) pairs",2,0.02772
tgx9do,"CamemBERT fine-tuned on (claim, post) pairs",2,0.03508
thqmny,"CamemBERT fine-tuned on (claim, post) pairs",2,0.02709
tj5mon,"CamemBERT fine-tuned on (claim, post) pairs",2,0.02841
tj64pr,"CamemBERT fine-tuned on (claim, post) pairs",2,0.57827
tj9grk,"CamemBERT fine-tuned on (claim, post) pairs",2,0.02732
tjd9sg,"CamemBERT fine-tuned on (claim, post) pairs",2,0.85158
tkah7f,"CamemBERT fine-tuned on (claim, post) pairs",2,0.0283
tko0oa,"CamemBERT fine-tuned on (claim, post) pairs",2,0.02712
tne29w,"CamemBERT fine-tuned on (claim, post) pairs",2,0.02681
tngso3,"CamemBERT fine-tuned on (claim, post) pairs",2,0.02707
tpp04o,"CamemBERT fine-tuned on (claim, post) pairs",2,0.02904
tq9ql5,"CamemBERT fine-tuned on (claim, post) pairs",2,0.06555
tq9whl,"CamemBERT fine-tuned on (claim, post) pairs",2,0.0289
tqs9hv,"CamemBERT fine-tuned on (claim, post) pairs",2,0.02722
tqzpga,"CamemBERT fine-tuned on (claim, post) pairs",2,0.02871
trz6tx,"CamemBERT fine-tuned on (claim, post) pairs",2,0.0273
tsszug,"CamemBERT fine-tuned on (claim, post) pairs",2,0.02727
ttajh4,"CamemBERT fine-tuned on (claim, post) pairs",2,0.15444
tu5kvn,"CamemBERT fine-tuned on (claim, post) pairs",2,0.02725
tuigm2,"CamemBERT fine-tuned on (claim, post) pairs",2,0.03168
tulwnl,"CamemBERT fine-tuned on (claim, post) pairs",2,0.04625
tuxfqm,"CamemBERT fine-tuned on (claim, post) pairs",2,0.0385
tv6jha,"CamemBERT fine-tuned on (claim, post) pairs",2,0.04058
tvv6l3,"CamemBERT fine-tuned on (claim, post) pairs",2,0.02701
tvvlsn,"CamemBERT fine-tuned on (claim, post) pairs",2,0.02895
twno29,"CamemBERT fine-tuned on (claim, post) pairs",2,0.02748
twqbiv,"CamemBERT fine-tuned on (claim, post) pairs",2,0.03111
twtj3l,"CamemBERT fine-tuned on (claim, post) pairs",2,0.0312
twzazb,"CamemBERT fine-tuned on (claim, post) pairs",2,0.06477
twzdpb,"CamemBERT fine-tuned on (claim, post) pairs",2,0.05932
txev90,"CamemBERT fine-tuned on (claim, post) pairs",2,0.02777
txiefh,"CamemBERT fine-tuned on (claim, post) pairs",2,0.60036
txj2le,"CamemBERT fine-tuned on (claim, post) pairs",2,0.02803
txu6iw,"CamemBERT fine-tuned on (claim, post) pairs",2,0.06724
ty61qq,"CamemBERT fine-tuned on (claim, post) pairs",2,0.02725
tye0kt,"CamemBERT fine-tuned on (claim, post) pairs",2,0.04774
tyg26z,"CamemBERT fine-tuned on (claim, post) pairs",2,0.03097
tzjv11,"CamemBERT fine-tuned on (claim, post) pairs",2,0.02976
tzq230,"CamemBERT fine-tuned on (claim, post) pairs",2,0.03321
u0dwf0,"CamemBERT fine-tuned on (claim, post) pairs",2,0.85336
u1725f,"CamemBERT fine-tuned on (claim, post) pairs",2,0.03588
u175uu,"CamemBERT fine-tuned on (claim, post) pairs",2,0.02945
u1a0we,"CamemBERT fine-tuned on (claim, post) pairs",2,0.02777
u1stp9,"CamemBERT fine-tuned on (claim, post) pairs",2,0.02942
u1uv83,"CamemBERT fine-tuned on (claim, post) pairs",2,0.07237
u20isz,"CamemBERT fine-tuned on (claim, post) pairs",2,0.03165
u28xy6,"CamemBERT fine-tuned on (claim, post) pairs",2,0.02673
u2k2hi,"CamemBERT fine-tuned on (claim, post) pairs",2,0.02806
u2koj4,"CamemBERT fine-tuned on (claim, post) pairs",2,0.03639
u2sccm,"CamemBERT fine-tuned on (claim, post) pairs",2,0.02814
u2w1gt,"CamemBERT fine-tuned on (claim, post) pairs",2,0.06342
u2wov2,"CamemBERT fine-tuned on (claim, post) pairs",2,0.03901
u45mul,"CamemBERT fine-tuned on (claim, post) pairs",2,0.02968
u4xjdq,"CamemBERT fine-tuned on (claim, post) pairs",2,0.02694
u5imm7,"CamemBERT fine-tuned on (claim, post) pairs",2,0.03482
u5iqno,"CamemBERT fine-tuned on (claim, post) pairs",2,0.0576
u6wyq8,"CamemBERT fine-tuned on (claim, post) pairs",2,0.05943
u6zb89,"CamemBERT fine-tuned on (claim, post) pairs",2,0.05052
u7tu70,"CamemBERT fine-tuned on (claim, post) pairs",2,0.02798
u7uhz2,"CamemBERT fine-tuned on (claim, post) pairs",2,0.03836
u80a3u,"CamemBERT fine-tuned on (claim, post) pairs",2,0.03027
u8o54e,"CamemBERT fine-tuned on (claim, post) pairs",2,0.02844
u9in0y,"CamemBERT fine-tuned on (claim, post) pairs",2,0.03059
ubia9r,"CamemBERT fine-tuned on (claim, post) pairs",2,0.0283
ujkb6o,"CamemBERT fine-tuned on (claim, post) pairs",2,0.02844
ullr4v,"CamemBERT fine-tuned on (claim, post) pairs",2,0.05267
ulo9ot,"CamemBERT fine-tuned on (claim, post) pairs",2,0.03691
ulp0es,"CamemBERT fine-tuned on (claim, post) pairs",2,0.02722
umehos,"CamemBERT fine-tuned on (claim, post) pairs",2,0.02817
uorpth,"CamemBERT fine-tuned on (claim, post) pairs",2,0.05326
urftnb,"CamemBERT fine-tuned on (claim, post) pairs",2,0.87267
urgn2d,"CamemBERT fine-tuned on (claim, post) pairs",2,0.0341
us26sy,"CamemBERT fine-tuned on (claim, post) pairs",2,0.04548
usyrk1,"CamemBERT fine-tuned on (claim, post) pairs",2,0.04608
ut1w2k,"CamemBERT fine-tuned on (claim, post) pairs",2,0.03964
uv7rco,"CamemBERT fine-tuned on (claim, post) pairs",2,0.04104
uvvzyu,"CamemBERT fine-tuned on (claim, post) pairs",2,0.02801
uw0gg6,"CamemBERT fine-tuned on (claim, post) pairs",2,0.8116
uwln53,"CamemBERT fine-tuned on (claim, post) pairs",2,0.49429
uxeake,"CamemBERT fine-tuned on (claim, post) pairs",2,0.03337
v0j1qf,"CamemBERT fine-tuned on (claim, post) pairs",2,0.04694
v2bfj2,"CamemBERT fine-tuned on (claim, post) pairs",2,0.02912
v3412y,"CamemBERT fine-tuned on (claim, post) pairs",2,0.04982
v3bd7k,"CamemBERT fine-tuned on (claim, post) pairs",2,0.02965
v3zw9e,"CamemBERT fine-tuned on (claim, post) pairs",2,0.02838
v5a8iu,"CamemBERT fine-tuned on (claim, post) pairs",2,0.51284
v5j9ny,"CamemBERT fine-tuned on (claim, post) pairs",2,0.07985
v66cxj,"CamemBERT fine-tuned on (claim, post) pairs",2,0.0546
v6qwzm,"CamemBERT fine-tuned on (claim, post) pairs",2,0.08594
v7iaoe,"CamemBERT fine-tuned on (claim, post) pairs",2,0.02948
v7j4nq,"CamemBERT fine-tuned on (claim, post) pairs",2,0.07251
v7ul64,"CamemBERT fine-tuned on (claim, post) pairs",2,0.08397
v8gd7u,"CamemBERT fine-tuned on (claim, post) pairs",2,0.0426
v8jpq9,"CamemBERT fine-tuned on (claim, post) pairs",2,0.12122
v95jzy,"CamemBERT fine-tuned on (claim, post) pairs",2,0.0936
vaj364,"CamemBERT fine-tuned on (claim, post) pairs",2,0.0283
valify,"CamemBERT fine-tuned on (claim, post) pairs",2,0.0294
vctood,"CamemBERT fine-tuned on (claim, post) pairs",2,0.02942
vd2qqh,"CamemBERT fine-tuned on (claim, post) pairs",2,0.0374
vdm3or,"CamemBERT fine-tuned on (claim, post) pairs",2,0.03324
vec520,"CamemBERT fine-tuned on (claim, post) pairs",2,0.28947
veq5sm,"CamemBERT fine-tuned on (claim, post) pairs",2,0.03007
vg3z1x,"CamemBERT fine-tuned on (claim, post) pairs",2,0.03138
vgk4kj,"CamemBERT fine-tuned on (claim, post) pairs",2,0.02777
vhn3ne,"CamemBERT fine-tuned on (claim, post) pairs",2,0.02836
vi8zcb,"CamemBERT fine-tuned on (claim, post) pairs",2,0.03847
vo65bw,"CamemBERT fine-tuned on (claim, post) pairs",2,0.0659
vqndkq,"CamemBERT fine-tuned on (claim, post) pairs",2,0.80479
vs0jf2,"CamemBERT fine-tuned on (claim, post) pairs",2,0.02993
vskks,"CamemBERT fine-tuned on (claim, post) pairs",2,0.10586
vu7hw1,"CamemBERT fine-tuned on (claim, post) pairs",2,0.22423
vy62fx,"CamemBERT fine-tuned on (claim, post) pairs",2,0.04625
vyq0jh,"CamemBERT fine-tuned on (claim, post) pairs",2,0.53861
vyr2ez,"CamemBERT fine-tuned on (claim, post) pairs",2,0.02709
vyrf29,"CamemBERT fine-tuned on (claim, post) pairs",2,0.03356
w1fc4i,"CamemBERT fine-tuned on (claim, post) pairs",2,0.03337
w28bbb,"CamemBERT fine-tuned on (claim, post) pairs",2,0.03879
w4l7b3,"CamemBERT fine-tuned on (claim, post) pairs",2,0.05218
w524xy,"CamemBERT fine-tuned on (claim, post) pairs",2,0.03305
w64hnf,"CamemBERT fine-tuned on (claim, post) pairs",2,0.03636
w8et95,"CamemBERT fine-tuned on (claim, post) pairs",2,0.06003
w8go16,"CamemBERT fine-tuned on (claim, post) pairs",2,0.19483
w9esue,"CamemBERT fine-tuned on (claim, post) pairs",2,0.03829
wanv20,"CamemBERT fine-tuned on (claim, post) pairs",2,0.02871
wb29ee,"CamemBERT fine-tuned on (claim, post) pairs",2,0.02793
wb2z5l,"CamemBERT fine-tuned on (claim, post) pairs",2,0.04573
wddtzu,"CamemBERT fine-tuned on (claim, post) pairs",2,0.02976
we62zs,"CamemBERT fine-tuned on (claim, post) pairs",2,0.08969
we8icr,"CamemBERT fine-tuned on (claim, post) pairs",2,0.02909
wek1a5,"CamemBERT fine-tuned on (claim, post) pairs",2,0.03612
wf2346,"CamemBERT fine-tuned on (claim, post) pairs",2,0.02793
wg2uk5,"CamemBERT fine-tuned on (claim, post) pairs",2,0.02764
whjlsz,"CamemBERT fine-tuned on (claim, post) pairs",2,0.03085
whlcrv,"CamemBERT fine-tuned on (claim, post) pairs",2,0.03225
whnjn2,"CamemBERT fine-tuned on (claim, post) pairs",2,0.03375
whv4p3,"CamemBERT fine-tuned on (claim, post) pairs",2,0.02795
wjwke8,"CamemBERT fine-tuned on (claim, post) pairs",2,0.02769
wkx90y,"CamemBERT fine-tuned on (claim, post) pairs",2,0.02727
wmkpt6,"CamemBERT fine-tuned on (claim, post) pairs",2,0.02787
wmq4gv,"CamemBERT fine-tuned on (claim, post) pairs",2,0.10017
wnfaz5,"CamemBERT fine-tuned on (claim, post) pairs",2,0.04131
wnyvp2,"CamemBERT fine-tuned on (claim, post) pairs",2,0.03986
wo5be0,"CamemBERT fine-tuned on (claim, post) pairs",2,0.0273
woeakw,"CamemBERT fine-tuned on (claim, post) pairs",2,0.02809
woxjy6,"CamemBERT fine-tuned on (claim, post) pairs",2,0.02987
wp50za,"CamemBERT fine-tuned on (claim, post) pairs",2,0.56132
wpoc3s,"CamemBERT fine-tuned on (claim, post) pairs",2,0.04414
wqnif4,"CamemBERT fine-tuned on (claim, post) pairs",2,0.03021
ws6jxa,"CamemBERT fine-tuned on (claim, post) pairs",2,0.02833
wtcent,"CamemBERT fine-tuned on (claim, post) pairs",2,0.0301
wvyxjh,"CamemBERT fine-tuned on (claim, post) pairs",2,0.04765
wwtpd0,"CamemBERT fine-tuned on (claim, post) pairs",2,0.0272
wxhwdi,"CamemBERT fine-tuned on (claim, post) pairs",2,0.0299
wxj8ki,"CamemBERT fine-tuned on (claim, post) pairs",2,0.03222
wxqe1u,"CamemBERT fine-tuned on (claim, post) pairs",2,0.04345
wy04r2,"CamemBERT fine-tuned on (claim, post) pairs",2,0.02712
wy39bp,"CamemBERT fine-tuned on (claim, post) pairs",2,0.02863
wycyn8,"CamemBERT fine-tuned on (claim, post) pairs",2,0.05536
x1hl3b,"CamemBERT fine-tuned on (claim, post) pairs",2,0.06712
x1ng5s,"CamemBERT fine-tuned on (claim, post) pairs",2,0.03779
x1tmzz,"CamemBERT fine-tuned on (claim, post) pairs",2,0.06131
x1tuwu,"CamemBERT fine-tuned on (claim, post) pairs",2,0.06555
x40f2a,"CamemBERT fine-tuned on (claim, post) pairs",2,0.02926
x40j9m,"CamemBERT fine-tuned on (claim, post) pairs",2,0.70355
x4q66o,"CamemBERT fine-tuned on (claim, post) pairs",2,0.12034
x57627,"CamemBERT fine-tuned on (claim, post) pairs",2,0.04561
x5vcc8,"CamemBERT fine-tuned on (claim, post) pairs",2,0.03183
x5x6ac,"CamemBERT fine-tuned on (claim, post) pairs",2,0.02996
x67dzf,"CamemBERT fine-tuned on (claim, post) pairs",2,0.05552
x6c8r8,"CamemBERT fine-tuned on (claim, post) pairs",2,0.54389
x93zqn,"CamemBERT fine-tuned on (claim, post) pairs",2,0.61402
xbgp47,"CamemBERT fine-tuned on (claim, post) pairs",2,0.05228
xdp6gr,"CamemBERT fine-tuned on (claim, post) pairs",2,0.02753
xex9ql,"CamemBERT fine-tuned on (claim, post) pairs",2,0.03578
xfpchd,"CamemBERT fine-tuned on (claim, post) pairs",2,0.04977
xg2sys,"CamemBERT fine-tuned on (claim, post) pairs",2,0.04435
xgtphy,"CamemBERT fine-tuned on (claim, post) pairs",2,0.02803
xgtu36,"CamemBERT fine-tuned on (claim, post) pairs",2,0.0286
xhmdpu,"CamemBERT fine-tuned on (claim, post) pairs",2,0.03416
xi1day,"CamemBERT fine-tuned on (claim, post) pairs",2,0.04556
xi3luv,"CamemBERT fine-tuned on (claim, post) pairs",2,0.04016
xjbhsq,"CamemBERT fine-tuned on (claim, post) pairs",2,0.02898
xk04ig,"CamemBERT fine-tuned on (claim, post) pairs",2,0.02904
xk7uo0,"CamemBERT fine-tuned on (claim, post) pairs",2,0.03498
xl6g1c,"CamemBERT fine-tuned on (claim, post) pairs",2,0.03964
xm7yyg,"CamemBERT fine-tuned on (claim, post) pairs",2,0.24301
xmd3mb,"CamemBERT fine-tuned on (claim, post) pairs",2,0.02743
xmh6ll,"CamemBERT fine-tuned on (claim, post) pairs",2,0.02814
xo476c,"CamemBERT fine-tuned on (claim, post) pairs",2,0.04043
xoh2kc,"CamemBERT fine-tuned on (claim, post) pairs",2,0.05943
xp3dns,"CamemBERT fine-tuned on (claim, post) pairs",2,0.02774
xpa8ir,"CamemBERT fine-tuned on (claim, post) pairs",2,0.04638
xpnn73,"CamemBERT fine-tuned on (claim, post) pairs",2,0.02863
xr31ed,"CamemBERT fine-tuned on (claim, post) pairs",2,0.40219
xr4cyd,"CamemBERT fine-tuned on (claim, post) pairs",2,0.86177
xs6spm,"CamemBERT fine-tuned on (claim, post) pairs",2,0.05829
xu9dy6,"CamemBERT fine-tuned on (claim, post) pairs",2,0.78703
xwsryq,"CamemBERT fine-tuned on (claim, post) pairs",2,0.04569
xx6ccb,"CamemBERT fine-tuned on (claim, post) pairs",2,0.04324
xx8h0w,"CamemBERT fine-tuned on (claim, post) pairs",2,0.06383
xymafi,"CamemBERT fine-tuned on (claim, post) pairs",2,0.68353
xzh765,"CamemBERT fine-tuned on (claim, post) pairs",2,0.03736
y09nwo,"CamemBERT fine-tuned on (claim, post) pairs",2,0.03079
y1b9q2,"CamemBERT fine-tuned on (claim, post) pairs",2,0.03771
y2unrx,"CamemBERT fine-tuned on (claim, post) pairs",2,0.36855
y2uqw1,"CamemBERT fine-tuned on (claim, post) pairs",2,0.048
y322ea,"CamemBERT fine-tuned on (claim, post) pairs",2,0.03097
y3m3m6,"CamemBERT fine-tuned on (claim, post) pairs",2,0.03807
y3ojmz,"CamemBERT fine-tuned on (claim, post) pairs",2,0.35841
y3rzcj,"CamemBERT fine-tuned on (claim, post) pairs",2,0.02694
y57x33,"CamemBERT fine-tuned on (claim, post) pairs",2,0.02756
y6508z,"CamemBERT fine-tuned on (claim, post) pairs",2,0.02798
y67acv,"CamemBERT fine-tuned on (claim, post) pairs",2,0.0342
y70bh7,"CamemBERT fine-tuned on (claim, post) pairs",2,0.05047
y772l0,"CamemBERT fine-tuned on (claim, post) pairs",2,0.04836
y7flqf,"CamemBERT fine-tuned on (claim, post) pairs",2,0.02942
y7sgen,"CamemBERT fine-tuned on (claim, post) pairs",2,0.02678
y7vnpu,"CamemBERT fine-tuned on (claim, post) pairs",2,0.02917
y7ydqc,"CamemBERT fine-tuned on (claim, post) pairs",2,0.03021
y8v06b,"CamemBERT fine-tuned on (claim, post) pairs",2,0.04913
y9jfj9,"CamemBERT fine-tuned on (claim, post) pairs",2,0.13313
y9pbe0,"CamemBERT fine-tuned on (claim, post) pairs",2,0.02934
ya0oo0,"CamemBERT fine-tuned on (claim, post) pairs",2,0.02819
ya0vz3,"CamemBERT fine-tuned on (claim, post) pairs",2,0.10466
yayqyf,"CamemBERT fine-tuned on (claim, post) pairs",2,0.02684
ybi13h,"CamemBERT fine-tuned on (claim, post) pairs",2,0.14379
ybjgjo,"CamemBERT fine-tuned on (claim, post) pairs",2,0.03861
yc5ckl,"CamemBERT fine-tuned on (claim, post) pairs",2,0.03927
yc5qrl,"CamemBERT fine-tuned on (claim, post) pairs",2,0.14719
yc6o95,"CamemBERT fine-tuned on (claim, post) pairs",2,0.0273
yc7pdp,"CamemBERT fine-tuned on (claim, post) pairs",2,0.02942
yccbvb,"CamemBERT fine-tuned on (claim, post) pairs",2,0.02743
ycd4xu,"CamemBERT fine-tuned on (claim, post) pairs",2,0.04489
ycmn79,"CamemBERT fine-tuned on (claim, post) pairs",2,0.02865
ydad37,"CamemBERT fine-tuned on (claim, post) pairs",2,0.02689
yddfgd,"CamemBERT fine-tuned on (claim, post) pairs",2,0.04561
ydvxvo,"CamemBERT fine-tuned on (claim, post) pairs",2,0.03082
yew101,"CamemBERT fine-tuned on (claim, post) pairs",2,0.04205
yff571,"CamemBERT fine-tuned on (claim, post) pairs",2,0.04456
yghar1,"CamemBERT fine-tuned on (claim, post) pairs",2,0.0289
yh87tu,"CamemBERT fine-tuned on (claim, post) pairs",2,0.03581
yhelbe,"CamemBERT fine-tuned on (claim, post) pairs",2,0.041
yhlu8o,"CamemBERT fine-tuned on (claim, post) pairs",2,0.34021
yibcjz,"CamemBERT fine-tuned on (claim, post) pairs",2,0.2713
yj84wo,"CamemBERT fine-tuned on (claim, post) pairs",2,0.02923
yj9iqd,"CamemBERT fine-tuned on (claim, post) pairs",2,0.02871
yk7f0z,"CamemBERT fine-tuned on (claim, post) pairs",2,0.0315
ykmuv3,"CamemBERT fine-tuned on (claim, post) pairs",2,0.02753
ylcoz0,"CamemBERT fine-tuned on (claim, post) pairs",2,0.02756
ylgzxo,"CamemBERT fine-tuned on (claim, post) pairs",2,0.21859
ylt6sd,"CamemBERT fine-tuned on (claim, post) pairs",2,0.02745
ymehyd,"CamemBERT fine-tuned on (claim, post) pairs",2,0.03129
ympewy,"CamemBERT fine-tuned on (claim, post) pairs",2,0.02756
ynrjsu,"CamemBERT fine-tuned on (claim, post) pairs",2,0.02772
yojbib,"CamemBERT fine-tuned on (claim, post) pairs",2,0.02782
yok97w,"CamemBERT fine-tuned on (claim, post) pairs",2,0.02712
yomwdv,"CamemBERT fine-tuned on (claim, post) pairs",2,0.03898
ypkenn,"CamemBERT fine-tuned on (claim, post) pairs",2,0.04054
ypqdpt,"CamemBERT fine-tuned on (claim, post) pairs",2,0.03979
yptma9,"CamemBERT fine-tuned on (claim, post) pairs",2,0.02676
yqkrxy,"CamemBERT fine-tuned on (claim, post) pairs",2,0.03898
yrb5ve,"CamemBERT fine-tuned on (claim, post) pairs",2,0.03656
ys1f1z,"CamemBERT fine-tuned on (claim, post) pairs",2,0.24247
yt5wxs,"CamemBERT fine-tuned on (claim, post) pairs",2,0.02887
ytcjvl,"CamemBERT fine-tuned on (claim, post) pairs",2,0.02748
yty2zl,"CamemBERT fine-tuned on (claim, post) pairs",2,0.02727
yu7mq4,"CamemBERT fine-tuned on (claim, post) pairs",2,0.13765
yu8pj0,"CamemBERT fine-tuned on (claim, post) pairs",2,0.02684
yu8yu0,"CamemBERT fine-tuned on (claim, post) pairs",2,0.02732
yut4a3,"CamemBERT fine-tuned on (claim, post) pairs",2,0.02954
yvqklt,"CamemBERT fine-tuned on (claim, post) pairs",2,0.03968
yvw5nm,"CamemBERT fine-tuned on (claim, post) pairs",2,0.06465
ywpoaw,"CamemBERT fine-tuned on (claim, post) pairs",2,0.03883
yxmt72,"CamemBERT fine-tuned on (claim, post) pairs",2,0.0272
yyf3mh,"CamemBERT fine-tuned on (claim, post) pairs",2,0.02678
yyifu6,"CamemBERT fine-tuned on (claim, post) pairs",2,0.02954
yzhtwl,"CamemBERT fine-tuned on (claim, post) pairs",2,0.0283
yzi2oj,"CamemBERT fine-tuned on (claim, post) pairs",2,0.02653
yzy7g7,"CamemBERT fine-tuned on (claim, post) pairs",2,0.03625
z08fem,"CamemBERT fine-tuned on (claim, post) pairs",2,0.22262
z217fn,"CamemBERT fine-tuned on (claim, post) pairs",2,0.05894
z2t1dd,"CamemBERT fine-tuned on (claim, post) pairs",2,0.35332
z2wg3i,"CamemBERT fine-tuned on (claim, post) pairs",2,0.03698
z3n2bd,"CamemBERT fine-tuned on (claim, post) pairs",2,0.03872
z4hbb5,"CamemBERT fine-tuned on (claim, post) pairs",2,0.03036
z4hcoq,"CamemBERT fine-tuned on (claim, post) pairs",2,0.02745
z6t1gp,"CamemBERT fine-tuned on (claim, post) pairs",2,0.04595
z6tf3q,"CamemBERT fine-tuned on (claim, post) pairs",2,0.0274
z6wm48,"CamemBERT fine-tuned on (claim, post) pairs",2,0.0274
z6wyy8,"CamemBERT fine-tuned on (claim, post) pairs",2,0.02738
z6yxp0,"CamemBERT fine-tuned on (claim, post) pairs",2,0.02681
z7174d,"CamemBERT fine-tuned on (claim, post) pairs",2,0.02817
zac957,"CamemBERT fine-tuned on (claim, post) pairs",2,0.02759
zalgtq,"CamemBERT fine-tuned on (claim, post) pairs",2,0.24527
zaowq2,"CamemBERT fine-tuned on (claim, post) pairs",2,0.02945
zasifl,"CamemBERT fine-tuned on (claim, post) pairs",2,0.02689
zc3v10,"CamemBERT fine-tuned on (claim, post) pairs",2,0.03575
zcf7zw,"CamemBERT fine-tuned on (claim, post) pairs",2,0.03722
zcff9z,"CamemBERT fine-tuned on (claim, post) pairs",2,0.02806
zcmrow,"CamemBERT fine-tuned on (claim, post) pairs",2,0.02772
zcq6um,"CamemBERT fine-tuned on (claim, post) pairs",2,0.04476
zd64up,"CamemBERT fine-tuned on (claim, post) pairs",2,0.03975
zdui50,"CamemBERT fine-tuned on (claim, post) pairs",2,0.02651
ze12xr,"CamemBERT fine-tuned on (claim, post) pairs",2,0.06621
zeb5v6,"CamemBERT fine-tuned on (claim, post) pairs",2,0.03321
zefq0o,"CamemBERT fine-tuned on (claim, post) pairs",2,0.06483
zgt2g6,"CamemBERT fine-tuned on (claim, post) pairs",2,0.78629
zgt2jj,"CamemBERT fine-tuned on (claim, post) pairs",2,0.02725
zgzt0a,"CamemBERT fine-tuned on (claim, post) pairs",2,0.02904
zhtj3j,"CamemBERT fine-tuned on (claim, post) pairs",2,0.02663
zhx9ym,"CamemBERT fine-tuned on (claim, post) pairs",2,0.02809
zl3bjt,"CamemBERT fine-tuned on (claim, post) pairs",2,0.03715
zlgp2y,"CamemBERT fine-tuned on (claim, post) pairs",2,0.03498
zlnftq,"CamemBERT fine-tuned on (claim, post) pairs",2,0.0301
zmdnn0,"CamemBERT fine-tuned on (claim, post) pairs",2,0.0731
zmhqdd,"CamemBERT fine-tuned on (claim, post) pairs",2,0.11576
zmjuhx,"CamemBERT fine-tuned on (claim, post) pairs",2,0.05161
znaiu7,"CamemBERT fine-tuned on (claim, post) pairs",2,0.02962
zpmpk6,"CamemBERT fine-tuned on (claim, post) pairs",2,0.02798
zpmvbz,"CamemBERT fine-tuned on (claim, post) pairs",2,0.02777
zpn35n,"CamemBERT fine-tuned on (claim, post) pairs",2,0.02764
zqj2oc,"CamemBERT fine-tuned on (claim, post) pairs",2,0.02798
zqjfhd,"CamemBERT fine-tuned on (claim, post) pairs",2,0.02774
zqknq3,"CamemBERT fine-tuned on (claim, post) pairs",2,0.03629
zr75tz,"CamemBERT fine-tuned on (claim, post) pairs",2,0.02753
zr7d8d,"CamemBERT fine-tuned on (claim, post) pairs",2,0.02822
zryrqz,"CamemBERT fine-tuned on (claim, post) pairs",2,0.02714
zsjr52,"CamemBERT fine-tuned on (claim, post) pairs",2,0.02817
zu93n1,"CamemBERT fine-tuned on (claim, post) pairs",2,0.03908
zuchli,"CamemBERT fine-tuned on (claim, post) pairs",2,0.30981
zuvven,"CamemBERT fine-tuned on (claim, post) pairs",2,0.04077
zvy2tn,"CamemBERT fine-tuned on (claim, post) pairs",2,0.03847
zwbcm1,"CamemBERT fine-tuned on (claim, post) pairs",2,0.03575
zwdt7q,"CamemBERT fine-tuned on (claim, post) pairs",2,0.02717
zwlkjj,"CamemBERT fine-tuned on (claim, post) pairs",2,0.03598
zx78lo,"CamemBERT fine-tuned on (claim, post) pairs",2,0.06171
zxmbj8,"CamemBERT fine-tuned on (claim, post) pairs",2,0.02748
zy28vs,"CamemBERT fine-tuned on (claim, post) pairs",2,0.02898
zy2ssi,"CamemBERT fine-tuned on (claim, post) pairs",2,0.02691
zy2z2i,"CamemBERT fine-tuned on (claim, post) pairs",2,0.02795
zyezwp,"CamemBERT fine-tuned on (claim, post) pairs",2,0.04209
