post_id,p_entailment,p_neutral,p_contradiction
100hfq1,0.00022,0.99305,0.00673
101aehd,0.00055,0.99771,0.00174
102y4vm,0.00164,0.99767,0.00069
102zk07,0.00076,0.99799,0.00125
103ykgf,0.00012,0.99931,0.00057
1049976,0.00096,0.99724,0.0018
104updy,0.00458,0.6028,0.39263
105of9u,0.00804,0.90993,0.08202
105ut3d,0.34124,0.63939,0.01936
105yef6,0.00096,0.99879,0.00025
106htar,0.0066,0.85276,0.14064
106obfl,0.00734,0.99145,0.00121
107acdv,0.00083,0.98825,0.01092
107ai30,0.01502,0.98434,0.00065
107k677,0.04082,0.93183,0.02735
1083d63,0.03372,0.65194,0.31434
1085vco,0.01569,0.97963,0.00469
108au1g,0.01282,0.97342,0.01376
108dj01,0.00028,0.99516,0.00456
108jho8,0.01086,0.96689,0.02226
108lvx8,0.00051,0.99821,0.00128
109060s,0.03974,0.91516,0.0451
109dle6,0.00747,0.1068,0.88573
109t68i,0.00128,0.99821,0.00051
109vdiz,0.00278,0.99238,0.00484
109wo9y,0.00128,0.81477,0.18394
109wufc,0.03206,0.9675,0.00045
109wvby,0.00479,0.97969,0.01551
10ar4tu,0.00523,0.99442,0.00035
10ar69a,0.00153,0.99787,0.0006
10azz4b,0.00391,0.63161,0.36448
10bojv6,0.00023,0.99934,0.00043
10cfvrk,0.00043,0.96328,0.03629
10cx7gi,0.00047,0.99918,0.00035
10ef5bk,0.38785,0.23138,0.38077
10emso6,0.00439,0.99526,0.00035
10f1fr1,0.00146,0.9535,0.04503
10f72tg,0.01148,0.98142,0.00709
10f9eqa,0.00638,0.98206,0.01157
10f9jjw,0.00017,0.99904,0.00079
10gs3zg,0.00141,0.99553,0.00306
10ihoa3,0.10112,0.84071,0.05817
10iplkg,0.00203,0.99781,0.00016
10jb309,0.10279,0.60641,0.2908
10jopb1,0.00011,0.99954,0.00035
10k12o9,0.00106,0.98619,0.01276
10kz71e,0.00124,0.99864,0.00012
10loyb9,0.00121,0.99774,0.00105
10lq0pd,0.00036,0.99847,0.00117
10lt2gk,0.00069,0.99241,0.0069
10mhy4q,0.13755,0.86092,0.00153
10mxok4,0.00018,0.99934,0.00048
10nbec0,0.02364,0.97495,0.00141
10o0u9n,0.55267,0.42148,0.02585
10o4p3a,0.06068,0.91978,0.01954
10ou65s,0.00697,0.99171,0.00132
10oxcxt,0.00057,0.99623,0.00321
10oy6iq,0.70544,0.27951,0.01505
10ozpbg,0.00699,0.27983,0.71318
10pisjx,0.1717,0.58971,0.23859
10ptgx2,0.00216,0.91027,0.08757
10q30di,0.18264,0.78767,0.02969
10r1m8y,0.00081,0.99715,0.00204
10rmjaw,0.00042,0.99919,0.00039
10set1d,0.16068,0.83701,0.00231
10sg9d9,0.00174,0.9981,0.00016
10si603,0.09381,0.68009,0.2261
10td81j,0.0025,0.99615,0.00135
10te1kt,0.00344,0.99563,0.00093
10u97r9,0.00157,0.9816,0.01682
10uli5k,0.00158,0.99801,0.00041
10uonu8,0.03168,0.95012,0.0182
10v25p3,0.1145,0.81204,0.07346
10vzejp,0.00155,0.96999,0.02846
10w4phk,0.00696,0.9929,0.00014
10wv3eo,0.00367,0.9938,0.00254
10ww7ko,0.40272,0.5459,0.05138
10xdz8j,0.00236,0.99692,0.00071
10xs8iy,0.00236,0.99692,0.00071
10z13f7,0.00539,0.3951,0.59952
10zs908,0.00081,0.98878,0.01041
110c52b,0.00025,0.9996,0.00015
111agco,0.00051,0.99853,0.00096
112d7gi,0.00013,0.98883,0.01104
112hhpt,0.00189,0.93055,0.06756
112u3yl,0.00025,0.99951,0.00024
112vvj2,0.00146,0.99843,0.00011
114db0u,0.51473,0.47884,0.00643
114e0fy,0.00261,0.99551,0.00188
114fny3,0.01097,0.98462,0.00441
114j6i4,0.04263,0.90265,0.05471
114kq6q,0.00418,0.10939,0.88643
114r0wo,0.01365,0.72821,0.25813
115kdqw,0.09156,0.90772,0.00072
115wkch,0.05797,0.92734,0.0147
11665fz,0.02093,0.88647,0.0926
1170g85,0.00115,0.9987,0.00015
1176lct,0.48966,0.34016,0.17018
1180hws,0.00354,0.99505,0.00141
11832w4,0.01901,0.97621,0.00477
118trfu,0.00175,0.84203,0.15622
118uwmk,0.00596,0.98171,0.01233
11945kv,0.00069,0.99918,0.00013
119rjhv,0.00081,0.99831,0.00088
11a0bue,0.56856,0.43001,0.00143
11a46o0,0.0259,0.78316,0.19094
11a9pwr,0.02491,0.08397,0.89112
11b87lm,0.01568,0.95875,0.02557
11cfl1w,0.00024,0.99904,0.00072
11d7ubq,0.06805,0.89774,0.0342
11d7zw6,0.00208,0.41735,0.58057
11dadun,0.58294,0.26282,0.15424
11dalu6,0.00026,0.99946,0.00028
11dlehi,0.00029,0.8287,0.17101
11e0oqx,0.00189,0.99492,0.00318
11e409a,0.00104,0.9825,0.01646
11edn0p,0.34107,0.21506,0.44387
11ee61o,0.00094,0.99706,0.002
11ey8z6,0.00038,0.99506,0.00457
11f3eeg,0.00262,0.99598,0.0014
11fccha,0.00064,0.99824,0.00112
11fdksb,0.69615,0.03859,0.26526
11fz3md,0.09006,0.88591,0.02403
11fz8xh,0.007,0.96662,0.02638
11huqoo,0.00296,0.87404,0.123
11irsxz,0.00033,0.99939,0.00028
11j4n7z,0.00175,0.98952,0.00873
11jdw4c,0.01525,0.96791,0.01683
11jitw6,0.00378,0.98788,0.00834
11l3gjg,0.00145,0.99537,0.00318
11l5mgy,0.0627,0.9313,0.006
11lfciv,0.26148,0.40267,0.33586
11lv4dm,0.01424,0.8827,0.10306
11m0jps,0.00163,0.68315,0.31522
11marvj,0.2127,0.78336,0.00395
11mbhhs,0.00212,0.09992,0.89796
11mrjs6,0.01884,0.4719,0.50925
11nj3q3,0.00528,0.9911,0.00362
11oha77,0.01351,0.88628,0.10021
11ok2qd,0.00125,0.9932,0.00555
11oof25,0.02298,0.97404,0.00298
11pjlaw,0.98085,0.00947,0.00968
11q5nwm,0.04009,0.95707,0.00284
11q71hx,0.07834,0.8889,0.03276
11rbj7x,0.00536,0.50728,0.48737
11rusfi,0.00037,0.99894,0.00069
11s17mi,0.01123,0.39555,0.59322
11s1mwn,0.00801,0.96054,0.03145
11s5x0w,0.00049,0.99114,0.00837
11sbdcc,0.0003,0.92761,0.07209
11srgyr,0.00094,0.99876,0.0003
11srmee,0.07182,0.92122,0.00697
11swh9c,0.43201,0.42262,0.14538
11szwem,0.00195,0.99101,0.00704
11t3igh,0.02255,0.08279,0.89466
11tuxpn,0.00709,0.90579,0.08712
11txcv3,0.03186,0.96006,0.00808
11vrlso,0.00011,0.99928,0.0006
11wowlb,0.00833,0.44757,0.5441
11wowov,0.00091,0.99571,0.00338
11wrm9q,0.00044,0.99895,0.00061
11wwgwj,0.01017,0.93161,0.05823
11wz0me,0.00013,0.99852,0.00135
11xhao1,0.00058,0.99783,0.00159
11xwpn3,0.00092,0.87035,0.12874
11zdm9m,0.05122,0.94783,0.00095
11zdohu,0.99068,0.00729,0.00204
11zldij,0.47249,0.39749,0.13003
11zlvvp,0.02389,0.97084,0.00527
120fq4u,0.00362,0.99508,0.0013
120sr6e,0.01839,0.97024,0.01137
120uouk,0.00106,0.99805,0.00089
121hlom,0.0002,0.99721,0.00258
121jajz,0.00382,0.02532,0.97086
121tiuj,0.04714,0.73167,0.22119
122kkoa,0.00906,0.28685,0.70409
123lveb,0.00266,0.9967,0.00064
123oj7s,0.00017,0.99523,0.0046
124p7cf,0.13452,0.86313,0.00235
124sqph,0.00104,0.98086,0.01809
125j6of,0.04911,0.388,0.56289
126ftbj,0.00202,0.10896,0.88902
126ms18,0.00541,0.33213,0.66246
126yspz,0.00082,0.99907,0.00011
1281hx0,0.00028,0.99694,0.00278
12ahekq,0.14709,0.81186,0.04106
12baklv,0.00739,0.48807,0.50454
12brpfm,0.00034,0.99953,0.00013
12csy2q,0.96964,0.02653,0.00383
12cvhvs,0.00033,0.99951,0.00016
12dddt7,0.00039,0.9994,0.00021
12ddpq6,0.01822,0.24338,0.7384
12decva,0.01339,0.97162,0.01499
12dri6t,0.00123,0.97065,0.02812
12ee5ls,0.00258,0.98663,0.01079
12ezowh,0.00757,0.9381,0.05434
12fpn6i,0.27404,0.47125,0.25472
12gto59,0.00032,0.99882,0.00086
12gw98e,0.00052,0.99936,0.00012
12gwpn6,0.8119,0.18673,0.00137
12gwtc1,0.00029,0.99934,0.00037
12kbigt,0.00529,0.98922,0.00549
12kid2q,0.05711,0.93805,0.00485
12kvpdm,0.04465,0.95208,0.00327
12lpsbh,0.00433,0.98752,0.00814
12lq3tk,0.00388,0.5631,0.43301
12lq801,0.03138,0.95792,0.01069
12lwnfm,0.00206,0.99078,0.00716
12m1wgz,0.00032,0.00152,0.99816
12o315k,0.00825,0.97987,0.01189
12o3f3q,0.00112,0.99736,0.00152
12ocqg4,0.13343,0.68897,0.17759
12oedgl,0.00317,0.93418,0.06265
12oespk,0.33202,0.62821,0.03977
12p6nlt,0.99666,0.00302,0.00031
12p9mzj,0.29776,0.70048,0.00176
12pb3sj,0.00917,0.98865,0.00218
12pgfl4,0.00369,0.9947,0.0016
12pmju1,0.00032,0.99773,0.00195
12qe6r6,0.02949,0.9457,0.02481
12qkylt,0.00512,0.99462,0.00026
12ql713,0.00027,0.98728,0.01246
12s50vj,0.00081,0.99898,0.00022
12ssj9h,0.00038,0.99949,0.00013
12ssvfv,0.25971,0.73911,0.00119
12swxs5,0.00028,0.99928,0.00044
12vijhs,0.00024,0.99753,0.00222
12vjdw9,0.00028,0.9995,0.00022
12vjy4g,0.00416,0.99387,0.00197
12vkgvs,0.00086,0.99642,0.00272
12vko0o,0.0004,0.40953,0.59007
12vksn1,0.00349,0.9961,0.00041
12wh6q7,0.00794,0.97646,0.0156
12x5uwd,0.09415,0.87837,0.02747
12yhx4y,0.00779,0.9911,0.00111
12yifx8,0.00058,0.99116,0.00826
12ynguc,0.00017,0.99961,0.00021
12z9ned,0.00345,0.99443,0.00212
12zjevs,0.03303,0.96639,0.00059
12zodvi,0.17932,0.81354,0.00714
130hcib,0.00177,0.8633,0.13494
130hy1l,0.00033,0.99935,0.00032
130jjlk,0.00349,0.98467,0.01184
13130cj,0.00033,0.99879,0.00088
1313d0e,0.00017,0.9993,0.00053
131ji0g,0.00041,0.99269,0.0069
131lzz7,0.00045,0.99742,0.00213
131mwun,0.08026,0.9114,0.00834
131nftw,0.00068,0.99881,0.0005
131nq93,0.49196,0.49631,0.01173
132n7xl,0.00023,0.99962,0.00016
132o4fs,0.00522,0.99256,0.00221
132oc0k,0.00369,0.99533,0.00098
132rtf2,0.01022,0.98308,0.0067
134n3l2,0.0021,0.99725,0.00065
136daux,0.0005,0.99895,0.00055
136kq85,0.02623,0.96518,0.00859
137fc3o,0.00182,0.99744,0.00074
137fjhy,0.00024,0.99959,0.00017
137gmqe,0.00049,0.96277,0.03673
139lq41,0.96413,0.03526,0.00062
139ojd7,0.00206,0.06596,0.93197
13as6v3,0.07808,0.87242,0.04951
13aw8ny,0.02186,0.23647,0.74167
13awlh9,0.00558,0.99347,0.00095
13awtoy,0.00926,0.80013,0.19061
13bhtuu,0.05975,0.88836,0.05189
13bibgx,0.11658,0.87357,0.00986
13booh4,0.20719,0.78193,0.01087
13c5obs,0.00032,0.25675,0.74293
13cjg9f,8e-05,0.00313,0.99679
13dkuds,0.00273,0.98261,0.01466
13edi9y,0.0326,0.28585,0.68155
13eky2c,0.07484,0.92136,0.00379
13f15oh,0.00092,0.99829,0.00079
13f2snt,0.00089,0.99671,0.00241
13fcqcj,0.00058,0.9751,0.02432
13fd1pa,0.00189,0.00673,0.99138
13fhzph,0.00027,0.99376,0.00597
13hd97w,0.00173,0.99748,0.00078
13hilrj,0.10951,0.34616,0.54433
13i4svg,0.00711,0.91198,0.0809
13i72vg,0.00211,0.99779,0.00011
13igcdn,0.00346,0.94698,0.04956
13ju5kw,0.19201,0.46855,0.33944
13k1fqx,0.00321,0.94656,0.05022
13kb1cf,0.01334,0.06655,0.9201
13kztxp,0.00237,0.99618,0.00144
13lhwle,0.28398,0.67428,0.04174
13n6u9z,0.00332,0.99303,0.00365
13nr2lt,0.00149,0.97815,0.02036
13p0urf,0.13891,0.84924,0.01186
13peyn8,0.00032,0.98211,0.01757
13qjnlp,0.00169,0.99639,0.00192
13r4a7k,0.0067,0.04785,0.94545
13rj771,0.00042,0.99781,0.00176
13rmhyo,0.0032,0.99542,0.00138
13sb7od,0.0036,0.99614,0.00027
13sdty3,0.82101,0.13217,0.04682
13seli6,0.00019,0.99963,0.00019
13tvumk,0.00114,0.99855,0.0003
13vkidb,0.0012,0.99842,0.00038
13voob9,0.00069,0.95703,0.04229
13vqx03,0.00418,0.99296,0.00286
13vrw1z,0.00217,0.94935,0.04848
13vzorq,0.00011,0.99842,0.00147
13wezig,0.00193,0.96553,0.03254
13ww9my,0.03862,0.928,0.03338
13xd35y,0.00028,0.9995,0.00022
13y6y7v,0.0008,0.99874,0.00046
13z4905,0.00115,0.99692,0.00194
141dend,0.31892,0.66858,0.0125
141gi0z,0.02253,0.93666,0.04081
142a1c9,0.00073,0.98247,0.01679
143d0ua,0.36039,0.61424,0.02538
144cn05,0.00014,0.99967,0.00019
1455ths,0.00636,0.99318,0.00046
146zvpu,0.00018,0.99966,0.00016
14945l9,0.00182,0.93408,0.06409
1495e2s,0.01294,0.58243,0.40462
1496bbe,0.02577,0.9718,0.00243
149y7n0,0.05154,0.92844,0.02002
14a0iy8,0.00412,0.99149,0.00439
14a48ox,0.00027,0.99956,0.00017
14a4coz,0.00015,0.99937,0.00049
14a4hia,0.30976,0.65449,0.03575
14a4lgz,0.00102,0.99844,0.00054
14aswpe,0.00153,0.98386,0.01461
14bxm4j,0.00034,0.99935,0.00031
14clvdt,0.02312,0.73199,0.24489
14dmbhp,0.01322,0.98625,0.00054
14dmur2,0.00042,0.9993,0.00028
14e5zwh,0.12649,0.86399,0.00952
14jateg,0.00032,0.97611,0.02356
14jimzx,0.13994,0.83976,0.0203
14jnqwd,0.00199,0.42643,0.57159
14lwal3,0.00025,0.99885,0.00091
14m4oke,0.00064,0.99684,0.00252
14mznfn,0.00872,0.91274,0.07853
14n81kn,0.00755,0.98591,0.00654
14nq474,0.00058,0.9993,0.00013
14peh0c,0.98381,0.01413,0.00206
14t6i25,0.06472,0.92627,0.00901
14u0n1t,0.0511,0.94627,0.00264
14v7943,0.23857,0.61361,0.14782
14wo22a,0.00043,0.99933,0.00025
14yge8b,0.05554,0.83551,0.10895
1509mag,0.00157,0.6281,0.37033
152psh8,0.00023,0.99704,0.00274
152u6w6,0.00212,0.99666,0.00123
15312zr,0.00183,0.9979,0.00027
155kxt6,0.01225,0.9862,0.00156
156mub1,0.00021,0.99708,0.00271
1584uxr,0.00036,0.97016,0.02948
1586vte,0.00188,0.94737,0.05075
159c7gq,0.00168,0.90878,0.08954
159g1b5,0.04847,0.94844,0.0031
15a8prv,0.0125,0.86252,0.12499
15a8vyw,0.08568,0.36133,0.55299
15aaw83,0.00023,0.99867,0.00109
15auuwg,0.00303,0.97365,0.02332
15crqft,0.00205,0.99693,0.00102
15cxyur,0.00177,0.76054,0.23769
15d3csi,0.005,0.74351,0.25149
15e9adj,0.00044,0.99938,0.00018
15eb6kt,0.00479,0.93356,0.06164
15ebd5k,0.00641,0.99247,0.00112
15eg570,0.01361,0.95957,0.02682
15ffsmu,0.00414,0.99003,0.00583
15g8q72,0.00668,0.98676,0.00656
15gyjp3,0.00599,0.98576,0.00825
15hw0om,0.0058,0.97816,0.01604
15hwdky,0.04901,0.86868,0.08231
15isioa,0.02904,0.96993,0.00103
15j2pz9,0.00108,0.99523,0.00369
15j43lf,0.00572,0.99331,0.00097
15kosj0,0.07142,0.76558,0.163
15krhgh,0.00049,0.99861,0.00089
15kvv3y,0.00027,0.9981,0.00163
15lu2d2,0.00026,0.99936,0.00038
15lunx9,0.00136,0.99734,0.0013
15mia1y,0.0083,0.9909,0.0008
15midjy,0.88187,0.09991,0.01821
15mlo3k,0.0062,0.99045,0.00335
15o4636,0.0007,0.99899,0.0003
15ozc9o,0.00022,0.99894,0.00083
15q3j5b,0.03176,0.93733,0.03091
15qtbrv,0.0116,0.97454,0.01386
15qug5c,0.00722,0.99216,0.00062
15r4ala,0.00205,0.99408,0.00387
15rqqca,0.09115,0.90367,0.00518
15su48d,0.07452,0.91751,0.00797
15tkvmf,0.19425,0.26534,0.54041
15wbys2,0.00034,0.9965,0.00316
15wcsc1,0.00032,0.99712,0.00255
15wfdns,0.00025,0.99892,0.00083
15wfjod,0.00014,0.99957,0.00029
15xlqhu,0.00468,0.9949,0.00043
15y9ex8,0.00109,0.99846,0.00045
15yd899,0.00128,0.99807,0.00065
15z41xe,0.20301,0.78624,0.01074
15z6om4,0.039,0.95947,0.00153
161d2au,0.00043,0.99931,0.00026
161vpoq,0.01482,0.98186,0.00331
163mu5b,0.0004,0.93137,0.06823
163sc1p,0.00137,0.99827,0.00036
164lrkh,0.06364,0.84153,0.09483
164rpz4,0.47181,0.5197,0.00848
165fb4w,0.10401,0.71528,0.18072
166zkc4,0.00016,0.99889,0.00095
167573w,0.00255,0.99528,0.00217
1677z9e,0.00029,0.97011,0.0296
167xq4e,0.00362,0.99502,0.00136
168elrj,0.02716,0.97124,0.00159
16a85oh,0.00074,0.999,0.00026
16ax72h,0.00096,0.99859,0.00045
16ca2qs,0.00682,0.96719,0.02599
16cci0i,0.00029,0.99945,0.00026
16cgp44,0.00307,0.99533,0.0016
16chxuz,0.00082,0.99902,0.00016
16cw8gk,0.05746,0.50767,0.43487
16d3srr,0.01222,0.97427,0.01351
16d4mmj,0.84119,0.14884,0.00997
16dghd5,0.00735,0.95289,0.03976
16e5828,0.00241,0.66749,0.33011
16e7s2x,0.0007,0.9991,0.0002
16e81se,0.00012,0.99798,0.00189
16f0cxx,0.2973,0.69871,0.004
16g0xjy,0.00134,0.99777,0.00088
16gomka,0.19234,0.79489,0.01277
16gqjvl,0.00131,0.99652,0.00217
16gr6ue,0.00614,0.21101,0.78285
16gr6us,0.00051,0.9831,0.01639
16hhee9,0.03419,0.15505,0.81076
16htgir,0.00034,0.99949,0.00017
16hwuoa,0.78167,0.2177,0.00063
16icokg,0.00441,0.99471,0.00088
16k5rp4,0.04049,0.95921,0.0003
16k8y7n,0.00122,0.98342,0.01537
16ke5mv,0.00043,0.99941,0.00016
16kmu0r,0.008,0.99134,0.00066
16loklq,0.00103,0.67912,0.31985
16mswgu,0.00051,0.99648,0.00301
16o9ehf,0.00061,0.99123,0.00816
16odvg2,0.00198,0.99767,0.00035
16p7zot,0.00164,0.99814,0.00021
16pjo9s,0.00171,0.99739,0.0009
16pkcq2,0.31833,0.66507,0.0166
16r0gyf,0.01085,0.94558,0.04357
16r3zkq,0.0005,0.99907,0.00043
16r8aq1,0.00077,0.99871,0.00053
16rs6u9,0.00016,0.99955,0.00028
16smogb,0.00239,0.99029,0.00731
16sp2dr,0.00236,0.81051,0.18714
16sqt88,0.02404,0.95939,0.01657
16tix22,0.00134,0.99843,0.00023
16tlycw,0.2318,0.47446,0.29374
16twv4u,0.0002,0.9994,0.0004
16ugxlr,0.00045,0.99756,0.00199
16ul3yh,0.00025,0.99946,0.0003
16upbwq,0.00048,0.99544,0.00408
16v762m,0.02215,0.94919,0.02866
16v7q95,0.00088,0.99883,0.0003
16vce90,0.96359,0.03535,0.00105
16vd6oq,0.09555,0.38235,0.5221
16vi53c,0.00016,0.99944,0.0004
16w1j2q,0.00078,0.99871,0.00051
16wyj2y,0.00418,0.21379,0.78203
16x4aop,0.09357,0.90218,0.00425
16x84jw,0.16164,0.7768,0.06156
16x8a98,0.23457,0.76313,0.00231
16y0qvf,0.00021,0.99964,0.00015
16y56gn,0.00156,0.99281,0.00563
16yn74r,0.05055,0.86837,0.08109
16ysshv,0.01395,0.97038,0.01567
16yz3hx,0.00209,0.97827,0.01964
16zj5r5,0.86748,0.06582,0.0667
16zjc06,0.01036,0.98921,0.00043
16zt3tl,0.00809,0.99167,0.00024
170fc85,0.00063,0.99927,1e-04
170inab,0.00039,0.99933,0.00029
170l9pf,0.00021,0.99859,0.00121
17189pc,0.5855,0.39694,0.01756
1729dyz,0.00036,0.99899,0.00065
172eim1,0.00061,0.99715,0.00224
172xrre,0.0004,0.9974,0.00221
172ze4c,0.7547,0.18075,0.06454
173mnc4,0.0023,0.99734,0.00035
173of82,0.01645,0.96247,0.02108
1744jgk,0.00035,0.99638,0.00327
174ncsh,0.00285,0.99638,0.00078
175bp6w,0.0024,0.9962,0.0014
175btwz,0.04062,0.95607,0.0033
175eka1,0.00025,0.99954,0.0002
175exug,0.01622,0.26609,0.71769
175mczu,0.05131,0.94092,0.00777
1762vqk,0.00027,0.99774,0.00199
176ubug,0.0026,0.8254,0.172
176wy47,0.0013,0.03248,0.96622
176x0ru,0.00025,0.99947,0.00028
1773xza,0.00431,0.99518,0.00051
177kndo,0.00075,0.8279,0.17135
177kxnq,0.00217,0.91733,0.08051
177l9lj,0.01844,0.98033,0.00123
177lcz9,0.00283,0.99675,0.00042
177qlr4,0.00753,0.8207,0.17178
177qona,0.11667,0.81876,0.06457
177uh6e,0.00145,0.99586,0.00269
178bf8r,0.00213,0.99141,0.00646
178bl57,0.00369,0.99537,0.00093
178bor1,0.28852,0.00676,0.70473
178gobg,0.01041,0.94563,0.04396
178h5v8,0.01474,0.98004,0.00522
178hc7m,0.60837,0.39126,0.00037
178hgso,0.85448,0.13743,0.00809
178lxh6,0.0115,0.98099,0.00751
1791af0,0.01582,0.98256,0.00162
1791ey5,0.00024,0.9977,0.00206
1791izf,0.20078,0.77176,0.02746
1796igl,0.00356,0.98454,0.0119
179bbei,0.00351,0.99505,0.00144
179wux9,0.00631,0.99114,0.00255
17a2dvq,0.00068,0.77711,0.22221
17a4h3e,0.01224,0.98054,0.00722
17a4ydp,0.15576,0.66482,0.17942
17a5lai,0.00033,0.99494,0.00473
17aow7x,0.02826,0.96843,0.00331
17ap4yo,0.70743,0.26976,0.02281
17bdh8a,0.00034,0.99953,0.00013
17bdilh,0.01244,0.9861,0.00146
17bhfzx,0.09577,0.90205,0.00217
17bhmqe,0.00047,0.99844,0.0011
17c78fe,0.00524,0.99419,0.00057
17c7ae5,0.01228,0.98762,1e-04
17ca0u9,0.77585,0.19445,0.0297
17can30,0.00024,0.99206,0.0077
17ccflo,0.72591,0.26252,0.01156
17cf1ne,0.00095,0.94855,0.05049
17cfavw,0.02826,0.96843,0.00331
17chatq,0.00075,0.99885,0.0004
17ckv6d,0.365,0.36654,0.26846
17cpvzj,0.94076,0.00602,0.05322
17cye3n,0.03555,0.95678,0.00767
17cynwv,0.02503,0.9739,0.00107
17cywvl,0.90667,0.09271,0.00061
17czuik,0.01072,0.88884,0.10044
17d077w,0.00028,0.99958,0.00014
17d1yl0,0.01985,0.97693,0.00322
17da0ni,0.00524,0.99419,0.00057
17da4nk,0.60859,0.38383,0.00758
17dp4xg,0.61264,0.38003,0.00733
17dp77a,0.00035,0.99911,0.00054
17dq75e,0.00018,0.99963,0.00019
17dtush,0.00032,0.99534,0.00434
17dwend,0.01405,0.98463,0.00132
17eggl8,0.00569,0.99162,0.00269
17eiakh,0.00091,0.99862,0.00047
17ekmiq,0.27589,0.02695,0.69716
17f78kf,0.04352,0.73891,0.21757
17f8e7i,0.71878,0.2556,0.02562
17fab58,0.00509,0.99303,0.00188
17fe9p5,0.0012,0.98351,0.01529
17fs39k,0.00185,0.99785,0.0003
17fyyjr,0.01279,0.97717,0.01004
17g0klk,0.01595,0.97233,0.01172
17g0ohb,0.13392,0.75721,0.10887
17g0vid,0.01446,0.9675,0.01803
17g4ud5,0.00042,0.94766,0.05192
17g4xur,0.00261,0.99552,0.00187
17g52dg,0.00158,0.9978,0.00062
17g54ko,0.00015,0.99968,0.00017
17g5gsb,0.1274,0.84501,0.02759
17g5slm,0.06281,0.92887,0.00832
17gqyos,0.00039,0.99944,0.00017
17gt48g,0.1249,0.37894,0.49616
17h47lj,0.03193,0.96701,0.00106
17hjn2y,0.00111,0.9614,0.03749
17hjr3w,0.02614,0.97228,0.00158
17hjuf6,0.00214,0.99724,0.00062
17ho3bw,0.00507,0.99436,0.00057
17ho5rx,0.00026,0.99942,0.00032
17hoa26,0.00019,0.99957,0.00024
17iae01,0.98828,0.01001,0.00171
17iaejm,0.00361,0.99512,0.00127
17iamqo,0.03442,0.95478,0.01079
17iannx,0.32226,0.65866,0.01907
17iauno,0.58725,0.37547,0.03729
17iawlp,0.00017,0.9995,0.00033
17ido0o,0.00026,0.99904,0.00069
17ii2hd,0.00577,0.99243,0.0018
17iif8e,0.01861,0.96554,0.01585
17jppj6,0.03382,0.96437,0.00181
17jrogf,0.0006,0.99876,0.00064
17jx18j,0.01073,0.75442,0.23485
17k06ry,0.63849,0.01976,0.34176
17kob73,0.00013,0.99737,0.00251
17kpefv,0.58319,0.41435,0.00246
17kpy4c,0.00237,0.9971,0.00053
17l17qa,0.88981,0.017,0.09319
17l1oyi,0.00142,0.99626,0.00232
17l94kp,0.00087,0.99783,0.0013
17l9cfg,0.00739,0.99147,0.00114
17lzxyu,0.00077,0.99468,0.00455
17m43n2,0.00093,0.99836,0.0007
17n2jzw,0.00032,0.99943,0.00025
17n4esf,0.00025,0.99591,0.00383
17nfb1w,0.0006,0.9912,0.00821
17nhvc9,0.14801,0.79055,0.06144
17nieyp,0.00032,0.9987,0.00098
17nistv,0.0009,0.99823,0.00088
17nli9l,0.00194,0.9975,0.00055
17nvpqg,0.51751,0.45116,0.03134
17o0js5,0.00034,0.9994,0.00026
17o8mtz,0.00168,0.99277,0.00555
17olzxc,0.00214,0.99531,0.00256
17ouc19,0.00683,0.98896,0.00421
17p0wzh,0.00013,0.99944,0.00043
17p1bid,0.00026,0.9992,0.00054
17p1eq5,0.00257,0.99717,0.00026
17p93s4,0.22732,0.30214,0.47054
17pixc6,0.04955,0.86729,0.08315
17pj11w,0.03266,0.87342,0.09392
17pz339,0.00061,0.99602,0.00337
17q7ckw,0.49873,0.18824,0.31303
17q7ke6,0.99606,0.00325,0.00069
17qjfkb,0.00097,0.99704,0.00199
17qjrht,0.0146,0.97502,0.01038
17qjtu2,0.00274,0.98187,0.0154
17ql75o,0.00046,0.99908,0.00046
17qmh3g,0.00077,0.99415,0.00507
17qqlay,0.00113,0.99474,0.00413
17qqpls,0.00446,0.99537,0.00017
17r8wgz,0.94355,0.01575,0.04069
17r8ywj,0.00208,0.93238,0.06554
17r91qt,0.16925,0.19357,0.63718
17rfgqy,0.35155,0.61638,0.03207
17rfln4,0.00421,0.97464,0.02116
17rfwdv,0.00062,0.99926,0.00012
17rg103,0.0067,0.43752,0.55578
17rkc1r,0.00029,0.99597,0.00374
17rkfqs,0.83947,0.14742,0.01311
17rz7zt,0.02507,0.73196,0.24297
17s0lcp,0.00087,0.99834,0.00079
17s5u23,0.63056,0.08974,0.27971
17s6v2z,0.01268,0.98666,0.00065
17seqtw,0.98111,0.01499,0.00389
17srut1,0.68965,0.0971,0.21325
17srxob,0.00043,0.99709,0.00248
17svvfw,0.00074,0.99768,0.00158
17t04r0,0.06574,0.49992,0.43434
17t4bqy,0.00011,0.99831,0.00159
17tre0p,0.94014,0.03306,0.0268
17u7fsv,0.00277,0.8872,0.11002
17u7jn5,0.00033,0.99755,0.00212
17u9mf8,0.0003,0.99944,0.00026
17uce4d,0.00129,0.99805,0.00066
17uy214,0.00079,0.99823,0.00097
17uyohx,0.00219,0.99743,0.00038
17uzwv9,0.00021,0.99932,0.00048
17vuhgh,0.0084,0.97236,0.01924
17vusou,0.00581,0.99218,0.00201
17vv5od,0.00486,0.24192,0.75322
17w0mo4,0.00049,0.99915,0.00036
17wae18,0.41314,0.56746,0.0194
17wif51,0.0155,0.98242,0.00208
17wigvp,0.0155,0.98242,0.00208
17wj1ur,0.00851,0.98891,0.00258
17wj4sm,0.00031,0.98963,0.01005
17wjcbs,0.81492,0.18272,0.00236
17wkm70,0.00021,0.9992,0.00059
17wmvg8,0.07284,0.86939,0.05776
17wtwjw,0.00045,0.99709,0.00246
17wze5i,0.04969,0.0034,0.94692
17wzgt0,0.00339,0.9963,0.00031
17wzmxn,0.02528,0.96435,0.01037
17wzrdj,0.00705,0.99208,0.00087
17xe21a,0.79971,0.15319,0.0471
17xh60w,0.00049,0.99886,0.00065
17xhfxx,0.00016,0.99945,0.00038
17xhitq,0.07878,0.91276,0.00846
17y2c0r,0.00065,0.99906,0.00029
17y2d6p,7e-05,0.00758,0.99235
17y2p8g,0.00079,0.99568,0.00353
17yckag,0.008,0.96875,0.02325
17ykgu1,0.00483,0.99004,0.00513
17yu2b0,0.00259,0.99713,0.00029
17yu8cn,0.01283,0.9805,0.00666
17zke8j,0.01086,0.90392,0.08523
17zkjfy,0.1474,0.77252,0.08008
17zn0im,0.00249,0.99703,0.00048
17zpay1,0.00331,0.99214,0.00455
17zqr7n,0.02311,0.97345,0.00344
18033zt,0.00127,0.99687,0.00186
180gs5o,0.00483,0.99004,0.00513
180gxn5,0.00236,0.99555,0.00209
180h3tr,0.00048,0.92659,0.07293
180hb5x,0.00161,0.98183,0.01655
180mjsi,0.3728,0.59283,0.03437
180msvv,0.00207,0.99757,0.00036
180nlrn,0.00044,0.99847,0.00109
180nx0v,0.00037,0.99952,0.00011
180nzeq,0.00119,0.99715,0.00165
180o1j9,0.00322,0.42614,0.57064
1818f84,0.00025,0.9986,0.00115
181ge9x,0.95591,0.04253,0.00155
181xudn,0.51379,0.32959,0.15662
181y11r,0.07571,0.78895,0.13534
181y4rx,0.00411,0.96326,0.03263
181y8id,0.00013,0.99964,0.00022
181yt3j,0.01328,0.97882,0.0079
182rkfa,0.0943,0.90146,0.00425
182tbwj,0.00051,0.99918,0.00031
1845zqp,0.1601,0.83598,0.00392
18461pq,0.00032,0.99918,0.0005
1846ami,0.01988,0.97903,0.00108
1848134,0.00073,0.99878,0.00049
1849x68,0.31001,0.68579,0.0042
184a09p,0.00043,0.99916,0.00041
184dmng,0.01384,0.98513,0.00103
184e3hw,0.00043,0.99936,0.00021
184ervp,0.00016,0.99804,0.0018
1853400,0.00087,0.99822,0.00091
18538if,0.00074,0.99862,0.00064
1853fml,0.11396,0.87358,0.01246
185wk08,0.00027,0.99946,0.00027
185ymm1,0.00024,0.99913,0.00063
185yzts,0.02616,0.4499,0.52394
185z2sz,0.00024,0.9968,0.00296
185zzg9,0.00052,0.99731,0.00217
18608yt,0.00055,0.9979,0.00155
1866wpi,0.00014,0.99863,0.00123
186j9k3,0.04302,0.95502,0.00195
186kpuv,0.00054,0.24604,0.75342
186l8tl,0.00022,0.99947,0.00031
186lcv4,0.00744,0.99206,0.0005
186lkq4,0.00761,0.98649,0.0059
186lwdb,0.00023,0.99927,0.0005
186m1z9,0.00394,0.9929,0.00316
186m7ff,0.00013,0.99889,0.00097
186mde8,0.02464,0.64423,0.33113
186mhdi,0.00029,0.99949,0.00023
186mjkp,0.17755,0.75209,0.07037
186ml6s,0.15977,0.56922,0.27101
186mpba,0.01009,0.97758,0.01233
186n1dn,0.00967,0.33654,0.65379
186n4c0,0.01654,0.98302,0.00044
187g4qk,0.00035,0.86807,0.13157
187ghw2,0.00052,0.99912,0.00037
187gprg,0.20975,0.76517,0.02508
187hltt,0.00083,0.48447,0.51471
187u1pc,0.00545,0.9942,0.00035
188badl,0.0089,0.99061,0.00049
188bvzu,0.00233,0.99378,0.00389
188bzfj,0.0076,0.98455,0.00785
188klhd,0.03483,0.91611,0.04905
188krlj,0.00059,0.99879,0.00062
1890ej0,0.00021,0.9949,0.00489
18983zo,0.0039,0.98951,0.00658
189phwz,0.00495,0.99426,0.00079
189tufg,0.00148,0.99811,0.0004
189ubhv,0.00311,0.99598,0.00091
18ah4jw,0.01559,0.9833,0.00111
18ahajl,0.00254,0.99646,0.001
18ahfdd,0.93898,0.06017,0.00084
18ahlwf,0.84923,0.04644,0.10434
18akrnj,0.00046,0.99939,0.00015
18apftn,0.00041,0.99864,0.00095
18bc16q,0.40347,0.17224,0.42428
18bc5dm,0.05455,0.93829,0.00716
18bcasp,0.33189,0.32844,0.33967
18bgnbe,0.08425,0.84675,0.069
18bgtno,0.00677,0.3527,0.64053
18bh4e6,0.61583,0.11036,0.27381
18bh80k,0.01936,0.96512,0.01552
18bhh9b,0.00142,0.9983,0.00028
18bigzz,0.00286,0.6539,0.34324
18bitft,0.0101,0.97538,0.01452
18bkx1d,0.00953,0.98966,0.00081
18c09cg,0.06207,0.93744,0.00049
18c0edo,0.00058,0.99892,0.00051
18cabd1,0.00046,0.99907,0.00048
18cdet8,0.34265,0.65342,0.00393
18cdyur,0.00249,0.99575,0.00176
18ce85y,0.00041,0.9986,0.00099
18crzkr,0.44923,0.49193,0.05884
18csp0f,0.01696,0.9528,0.03024
18ct27d,0.00062,0.99815,0.00122
18ctaip,0.01494,0.97309,0.01198
18d2p1k,0.00476,0.98693,0.00831
18d47zq,0.00041,0.99899,0.00059
18dji17,0.10907,0.75087,0.14005
18djrl4,0.00058,0.99801,0.00141
18dk7z9,0.05383,0.93862,0.00755
18e92co,0.03196,0.9652,0.00284
18eaykt,0.00268,0.98672,0.0106
18elnh6,0.29017,0.57504,0.13479
18eltoc,0.00011,0.99934,0.00055
18em1f5,0.00369,0.99459,0.00172
18f05rm,0.01237,0.38933,0.59831
18f5v4o,0.88801,0.10487,0.00712
18ffwfz,0.11353,0.88086,0.00561
18fg7bf,0.00325,0.99543,0.00132
18fgddi,0.00082,0.51666,0.48252
18fgvak,0.00087,0.99719,0.00194
18fh1qp,0.92366,0.00544,0.07091
18fh9jf,0.00278,0.99197,0.00525
18ftw1l,0.29643,0.65526,0.04831
18fzegb,0.00549,0.22648,0.76804
18g5a25,0.03538,0.96072,0.0039
18gkq9h,0.00176,0.64197,0.35627
18gkv34,0.00061,0.99363,0.00576
18gl6xg,0.98149,0.0174,0.00111
18gll5i,0.00036,0.99948,0.00016
18gmv74,0.00637,0.07711,0.91651
18gn7la,0.00598,0.99339,0.00063
18gpia4,0.00043,0.99899,0.00058
18gzi0z,0.00178,0.9976,0.00062
18hdw6j,0.00047,0.99779,0.00174
18he60e,0.02072,0.2424,0.73688
18he9jd,0.007,0.99102,0.00197
18hi268,0.00067,0.98494,0.01439
18hkqmo,0.00036,0.99823,0.0014
18hodpk,0.23957,0.25844,0.50199
18hoj7y,0.71941,0.26106,0.01953
18hops5,0.88555,0.07427,0.04018
18hotvp,0.4935,0.49834,0.00817
18hox14,0.00015,0.9994,0.00045
18i38xr,0.00034,0.99916,0.00049
18i9c99,0.00184,0.99778,0.00038
18i9h8d,0.47061,0.52706,0.00233
18i9mdf,0.00223,0.99742,0.00034
18i9uoj,0.00024,0.99165,0.00811
18i9yzx,0.00052,0.99819,0.00129
18ia0w9,0.12149,0.86988,0.00863
18iez0f,0.00014,0.99938,0.00048
18ig4g1,0.00029,0.99944,0.00026
18iuqhn,0.08239,0.75725,0.16036
18iwhdy,0.01507,0.98376,0.00118
18j02eh,0.003,0.98427,0.01273
18jajeq,0.83623,0.13774,0.02603
18jo0xl,0.00014,0.99932,0.00054
18jolzj,0.00945,0.98591,0.00464
18joqsp,0.00152,0.99839,9e-05
18jotju,0.00036,0.9995,0.00014
18jowp8,0.00099,0.97924,0.01977
18jp4i1,0.00047,0.91019,0.08933
18jvway,0.00135,0.99811,0.00054
18jwnqu,0.05382,0.31003,0.63614
18jyht1,0.00054,0.9991,0.00035
18k11hj,0.04583,0.9451,0.00907
18kd2ws,0.00307,0.98977,0.00717
18khw8l,0.00881,0.98367,0.00753
18ki60k,0.00021,0.99953,0.00026
18kixym,0.00414,0.91928,0.07657
18kltku,0.00606,0.62709,0.36685
18kn70h,0.00029,0.97709,0.02262
18ktaz7,0.00118,0.99839,0.00043
18lfe9z,0.15917,0.47683,0.364
18lhwlp,0.00016,0.99779,0.00204
18mbu1m,0.00094,0.99385,0.00521
18mcpij,0.00033,0.99944,0.00023
18mq8nl,0.00014,0.9982,0.00167
18mrsc2,0.00243,0.99603,0.00154
18mrxtj,0.0003,0.99873,0.00097
18n2ri8,0.00275,0.99566,0.00159
18n3o0k,0.52142,0.30306,0.17551
18nj44y,0.00049,0.99918,0.00033
18oa7yj,0.00704,0.88844,0.10452
18oabde,0.01184,0.94275,0.0454
18oag62,0.00237,0.99508,0.00255
18oeukn,0.00037,0.99945,0.00018
18ol12a,0.0005,0.99938,0.00011
18p13so,0.02227,0.97732,0.00041
18p4exy,0.00068,0.99899,0.00033
18p4uxt,0.99423,0.00544,0.00033
18pxdpb,0.00175,0.97227,0.02598
18q02g4,0.55018,0.01204,0.43778
18q08fw,0.00058,0.95654,0.04288
18q0me8,0.01354,0.98484,0.00162
18q1315,0.00134,0.99714,0.00152
18q18c5,0.17222,0.76097,0.06682
18q7dok,0.14086,0.85868,0.00046
18q7pay,0.00047,0.99852,0.00101
18qbah5,0.00027,0.98631,0.01342
18qjn6e,0.00043,0.99851,0.00106
18qqy7h,0.00023,0.99957,0.0002
18r3me2,0.00018,0.99774,0.00208
18r3p7w,0.01324,0.98447,0.00228
18r3utj,0.00637,0.99135,0.00229
18r3zxh,0.18334,0.19989,0.61677
18r4o3e,0.86497,0.05307,0.08196
18r7rl7,0.11343,0.15413,0.73244
18r9fac,0.0002,0.99926,0.00054
18r9y4a,0.00055,0.99296,0.00649
18rc9to,0.00065,0.99895,0.0004
18rcq5b,0.00481,0.99289,0.0023
18rlu95,0.01988,0.97966,0.00047
18rxowk,0.00057,0.99697,0.00246
18sb59t,0.00601,0.98545,0.00854
18sbu84,0.01726,0.97109,0.01165
18shlh2,0.00011,0.9996,0.00028
18slya9,0.0043,0.83162,0.16408
18sst67,0.00025,0.67517,0.32458
18ssxll,0.00027,0.99925,0.00049
18stoaj,0.00019,0.99525,0.00456
18syhnz,0.09953,0.76771,0.13276
18sys0u,0.01907,0.97555,0.00539
18syus6,0.0008,0.99821,0.00098
18sznlx,0.0022,0.99734,0.00046
18thi0b,0.41915,0.0578,0.52305
18tkb7c,0.76571,0.23058,0.00371
18tkd9z,0.01007,0.71477,0.27516
18tksdh,0.01687,0.95143,0.03169
18tky9x,0.01403,0.95986,0.02611
18tnkph,0.00018,0.99963,0.0002
18ubqiv,0.00048,0.99934,0.00019
18ud4q6,0.0004,0.99831,0.00128
18ud9zr,0.79757,0.19612,0.00631
18uil8k,0.0073,0.20794,0.78476
18ujwi7,0.88755,0.10947,0.00298
18v49ec,0.21754,0.77387,0.00859
18v4gph,0.00034,0.03717,0.96249
18v4q9i,0.00018,0.99959,0.00023
18v4zat,0.36926,0.61598,0.01476
18v55p3,0.00116,0.99849,0.00035
18vhgav,0.07818,0.60069,0.32113
18vn34a,0.00069,0.99882,0.00049
18vzkmg,0.04935,0.94952,0.00113
18w3tlb,0.00436,0.99528,0.00036
18w3yia,0.0224,0.44595,0.53165
18w4epy,0.00054,0.9989,0.00055
18w4jfb,0.67154,0.31505,0.0134
18w4p3e,0.00091,0.99553,0.00356
18wpjsm,0.00053,0.99719,0.00228
18wuwyn,0.00395,0.99413,0.00192
18ww0tj,0.00934,0.21252,0.77814
18wwmkc,0.00023,0.99891,0.00086
18x3iki,0.05971,0.93044,0.00984
18xshjc,0.0712,0.88405,0.04475
18y7fex,0.00466,0.99425,0.00109
18y7lpi,0.01184,0.98734,0.00081
18y7ryg,0.84881,0.13792,0.01327
18y7u0t,0.1249,0.67948,0.19563
18y85v6,0.00205,0.99738,0.00057
18yhcjt,0.97132,0.01363,0.01505
18z23gl,0.00013,0.99946,0.0004
18zc6ze,0.01205,0.98154,0.00641
18zd4gk,0.00153,0.89989,0.09858
19029rc,0.0148,0.98081,0.00439
1902iz3,0.37813,0.19753,0.42434
19037uo,0.00026,0.99808,0.00165
1903ls9,0.00134,0.98628,0.01238
1904g3f,0.01432,0.96352,0.02216
1905p5l,0.00336,0.99477,0.00187
190yp28,0.00025,0.99925,0.00051
1911hjg,0.001,0.9986,0.0004
191jc6z,0.88452,0.10433,0.01116
191lgbs,0.00042,0.92651,0.07307
191mhsu,0.00014,0.99917,0.00069
191zmco,0.00017,0.99946,0.00036
19292qm,0.0012,0.99301,0.00579
192zy7d,0.468,0.52568,0.00632
193yzzs,0.0357,0.60971,0.3546
19442rl,0.03792,0.95241,0.00966
1954lu5,0.00019,0.99909,0.00072
19562p7,0.0185,0.96652,0.01498
195e8mq,0.0004,0.99841,0.00119
195eipr,0.00126,0.99392,0.00482
195eo0f,0.0007,0.99795,0.00135
195evcr,0.00321,0.99474,0.00205
195f7af,0.37782,0.46963,0.15254
195mgrp,0.17092,0.7948,0.03428
195p9q1,0.00026,0.99928,0.00045
195q3zc,0.06334,0.93622,0.00044
195qf4w,0.03661,0.94837,0.01502
195r29w,0.01144,0.98843,0.00012
195w8db,0.001,0.99869,0.00031
196e0pm,0.0096,0.98439,0.00601
196fq04,0.0911,0.90625,0.00265
196n1eh,0.01665,0.96394,0.01941
1978onb,0.0004,0.99838,0.00121
1978to1,0.00178,0.83824,0.15998
197buyi,0.00156,0.9973,0.00114
197c75f,0.00411,0.93961,0.05627
1994aor,0.66374,0.2921,0.04416
1994hrx,0.00442,0.99431,0.00127
1994lra,0.012,0.98624,0.00176
1995ve0,0.00344,0.99145,0.00511
199lpii,0.00072,0.99464,0.00464
199ts0c,0.00372,0.9916,0.00467
199uls5,0.01497,0.90556,0.07948
199upem,0.00304,0.99328,0.00367
199v5nt,0.0003,0.99933,0.00037
199y5hj,0.05821,0.93796,0.00383
19ayc6c,0.00399,0.99508,0.00093
19beihz,0.00098,0.99843,0.00059
19blujd,0.00033,0.99932,0.00035
19c61q1,0.00057,0.99903,0.0004
19cvv32,0.00014,0.99947,0.00039
19czl9q,0.00571,0.99001,0.00428
19eor6q,0.0151,0.02694,0.95797
19eoy1h,0.10924,0.88437,0.00639
19epeh5,0.00755,0.99169,0.00076
19eplt5,0.00012,0.99919,0.00069
19eq8em,0.00025,0.99922,0.00053
19f7ecz,0.05752,0.65064,0.29184
19fc0i6,0.00219,0.99645,0.00135
1abdwax,0.00337,0.99502,0.00161
1acemay,0.00022,0.99859,0.00118
1acjpbe,0.0802,0.90338,0.01642
1acjvmx,0.02103,0.97585,0.00312
1ack4bv,0.99442,0.00309,0.0025
1ackamm,0.0003,0.97907,0.02063
1ackdsr,0.00034,0.98566,0.014
1ackjao,0.0002,0.99926,0.00054
1ackrld,0.00233,0.99505,0.00262
1ackyue,0.01822,0.92477,0.05701
1ae0xrq,0.00157,0.99814,0.00029
1aejl66,0.00141,0.98935,0.00924
1aejqeg,0.00269,0.82012,0.17719
1aeq6f6,0.00031,0.99946,0.00023
1aewo2e,0.00021,0.99875,0.00105
1aff1eg,0.008,0.97804,0.01396
1afitmc,0.00063,0.99904,0.00033
1ag3jzd,0.0024,0.99734,0.00026
1agbqh8,0.001,0.99371,0.00528
1agd6q8,0.00273,0.95718,0.04009
1agz31y,0.00101,0.99854,0.00045
1agzeig,0.00053,0.99912,0.00035
1agzll5,0.26035,0.67378,0.06587
1agzvsv,0.00141,0.99774,0.00085
1ah00b4,0.00015,0.99589,0.00395
1ah0e99,0.00021,0.99957,0.00022
1ah0h9v,0.00125,0.99751,0.00125
1ahrm8p,0.00139,0.99821,0.00039
1ahw49n,0.00016,0.99872,0.00112
1ahwd11,0.00036,0.99439,0.00526
1ahx4px,0.00021,0.99932,0.00047
1ailjqg,0.00096,0.99868,0.00036
1aim3u9,0.22229,0.77737,0.00034
1aivqtm,0.03152,0.96458,0.0039
1ajbytz,0.00015,0.99842,0.00143
1ajgxwq,0.00025,0.99163,0.00812
1ajhwrl,0.01422,0.98507,0.00072
1aji02k,0.00016,0.999,0.00084
1ajihqi,0.00998,0.9816,0.00842
1ajj42n,0.00126,0.99842,0.00031
1ajjbr9,0.02108,0.17719,0.80173
1ajo0j6,0.00373,0.98979,0.00648
1ak5mhd,0.22986,0.66301,0.10713
1ak60m3,0.50019,0.4635,0.0363
1ak6eyp,0.01357,0.98539,0.00104
1akcx06,0.00052,0.9993,0.00018
1akd7pl,0.00085,0.99887,0.00028
1akhn9s,0.0002,0.9994,0.0004
1akhr6q,0.99709,0.00136,0.00155
1akhv4r,0.03115,0.81989,0.14896
1akifm8,0.09846,0.55835,0.34319
1akipte,0.02677,0.97112,0.00211
1akiuyh,0.00164,0.9613,0.03706
1akizay,0.01228,0.89032,0.0974
1akjtd4,0.00164,0.75583,0.24252
1akxo26,0.03804,0.69235,0.26961
1al11d0,0.0003,0.99895,0.00075
1al13nz,0.00049,0.99793,0.00159
1al1xgb,0.00058,0.99764,0.00178
1al43u9,0.00102,0.99837,0.00061
1alsav6,0.00167,0.99792,0.00041
1altizo,0.00145,0.99832,0.00022
1am0eci,0.06656,0.86361,0.06982
1am1bo0,0.00026,0.99811,0.00163
1am1lnv,0.00029,0.40016,0.59955
1am2aa6,0.00463,0.71899,0.27638
1amlld2,0.00083,0.99834,0.00084
1amnwe6,0.00197,0.99699,0.00105
1anh93u,0.00069,0.99867,0.00064
1anl486,0.00168,0.99799,0.00034
1anmqz7,0.09246,0.88559,0.02195
1annt6e,0.0041,0.18095,0.81495
1ao2tgt,0.00141,0.99705,0.00155
1ao2y4u,0.00055,0.02487,0.97459
1ao3cy1,0.03139,0.93816,0.03045
1ao4hr2,0.00061,0.83975,0.15964
1aod503,0.00504,0.99451,0.00045
1aoez3c,0.00023,0.99883,0.00094
1aof953,0.01107,0.09429,0.89464
1aofsdm,0.00022,0.99949,0.00029
1aogflc,0.00044,0.99865,0.00091
1aoze9t,0.00038,0.9953,0.00432
1apiqqr,0.00685,0.93661,0.05654
1apt1vt,0.33841,0.41611,0.24548
1apymz0,0.97639,0.02305,0.00056
1aq026k,0.00012,0.99724,0.00264
1aq0f7k,0.02357,0.96808,0.00835
1aq0wn0,0.00577,0.99074,0.00349
1aq1vss,0.00777,0.98003,0.01219
1aq28aa,0.0228,0.97487,0.00233
1aqp0no,0.00034,0.99949,0.00016
1aqpi80,0.11359,0.83854,0.04786
1aqrcu7,0.86329,0.03433,0.10238
1aqrfc7,0.00012,0.9994,0.00048
1aqrv3e,0.00042,0.99935,0.00024
1aqryg1,0.00083,0.9989,0.00027
1aqs2i8,0.00063,0.99892,0.00045
1arcw8y,0.00032,0.99625,0.00343
1as4h14,0.21583,0.43961,0.34456
1as4xpw,0.00621,0.9617,0.03209
1as55sb,0.91396,0.08022,0.00582
1as5bg0,0.00031,0.99933,0.00036
1as5lzr,0.07708,0.91463,0.00829
1as5qzu,0.0014,0.99658,0.00202
1as5tdk,0.00581,0.98497,0.00922
1as6hiz,0.11787,0.83515,0.04698
1as9gdm,0.00036,0.99851,0.00113
1asdwa6,0.00383,0.99127,0.0049
1asz15m,0.00209,0.99311,0.0048
1aszv6y,0.29079,0.43946,0.26975
1ath8xx,0.00137,0.99838,0.00025
1awlo4p,0.00117,0.99862,0.0002
1axghys,0.00372,0.99514,0.00114
1azpvx6,0.02986,0.96742,0.00272
1b17kx5,0.171,0.462,0.36699
1b1blip,0.00015,0.99898,0.00087
1b1jhg2,0.10199,0.8784,0.01962
1b2a8ts,0.00073,0.99901,0.00026
1b3mmao,0.01659,0.98092,0.00248
1b3zhav,0.00087,0.98953,0.0096
1b5uwh9,0.47374,0.23504,0.29122
1b7ee96,0.0451,0.95301,0.00189
1b7vdil,0.00137,0.99811,0.00052
1b7w65o,0.005,0.99269,0.00231
1b8creq,0.00752,0.99186,0.00062
1b8cx6y,0.00178,0.99697,0.00125
1b8jfkl,0.43096,0.48006,0.08898
1b8jlqh,0.01047,0.2197,0.76983
1b8k9i6,0.00121,0.99865,0.00014
1b8kfw1,0.00165,0.99705,0.0013
1b8pmmi,0.00042,0.99931,0.00027
1b8qmy7,0.15064,0.83029,0.01907
1b9lhgk,0.00062,0.98065,0.01873
1b9osxh,0.00034,0.99892,0.00074
1b9py2e,0.7497,0.17058,0.07972
1b9qjeh,0.00024,0.05266,0.94711
1b9sch0,0.00545,0.2896,0.70496
1b9sxdk,0.0023,0.06128,0.93641
1b9tqw9,0.00022,0.99942,0.00035
1b9ypda,0.00471,0.99389,0.0014
1b9yy29,0.00736,0.4048,0.58784
1bacba5,0.00024,0.99941,0.00035
1bcu5o4,0.00035,0.99807,0.00158
1bcuigb,0.0032,0.99618,0.00063
1bcv28t,0.00038,0.99931,0.00031
1bcvmhl,0.00106,0.99839,0.00055
1bdakef,0.00039,0.99844,0.00117
1bdljph,0.03461,0.95919,0.0062
1bdoho9,0.00029,0.99876,0.00095
1bdr2r5,0.0009,0.94893,0.05017
1bdrv5j,0.01104,0.97762,0.01134
1bdtnx3,0.00043,0.99911,0.00046
1beh8mn,0.00065,0.99912,0.00022
1bei9em,0.0019,0.99783,0.00027
1beifxc,0.4947,0.40683,0.09846
1beky3j,0.00222,0.4525,0.54528
1ben3cs,0.00071,0.99911,0.00018
1ben4xw,0.00494,0.99494,0.00011
1bewdxd,0.01014,0.9866,0.00327
1bfl1hm,0.00022,0.99923,0.00055
1bg3m43,0.00606,0.98936,0.00459
1bg3pzf,0.00053,0.99047,0.009
1bg3u66,0.45397,0.38745,0.15858
1bg3wey,0.02716,0.93897,0.03387
1bg4123,0.13403,0.77734,0.08863
1bg77po,0.00109,0.98726,0.01165
1bgfcbc,0.0081,0.93858,0.05331
1bgu5zi,0.96218,0.01111,0.0267
1bgz5ah,0.86445,0.0317,0.10385
1bh735v,0.09624,0.87103,0.03273
1bhs7kz,0.04386,0.94541,0.01073
1bi3jjx,0.00067,0.99337,0.00596
1biu7df,0.95218,0.04705,0.00077
1biufo3,0.00079,0.13754,0.86167
1bj8m0n,0.0036,0.99603,0.00037
1bj98dv,0.00574,0.13924,0.85502
1bjc25j,0.00031,0.99948,0.0002
1bjiqz4,0.00149,0.9979,0.00062
1bjm4ag,0.00011,0.99661,0.00328
1bjyqro,0.00095,0.98035,0.0187
1bjyyeq,0.02211,0.97445,0.00344
1bjz2ok,0.0004,0.99861,0.00098
1bjzcrm,0.00668,0.81226,0.18106
1bkttoh,0.00141,0.99281,0.00578
1bku2zx,0.03157,0.96774,0.00069
1bkua8v,0.00016,0.99948,0.00036
1bkubkn,0.0005,0.99713,0.00237
1bkugao,0.00017,0.99936,0.00047
1bkuier,0.00018,0.99966,0.00015
1bl8e8r,0.01512,0.91801,0.06687
1bl8me7,0.00012,0.99962,0.00026
1blo2vs,0.66012,0.30834,0.03154
1blo6d1,0.00026,0.9996,0.00014
1blrkoa,0.01139,0.88758,0.10102
1blsbzn,0.07469,0.92151,0.0038
1blxjpc,0.0003,0.99938,0.00031
1blxolr,0.19261,0.78176,0.02563
1bmj13o,0.04432,0.94344,0.01224
1bmmss6,0.00048,0.99894,0.00058
1bnuyhx,0.00059,0.99608,0.00333
1boyxp2,0.00047,0.99898,0.00055
1boyzwh,0.60997,0.07989,0.31014
1boz5sd,0.00115,0.9847,0.01415
1bp6uhy,0.01223,0.98508,0.00269
1bp71yt,0.02787,0.97183,0.00031
1bpqwc0,0.00102,0.9962,0.00278
1bpqxt5,0.00259,0.98955,0.00786
1bpr1pd,0.00574,0.99414,0.00011
1bpr607,0.00016,0.99671,0.00313
1bprcsk,0.01523,0.70707,0.2777
1bprhnx,0.03139,0.91386,0.05475
1bpsc5l,0.04306,0.95439,0.00255
1bpy1xg,0.10368,0.88666,0.00966
1bqui38,0.00216,0.99692,0.00092
1bre7fd,0.0168,0.95386,0.02934
1brgcf5,0.00267,0.99593,0.0014
1brgsd4,0.00152,0.99816,0.00032
1brguvr,0.00044,0.99803,0.00153
1brgymp,0.05282,0.53612,0.41106
1brh3fp,0.00097,0.99739,0.00165
1bttjzq,0.00289,0.97829,0.01882
1bupp91,0.35408,0.50862,0.1373
1butdv4,0.07841,0.8426,0.07899
1bvjmgm,0.03187,0.94274,0.02539
1bvrt4h,0.00375,0.99611,0.00015
1bvupup,0.45735,0.52333,0.01932
1bx6piv,0.00968,0.99002,0.0003
1c0e70q,0.00113,0.99856,0.00031
1c0h6qv,0.01123,0.98581,0.00295
1c0lloj,0.01871,0.98115,0.00013
1c0o7bl,0.0088,0.97968,0.01153
1c0t3sx,0.01171,0.98768,0.00061
1c21byc,0.01717,0.98088,0.00195
1c27osd,0.00208,0.99656,0.00136
1c2a1gl,0.29411,0.70485,0.00103
1c3qkzj,0.0018,0.98546,0.01274
1c3qnq1,0.88067,0.11861,0.00072
1c4sj07,0.06421,0.93069,0.00511
1c4yhit,0.03706,0.92989,0.03305
1c5hgob,0.02395,0.96968,0.00637
1c65n5g,0.48046,0.49716,0.02238
1c6cxua,0.28188,0.58121,0.13691
1c6vp3p,0.00625,0.00874,0.98501
1c6vqsz,0.00044,0.07875,0.92081
1cac9tl,0.00013,0.99956,0.00031
1cdi9mx,0.00066,0.99811,0.00122
1cemajh,0.00389,0.99245,0.00366
1cf6ni3,0.00311,0.99638,0.00051
1cia37b,0.00022,0.99938,0.0004
1cidi5e,0.00398,0.9956,0.00042
1cmyai6,0.00757,0.98835,0.00408
1co8ccx,0.02479,0.97497,0.00024
1corcr4,0.00232,0.99606,0.00162
1cow4pc,0.02419,0.81684,0.15897
1cq3spj,0.00312,0.9366,0.06029
1crid3e,0.03609,0.95931,0.0046
1crx10r,0.00912,0.98974,0.00114
1csfpit,0.00035,0.99924,0.00041
1csntuz,0.00354,0.99575,0.00071
1cu0aj5,0.11341,0.87405,0.01254
1cubufv,0.00233,0.98959,0.00808
1cubzin,0.0039,0.99455,0.00155
1cusgbb,0.00098,0.7489,0.25012
1cynsa1,0.00686,0.0704,0.92275
1cyrov7,0.00074,0.99878,0.00048
1czrn2k,0.00075,0.9938,0.00545
1d08gwl,0.00012,0.99947,0.00041
1d10shk,0.00123,0.9984,0.00037
1d1qdq9,0.00255,0.98615,0.0113
1d2t9x7,0.00042,0.99666,0.00291
1d5ohgk,0.01382,0.58355,0.40264
1d7c185,0.03336,0.93765,0.02899
1d8kd43,0.00021,0.9995,0.00028
1d8mic3,0.00063,0.99848,0.00089
1d8offt,0.00071,0.99911,0.00018
1d8s1ie,0.00017,0.99966,0.00018
1d9csi9,0.00152,0.57495,0.42353
1d9defb,0.00011,0.99918,0.00071
1da7njk,0.00209,0.99758,0.00033
1da927o,0.02513,0.95325,0.02162
1dadxjg,0.00589,0.61215,0.38196
1dafkpi,0.00054,0.95618,0.04328
1daz7gt,0.00541,0.80392,0.19067
1dbpd5d,0.00079,0.99879,0.00042
1dbt8zf,0.08229,0.66583,0.25189
1dc1d9n,0.00219,0.77424,0.22356
1dce6tz,0.00324,0.9893,0.00747
1dcf2fh,0.00068,0.993,0.00632
1dcgfo1,0.0032,0.97839,0.01841
1dciusk,0.00111,0.55048,0.44841
1dczefz,0.0203,0.64838,0.33132
1dd6thg,0.00019,0.99886,0.00095
1ddi96d,0.00143,0.58166,0.41691
1de040h,0.00046,0.88825,0.11129
1debgw2,0.00105,0.99687,0.00207
1deh5x0,0.00405,0.01519,0.98077
1df1ij1,0.0018,0.99232,0.00588
1dfjxkf,0.00178,0.38932,0.6089
1dfuspz,0.00178,0.71375,0.28447
1dg0yts,0.00064,0.99894,0.00042
1dgbnph,0.04856,0.18884,0.7626
1dgfoey,0.00028,0.99431,0.0054
1dgk657,0.00112,0.93792,0.06096
1dgwae8,0.01552,0.9712,0.01328
1dh48f2,0.31742,0.65834,0.02424
1dhhn6b,0.88126,0.11834,0.00041
1dhrn9r,0.02487,0.25474,0.72039
1dhvl4n,0.00019,0.99687,0.00294
1dhvt8s,0.00028,0.99946,0.00027
1dikv20,0.00972,0.93919,0.05109
1dil8h2,0.00116,0.92321,0.07563
1dj28yd,1e-04,0.99916,0.00074
1dkbozg,0.00386,0.72957,0.26657
1dkdkms,0.37264,0.60781,0.01956
1dkl9d9,0.00248,0.9963,0.00122
1dkmhn1,0.01519,0.98366,0.00115
1dkzwoh,0.00128,0.99807,0.00065
1dlchla,0.00046,0.73015,0.26939
1dlu8wq,0.00746,0.16012,0.83242
1dm1xlr,0.26587,0.63132,0.10281
1dnlrek,0.00055,0.98387,0.01558
1dny95b,0.00149,0.14502,0.85349
1do0zun,0.0169,0.9741,0.009
1do8npk,0.00583,0.90723,0.08694
1doah2p,0.17254,0.81395,0.01351
1dobijv,0.23825,0.73441,0.02733
1dosoob,0.0018,0.09041,0.90779
1dp6x90,0.00295,0.03807,0.95898
1dp7lq4,0.00029,0.99903,0.00068
1dpf9h8,0.00027,0.99951,0.00022
1dpmd6j,0.01107,0.9879,0.00104
1dpt4w3,0.00027,0.9993,0.00043
1dq0rm2,0.00061,0.98628,0.01311
1dqj6mf,0.00012,0.99921,0.00067
1dr7p6o,0.0006,0.99932,8e-05
1drbfvz,0.00512,0.98494,0.00993
1ds7f7r,0.00014,0.9963,0.00356
1dslge2,0.00501,0.94115,0.05384
1dsrb9h,0.00313,0.99576,0.00111
1dtf4fi,0.00403,0.95646,0.03951
1dtm3r0,0.00045,0.99796,0.00159
1dtx7p4,0.02225,0.97721,0.00053
1du768r,0.00392,0.95708,0.039
1dukqf3,0.0059,0.97962,0.01448
1dv6hry,0.00045,0.99566,0.00389
1dv87gw,0.12878,0.86644,0.00477
1dv89kh,0.00569,0.91655,0.07776
1dxisst,0.00012,0.99742,0.00247
1dy24o5,0.00023,0.99543,0.00433
1dywnc4,0.02605,0.72863,0.24532
1dzt80b,0.17234,0.32201,0.50566
1e0hgnf,0.07161,0.9244,0.00399
1e1bu76,0.10781,0.53323,0.35896
1e1iz84,0.00148,0.99816,0.00036
1e1j4d9,0.00103,0.99635,0.00262
1e3s5hh,0.04386,0.41266,0.54349
1e4ks0l,0.36094,0.36443,0.27463
1e4n0px,0.00025,0.99825,0.00151
1e4pzmv,0.0039,0.89116,0.10494
1e4qpix,0.00235,0.99301,0.00464
1e5ci39,0.07382,0.92127,0.00491
1e5htqp,0.05241,0.94678,0.00082
1e5ok5h,0.02843,0.97072,0.00085
1e67ex8,0.20782,0.73699,0.05519
1e6gxpc,0.02984,0.96827,0.00189
1e787n6,0.00106,0.96271,0.03622
1e81mgl,0.01836,0.98128,0.00036
1e8v02c,0.00822,0.98934,0.00244
1e8z7xp,0.00048,0.99795,0.00158
1e9k9a7,0.30533,0.65161,0.04306
1eahmzg,0.00189,0.99767,0.00044
1eauomt,0.001,0.97808,0.02091
1eaxfbq,0.05923,0.9386,0.00217
1ebpsok,0.05515,0.93805,0.00679
1ebs243,0.02693,0.97177,0.0013
1ebtarw,0.0021,0.93041,0.06748
1ec19f9,0.02272,0.97494,0.00235
1ecryfs,0.07865,0.91716,0.00419
1edaz1f,0.0154,0.98357,0.00103
1eddctw,0.10854,0.88622,0.00524
1ee6eul,0.00908,0.98949,0.00143
1ee7svn,0.02578,0.97259,0.00163
1eevmh5,0.03729,0.96079,0.00192
1ef3cq1,0.01233,0.98672,0.00095
1efayex,0.06092,0.9359,0.00318
1efnhye,0.05537,0.94233,0.0023
1efsnxh,0.00715,0.99153,0.00132
1eftexl,0.02996,0.96873,0.00131
1efuetm,0.0414,0.95581,0.00279
1efwjrz,0.00044,0.99912,0.00044
1eg7v4g,0.17609,0.81663,0.00728
1eggnu9,0.04464,0.95365,0.00172
1eggq7w,0.00098,0.9976,0.00142
1ehg8fx,0.01293,0.98602,0.00105
1ehn3st,0.34371,0.63404,0.02225
1ei3rkv,0.01485,0.98422,0.00094
1ej1snr,0.02552,0.96618,0.0083
1ejbu1m,0.00505,0.99465,0.0003
1ejuwk0,0.00542,0.99347,0.00111
1ek47ig,0.01336,0.98243,0.00421
1ekjjwe,0.01538,0.97957,0.00505
1elarbx,0.07045,0.92851,0.00103
1elhpc6,0.13452,0.83905,0.02642
1elhzdn,0.00055,0.99895,0.00051
1encwnm,0.02836,0.96981,0.00184
1eny8p8,0.02017,0.97806,0.00177
1eo4eta,0.01576,0.98198,0.00225
1ep2jor,0.01601,0.983,0.001
1epnvej,0.00135,0.99844,0.00021
1epo7f9,0.00053,0.99797,0.0015
1eptigv,0.00069,0.99913,0.00018
1eqbcee,0.0228,0.97643,0.00077
1eqr741,0.00386,0.98379,0.01235
1er84xt,0.0008,0.99904,0.00016
1eyhz0x,0.00029,0.99953,0.00018
1ezcfgb,0.00023,0.99921,0.00056
1f1l3cv,0.15886,0.70315,0.13799
1f3443m,0.00476,0.8798,0.11543
1f4b5wr,0.00034,0.99868,0.00098
1f4wdfl,0.00374,0.87857,0.11769
1f6jwov,0.00035,0.99714,0.00251
1f6pvnp,0.03439,0.9645,0.00111
1f72a4j,0.00062,0.99492,0.00447
1f9k578,0.00148,0.99399,0.00453
1fbxury,0.08908,0.65947,0.25145
1fcv2tf,0.87387,0.10303,0.02311
1fd8o6t,0.52055,0.47629,0.00316
1feub3j,0.00027,0.9996,0.00013
1fhyjl8,0.00625,0.81896,0.17479
1fks6e4,0.00053,0.99877,0.0007
1fl5s5s,0.11851,0.86686,0.01463
1fl6mcl,0.00248,0.99489,0.00263
1foxbds,0.12501,0.83901,0.03597
1fp03ct,0.58833,0.33662,0.07505
1fp880l,0.06724,0.91766,0.0151
1fpxjmh,0.00066,0.9988,0.00053
1fsplqe,0.04903,0.94425,0.00672
1ft3bdf,0.00419,0.97509,0.02072
1ft7qo3,0.00364,0.06517,0.9312
1fv7cc5,0.01083,0.2814,0.70777
1fy3t6h,0.00076,0.99808,0.00116
1fzrqe1,0.01327,0.98187,0.00485
1fztvth,0.00617,0.99253,0.0013
1g0ca1k,0.00116,0.99861,0.00023
1g13egl,0.99657,0.00304,0.00039
1g2zhjt,0.56715,0.42769,0.00517
1g3a6yi,0.00014,0.99926,0.00061
1g48b3h,0.84118,0.07521,0.08361
1g4wao0,0.25857,0.72095,0.02047
1g5ln0v,0.00127,0.99674,0.00199
1g6cqni,0.00072,0.99898,0.0003
1g83j28,0.00073,0.99836,0.00091
1g8myad,0.98271,0.01677,0.00052
1g8qt3a,0.00066,0.99861,0.00073
1g9eloj,0.00077,0.99871,0.00052
1g9hlg9,0.00053,0.99908,0.00039
1gagde0,0.00088,0.999,0.00012
1gaxvyj,0.00175,0.69412,0.30413
1gbv39k,0.01297,0.76099,0.22605
1gc5enm,0.00031,0.99399,0.0057
1gdha3r,0.00046,0.99926,0.00028
1gdz53k,0.02621,0.9195,0.05428
1ggftpo,0.00033,0.99922,0.00044
1ggjlxr,0.00192,0.16167,0.8364
1gh1x3r,0.00116,0.9965,0.00234
1gk5aqh,0.04715,0.8957,0.05715
1gktp3b,0.0003,0.99561,0.00409
1gluet4,0.00023,0.99954,0.00023
1gmcgh7,0.00953,0.96247,0.02801
1gn8qpg,0.00058,0.99367,0.00575
1gozh3k,0.01472,0.07743,0.90785
1gpv0ke,0.00126,0.99788,0.00086
1gq95wb,0.13557,0.85768,0.00674
1gq9vso,0.02563,0.8963,0.07807
1gqkobf,0.97534,0.02284,0.00182
1gsmqzu,0.01189,0.71577,0.27234
1gusx02,0.00646,0.08971,0.90383
1gut8f7,0.00097,0.99861,0.00042
1gvuolb,0.01526,0.97604,0.0087
1gwgfse,0.0003,0.9994,0.0003
1h0naf9,0.00034,0.99947,0.00019
1h0yeip,0.6733,0.30841,0.0183
1h148x3,0.00126,0.9975,0.00124
1h1agmg,0.11089,0.68761,0.2015
1h43ail,0.01223,0.9358,0.05198
1h50c4x,0.0239,0.80002,0.17608
1h5ujg5,0.00366,0.99408,0.00226
1h6c44o,0.00206,0.99687,0.00107
1h6jsfq,0.00033,0.99939,0.00028
1ha5uf5,0.00094,0.95952,0.03954
1ha7mzh,0.00015,0.99223,0.00762
1hapzx9,0.3934,0.5952,0.0114
1hb5l6u,0.00631,0.98958,0.0041
1hbp8gi,0.00093,0.71852,0.28055
1hc3gcw,0.3084,0.09681,0.59479
1hc46hu,0.00213,0.9971,0.00077
1hcu28q,0.04372,0.89711,0.05917
1hdaa42,0.00174,0.99721,0.00105
1hdi0kn,0.89338,0.10241,0.00421
1hfhac4,0.01941,0.96514,0.01545
1hfikff,0.00021,0.99901,0.00079
1hgjn5n,0.00324,0.99435,0.00241
1hhbyvd,0.00329,0.99654,0.00017
1hin2h3,0.00765,0.9899,0.00245
1hj9s5a,0.00019,0.99886,0.00095
1hjdevb,0.00014,0.98972,0.01014
1hmltqw,0.01701,0.00509,0.9779
1hnndcr,0.15457,0.69987,0.14556
1ho8n68,0.00031,0.99948,0.00021
1hqhe8n,0.00065,0.99901,0.00034
1hr82n0,0.00347,0.63527,0.36126
1hrsn74,0.01252,0.77943,0.20805
1htc6ow,0.00067,0.99686,0.00248
1htczxo,0.00042,0.74932,0.25026
1hufee1,0.06778,0.52256,0.40966
1hvo0zx,0.00034,0.99909,0.00056
1hvpi1h,0.00721,0.94666,0.04613
1hvq823,0.54638,0.38433,0.06929
1hwi09l,0.00274,0.99708,0.00018
1hx8pwq,0.00045,0.99834,0.00121
1hx8x8q,0.00013,0.9996,0.00027
1hxbe2s,0.00069,0.99905,0.00027
1hxxy5b,0.01063,0.94603,0.04334
1hy04tq,0.46575,0.52315,0.0111
1hyg0l8,0.00044,0.99927,0.00029
1hyiyks,0.01591,0.6577,0.32638
1hyzp7t,0.00075,0.99893,0.00032
1i0covs,0.64702,0.33518,0.01781
1i11ann,0.00468,0.91902,0.0763
1i11tx2,0.00132,0.98827,0.0104
1i1glkr,0.00047,0.99937,0.00015
1i3a84e,0.09565,0.89232,0.01203
1i3deqt,0.00052,0.9806,0.01888
1i3do0y,0.05921,0.86717,0.07362
1i5m6qi,0.00065,0.99912,0.00023
1i66ogv,0.0024,0.99535,0.00225
1i7yh9h,0.00035,0.99953,0.00013
1i81a29,0.00029,0.99959,0.00012
1i81gdj,0.00164,0.93045,0.06791
1i8sbuw,0.0009,0.99782,0.00128
1i8vrzn,0.16307,0.79547,0.04146
1iaef4b,0.06466,0.93362,0.00172
1ib5egz,0.01969,0.81299,0.16732
1ic7jen,0.84393,0.14658,0.00949
1icbj4w,0.04976,0.34282,0.60742
1id18ec,0.02228,0.22455,0.75317
1ie7byj,0.00057,0.99713,0.00231
1if751o,0.00023,0.9995,0.00027
1ifzfhj,0.00455,0.98257,0.01288
1igmw0o,0.01234,0.98746,0.0002
1igqw7t,0.00088,0.999,0.00012
1ihpo79,0.00077,0.99481,0.00443
1iixvvo,0.0006,0.99895,0.00045
1ij0hgz,0.00058,0.99551,0.00392
1ijr7gd,0.05096,0.94855,0.00049
1ijs5ob,0.00094,0.9983,0.00076
1ijylle,0.01331,0.5731,0.41359
1im199p,0.0385,0.81759,0.14391
1im2tam,0.00206,0.99617,0.00177
1imwlav,0.0002,0.99632,0.00348
1in284x,0.00029,0.99906,0.00065
1inmns6,0.00425,0.98756,0.00818
1ipadvs,0.00979,0.98939,0.00082
1ipdkp5,0.00066,0.99901,0.00033
1iq0dp6,0.01958,0.97779,0.00263
1iswcqa,0.02512,0.02499,0.94989
1it0s8n,0.07553,0.38378,0.54069
1ituppo,0.00098,0.98042,0.0186
1iuj56b,0.00027,0.99947,0.00025
1iun1kw,0.00531,0.98637,0.00832
1iuyk4n,0.00288,0.99436,0.00276
1iwdhfd,0.00058,0.99908,0.00034
1iyug40,0.00026,0.99953,0.00021
1j1rf8d,0.00502,0.99474,0.00023
1j3jh04,0.03219,0.95889,0.00892
1j3kjt2,0.10188,0.89353,0.00459
1j49sfh,0.00017,0.99947,0.00036
1j5jitq,0.00028,0.99952,0.00019
1j5ovgx,0.00152,0.91019,0.08829
1j6lvx0,0.72565,0.26983,0.00452
1j7uext,0.38821,0.35026,0.26152
1j7w2rf,0.06831,0.84321,0.08848
1j9rxig,0.00114,0.99859,0.00027
1ja0ns4,0.00024,0.9996,0.00016
1jaa8gs,0.11788,0.81908,0.06304
1jacozo,0.00197,0.97596,0.02206
1jbzbnk,0.00017,0.99959,0.00023
1jc8doo,0.05006,0.8904,0.05954
1jcudse,0.00075,0.99783,0.00143
1jee6nr,0.00026,0.90099,0.09875
1jim3gj,0.00081,0.74921,0.24998
1jkcw2a,0.00035,0.99945,0.0002
1jl0adx,0.00018,0.98521,0.01461
1jlc1df,0.01115,0.97855,0.0103
1jmjhz5,0.00434,0.99506,0.0006
1jmkx80,0.04678,0.95161,0.00161
1jn90x9,0.08569,0.13811,0.77619
1jnlz07,0.0004,0.99933,0.00027
1jnyt37,0.87197,0.12458,0.00345
1jnzdy2,0.00017,0.9955,0.00433
1jnzub5,0.8068,0.18986,0.00334
1jo0i7v,0.52937,0.43038,0.04025
1jo10t9,0.76233,0.22458,0.01309
1jo28i9,0.16117,0.12476,0.71407
1jo46y3,0.74798,0.25054,0.00148
1jo83tu,0.36031,0.63422,0.00547
1joad9b,0.17805,0.82008,0.00187
1jocksy,0.81842,0.17113,0.01044
1joneqw,0.85797,0.13585,0.00618
1joq4h3,0.50153,0.45354,0.04493
1jp23rz,0.578,0.39784,0.02416
1jphe7w,0.53958,0.45973,0.00069
1jpkvyf,0.67269,0.31714,0.01017
1jpl22e,0.83215,0.14724,0.02061
1jpmasw,0.89237,0.10398,0.00365
1jpp80q,0.00184,0.99454,0.00363
1jprt1e,0.99155,0.00816,0.00029
1jpv8vq,0.14496,0.82156,0.03348
1jqqtde,0.00664,0.99026,0.0031
1jr5577,0.97563,0.02377,0.0006
1jr688z,0.76044,0.22833,0.01124
1jrafld,0.2123,0.76789,0.01981
1js7lsl,0.98847,0.01032,0.00122
1jsr12u,0.09322,0.45129,0.45549
1jsutxx,0.65921,0.32033,0.02046
1jtd9pp,0.02107,0.97202,0.00691
1juze39,0.00312,0.9113,0.08558
1jv1432,0.00073,0.99852,0.00075
1jv1tpc,0.00032,0.99943,0.00025
1jw3g0e,0.89979,0.09939,0.00082
1jye6fe,0.00262,0.96932,0.02806
1k1itoj,0.00014,0.99954,0.00031
1k27tg8,0.00157,0.99748,0.00095
1k27uxd,0.94547,0.05365,0.00088
1k2m4vs,0.0065,0.98897,0.00452
1k2u7y8,0.00028,0.99864,0.00108
1k54kf0,0.00012,0.99718,0.00269
1k5569e,0.0003,0.99647,0.00323
1k5bkkx,0.0027,0.63666,0.36064
1k643iq,0.00034,0.99955,0.00011
1k7w1j5,0.99328,0.00648,0.00024
1k9ry0u,0.00088,0.99903,1e-04
1k9xhcs,0.00185,0.99433,0.00382
1ka6v47,1e-04,0.99842,0.00148
1kamfwx,0.16492,0.81407,0.02101
1katfve,0.00074,0.98906,0.0102
1kcy87o,0.00265,0.99407,0.00328
1ke82uh,0.00017,0.99968,0.00015
1kl7twc,0.09192,0.88111,0.02697
1klgqeh,0.0015,0.99592,0.00258
1klipsg,0.28722,0.23896,0.47383
1km8ijo,0.00182,0.99157,0.00661
1kmda67,0.00043,0.99928,0.0003
1kmfoup,0.05529,0.88493,0.05978
1knvqry,0.01624,0.97637,0.00739
1ko25wn,0.00041,0.96157,0.03802
1ko7oem,0.03542,0.93935,0.02523
1kpd8dv,0.00058,0.99899,0.00042
1kq99jd,0.01911,0.94637,0.03452
1kqd8xa,0.00148,0.99738,0.00114
1krcbyz,0.00337,0.99374,0.00289
1kthgc8,0.10769,0.88598,0.00633
1ktj5x9,0.00075,0.99877,0.00048
1kttop0,0.00112,0.99707,0.0018
1kuag2w,0.00109,0.99796,0.00095
1kvobxy,0.00176,0.92411,0.07413
1kvzwfx,0.00081,0.99907,0.00012
1kwlwe8,0.00019,0.99966,0.00015
1kwtd72,0.00036,0.9995,0.00014
1kxdu77,0.08866,0.85319,0.05815
1kz19te,0.00503,0.88366,0.11131
1kzwmx8,0.01547,0.98407,0.00046
1l1c7i0,0.00806,0.98518,0.00676
1l29u95,0.00078,0.9991,0.00012
1l2kjvv,0.0043,0.99516,0.00054
1l3178n,0.73894,0.25939,0.00166
1l3cown,0.00024,0.99422,0.00554
1l46ruf,0.00104,0.99816,0.00079
1l47zya,0.00195,0.99761,0.00044
1l72s05,0.03561,0.02698,0.93741
1l7se5k,0.00432,0.99294,0.00273
1l80rbv,0.00346,0.9895,0.00704
1l8216k,0.00014,0.99955,0.00031
1l87zf2,0.00064,0.98496,0.0144
1l90tcf,0.0005,0.99917,0.00033
1l9u2my,0.00175,0.99749,0.00076
1lbumx0,0.00045,0.99936,0.00019
1lbz6gz,0.00031,0.99942,0.00027
1ldh464,0.03524,0.39207,0.57269
1lfvi3m,0.00023,0.87225,0.12751
1lfxh0w,0.02361,0.53005,0.44634
1lfyerd,0.04898,0.94735,0.00367
1lg8edj,0.15147,0.81355,0.03499
1lgssgk,0.23885,0.75908,0.00207
1lhh86x,0.0002,0.68708,0.31273
1lhl4ii,0.07634,0.92281,0.00084
1lhr2qg,0.00966,0.94669,0.04365
1lidzfg,0.87889,0.1127,0.00842
1lihtgy,0.00389,0.94625,0.04986
1lj94fo,0.00103,0.99271,0.00627
1ljio9k,0.0004,0.9994,0.0002
1lk22jw,0.89572,0.10409,0.00018
1lktm2h,0.99859,0.00078,0.00064
1lkvd8l,0.06851,0.91977,0.01173
1lkvwgy,0.00041,0.99942,0.00017
1ll3qvg,0.87743,0.11371,0.00886
1ll5ke3,0.00033,0.9988,0.00087
1lltmwj,0.00458,0.99163,0.00379
1lnaa3b,0.79501,0.20418,0.00081
1lnkdjr,0.98476,0.01256,0.00268
1lnl6nc,0.30522,0.69323,0.00155
1lo23v1,0.00587,0.92042,0.07371
1loaoov,0.00014,0.99923,0.00063
1loembe,0.21095,0.58019,0.20885
1lomeea,0.00032,0.99932,0.00036
1louyid,0.00652,0.98944,0.00404
1loz2kf,0.00038,0.99946,0.00016
1lpilhq,0.00038,0.99934,0.00028
1lpr0n6,0.00148,0.99799,0.00053
1lpsj7n,0.02143,0.82972,0.14885
1lpztio,0.00131,0.99821,0.00048
1lqaa0q,0.01072,0.98896,0.00032
1lqpgq1,0.00039,0.99951,1e-04
1lqu21x,0.00241,0.99644,0.00115
1lreoc5,0.00417,0.98797,0.00786
1lrhamx,0.00035,0.99625,0.0034
1lrl3rm,0.00039,0.99946,0.00015
1lrpzay,0.04914,0.94494,0.00592
1ls2kso,0.78302,0.18694,0.03004
1ls7ybf,0.0003,0.99669,0.00301
1ltn316,0.49959,0.3361,0.16431
1lttu2k,0.00179,0.88429,0.11392
1lumn3f,0.00028,0.99937,0.00035
1luug1d,0.04234,0.67938,0.27827
1lvbkkb,0.00035,0.99954,0.00011
1lvhasv,0.00239,0.01401,0.9836
1lvq9jg,0.00102,0.97607,0.02291
1lws0nc,0.00059,0.99916,0.00025
1lxsvbn,0.00047,0.99933,0.00021
1lxwxac,0.00047,0.99915,0.00038
1lxxudv,0.00042,0.99941,0.00018
1lxzhs4,0.00145,0.9981,0.00045
1lz4t29,0.00783,0.99174,0.00043
1lzbd5g,0.00019,0.99968,0.00012
1m0ckky,0.00119,0.99836,0.00044
1m0mcfn,0.00061,0.99826,0.00113
1m0pqg1,0.00418,0.99369,0.00213
1m183tv,0.00414,0.99445,0.00142
1m2964x,0.00113,0.99825,0.00062
1m34eik,0.00022,0.98779,0.01199
1m3pnm5,0.00878,0.99085,0.00037
1m4f1wx,0.00017,0.99927,0.00057
1m4iult,0.00651,0.97111,0.02237
1m4m9rz,0.00215,0.99254,0.00532
1m4yfj2,0.0996,0.89816,0.00225
1m5hb1j,0.00228,0.99536,0.00236
1m5qui7,0.00059,0.99841,0.001
1m5tooc,0.00199,0.99759,0.00042
1m6i27q,0.51248,0.25203,0.23549
1m8qv12,0.00073,0.99856,0.00071
1m8wmlx,0.00899,0.98993,0.00107
1m8zs6c,0.00086,0.99902,0.00012
1m91l87,0.00062,0.99883,0.00056
1madrnd,0.00075,0.99548,0.00377
1mc6322,0.14157,0.83519,0.02323
1mc73gw,0.01315,0.91889,0.06796
1mc8bfv,0.06865,0.86082,0.07052
1mcqw1b,0.73322,0.25991,0.00687
1md1s57,0.00386,0.51946,0.47668
1md5ss3,0.00071,0.98971,0.00959
1mdj68n,0.58115,0.41533,0.00352
1mei15u,0.00015,0.99798,0.00187
1mes1ce,0.03672,0.94251,0.02076
1met49u,0.01507,0.44167,0.54326
1mhqow0,0.00467,0.93796,0.05737
1mi4i3n,0.00798,0.87288,0.11915
1mi6o5o,0.00071,0.99876,0.00053
1miewf0,0.00016,0.99677,0.00307
1mihwst,0.00052,0.99904,0.00045
1miv7op,0.00029,0.99945,0.00026
1mk0b4y,0.00343,0.7274,0.26917
1mk5oz2,0.10753,0.76526,0.1272
1mk82z0,0.00224,0.36599,0.63176
1mk83ge,0.0015,0.9978,0.0007
1mkrn7g,0.30601,0.66742,0.02657
1mmdxdf,0.00066,0.99908,0.00026
1mnzdhe,0.1862,0.53043,0.28337
1mpxent,0.0002,0.99948,0.00033
1msdabb,0.06281,0.93074,0.00645
1msmenf,0.00177,0.2656,0.73263
1mst8sl,0.00026,0.99792,0.00182
1mu3ve3,0.00042,0.99934,0.00024
1mvx5vj,0.06916,0.92873,0.00211
1mw6wdr,0.01628,0.98261,0.00112
1mx0rsb,0.00088,0.99797,0.00115
1mxiec8,0.13569,0.85133,0.01298
1myr3zi,0.00021,0.99958,0.00022
1mysrmi,0.0046,0.98701,0.00839
1n00mwq,0.00098,0.99748,0.00155
1n0idwd,0.00015,0.99732,0.00253
1n29zvi,0.00088,0.99853,0.00059
1n2ko37,0.00375,0.86423,0.13202
1n2n1vi,0.00036,0.99899,0.00065
1n6d412,0.00032,0.99899,0.0007
1n7m037,0.00135,0.99818,0.00047
1n7t1i2,0.49996,0.49801,0.00203
1n80kbv,0.00036,0.99787,0.00177
1n8ylf6,0.00084,0.99869,0.00046
1n97f25,0.00024,0.99915,0.00061
1n9tcns,0.00897,0.02815,0.96287
1nabpfj,0.0005,0.99885,0.00065
1nam6s4,0.02179,0.97131,0.00691
1nb0gug,0.02164,0.34961,0.62875
1nbhfqe,0.00073,0.99839,0.00089
1nbt91a,0.00127,0.99806,0.00067
1ncftmo,0.01625,0.98311,0.00063
1ncgjf2,0.02897,0.96928,0.00175
1ncgw0y,0.00177,0.99797,0.00026
1ncgwyi,0.00014,0.99941,0.00045
1ncijfc,0.00041,0.98936,0.01023
1ncwrna,0.0017,0.98548,0.01282
1ndappw,0.03522,0.94835,0.01643
1neeiru,0.71417,0.24269,0.04314
1nexvca,0.00041,0.99897,0.00062
1nfeyyx,0.00053,0.9991,0.00037
1ngl5zs,0.01477,0.96971,0.01552
1ngmicc,0.05886,0.93686,0.00428
1ngvc84,0.0018,0.99685,0.00135
1nhdbex,0.00087,0.99547,0.00366
1nhf5mw,0.98918,0.00976,0.00106
1nhgp7g,0.02027,0.29445,0.68528
1ni8qr8,0.00268,0.99638,0.00094
1nix6rd,0.0235,0.42941,0.54708
1njhtof,0.00034,0.99611,0.00355
1nkxy37,0.0005,0.99789,0.00161
1nm3oh1,0.00343,0.99621,0.00036
1nogham,0.00015,0.995,0.00485
1nojzpd,0.00047,0.61341,0.38612
1nq29i0,0.00275,0.9749,0.02235
1nq55bf,0.00382,0.99436,0.00182
1nqv1j0,0.00084,0.99843,0.00073
1ns3gi4,0.02042,0.95547,0.02411
1nsyao7,0.00031,0.0679,0.93179
1nu83so,0.00078,0.99592,0.00329
1nvg1xa,0.02732,0.92721,0.04547
1nwvfm8,0.02628,0.96813,0.00559
1nx33q5,0.0446,0.9464,0.009
1nx88d8,0.05385,0.88107,0.06508
1nzf1wi,0.03121,0.95403,0.01476
1o14a93,0.00246,0.99683,0.00071
1o17n4f,0.00285,0.89196,0.10519
1o1nnzq,0.01375,0.64654,0.33971
1o2t5yg,0.00059,0.98357,0.01585
1o3s8mo,0.00071,0.81656,0.18273
1o6atgl,0.00051,0.99923,0.00026
1o6fuw1,0.00078,0.99571,0.00351
1o6n4jn,0.00021,0.99784,0.00194
1o7ao18,0.87637,0.11754,0.00609
1o7q2x6,0.00033,0.99831,0.00135
1o82bav,0.00023,0.99723,0.00254
1o8w5dz,0.00249,0.8621,0.13541
1o910np,0.00531,0.91957,0.07512
1oap7hx,0.00057,0.99887,0.00057
1obf6uu,0.0004,0.99509,0.00451
1odvydw,0.00074,0.99912,0.00014
1of72w0,0.00611,0.26501,0.72887
1of8aqg,0.00073,0.99915,0.00012
1ofkfcd,0.00611,0.26501,0.72887
1ohgn8t,0.78691,0.21159,0.0015
1oix0j8,0.03217,0.95077,0.01706
1oizce9,0.00022,0.99964,0.00014
1omf2bj,0.00088,0.98922,0.00989
1omiph5,0.00072,0.99892,0.00037
1omtvfj,0.00095,0.9674,0.03165
1onydfe,0.00065,0.99479,0.00457
1opy0dr,0.11954,0.4268,0.45366
1orjr7o,0.012,0.98466,0.00334
1orq7u2,1e-04,0.99721,0.00269
1osl6lf,0.19067,0.76007,0.04926
1ow3e6f,0.01113,0.68985,0.29903
1owwg9n,0.00097,0.99884,0.00019
1owy5j3,0.00041,0.99942,0.00017
1ozf5qw,0.28102,0.48366,0.23532
1p06cgi,0.00171,0.05663,0.94166
1p087r7,0.00036,0.99094,0.0087
1p2yeuc,0.01946,0.96942,0.01112
1p4nk1a,0.0003,0.99926,0.00044
1p5umvg,0.01011,0.97899,0.01091
1p62ymr,0.0003,0.99929,0.00041
1p86rh3,0.05504,0.93946,0.0055
1p9k4yj,0.00923,0.98902,0.00175
1pasmbq,0.00031,0.99944,0.00025
1pcpxei,0.99883,0.00091,0.00026
1pdkeq0,0.00056,0.99875,0.00069
1pdz39d,0.39785,0.22367,0.37848
1pe3wez,0.62609,0.35673,0.01718
1pef3e6,0.00096,0.13926,0.85978
1pet9xw,0.00019,0.99967,0.00014
1peyxlj,0.01051,0.98476,0.00473
1pfm6eu,0.00041,0.97695,0.02264
1pgfwsk,0.17355,0.8199,0.00655
1pgivxz,0.09099,0.89708,0.01193
1pgmijn,0.00079,0.99809,0.00111
1pgtmiu,0.87774,0.11068,0.01158
1phahga,0.00413,0.99574,0.00013
1phe0pu,0.00817,0.99168,0.00015
1pj2pqo,0.0002,0.9996,0.0002
1plqvis,0.00047,0.99933,0.0002
1pm75ub,0.00041,0.99946,0.00013
1pn5wsc,0.00078,0.99711,0.00211
1po7ogz,0.00016,0.99901,0.00083
1poc8m9,0.00257,0.99615,0.00129
1poeu11,0.00238,0.99635,0.00127
1pqlsws,0.99599,0.00376,0.00025
1pqxg9a,0.00052,0.99858,0.0009
1pujygt,0.00123,0.99816,0.00061
1pw2rqh,0.01422,0.82902,0.15676
1pwvvqj,0.20888,0.78407,0.00705
1px0wkk,0.00106,0.9984,0.00054
1pxmn20,0.00926,0.96729,0.02345
1pxt9gw,0.05442,0.70166,0.24391
1pzbls0,0.00089,0.97798,0.02113
1pzi6hi,0.32331,0.1127,0.56399
1pzzaun,0.06349,0.8628,0.07372
1q0ev6v,0.00021,0.99846,0.00134
1q1cr6i,0.93505,0.06351,0.00144
1q1e6uh,0.00014,0.99879,0.00108
1q21n6s,0.00174,0.80239,0.19587
1q3yeyk,0.00053,0.9987,0.00076
1q4q3or,0.00773,0.92201,0.07025
1q5pxku,0.00213,0.99525,0.00262
1q6vwuh,0.097,0.90166,0.00133
1q77uke,0.06878,0.92844,0.00278
1q783he,0.00028,0.35478,0.64494
1q7acst,0.51177,0.26196,0.22627
1q7mcad,0.16143,0.1472,0.69137
1q8dehd,0.03987,0.89339,0.06674
1q8mkok,0.00026,0.99785,0.00189
1q96b6k,0.00198,0.9953,0.00272
1q9w17h,0.24934,0.7473,0.00337
1qan5pt,0.0435,0.92868,0.02783
1qaqati,0.0005,0.98535,0.01415
1qbjzxk,0.00021,0.99945,0.00034
1qbkslz,0.90216,0.09687,0.00098
1qcjny6,0.63455,0.3605,0.00495
1qcs0yc,0.00062,0.99895,0.00043
1qczd1g,0.00171,0.99705,0.00124
1qdecph,0.00841,0.56268,0.4289
1qdi910,0.00022,0.99925,0.00053
1qdljdd,0.00056,0.96746,0.03198
1qeu1wt,0.00015,0.99963,0.00022
1qfb0hb,0.00019,0.99392,0.00589
1qg4ydc,0.4272,0.53192,0.04088
1qgnkjt,0.01217,0.98577,0.00207
1qh7cug,1e-04,0.99807,0.00183
1qhw74q,0.01128,0.5016,0.48712
1qhwsr1,0.00068,0.99916,0.00016
1qhxf21,0.24034,0.75935,0.00031
1qibnjv,0.18186,0.32764,0.4905
1qisrex,0.02631,0.94385,0.02984
1qizru6,0.09475,0.90385,0.0014
1qj6om2,0.00205,0.99356,0.00439
1qjocn3,0.34119,0.64432,0.01449
1qjsii6,0.03283,0.86499,0.10218
1qkrtq4,0.27364,0.24815,0.47821
1qkud9i,0.00064,0.99918,0.00018
1qm1r5m,0.00019,0.99695,0.00285
1qnt4lu,0.00413,0.98987,0.006
1qp5y2u,0.00074,0.99917,1e-04
1qpn10u,0.00086,0.99733,0.0018
1qtryqi,0.01644,0.98059,0.00297
1qu8m5h,0.00044,0.99935,0.00021
1qum6vr,0.00136,0.99597,0.00267
1qv2yvb,0.17436,0.81573,0.00991
1qv6axe,0.97564,0.02177,0.00259
1qvj5pp,0.00099,0.80484,0.19418
1qvlvxc,0.00034,0.99843,0.00123
1qwhzqe,0.00018,0.99937,0.00044
1qxdb60,0.00221,0.9959,0.00189
1r0uop7,0.00013,0.99943,0.00044
1r130xh,0.08221,0.90975,0.00804
1r1tiqi,0.00092,0.92167,0.07741
1r1vg9h,0.01089,0.98675,0.00236
1r65d64,0.00086,0.99765,0.00149
1r6jmns,0.00022,0.99946,0.00032
1r7l1bb,0.00119,0.99867,0.00014
1r8bfym,0.00159,0.99594,0.00247
1r8ccuf,0.19217,0.80238,0.00545
1ra36ml,0.01075,0.98468,0.00457
1ra4vtc,0.00056,0.99873,0.00072
1rabbnu,0.0037,0.98599,0.01031
1rat6ox,0.00366,0.9923,0.00404
1rav8tg,0.00111,0.99847,0.00042
1rbfwn3,0.04863,0.93926,0.01212
1rcawrg,0.00268,0.22396,0.77336
1rd9yix,0.00016,0.99934,0.0005
1re7rj2,0.00639,0.98387,0.00974
1rg2wdb,0.00151,0.92547,0.07302
1rgz1af,0.00373,0.99523,0.00105
1rjr1x1,0.00053,0.9992,0.00028
1rkphll,0.00047,0.99769,0.00184
1rlefml,0.00744,0.9896,0.00296
1rmg8c3,0.00187,0.99772,0.00041
1rof0ad,0.00032,0.99957,0.00011
1rogd55,0.00021,0.99965,0.00014
1rotuec,0.00049,0.99925,0.00025
1rpu82g,0.00025,0.98759,0.01216
1rrseuk,0.00939,0.97237,0.01824
1rt6d2o,0.00014,0.99922,0.00063
1rtbzgc,0.0039,0.99247,0.00363
1rtpwfg,0.00124,0.9986,0.00017
1ru8am6,0.00096,0.99848,0.00056
1rw50ee,0.00441,0.98521,0.01038
1rznsvr,0.00027,0.99829,0.00145
1s1va1n,0.14243,0.85728,0.00029
1s2bonu,0.00021,0.99673,0.00306
1s35kne,0.18141,0.76886,0.04973
1s47azr,0.00023,0.99914,0.00062
1s4tr82,0.00015,0.99767,0.00218
1s4wlw4,0.99766,0.00167,0.00067
1s4xew8,0.00074,0.99841,0.00085
1s622sq,0.00017,0.99959,0.00024
1s9jscs,0.00062,0.99903,0.00035
1s9kmzd,0.00026,0.99926,0.00048
1sal794,0.00096,0.99718,0.00186
1scd5bd,0.01262,0.95192,0.03546
1sdcpel,0.89543,0.103,0.00157
1seuh00,0.06513,0.21735,0.71752
1sf62pi,0.00042,0.98153,0.01805
1sfptq0,0.00359,0.9961,0.00031
1sfql8i,0.00026,0.99953,0.00021
1shi0re,0.26964,0.65086,0.0795
1si0a94,0.00011,0.99949,0.00039
1sithhr,0.0058,0.98989,0.00431
1sk3m6l,0.00052,0.99806,0.00142
1sm4vlc,0.01459,0.98053,0.00489
1smwix4,0.04092,0.52576,0.43332
1smzxog,0.00023,0.99957,0.00021
1sp8uoe,0.46952,0.51266,0.01782
1spnkt7,0.00073,0.99912,0.00015
1spnmqo,0.01521,0.82244,0.16234
1spsrht,0.07442,0.92224,0.00335
1sqxpn7,0.00064,0.9992,0.00016
1sr9ehr,0.01091,0.96251,0.02658
1srmu52,0.00091,0.9975,0.00159
1ssonai,0.11088,0.80149,0.08763
1stpw5m,0.00713,0.99063,0.00224
1suc8yz,0.00027,0.99959,0.00014
1supuh6,0.00246,0.99632,0.00122
1sv5bj3,0.00246,0.99632,0.00122
1svddie,0.00452,0.99526,0.00022
1sx7qgw,0.00019,0.99966,0.00015
1sxtmsr,0.00139,0.99722,0.00139
1sxz12z,0.00073,0.9991,0.00017
1sy7v8w,0.17768,0.80128,0.02104
1syf21d,0.00127,0.99779,0.00094
1sys0yr,0.0753,0.92452,0.00018
1xm9ft,0.00037,0.99943,0.0002
26ii7z,0.00327,0.99578,0.00095
2b2i70,0.04007,0.79624,0.16369
2e2os9,0.00166,0.97714,0.0212
2h6e28,0.00053,0.99934,0.00013
2i3v7s,0.00033,0.96734,0.03233
2q62xj,0.1531,0.75195,0.09495
2w86e7,0.00032,0.99639,0.00329
31vl51,0.00436,0.99511,0.00053
321shc,0.00032,0.99924,0.00044
334a8d,0.0038,0.96913,0.02707
33otbl,0.04562,0.87527,0.0791
340itv,0.00059,0.99475,0.00466
34xkzo,0.014,0.9429,0.0431
351qdk,0.00208,0.9846,0.01332
35owc4,0.00551,0.94078,0.05372
38oz5m,0.00118,0.89752,0.10129
3a1grd,0.00287,0.99616,0.00097
3b92zr,0.0019,0.98076,0.01735
3b9cdx,0.01413,0.84536,0.14052
3d5gtr,0.00027,0.99731,0.00242
3eddti,0.0044,0.75678,0.23883
3err0k,0.00033,0.98893,0.01075
3fuumz,0.00072,0.99895,0.00032
3fz8em,0.00299,0.99014,0.00687
3gn1op,0.01608,0.89936,0.08457
3pszvd,0.12044,0.87611,0.00346
3q9eou,0.00073,0.99252,0.00675
3rww9o,0.00022,0.9995,0.00027
3schd5,0.0024,0.98704,0.01057
3w14cr,0.00164,0.99262,0.00574
40n33m,0.00509,0.9905,0.00441
41p2uz,0.00122,0.63014,0.36864
41qfg7,0.00086,0.99896,0.00018
423pa0,0.00206,0.99432,0.00362
42evys,0.00363,0.76525,0.23112
438qdk,0.00042,0.99931,0.00027
465cbb,0.00037,0.92435,0.07528
47ia4p,0.033,0.17686,0.79015
4ck34b,0.00353,0.99494,0.00153
4h6s4d,0.00014,0.99965,0.00022
4keg77,0.00014,0.99965,0.0002
4kibjk,0.00021,0.99962,0.00017
4kvrdi,0.00031,0.99949,0.0002
4m7v8k,0.00133,0.99827,0.0004
4sh0tc,0.00035,0.99943,0.00022
4t9u5n,0.00054,0.99903,0.00043
4tc1ne,0.03422,0.96191,0.00387
4tfmoj,0.00062,0.99273,0.00665
4vsyz6,0.02525,0.15703,0.81772
4w5b6n,0.00053,0.99907,0.0004
4w5vkf,0.00541,0.78024,0.21435
4wpecq,0.00167,0.96921,0.02912
4zlvsv,0.00036,0.99609,0.00355
50ibsa,0.00178,0.99804,0.00018
53atzi,0.01786,0.98155,0.0006
53mq3w,0.00137,0.99095,0.00768
558n00,0.31852,0.60415,0.07734
579g29,0.00031,0.9993,0.00038
58mlme,0.01781,0.95897,0.02322
58mxli,0.00128,0.99648,0.00224
58ysn8,0.0005,0.17348,0.82602
5ar97d,0.03529,0.93803,0.02669
5bsjo1,0.00283,0.54784,0.44932
5e34gi,0.02871,0.96972,0.00157
5ij73u,0.00047,0.99936,0.00017
5ing61,0.00056,0.99898,0.00046
5ku91y,0.00074,0.99899,0.00027
5ls4eh,0.00302,0.03224,0.96475
5me65r,0.02221,0.00337,0.97442
5oqaye,0.01928,0.12735,0.85337
5srv8q,8e-05,0.00956,0.99036
5u0yx7,0.00036,0.99948,0.00017
5x4u0v,0.00028,0.99896,0.00076
5ydrdh,0.04808,0.95115,0.00077
5zia5v,0.00241,0.99746,0.00014
5zy9kd,0.00013,0.9985,0.00137
615460,0.00035,0.93651,0.06314
61axzl,0.00228,0.99643,0.00129
626ly6,0.00024,0.99886,0.0009
62embp,0.00027,0.99955,0.00018
64k0up,0.00063,0.97708,0.02229
64xizb,0.00387,0.95668,0.03945
65tmbv,0.05504,0.93297,0.01199
6684pv,0.00024,0.9954,0.00436
6690ac,0.01411,0.97863,0.00726
66fsni,0.01032,0.98841,0.00127
66h9mf,0.00338,0.99644,0.00017
688gvu,0.00669,0.98374,0.00957
689x42,0.00104,0.99431,0.00465
68dw9p,0.00242,0.99373,0.00385
68euzg,0.00015,0.99786,0.00199
68l0ln,0.00382,0.99427,0.00192
68zmng,0.95345,0.04083,0.00571
69ksmc,0.00023,0.9995,0.00028
69kvmc,0.00644,0.98568,0.00788
69sb4b,0.09897,0.87526,0.02577
69snyu,0.61746,0.28119,0.10134
69twpr,0.00032,0.9898,0.00988
6ak8du,0.00073,0.9984,0.00087
6awrdj,0.2121,0.56085,0.22705
6chrdz,0.03374,0.95162,0.01463
6clqf4,0.00171,0.9982,9e-05
6cna1l,0.00035,0.99682,0.00282
6ctng1,0.01698,0.95859,0.02442
6e8no8,0.02554,0.96525,0.00922
6fsp1s,0.00176,0.99789,0.00035
6giyno,0.00138,0.99852,1e-04
6gm1be,0.00042,0.99416,0.00541
6gsbos,0.00059,0.99838,0.00102
6ho431,0.00082,0.7268,0.27238
6hzc93,0.00231,0.97551,0.02218
6i0c5t,0.00021,0.99346,0.00633
6l8pej,0.01872,0.86167,0.11961
6lrzd8,0.01954,0.94724,0.03321
6ltt76,0.00178,0.98985,0.00837
6ng2qr,0.00149,0.9977,0.00082
6nscbf,0.00653,0.9916,0.00187
6q9xp0,0.00354,0.99597,0.00049
6quykg,0.01459,0.98492,0.00049
6s4yk2,0.01057,0.98032,0.00912
6stumu,0.03221,0.88684,0.08095
6t96ec,0.00136,0.99598,0.00266
6tzzi6,0.00527,0.99365,0.00108
6ughno,0.00022,0.99962,0.00016
6vec64,0.00311,0.99583,0.00106
6yjfcy,0.7784,0.19751,0.02409
6ym3lb,0.00074,0.73032,0.26893
6yvijc,0.00938,0.94428,0.04634
6zwa36,0.00807,0.99161,0.00031
700wa6,0.04051,0.95876,0.00073
70tyb7,0.00064,0.99925,0.00011
711t5y,0.01088,0.9797,0.00942
71tia4,0.00023,0.98829,0.01148
73fwq3,0.0004,0.99848,0.00112
73tccy,0.00051,0.99923,0.00026
73zein,0.0002,0.99833,0.00147
74ulmr,0.00038,0.98804,0.01158
74v0tg,0.0026,0.99485,0.00255
75o2tl,0.00019,0.99925,0.00056
77supo,0.06066,0.84021,0.09913
79528b,0.02256,0.97489,0.00256
79nhhe,0.01577,0.98093,0.0033
7b71pf,0.00245,0.21797,0.77958
7c62jb,0.00074,0.99833,0.00094
7d3zt0,0.00198,0.9949,0.00313
7fm9jz,0.25869,0.73981,0.0015
7gfoqi,0.00383,0.99335,0.00282
7hg3yp,0.00041,0.99946,0.00013
7ljsut,0.00769,0.98352,0.0088
7myqzz,0.01621,0.5592,0.42459
7o781c,0.00193,0.99716,0.00091
7ochcg,0.0147,0.98516,0.00014
7pr866,0.00681,0.99102,0.00217
7pvbsv,0.00681,0.99102,0.00217
7qqwpg,0.00963,0.97936,0.01101
7s4ufe,0.00259,0.99461,0.0028
7xpi3g,0.06694,0.75197,0.18109
7ymejv,0.00267,0.98409,0.01324
83em1z,0.00557,0.98534,0.00909
83f25c,0.00175,0.99432,0.00393
83of25,0.00034,0.02897,0.97069
85rbhc,0.00035,0.99923,0.00042
861k6n,0.00016,0.99867,0.00117
8b7gr3,0.00052,0.9973,0.00218
8bqvkt,0.00047,0.99935,0.00017
8bxi3w,0.00052,0.99924,0.00024
8cmq95,0.00137,0.9191,0.07953
8e6k9p,0.00133,0.99802,0.00065
8eaxjl,0.00046,0.99929,0.00025
8guuvd,0.00027,0.98932,0.01041
8h6l9c,0.00033,0.99448,0.00519
8hmdsh,0.00038,0.99883,0.00079
8i3zs8,0.00729,0.98499,0.00772
8j6y4x,0.00501,0.98699,0.00801
8lqsn3,0.00066,0.99682,0.00251
8lw08j,0.01808,0.63104,0.35088
8m089h,0.76375,0.05295,0.1833
8n6x3s,0.00311,0.97347,0.02342
8oqyiq,0.00153,0.24579,0.75267
8qr57h,0.01103,0.9864,0.00257
8rdvo,0.00815,0.99055,0.0013
8rtdev,0.00111,0.99861,0.00028
8thivx,0.00079,0.99865,0.00056
8ukd74,0.00011,0.99946,0.00043
8upvzl,0.02135,0.02167,0.95698
8uwqzt,0.003,0.99637,0.00063
8w2awd,0.00025,0.99912,0.00063
8wveig,0.0002,0.99959,0.00021
8ybj73,0.00051,0.99846,0.00103
8zbi91,0.00675,0.83756,0.15569
8zjuu0,0.00039,0.9992,0.00041
8zune6,0.98736,0.01079,0.00185
904jy9,0.0006,0.99923,0.00016
907lnw,0.00057,0.99879,0.00064
90ga1w,0.00078,0.99799,0.00123
91vcf0,0.00062,0.99833,0.00105
93cpy1,0.00237,0.93979,0.05785
93d57n,0.68213,0.30403,0.01384
94hsqm,0.00754,0.97462,0.01783
94s2ry,0.00023,0.9987,0.00106
951q9m,0.24881,0.74718,0.00401
95ko1b,0.00225,0.99415,0.0036
95pxyn,0.01033,0.64067,0.34901
967yts,0.00238,0.97587,0.02176
96pkb3,0.00033,0.99906,0.00062
99m68g,0.0002,0.99931,0.00049
9aotrf,0.00046,0.99862,0.00092
9b1od2,0.11657,0.85736,0.02607
9b8c4p,0.20767,0.79067,0.00166
9b8uhu,0.00075,0.99041,0.00884
9bhywi,0.00126,0.17945,0.81929
9bt0lu,0.0002,0.99937,0.00043
9cd07l,0.00058,0.98968,0.00975
9cu072,0.00018,0.99908,0.00073
9cwku0,0.00144,0.99636,0.0022
9dmmxr,0.00028,0.98801,0.01171
9eocv2,0.00608,0.99337,0.00055
9ewhky,0.00269,0.9965,0.00081
9g0oij,0.00251,0.00503,0.99246
9hzn0r,0.00032,0.99934,0.00034
9i7b81,0.00062,0.96201,0.03737
9i7ot6,0.00022,0.99962,0.00016
9ipva2,0.00076,0.99759,0.00166
9iswb7,0.70193,0.27826,0.01982
9ita19,0.0065,0.95935,0.03414
9jcvgf,0.00019,0.99942,0.0004
9krhfl,0.15171,0.15023,0.69806
9lasl6,0.00037,0.98899,0.01064
9mno6e,0.00716,0.56886,0.42398
9moo1u,0.01232,0.51769,0.46999
9mrp1j,0.00036,0.99912,0.00052
9myhyd,0.0695,0.92848,0.00202
9mzcvq,0.00254,0.98993,0.00754
9n8nap,0.02744,0.96343,0.00913
9nt13c,0.0002,0.98875,0.01105
9ol266,0.01154,0.98829,0.00017
9s2n6w,0.64779,0.35151,0.0007
9slu0t,0.01631,0.9648,0.01888
9trq9c,0.00012,0.99074,0.00914
9ve83u,0.97079,0.02708,0.00213
9w971b,0.0007,0.99642,0.00288
9wfi0p,0.00243,0.97712,0.02045
9xwy8o,0.01717,0.98224,0.00059
9y4e31,0.05064,0.94848,0.00088
9zdmcq,0.00572,0.94887,0.04541
9zgnix,0.00022,0.99964,0.00015
9zoxcy,0.0222,0.94016,0.03765
9zpdkw,0.00644,0.99151,0.00204
a0iarh,0.10089,0.89703,0.00208
a151zv,0.00109,0.83895,0.15996
a1v7ph,0.00025,0.99942,0.00033
a2zpof,0.00055,0.99605,0.00339
a3cb50,0.02787,0.78329,0.18884
a3fx5v,0.01699,0.93413,0.04888
a3m7au,0.00029,0.99954,0.00017
a3rf6,0.00167,0.9971,0.00122
a4kdrr,0.08818,0.87618,0.03564
a4xsib,0.0026,0.99589,0.00151
a5ch1l,0.02451,0.97474,0.00076
a5rrh2,0.04817,0.94455,0.00728
a5ss93,0.0002,0.99965,0.00015
a6yde4,0.00077,0.95818,0.04104
a6yw2g,0.06279,0.74868,0.18852
adae5b,0.02677,0.4184,0.55483
adia3d,0.00037,0.99942,0.00021
adik0y,0.00053,0.92165,0.07783
ae4vrk,0.01855,0.49887,0.48258
ae6t3b,0.92176,0.0691,0.00914
aegsg8,0.00593,0.98451,0.00956
aephtl,0.00077,0.99902,0.00021
afj03f,0.00363,0.9963,7e-05
aiag9z,0.0055,0.94796,0.04655
aim8fj,0.00529,0.97641,0.0183
ajldzr,0.00261,0.98942,0.00798
alczp8,0.00093,0.29031,0.70876
alq3f2,0.0003,0.99634,0.00336
amql9l,0.00391,0.9819,0.01419
ancn40,0.00072,0.79887,0.20041
anoqse,0.00053,0.98767,0.0118
ao546f,0.06819,0.92663,0.00518
aosx6d,0.00058,0.949,0.05042
aou0rm,0.00364,0.97448,0.02188
apvc02,0.00043,0.99864,0.00093
aq84kk,0.00329,0.99011,0.00661
aqohqe,0.08598,0.84004,0.07398
ar6h7j,0.00051,0.99342,0.00607
ar7ec8,0.00034,0.99768,0.00198
ari3sz,0.00017,0.99969,0.00015
arn3mb,0.00044,0.99614,0.00341
avwxqi,0.00211,0.99773,0.00016
azk9wf,0.00017,0.99953,0.0003
azzjcs,0.01326,0.98575,0.00099
azzpfa,0.00029,0.99856,0.00116
b04uo3,0.05,0.91181,0.03819
b0cilf,0.02816,0.88471,0.08713
b1ecj1,0.0014,0.99248,0.00612
b3unvm,0.00049,0.99844,0.00107
b46ji0,0.11532,0.6931,0.19158
b587v3,0.08118,0.86511,0.05371
b9dhs5,0.0045,0.99196,0.00354
bbxmcl,0.02146,0.45706,0.52147
bcb5bq,0.25376,0.30164,0.4446
bcgxj3,0.01348,0.39558,0.59094
bd7wwu,0.00053,0.99465,0.00482
bdjnc2,0.00033,0.99944,0.00023
bdrtng,0.0019,0.99743,0.00067
bepsxe,0.00031,0.99658,0.00311
bfyjiv,0.00012,0.9902,0.00967
bgeguu,0.01136,0.06536,0.92328
bggieq,0.00205,0.99657,0.00137
bhb76w,0.25461,0.49078,0.25461
bhowol,0.0027,0.99695,0.00035
bjfb3e,0.00029,0.99493,0.00477
bmvw9h,0.00193,0.99565,0.00242
bnoy8x,0.00444,0.99465,0.00091
bqn8hv,0.00015,0.99873,0.00112
bqwtsg,0.00175,0.92518,0.07307
br75o0,0.00031,0.99931,0.00037
brmib7,0.00061,0.98646,0.01293
brrqig,0.00028,0.99958,0.00013
bsja0x,0.00054,0.99757,0.00189
btbfi4,0.00045,0.98279,0.01676
btnqcc,0.05006,0.93717,0.01277
bxkheg,0.00106,0.97551,0.02342
bxmyu8,0.0005,0.9985,0.001
bzb17g,0.00272,0.96955,0.02773
c1zmfq,0.00072,0.99914,0.00014
c5oat5,0.00055,0.99826,0.00118
c64ss6,0.01437,0.98398,0.00165
c71xlq,0.00488,0.83952,0.1556
c8le3c,0.05036,0.94099,0.00865
cbtzq1,0.09442,0.87719,0.02839
ceqpay,0.00799,0.97507,0.01693
ceshxz,0.00299,0.93398,0.06303
cg9psx,0.00268,0.90109,0.09623
cgqoso,0.00123,0.95458,0.04419
cgtjqm,0.00077,0.99914,1e-04
cjbe5s,0.0004,0.99946,0.00013
ckcv0t,0.00771,0.9917,0.00058
cl3tzg,0.35178,0.44509,0.20313
co1e76,0.00069,0.99833,0.00098
coghm8,0.22355,0.77345,0.003
cqbbso,0.15714,0.83468,0.00818
csm2pt,0.00054,0.99848,0.00098
ctb8b7,0.00045,0.99926,0.00029
cue8ed,0.00091,0.99881,0.00028
cw131i,0.01723,0.93079,0.05198
d0dalv,0.0011,0.99873,0.00017
d3m3ni,0.00088,0.69761,0.30151
d4ba7s,0.00043,0.99947,1e-04
d5f1h9,0.00022,0.99965,0.00012
d5yj8l,0.03471,0.45745,0.50784
d82gx6,0.01306,0.98195,0.00498
d8qza8,0.00068,0.99076,0.00856
d8r9xm,0.00032,0.99916,0.00051
d9wvlq,0.00937,0.98748,0.00314
da0fiz,0.00263,0.99098,0.00639
dc78wc,0.00235,0.99705,0.0006
ddqpea,0.04387,0.89337,0.06276
dexel2,0.00045,0.12321,0.87635
dfk9iz,0.16767,0.83017,0.00215
dioiij,0.33626,0.5382,0.12554
dlev5c,0.00733,0.75472,0.23795
dlyr5s,0.00158,0.99752,0.0009
dnblhd,0.00079,0.99873,0.00048
dnpdj9,0.00059,0.99893,0.00048
dqbtcn,0.0082,0.98983,0.00198
dthkqo,0.0002,0.03205,0.96775
dwahhl,0.00065,0.99285,0.0065
dwfmqg,0.00101,0.99464,0.00435
dyj4xf,0.00031,0.84312,0.15657
e1edg3,0.04123,0.82816,0.1306
e1xvqm,0.02456,0.90917,0.06626
e3ehbz,0.02651,0.95424,0.01925
e3g5q5,0.69339,0.30144,0.00517
e3rlhk,0.00016,0.99814,0.0017
e3tuaa,0.0319,0.96569,0.00241
e4ywaj,0.02378,0.9027,0.07352
e5e2aq,0.68873,0.27476,0.0365
e5gitz,0.00308,0.99166,0.00526
e5kvnz,0.00105,0.96654,0.03241
e5maon,0.01301,0.98687,0.00012
e5ui60,0.00327,0.93955,0.05718
e5xiiq,0.00031,0.05349,0.94621
e62zgs,0.00033,0.99391,0.00576
e64n22,0.00019,0.99829,0.00152
e6ax6h,0.30301,0.67457,0.02242
e6f0rc,0.20085,0.78703,0.01213
e94ixf,0.01559,0.97408,0.01033
ea2jip,0.42587,0.54923,0.0249
ea30og,0.00104,0.98879,0.01017
ea9bpv,0.00163,0.98692,0.01145
ecfmdx,8e-05,0.00856,0.99136
echy7t,0.01823,0.88706,0.09471
edot6p,0.00073,0.99519,0.00408
edwwgn,0.00488,0.98664,0.00848
ee9n9o,0.00728,0.9599,0.03282
ejdjr5,0.00733,0.54705,0.44562
ejdunf,0.0018,0.98923,0.00897
eks8lr,0.00018,0.03678,0.96304
el8xqn,0.04824,0.92462,0.02714
elbwld,0.00248,0.99604,0.00148
elqv0f,0.48939,0.50394,0.00666
eo40n4,0.00123,0.90371,0.09506
eo5006,0.00131,0.99736,0.00134
eqb0h,0.00389,0.99472,0.00139
eqf7ot,0.00567,0.69078,0.30355
esq6p1,0.01817,0.93761,0.04422
etxpnm,0.0047,0.44151,0.55378
eu15v2,0.00082,0.99899,0.00019
eua0wf,0.02544,0.96674,0.00782
eup1di,0.00018,0.33977,0.66006
evtrx4,0.08418,0.00415,0.91167
ew9bu2,0.00072,0.00694,0.99234
eynxpz,0.01105,0.98797,0.00097
eyul8b,0.08454,0.75055,0.16491
ezpyag,0.00313,0.99298,0.00389
f2715d,0.00059,0.98887,0.01054
f283vi,0.00269,0.13413,0.86318
f4qms4,0.00014,0.99914,0.00072
f69ncu,0.01946,0.829,0.15154
f799k5,0.37998,0.61919,0.00083
f96tbe,0.20975,0.3459,0.44436
fbgn5m,0.07603,0.79694,0.12702
fc8jpk,0.04826,0.84209,0.10965
fcaghn,0.00094,0.99841,0.00064
fccnsv,0.00261,0.2324,0.76499
ffsbpi,0.14163,0.0998,0.75857
fgbezz,0.19276,0.23457,0.57267
fgo3lf,0.01226,0.98658,0.00116
fguory,0.0032,0.23576,0.76104
fhdstg,0.00081,0.97354,0.02565
fhepc7,0.00035,0.99938,0.00028
fhk2vt,0.00323,0.99667,1e-04
fhxqf7,0.0251,0.97234,0.00257
fhz1tr,0.01869,0.97553,0.00578
fhzis1,0.00014,0.99669,0.00317
figt2n,0.91207,0.07641,0.01153
fiybcu,0.01934,0.94649,0.03417
fji10d,0.00031,0.97775,0.02194
fk0cbe,0.00068,0.99912,0.0002
fkfxtw,0.00063,0.98265,0.01672
fkldua,0.00298,0.99191,0.00511
fkm6y5,0.00188,0.99262,0.00551
fl6pbu,0.00348,0.98601,0.01051
flhf5m,0.0162,0.98169,0.00212
fls9mk,0.0002,0.99932,0.00048
flx35c,0.00034,0.9995,0.00016
flx637,0.40939,0.54875,0.04186
flyoyg,0.00042,0.99935,0.00023
fm41er,0.00487,0.99467,0.00047
fmbrtd,0.00102,0.99849,0.00049
fmgq9v,0.00095,0.9834,0.01565
fmkdde,0.00082,0.99784,0.00134
fmzraj,0.00268,0.95647,0.04085
fo70ft,0.09978,0.26404,0.63618
folx5c,0.0059,0.9838,0.01031
fp6tij,0.74762,0.23485,0.01753
fpxm9f,0.00438,0.03738,0.95824
fqfc29,0.00378,0.10288,0.89334
fqhu9s,0.01443,0.98503,0.00054
fqmsg2,0.00057,0.99934,1e-04
frmgqu,0.00574,0.0375,0.95676
ftllrc,0.0013,0.76826,0.23045
fueee3,0.00234,0.99679,0.00087
furh3t,0.04022,0.528,0.43178
fvaxja,0.00109,0.99692,0.002
fviobo,0.00063,0.99924,0.00012
fwgse8,0.00011,0.99868,0.00122
fwlvl4,0.04104,0.93273,0.02623
fx3xjv,0.0016,0.99484,0.00356
fy2oj3,0.01452,0.97537,0.01011
fy2p7f,0.01452,0.97537,0.01011
g0i8rm,0.01993,0.97738,0.0027
g19p90,0.00335,0.99558,0.00107
g1othi,0.00016,0.99931,0.00052
g2bytp,0.0003,0.99926,0.00043
g2gixl,0.02968,0.3437,0.62662
g2idz0,0.00356,0.88194,0.11451
g34bbf,0.20387,0.77752,0.01861
g4ewn0,0.0007,0.99896,0.00034
g4nxk5,0.00019,0.99913,0.00068
g5ky43,0.00264,0.99508,0.00229
g8y3o6,0.21925,0.76524,0.01551
gan3eg,0.00061,0.99482,0.00457
gbdhgn,0.9655,0.03364,0.00085
gd8rcb,0.05576,0.49941,0.44483
gecn8f,0.0178,0.98145,0.00075
ggbp5b,0.00683,0.68997,0.3032
ghjdyj,0.00489,0.98269,0.01242
ghslu9,0.00102,0.99575,0.00323
gksuau,0.00022,0.99958,0.00021
gl5kwt,0.01126,0.98399,0.00475
go1u33,0.00188,0.99224,0.00588
go6pl2,0.0007,0.99909,0.00021
gp3xs4,0.68966,0.28414,0.0262
gpwapq,0.00057,0.99934,9e-05
gvqoq3,0.00148,0.99823,0.00029
h9dp2s,0.0024,0.99565,0.00195
h9hstb,0.02329,0.9664,0.01031
ha4om1,0.00375,0.99466,0.00159
haav14,0.00056,0.98293,0.01651
hbfvim,0.00118,0.99388,0.00494
hdo19g,0.00407,0.98784,0.00808
hegmoy,0.00028,0.99932,0.0004
hfj7qz,0.01139,0.00705,0.98155
hgeu6a,0.0014,0.97404,0.02456
hgk0yr,0.00606,0.99271,0.00123
hjdm2t,0.0006,0.99897,0.00043
hjxc3u,0.05577,0.94016,0.00407
hkqsgq,0.00433,0.98318,0.01249
ho7nah,0.00546,0.9768,0.01774
hojmh7,0.03002,0.94813,0.02185
hwfz7k,0.01119,0.88535,0.10346
hzd5d1,0.00309,0.98032,0.01659
i0k0k5,0.71992,0.25745,0.02263
i0mhd5,0.01938,0.97775,0.00287
i0n5gc,0.00046,0.99938,0.00016
i3msyd,0.03135,0.93693,0.03172
i7rlrt,0.00134,0.99833,0.00033
i8b5uo,0.0004,0.99742,0.00218
ia99vr,0.00017,0.97697,0.02286
ibcu2q,0.00756,0.94895,0.04348
ic2g86,0.00188,0.99763,0.00049
ice0kk,0.00173,0.75451,0.24376
ici56t,0.1105,0.8889,0.0006
ictrw8,0.00048,0.02956,0.96997
iguhj6,0.00372,0.45134,0.54495
ih08v3,0.00303,0.99598,0.00098
ih7ei3,0.12421,0.57461,0.30118
ihj6bx,0.11972,0.87474,0.00554
iiqap8,0.14752,0.69018,0.1623
iiqu94,0.64064,0.23296,0.1264
ij8qio,0.0006,0.99681,0.00259
iket8f,0.08135,0.89141,0.02724
ilv17f,0.17003,0.60251,0.22746
imb0ri,0.00514,0.29412,0.70075
imc2uz,0.00333,0.99596,0.00071
imi2li,0.00059,0.99872,0.00069
ioql0z,0.3113,0.61796,0.07074
iotgaz,0.00343,0.98634,0.01023
irrxv6,0.00089,0.68639,0.31272
isj1z0,0.00661,0.06124,0.93215
isp3z6,0.00184,0.9979,0.00026
ittyao,0.00224,0.997,0.00076
iu2a3a,0.18503,0.25278,0.56219
ivghce,0.97019,0.02928,0.00053
ivn1mm,0.05076,0.94557,0.00367
ix01hq,0.9913,0.0085,0.00021
ixrd8y,9e-05,0.00471,0.9952
iy2bft,0.00576,0.99366,0.00058
iyumys,0.00358,0.99627,0.00015
iyvzvz,0.00075,0.99786,0.00138
izsgni,0.00619,0.99294,0.00087
j0t2d2,0.03717,0.23284,0.72999
j1069i,0.07218,0.82326,0.10456
j1zsiy,0.02001,0.18234,0.79766
j29je4,0.00631,0.9935,0.00019
j3wawt,0.00111,0.99211,0.00678
j61gsa,0.25789,0.73969,0.00243
j70xoi,0.77839,0.21301,0.0086
j9sy3n,0.00401,0.98885,0.00715
jaaj86,0.17575,0.72633,0.09792
jbtcwk,0.00046,0.99912,0.00042
jc5uzf,0.08839,0.83988,0.07172
jc6461,0.10833,0.88776,0.00392
jcberw,0.001,0.99539,0.00361
jgkjnm,0.00014,0.99216,0.0077
jgkvtb,0.31813,0.64799,0.03388
jgl84e,0.00228,0.99454,0.00317
jh46cv,0.00055,0.99909,0.00036
jia61d,0.01809,0.97872,0.00319
jivlvr,0.00286,0.99661,0.00053
jjwuzn,0.00068,0.9991,0.00022
jjylnj,0.03449,0.96182,0.00369
jkh3zx,0.00025,0.9996,0.00016
jkrv3d,0.0002,0.99951,0.00029
jkrze6,0.00029,0.99961,1e-04
jm32gj,0.00477,0.99216,0.00307
jncki5,0.00033,0.74663,0.25304
jnyj70,0.00365,0.9922,0.00416
jogf8j,0.00041,0.99716,0.00243
jp39k1,0.00124,0.99842,0.00034
jpqv0v,0.02313,0.96601,0.01086
jrjcgw,0.00258,0.49554,0.50188
js5av6,0.00017,0.04577,0.95406
jvpzh0,0.03212,0.96673,0.00116
jvqnsn,0.00323,0.97998,0.01679
jx5mib,0.00142,0.97139,0.02719
jzldwr,0.00032,0.9988,0.00088
k577mi,0.1348,0.76479,0.10042
k603dd,0.00252,0.99698,0.00049
k603y6,0.71931,0.27651,0.00418
k624c4,0.00381,0.99485,0.00134
k6o6bw,0.99334,0.00491,0.00175
k90kjc,0.00039,0.99948,0.00013
k9ajeu,0.49555,0.49894,0.00551
k9tt6x,0.00156,0.99675,0.00169
kabbn0,0.01998,0.94321,0.03681
kc99mr,0.01321,0.98647,0.00032
keiyka,0.00637,0.32515,0.66848
kfjwh1,0.00031,0.99912,0.00057
kgrai2,0.00429,0.99546,0.00025
khpbim,0.02148,0.96203,0.01649
kixuic,0.02068,0.97904,0.00028
kj9yic,0.00058,0.99916,0.00026
kjm1a3,0.0039,0.9894,0.00671
knlqii,0.00036,0.9994,0.00024
knlr19,0.00036,0.9994,0.00024
ko9dyf,0.02118,0.97832,0.0005
kp0re0,0.18882,0.80827,0.00292
krjrvz,0.00062,0.99542,0.00396
krnvhz,0.00351,0.98519,0.0113
ksik3u,0.00208,0.9971,0.00082
kslmtn,0.00022,0.99946,0.00032
kt1iuf,0.10606,0.89241,0.00152
kt8gmt,0.02466,0.97245,0.00289
kuyyyj,0.00015,0.99842,0.00143
kyt8fg,0.00168,0.99766,0.00066
kz90ac,0.01596,0.98276,0.00128
l0kqeb,0.99185,0.00778,0.00037
l1v347,0.01813,0.49669,0.48518
l25gdq,0.01732,0.95971,0.02297
l4i7ej,0.00193,0.99708,0.00099
l4vujj,0.00158,0.99788,0.00055
l5djp3,0.99843,0.00144,0.00013
l5g4qt,0.00125,0.96739,0.03136
l5k8py,0.00067,0.99694,0.0024
l769em,0.00053,0.99903,0.00044
l79sl5,0.00083,0.65237,0.34681
l7ou1m,0.1182,0.34817,0.53363
la0a8q,0.00124,0.99474,0.00402
la93c7,0.0004,0.99917,0.00043
lcp4ri,0.0199,0.97391,0.00619
ld48jf,0.01514,0.62561,0.35926
ld93pc,0.00783,0.41896,0.57321
lfh2sm,0.00667,0.30614,0.6872
lfzbmy,0.00107,0.99884,9e-05
lg2dzw,0.01057,0.79469,0.19475
lg2k8j,0.0456,0.92216,0.03224
li83kz,0.00025,0.99907,0.00068
lm0xgx,0.01367,0.09281,0.89352
lp5f2u,0.43071,0.33056,0.23873
lpj2mi,0.00064,0.19136,0.808
lpkviw,0.48626,0.51259,0.00116
lpuvub,0.00012,0.00705,0.99282
lpv6b2,0.00105,0.99868,0.00027
lv2ls2,0.00359,0.99516,0.00124
lvxwqy,0.05876,0.93495,0.00629
lx1vgg,0.02097,0.97028,0.00875
m0aaur,0.00161,0.98888,0.00951
m1ethl,0.00394,0.99554,0.00051
m3bs8z,0.03124,0.96563,0.00313
m4tu00,0.05621,0.75435,0.18944
m5h2ks,0.00138,0.00393,0.99469
m5kxle,0.20379,0.67294,0.12327
m8cg12,0.00039,0.99756,0.00204
m9eho9,0.00051,0.99938,0.00011
mai7eq,0.00064,0.99611,0.00325
mbi4r0,0.17246,0.6974,0.13014
mckjmc,0.00047,0.99876,0.00078
mdj0lc,0.54906,0.42408,0.02686
meh6b8,0.00548,0.99436,0.00016
meujox,0.00204,0.9978,0.00016
mfkofn,0.00091,0.40085,0.59824
mh20h1,0.00069,0.99774,0.00157
mhhicw,0.02803,0.9649,0.00706
mhrbt0,0.00449,0.99535,0.00016
mjgb76,0.00159,0.9924,0.00602
mk65eu,0.0007,0.99819,0.00111
mkefb8,0.00058,0.99903,0.00039
ml6tfy,0.16651,0.82765,0.00583
ml8s52,0.00127,0.96677,0.03196
mlwbui,0.00032,0.99086,0.00883
mlyr54,0.32753,0.6584,0.01407
mnfunz,0.00487,0.04093,0.9542
mo3jua,0.00485,0.99439,0.00076
mpauaf,0.00031,0.99757,0.00212
mpxraz,0.00031,0.99919,0.0005
mqbsvc,0.00166,0.99544,0.0029
mqm14i,0.01948,0.85468,0.12584
mrqhab,0.00178,0.99016,0.00806
mss81s,0.01183,0.98651,0.00166
mtfpga,0.16752,0.83185,0.00063
mun21m,0.00202,0.99789,1e-04
munkj0,0.00045,0.99945,1e-04
mwtpq2,0.00943,0.92638,0.06419
mwv5qu,0.00047,0.99943,0.00011
myfex3,0.0003,0.9995,0.00021
myq7qn,0.01228,0.88125,0.10647
n0dmbg,0.00109,0.99848,0.00043
n14wzz,0.14409,0.78182,0.07408
n2ckjs,0.13894,0.34985,0.51121
n5jatz,0.0499,0.94641,0.00369
n6i122,0.01662,0.98304,0.00034
n79v3,0.00818,0.99086,0.00097
n90ru9,0.85253,0.05957,0.0879
nbgk37,0.00443,0.99505,0.00051
ndy44b,0.00033,0.99926,0.00041
nelkdp,0.27376,0.62824,0.098
nh21mm,0.00158,0.99748,0.00094
nh2xbd,0.01215,0.97822,0.00964
nhmo1w,0.0006,0.99929,0.00011
nhp74a,0.00046,0.99352,0.00602
nid4xk,0.23273,0.69984,0.06742
njswvw,0.00032,0.991,0.00869
nmud4m,0.00089,0.99883,0.00029
np2d26,0.00297,0.99238,0.00465
nqefuh,9e-05,0.99948,0.00043
nqk4aw,0.04708,0.94633,0.00659
nquxge,0.10371,0.89589,0.0004
nra3e8,0.00134,0.00389,0.99476
nryb61,0.00403,0.89664,0.09933
nu4qwm,0.02954,0.5779,0.39256
nuepgt,0.00062,0.99894,0.00044
nulmqc,0.00083,0.99894,0.00023
nv4089,0.00038,0.99659,0.00304
nv9hr6,0.00038,0.99659,0.00304
nvbh3w,0.00038,0.99759,0.00203
nxvq3a,0.00025,0.99959,0.00016
nyq4wo,0.00673,0.99307,0.0002
nys24t,0.00041,0.99937,0.00022
nyvi2e,0.07241,0.88952,0.03807
nyxyka,0.00396,0.99481,0.00123
o18i8w,0.00028,0.99798,0.00174
o3c60p,0.00113,0.99712,0.00175
o4diru,0.00103,0.99882,0.00016
o6lnfo,0.00388,0.99583,0.00029
o7toq9,0.00075,0.9988,0.00045
o9yu8w,0.00195,0.91421,0.08384
objeos,0.00336,0.99147,0.00517
obpuh8,0.00069,0.99894,0.00038
obsrfj,0.00041,0.99445,0.00514
oc48n5,0.00013,0.9986,0.00127
oc89ax,0.00033,0.00281,0.99686
oe1lri,0.89523,0.03553,0.06924
offbxc,0.01673,0.69567,0.2876
ohim6f,0.00191,0.98224,0.01585
ohz00h,0.00164,0.99696,0.0014
oit39s,0.00039,0.99923,0.00038
ojb4cb,0.01655,0.98058,0.00287
ojmy4l,0.02406,0.9135,0.06244
ok75sy,0.00639,0.99199,0.00162
oknoru,0.01713,0.79703,0.18583
okqta8,0.02406,0.9135,0.06244
old392,0.01606,0.98367,0.00027
olukpq,0.02342,0.97032,0.00626
onwka1,0.00046,0.99908,0.00046
ooa0ki,0.00052,0.98725,0.01223
oomes0,0.00509,0.99481,1e-04
oon4a8,0.04576,0.94576,0.00848
op3cu9,0.01982,0.97982,0.00037
oq3df1,0.00024,0.99957,0.00019
orj107,0.00058,0.97005,0.02936
ot4rej,0.00034,0.99578,0.00388
oug55y,0.26621,0.55972,0.17407
ovsuej,0.00048,0.98884,0.01068
owq7xx,0.00748,0.41604,0.57648
owxain,0.00244,0.98451,0.01305
oxyd6v,0.00206,0.99773,0.00022
p0vx4n,0.00174,0.99728,0.00098
p19ls2,0.0044,0.99342,0.00217
p1l865,0.00793,0.92874,0.06333
p1q2yw,0.00125,0.99819,0.00056
p370dc,0.93999,0.05399,0.00602
p3kigu,0.00685,0.97377,0.01938
p3nfil,0.00162,0.86496,0.13343
p51lhn,0.06769,0.92119,0.01112
p6eek4,0.01805,0.96813,0.01382
p7iocm,0.00042,0.99946,0.00012
p7m4ro,0.00099,0.99847,0.00054
p96cry,0.21381,0.39333,0.39285
p9uw35,0.19561,0.61968,0.1847
pa139w,0.03459,0.96313,0.00227
pb8yww,0.0041,0.99528,0.00062
pbj8bp,0.0085,0.97243,0.01907
pc3h4n,0.00042,0.99908,0.00051
peeucn,0.00048,0.99867,0.00085
pekj2t,0.0009,0.9812,0.0179
pezlht,0.43941,0.54207,0.01851
pf1pew,0.00026,0.99959,0.00015
pfxx55,0.00636,0.9678,0.02584
phrd2s,0.00109,0.99831,0.0006
phv7m2,0.63404,0.14356,0.2224
pid6cq,0.17013,0.81265,0.01722
piezlr,0.00017,0.99926,0.00057
piugjq,0.00073,0.99894,0.00033
pjmyno,0.02018,0.96792,0.0119
pk6bln,0.03326,0.16556,0.80118
pkts2h,0.01438,0.98216,0.00347
plkpyx,0.00221,0.07249,0.92529
pnawuz,0.0126,0.98709,0.00031
pov23z,0.00034,0.98214,0.01751
pqsmie,0.1806,0.79103,0.02837
prtvou,0.00105,0.99367,0.00528
pt7fzz,0.11188,0.48551,0.4026
ptqhaw,0.00386,0.98741,0.00874
pttfys,0.00088,0.99719,0.00193
pu3wbk,0.00062,0.9989,0.00047
pu5seb,0.00032,0.99922,0.00046
puk6sq,0.00027,0.99952,0.00021
pvl8c7,0.00055,0.53529,0.46416
pyiy57,0.0002,0.9975,0.0023
q12fz2,0.00394,0.85456,0.14149
q1p1n6,0.02817,0.96963,0.0022
q1z1tr,0.04418,0.92488,0.03094
q4ppb6,0.00056,0.99923,0.00022
q5qhh3,0.00056,0.99252,0.00691
q5sw9e,0.0006,0.98024,0.01916
q5ysp8,0.00041,0.9728,0.02679
q6gnqh,0.00162,0.96695,0.03143
qc2lzn,0.00086,0.38643,0.61271
qcolhb,0.08632,0.83307,0.08061
qdjokh,0.00017,0.99941,0.00042
qffqm2,0.01595,0.94974,0.03431
qg7f5j,0.00021,0.99939,0.0004
qj2ez7,0.0003,0.99834,0.00135
qjlr54,0.00729,0.74797,0.24474
qkc9ob,0.00021,0.95604,0.04374
qlponw,0.00099,0.05387,0.94514
qm3zs5,9e-05,0.00246,0.99744
qmj0et,0.00018,0.99949,0.00033
qmpcrf,0.11434,0.88282,0.00284
qn5bzy,0.0029,0.99654,0.00056
qo5r1s,0.01297,0.98684,0.00019
qol0qg,0.0305,0.969,0.00049
qpcpda,0.00021,0.99953,0.00026
qqnm18,0.00066,0.99862,0.00073
qqou2m,0.92747,0.06456,0.00796
qqzv8s,0.00149,0.99832,0.00019
qr5jpf,0.00021,0.99926,0.00053
qrg5l7,0.00066,0.99891,0.00043
qtqqh5,0.02176,0.9668,0.01144
qulnig,0.0005,0.99928,0.00021
qve6b0,0.00822,0.96491,0.02687
qvl6qi,0.00114,0.03233,0.96653
qy9h6x,0.00015,0.9996,0.00025
qzmhg7,0.00073,0.98609,0.01317
r0bzft,0.00327,0.99482,0.00191
r0kqab,0.00092,0.99899,9e-05
r1sqhl,0.00131,0.99669,0.00199
r1vvup,0.0038,0.99586,0.00034
r1yxhd,0.03807,0.96181,0.00013
r2ie0y,0.31912,0.60358,0.0773
r3ibr2,0.00473,0.9927,0.00257
r7flie,0.00207,0.96859,0.02934
r7ia29,0.00085,0.9983,0.00085
r7knn3,0.00044,0.99934,0.00022
raut39,0.00068,0.99879,0.00053
rcetl2,0.00956,0.9308,0.05964
rdtec3,0.93084,0.06378,0.00539
rek0w8,0.00051,0.99881,0.00068
ri6vc6,0.00264,0.99665,0.00071
riqfj6,0.00223,0.9966,0.00117
rir6v3,0.0002,0.99964,0.00016
rmxsrq,0.00604,0.91213,0.08183
rmyfyx,0.00043,0.99826,0.00132
rp43h1,0.00215,0.99705,0.0008
rpj0v2,0.00247,0.99729,0.00023
rr8ahf,0.00406,0.99582,0.00013
rri8xa,0.1531,0.84647,0.00042
rt15y0,0.18747,0.43545,0.37708
rtqq9p,0.00445,0.99428,0.00127
rtuung,0.01983,0.96901,0.01116
rus5sh,0.00423,0.95432,0.04144
ruxsws,0.00042,0.99928,0.0003
rvq046,0.00155,0.80007,0.19838
rvtgmr,0.00143,0.99074,0.00783
rwjt89,0.00033,0.99938,0.00029
rwmqxx,0.00162,0.98588,0.01251
rworgg,0.00059,0.99926,0.00015
rxlufc,0.00018,0.9992,0.00062
ry2y0q,0.05296,0.93788,0.00917
ry3nne,0.00082,0.99501,0.00418
rzrsx7,0.00043,0.9949,0.00467
s0ep2s,0.00199,0.99791,1e-04
s0lfxs,0.00458,0.97842,0.017
s19u4b,0.00052,0.99841,0.00107
s25tsv,0.00036,0.99795,0.00169
s2zl4w,0.02421,0.97559,0.0002
s3vm5c,0.00017,0.99967,0.00016
s427nc,0.00169,0.6418,0.35652
s4k0lg,0.16425,0.83494,0.00081
s5dzze,0.0002,0.99939,0.00041
s5yy4a,0.12123,0.79285,0.08592
s6v32r,0.02336,0.95972,0.01692
s6viqn,0.20709,0.72953,0.06337
s6y1k2,0.00124,0.99032,0.00844
s71noq,0.00808,0.99076,0.00116
s8gkdj,0.00029,0.99946,0.00025
s8kcsj,0.00017,0.99276,0.00708
s8kxgt,0.00163,0.99788,0.00048
s8nkyw,0.00174,0.97841,0.01985
say4xj,0.05789,0.92913,0.01297
sbmf6b,0.0103,0.98938,0.00032
sd73xx,0.09309,0.87143,0.03548
sdx1zh,0.00055,0.99889,0.00056
se849k,0.00142,0.99264,0.00595
seor6s,0.00084,0.99896,0.0002
sg3lfk,0.00225,0.08989,0.90786
sgvtsu,0.01064,0.98891,0.00045
si6c5r,0.02257,0.97467,0.00276
sii340,0.00349,0.99448,0.00202
sit78i,0.9907,0.00844,0.00086
siuakv,0.02899,0.82344,0.14758
sjxrk3,0.0499,0.94941,0.00069
smkm1j,0.00209,0.99053,0.00738
smzl0y,0.00401,0.99348,0.00251
sqnak8,0.00064,0.99826,0.0011
sqrcuv,0.00256,0.85675,0.14068
sqrsf0,0.00169,0.92787,0.07044
stsis1,0.00249,0.99328,0.00423
stu70x,0.28768,0.68977,0.02254
svfoic,0.00508,0.94287,0.05205
swaij2,0.00046,0.99938,0.00016
sxnj3u,0.00054,0.99925,0.00021
sxqmas,0.00369,0.9919,0.0044
t0zqxo,0.04314,0.79353,0.16333
t1991p,0.00097,0.96078,0.03825
t2m2sp,0.00024,0.99933,0.00043
t3cbqx,0.00025,0.99911,0.00064
t3f6jf,0.00043,0.99855,0.00102
t5jolk,0.00019,0.99943,0.00038
t8k9bm,0.04543,0.95432,0.00026
t8m8br,0.00042,0.98616,0.01342
t9h37p,0.06882,0.62002,0.31116
t9rxro,0.0631,0.91939,0.01751
ta9hzg,0.00491,0.89019,0.1049
tcd4ea,0.0039,0.99194,0.00416
tcdy59,0.01571,0.1754,0.80889
tdti6b,0.14176,0.82235,0.03589
tex3t2,0.00408,0.98012,0.0158
tfex6r,0.00022,0.44688,0.5529
tff4oo,0.00281,0.98811,0.00908
tga5wh,0.00229,0.99198,0.00573
tgx9do,0.00478,0.96918,0.02604
thqmny,0.00179,0.98239,0.01582
tj5mon,0.02311,0.85726,0.11963
tj64pr,0.00182,0.99749,0.00069
tj9grk,0.00064,0.99905,0.00031
tjd9sg,0.01405,0.98439,0.00157
tkah7f,0.0003,0.99915,0.00056
tko0oa,0.03085,0.96106,0.00809
tne29w,0.00412,0.99481,0.00107
tngso3,0.0012,0.99718,0.00162
tpp04o,0.00168,0.98943,0.00888
tq9ql5,0.00565,0.94588,0.04847
tq9whl,0.01311,0.98559,0.0013
tqs9hv,0.00127,0.89538,0.10334
tqzpga,0.00088,0.99768,0.00144
trz6tx,0.00137,0.99723,0.00141
tsszug,0.00155,0.9723,0.02614
ttajh4,0.00024,0.99922,0.00054
tu5kvn,0.00031,0.99903,0.00066
tuigm2,0.97193,0.02689,0.00119
tulwnl,0.00033,0.99945,0.00022
tuxfqm,0.20013,0.561,0.23888
tv6jha,0.1394,0.50226,0.35834
tvv6l3,0.00353,0.99475,0.00172
tvvlsn,0.0002,0.99868,0.00112
twno29,0.00213,0.99633,0.00154
twqbiv,0.00112,0.99853,0.00036
twtj3l,0.00208,0.98651,0.01142
twzazb,0.80248,0.17985,0.01768
twzdpb,0.00224,0.98213,0.01564
txev90,0.00058,0.97688,0.02254
txiefh,0.01264,0.96684,0.02052
txj2le,0.00112,0.99816,0.00072
txu6iw,0.01015,0.97806,0.01179
ty61qq,0.00099,0.99509,0.00391
tye0kt,0.0002,0.01946,0.98034
tyg26z,0.0004,0.99648,0.00312
tzjv11,0.00056,0.99893,0.00051
tzq230,0.00166,0.99794,0.0004
u0dwf0,0.01856,0.97948,0.00195
u1725f,0.00015,0.99965,0.0002
u175uu,0.13444,0.85324,0.01231
u1a0we,0.00119,0.99819,0.00062
u1stp9,0.03325,0.96303,0.00373
u1uv83,0.0032,0.39294,0.60386
u20isz,0.00035,0.99845,0.0012
u28xy6,0.00236,0.99395,0.00368
u2k2hi,0.00068,0.99868,0.00064
u2koj4,0.10525,0.8315,0.06325
u2sccm,0.00894,0.98524,0.00582
u2w1gt,0.0003,0.99669,0.00301
u2wov2,0.43862,0.43595,0.12542
u45mul,0.00024,0.99929,0.00047
u4xjdq,0.11084,0.88725,0.00192
u5imm7,0.00064,0.99499,0.00438
u5iqno,0.00691,0.98393,0.00916
u6wyq8,0.00023,0.98285,0.01692
u6zb89,0.18603,0.81125,0.00272
u7tu70,0.00518,0.99395,0.00087
u7uhz2,0.00845,0.66772,0.32383
u80a3u,0.00034,0.99933,0.00033
u8o54e,0.00042,0.06157,0.93801
u9in0y,0.00015,0.99967,0.00019
ubia9r,0.00016,0.993,0.00684
ujkb6o,0.01176,0.3643,0.62394
ullr4v,0.00696,0.84809,0.14495
ulo9ot,0.04508,0.95309,0.00183
ulp0es,0.00042,0.99803,0.00155
umehos,0.00041,0.97983,0.01977
uorpth,0.00034,0.99945,0.00021
urftnb,0.00027,0.41763,0.5821
urgn2d,1e-04,0.99927,0.00063
us26sy,0.01862,0.21793,0.76345
usyrk1,0.08833,0.8483,0.06337
ut1w2k,0.01544,0.88268,0.10188
uv7rco,0.00065,0.99895,0.0004
uvvzyu,0.00036,0.99803,0.00161
uw0gg6,0.00043,0.99939,0.00018
uwln53,0.01283,0.649,0.33818
uxeake,0.00139,0.4662,0.53241
v0j1qf,0.00519,0.92985,0.06496
v2bfj2,0.00695,0.97578,0.01727
v3412y,0.00348,0.993,0.00352
v3bd7k,0.01459,0.84289,0.14252
v3zw9e,0.00033,0.99855,0.00112
v5a8iu,0.00032,0.99936,0.00032
v5j9ny,0.35369,0.63114,0.01517
v66cxj,0.00046,0.99603,0.00351
v6qwzm,0.00049,0.9982,0.00131
v7iaoe,0.00285,0.99612,0.00103
v7j4nq,0.00453,0.98303,0.01244
v7ul64,0.01333,0.67452,0.31215
v8gd7u,0.00912,0.98066,0.01022
v8jpq9,0.22923,0.68861,0.08216
v95jzy,0.00468,0.33606,0.65926
vaj364,0.00044,0.99722,0.00234
valify,0.00119,0.99809,0.00071
vctood,0.00504,0.99227,0.00269
vd2qqh,0.07701,0.89262,0.03037
vdm3or,0.00028,0.99914,0.00058
vec520,0.00246,0.99532,0.00222
veq5sm,0.00038,0.99946,0.00016
vg3z1x,0.00062,0.99291,0.00648
vgk4kj,0.00047,0.9988,0.00073
vhn3ne,0.00022,0.98975,0.01003
vi8zcb,1e-04,0.99837,0.00153
vo65bw,0.0011,0.96218,0.03672
vqndkq,0.02432,0.97539,0.00028
vs0jf2,0.00156,0.99386,0.00458
vskks,0.00094,0.00886,0.9902
vu7hw1,0.00175,0.98754,0.01071
vy62fx,0.0003,0.99426,0.00545
vyq0jh,0.00015,0.99947,0.00038
vyr2ez,0.00255,0.99691,0.00054
vyrf29,0.00096,0.99823,0.00081
w1fc4i,0.00041,0.99932,0.00026
w28bbb,0.03833,0.60432,0.35735
w4l7b3,0.00062,0.99334,0.00605
w524xy,0.00458,0.94187,0.05355
w64hnf,0.47889,0.50679,0.01432
w8et95,0.03098,0.96485,0.00417
w8go16,0.00516,0.98909,0.00575
w9esue,0.00181,0.9979,0.00029
wanv20,0.01061,0.98689,0.00251
wb29ee,0.12893,0.83197,0.0391
wb2z5l,0.00901,0.98088,0.01012
wddtzu,0.00039,0.93409,0.06552
we62zs,0.00587,0.97048,0.02365
we8icr,0.00021,0.9993,0.00049
wek1a5,0.11078,0.82339,0.06583
wf2346,0.03619,0.11899,0.84482
wg2uk5,0.00026,0.55915,0.4406
whjlsz,0.0004,0.99951,9e-05
whlcrv,0.00036,0.99954,1e-04
whnjn2,0.00057,0.99917,0.00026
whv4p3,0.00021,0.99919,0.0006
wjwke8,0.00036,0.99955,9e-05
wkx90y,0.0019,0.99767,0.00042
wmkpt6,0.00206,0.99661,0.00133
wmq4gv,0.00011,0.99955,0.00034
wnfaz5,0.00102,0.99005,0.00893
wnyvp2,0.00018,0.99966,0.00016
wo5be0,0.00349,0.99149,0.00501
woeakw,0.00833,0.93883,0.05284
woxjy6,0.01906,0.87892,0.10202
wp50za,0.00887,0.98881,0.00233
wpoc3s,0.001,0.99887,0.00013
wqnif4,0.01181,0.6612,0.327
ws6jxa,0.00602,0.95976,0.03422
wtcent,0.00036,0.98807,0.01158
wvyxjh,0.00809,0.19995,0.79196
wwtpd0,0.00053,0.99912,0.00035
wxhwdi,0.00079,0.99251,0.0067
wxj8ki,0.00183,0.99782,0.00035
wxqe1u,0.01143,0.66899,0.31958
wy04r2,0.00089,0.99837,0.00074
wy39bp,0.02907,0.80915,0.16177
wycyn8,0.00031,0.99933,0.00036
x1hl3b,0.00043,0.97562,0.02395
x1ng5s,0.00093,0.99831,0.00076
x1tmzz,0.00564,0.85024,0.14412
x1tuwu,0.00499,0.23072,0.76429
x40f2a,0.00041,0.99498,0.00462
x40j9m,0.0003,0.99751,0.00219
x4q66o,0.01943,0.25588,0.72469
x57627,0.00132,0.99582,0.00286
x5vcc8,0.00073,0.99882,0.00046
x5x6ac,0.00031,0.99938,0.00031
x67dzf,0.00036,0.99806,0.00158
x6c8r8,0.00052,0.99904,0.00045
x93zqn,0.00024,0.99955,0.00021
xbgp47,0.01058,0.97669,0.01273
xdp6gr,0.00112,0.99715,0.00174
xex9ql,0.02566,0.88462,0.08971
xfpchd,0.0012,0.98713,0.01166
xg2sys,0.00037,0.99913,0.00049
xgtphy,0.00795,0.98987,0.00218
xgtu36,0.00184,0.02085,0.97731
xhmdpu,0.00025,0.05602,0.94373
xi1day,0.00043,0.99777,0.0018
xi3luv,0.59924,0.33263,0.06813
xjbhsq,0.00024,0.99928,0.00048
xk04ig,0.00047,0.98516,0.01437
xk7uo0,0.01596,0.97883,0.00521
xl6g1c,0.00054,0.99818,0.00128
xm7yyg,0.00211,0.99747,0.00042
xmd3mb,0.00343,0.99434,0.00224
xmh6ll,0.00369,0.99582,0.00049
xo476c,0.00022,0.99954,0.00024
xoh2kc,0.03032,0.63952,0.33016
xp3dns,0.13283,0.85314,0.01403
xpa8ir,0.00034,0.99951,0.00015
xpnn73,0.00041,0.99931,0.00028
xr31ed,0.00156,0.99674,0.0017
xr4cyd,0.00066,0.999,0.00035
xs6spm,0.00054,0.9957,0.00375
xu9dy6,0.00645,0.97157,0.02197
xwsryq,0.00035,0.99949,0.00016
xx6ccb,0.00041,0.86464,0.13495
xx8h0w,0.00143,0.55777,0.4408
xymafi,0.01336,0.94586,0.04077
xzh765,0.00683,0.94425,0.04892
y09nwo,0.00177,0.98969,0.00853
y1b9q2,0.01766,0.93183,0.05051
y2unrx,0.00018,0.99943,0.00039
y2uqw1,0.00924,0.96028,0.03048
y322ea,0.001,0.98995,0.00905
y3m3m6,0.00285,0.99409,0.00306
y3ojmz,0.00011,0.99957,0.00032
y3rzcj,0.01035,0.9876,0.00206
y57x33,0.32529,0.63937,0.03534
y6508z,0.07231,0.92275,0.00494
y67acv,0.01242,0.96778,0.01979
y70bh7,0.00035,0.99911,0.00054
y772l0,0.11564,0.86726,0.01711
y7flqf,0.00017,0.9992,0.00063
y7sgen,0.01327,0.98232,0.00441
y7vnpu,0.00047,0.9994,0.00012
y7ydqc,0.02289,0.81869,0.15842
y8v06b,0.00021,0.99102,0.00877
y9jfj9,0.0018,0.49203,0.50617
y9pbe0,0.0004,0.94911,0.0505
ya0oo0,0.002,0.98073,0.01727
ya0vz3,9e-05,0.01524,0.98468
yayqyf,0.00172,0.99695,0.00133
ybi13h,0.00251,0.99656,0.00093
ybjgjo,0.43274,0.24814,0.31912
yc5ckl,0.00211,0.99667,0.00121
yc5qrl,0.00203,0.9744,0.02357
yc6o95,0.02613,0.96876,0.0051
yc7pdp,0.00028,0.99827,0.00145
yccbvb,0.02017,0.97534,0.00449
ycd4xu,0.03243,0.12123,0.84634
ycmn79,0.00017,0.99949,0.00034
ydad37,0.03536,0.95832,0.00632
yddfgd,0.0013,0.9905,0.0082
ydvxvo,0.70021,0.2909,0.00889
yew101,0.00069,0.94117,0.05815
yff571,0.85458,0.10377,0.04164
yghar1,0.02593,0.10448,0.86959
yh87tu,0.00072,0.99702,0.00227
yhelbe,0.00187,0.99783,0.0003
yhlu8o,0.05633,0.93684,0.00683
yibcjz,0.17768,0.62564,0.19668
yj84wo,0.00047,0.99802,0.00151
yj9iqd,0.00062,0.99686,0.00252
yk7f0z,0.00454,0.97539,0.02007
ykmuv3,0.01049,0.98484,0.00467
ylcoz0,0.68224,0.31235,0.00541
ylgzxo,0.09193,0.39883,0.50924
ylt6sd,0.00076,0.53809,0.46115
ymehyd,0.00154,0.99797,0.00049
ympewy,0.00029,0.99947,0.00024
ynrjsu,0.00038,0.99831,0.00131
yojbib,0.07846,0.21469,0.70685
yok97w,0.00149,0.96187,0.03663
yomwdv,0.00028,0.99957,0.00015
ypkenn,0.00108,0.97546,0.02346
ypqdpt,0.00878,0.97019,0.02103
yptma9,0.0878,0.91088,0.00132
yqkrxy,0.0023,0.98557,0.01213
yrb5ve,0.38683,0.52848,0.08469
ys1f1z,0.00724,0.71271,0.28006
yt5wxs,0.00462,0.96319,0.03219
ytcjvl,0.00702,0.99168,0.0013
yty2zl,0.0082,0.97558,0.01622
yu7mq4,0.00123,0.99842,0.00035
yu8pj0,0.11985,0.56098,0.31917
yu8yu0,0.00088,0.99889,0.00022
yut4a3,0.00252,0.99219,0.00529
yvqklt,0.00137,0.99814,0.00049
yvw5nm,0.03741,0.95775,0.00484
ywpoaw,0.00084,0.99908,8e-05
yxmt72,0.00254,0.97536,0.0221
yyf3mh,0.0052,0.98265,0.01215
yyifu6,0.01115,0.9858,0.00305
yzhtwl,0.00304,0.98452,0.01244
yzi2oj,0.00373,0.99586,0.00041
yzy7g7,0.8435,0.15573,0.00078
z08fem,0.00797,0.97682,0.01521
z217fn,0.74881,0.0222,0.22899
z2t1dd,0.00086,0.99845,0.00069
z2wg3i,0.03101,0.95353,0.01546
z3n2bd,0.00127,0.99862,0.00011
z4hbb5,0.00138,0.99762,0.001
z4hcoq,0.00072,0.99479,0.00448
z6t1gp,0.00887,0.92751,0.06362
z6tf3q,0.31831,0.5225,0.1592
z6wm48,0.00128,0.99736,0.00137
z6wyy8,0.71264,0.27948,0.00787
z6yxp0,0.18469,0.72044,0.09487
z7174d,0.00959,0.98445,0.00597
zac957,0.00082,0.99842,0.00076
zalgtq,0.00162,0.99675,0.00163
zaowq2,0.00053,0.99925,0.00022
zasifl,0.00782,0.98336,0.00882
zc3v10,0.00013,0.99965,0.00021
zcf7zw,0.00272,0.94385,0.05343
zcff9z,0.02486,0.90055,0.07459
zcmrow,0.0701,0.92041,0.00949
zcq6um,0.00422,0.99298,0.0028
zd64up,0.01388,0.98366,0.00246
zdui50,0.01975,0.97864,0.00161
ze12xr,0.03491,0.9639,0.00119
zeb5v6,0.00154,0.99787,0.0006
zefq0o,0.0007,0.97505,0.02425
zgt2g6,0.0021,0.99524,0.00266
zgt2jj,0.00096,0.99887,0.00017
zgzt0a,0.0014,0.99706,0.00154
zhtj3j,0.00198,0.99649,0.00152
zhx9ym,0.01297,0.9861,0.00093
zl3bjt,0.0037,0.99437,0.00193
zlgp2y,0.00031,0.9994,0.00029
zlnftq,0.03594,0.90093,0.06313
zmdnn0,0.00554,0.99053,0.00393
zmhqdd,0.20562,0.4746,0.31977
zmjuhx,0.00036,0.99949,0.00015
znaiu7,0.00079,0.99643,0.00278
zpmpk6,0.00055,0.02774,0.97171
zpmvbz,0.02951,0.11632,0.85416
zpn35n,0.00085,0.80723,0.19192
zqj2oc,0.00092,0.889,0.11008
zqjfhd,0.00258,0.87005,0.12738
zqknq3,0.00096,0.9935,0.00554
zr75tz,0.00121,0.1228,0.876
zr7d8d,0.01005,0.24504,0.74491
zryrqz,0.00325,0.99445,0.0023
zsjr52,0.0002,0.99829,0.00151
zu93n1,0.01546,0.98428,0.00026
zuchli,0.02913,0.89118,0.0797
zuvven,0.00341,0.9904,0.00619
zvy2tn,0.00014,0.99949,0.00037
zwbcm1,0.04199,0.06369,0.89432
zwdt7q,0.0014,0.93306,0.06554
zwlkjj,0.05425,0.54256,0.40319
zx78lo,0.00064,0.99917,0.00019
zxmbj8,0.06311,0.89319,0.04369
zy28vs,9e-05,0.99923,0.00069
zy2ssi,0.00043,0.9991,0.00048
zy2z2i,0.00102,0.51217,0.48681
zyezwp,0.0003,0.99776,0.00195
