post_id,seed,fold
100hfq1,0,0
101aehd,0,0
102y4vm,0,0
102zk07,0,3
103ykgf,0,0
1049976,0,1
104updy,0,3
105of9u,0,2
105ut3d,0,2
105yef6,0,2
106htar,0,2
106obfl,0,1
107acdv,0,0
107ai30,0,3
107k677,0,2
1083d63,0,2
1085vco,0,2
108au1g,0,2
108dj01,0,4
108jho8,0,2
108lvx8,0,0
109060s,0,2
109dle6,0,2
109t68i,0,4
109vdiz,0,0
109wo9y,0,0
109wufc,0,4
109wvby,0,2
10ar4tu,0,4
10ar69a,0,4
10azz4b,0,0
10bojv6,0,3
10cfvrk,0,3
10cx7gi,0,1
10ef5bk,0,1
10emso6,0,1
10f1fr1,0,0
10f72tg,0,2
10f9eqa,0,2
10f9jjw,0,0
10gs3zg,0,3
10ihoa3,0,2
10iplkg,0,0
10jb309,0,2
10jopb1,0,1
10k12o9,0,2
10kz71e,0,2
10loyb9,0,3
10lq0pd,0,3
10lt2gk,0,3
10mhy4q,0,1
10mxok4,0,4
10nbec0,0,2
10o0u9n,0,2
10o4p3a,0,1
10ou65s,0,2
10oxcxt,0,0
10oy6iq,0,2
10ozpbg,0,4
10pisjx,0,2
10ptgx2,0,2
10q30di,0,2
10r1m8y,0,2
10rmjaw,0,2
10set1d,0,3
10sg9d9,0,3
10si603,0,1
10td81j,0,4
10te1kt,0,2
10u97r9,0,3
10uli5k,0,2
10uonu8,0,2
10v25p3,0,1
10vzejp,0,2
10w4phk,0,3
10wv3eo,0,0
10ww7ko,0,1
10xdz8j,0,1
10xs8iy,0,1
10z13f7,0,2
10zs908,0,0
110c52b,0,1
111agco,0,4
112d7gi,0,1
112hhpt,0,0
112u3yl,0,0
112vvj2,0,3
114db0u,0,3
114e0fy,0,3
114fny3,0,4
114j6i4,0,2
114kq6q,0,4
114r0wo,0,2
115kdqw,0,2
115wkch,0,0
11665fz,0,1
1170g85,0,4
1176lct,0,2
1180hws,0,0
11832w4,0,1
118trfu,0,2
118uwmk,0,1
11945kv,0,2
119rjhv,0,0
11a0bue,0,1
11a46o0,0,4
11a9pwr,0,3
11b87lm,0,2
11cfl1w,0,2
11d7ubq,0,2
11d7zw6,0,2
11dadun,0,4
11dalu6,0,4
11dlehi,0,4
11e0oqx,0,3
11e409a,0,2
11edn0p,0,1
11ee61o,0,2
11ey8z6,0,0
11f3eeg,0,2
11fccha,0,2
11fdksb,0,2
11fz3md,0,1
11fz8xh,0,4
11huqoo,0,0
11irsxz,0,1
11j4n7z,0,4
11jdw4c,0,2
11jitw6,0,2
11l3gjg,0,1
11l5mgy,0,1
11lfciv,0,2
11lv4dm,0,2
11m0jps,0,4
11marvj,0,2
11mbhhs,0,2
11mrjs6,0,2
11nj3q3,0,3
11oha77,0,2
11ok2qd,0,4
11oof25,0,1
11pjlaw,0,3
11q5nwm,0,4
11q71hx,0,2
11rbj7x,0,2
11rusfi,0,1
11s17mi,0,2
11s1mwn,0,2
11s5x0w,0,4
11sbdcc,0,4
11srgyr,0,1
11srmee,0,1
11swh9c,0,2
11szwem,0,4
11t3igh,0,2
11tuxpn,0,2
11txcv3,0,2
11vrlso,0,1
11wowlb,0,2
11wowov,0,3
11wrm9q,0,4
11wwgwj,0,2
11wz0me,0,0
11xhao1,0,0
11xwpn3,0,4
11zdm9m,0,2
11zdohu,0,2
11zldij,0,2
11zlvvp,0,0
120fq4u,0,2
120sr6e,0,2
120uouk,0,2
121hlom,0,3
121jajz,0,4
121tiuj,0,2
122kkoa,0,2
123lveb,0,4
123oj7s,0,4
124p7cf,0,2
124sqph,0,4
125j6of,0,2
126ftbj,0,1
126ms18,0,2
126yspz,0,4
1281hx0,0,2
12ahekq,0,3
12baklv,0,1
12brpfm,0,4
12csy2q,0,3
12cvhvs,0,4
12dddt7,0,1
12ddpq6,0,4
12decva,0,0
12dri6t,0,2
12ee5ls,0,4
12ezowh,0,2
12fpn6i,0,2
12gto59,0,0
12gw98e,0,4
12gwpn6,0,2
12gwtc1,0,4
12kbigt,0,0
12kid2q,0,2
12kvpdm,0,2
12lpsbh,0,1
12lq3tk,0,4
12lq801,0,3
12lwnfm,0,1
12m1wgz,0,2
12o315k,0,2
12o3f3q,0,2
12ocqg4,0,2
12oedgl,0,2
12oespk,0,2
12p6nlt,0,1
12p9mzj,0,2
12pb3sj,0,1
12pgfl4,0,1
12pmju1,0,4
12qe6r6,0,1
12qkylt,0,3
12ql713,0,3
12s50vj,0,1
12ssj9h,0,4
12ssvfv,0,3
12swxs5,0,3
12vijhs,0,4
12vjdw9,0,4
12vjy4g,0,3
12vkgvs,0,2
12vko0o,0,2
12vksn1,0,4
12wh6q7,0,1
12x5uwd,0,2
12yhx4y,0,1
12yifx8,0,2
12ynguc,0,3
12z9ned,0,0
12zjevs,0,4
12zodvi,0,3
130hcib,0,1
130hy1l,0,0
130jjlk,0,4
13130cj,0,0
1313d0e,0,4
131ji0g,0,2
131lzz7,0,3
131mwun,0,1
131nftw,0,4
131nq93,0,3
132n7xl,0,3
132o4fs,0,3
132oc0k,0,4
132rtf2,0,3
134n3l2,0,0
136daux,0,4
136kq85,0,1
137fc3o,0,1
137fjhy,0,4
137gmqe,0,4
139lq41,0,1
139ojd7,0,4
13as6v3,0,1
13aw8ny,0,2
13awlh9,0,1
13awtoy,0,2
13bhtuu,0,2
13bibgx,0,4
13booh4,0,4
13c5obs,0,0
13cjg9f,0,0
13dkuds,0,4
13edi9y,0,2
13eky2c,0,3
13f15oh,0,2
13f2snt,0,0
13fcqcj,0,3
13fd1pa,0,0
13fhzph,0,4
13hd97w,0,1
13hilrj,0,1
13i4svg,0,2
13i72vg,0,3
13igcdn,0,2
13ju5kw,0,3
13k1fqx,0,2
13kb1cf,0,1
13kztxp,0,2
13lhwle,0,1
13n6u9z,0,2
13nr2lt,0,2
13p0urf,0,1
13peyn8,0,0
13qjnlp,0,2
13r4a7k,0,4
13rj771,0,0
13rmhyo,0,2
13sb7od,0,4
13sdty3,0,4
13seli6,0,3
13tvumk,0,4
13vkidb,0,4
13voob9,0,4
13vqx03,0,3
13vrw1z,0,1
13vzorq,0,4
13wezig,0,2
13ww9my,0,2
13xd35y,0,4
13y6y7v,0,3
13z4905,0,2
141dend,0,1
141gi0z,0,2
142a1c9,0,3
143d0ua,0,2
144cn05,0,4
1455ths,0,4
146zvpu,0,1
14945l9,0,4
1495e2s,0,4
1496bbe,0,3
149y7n0,0,0
14a0iy8,0,0
14a48ox,0,4
14a4coz,0,4
14a4hia,0,1
14a4lgz,0,0
14aswpe,0,0
14bxm4j,0,2
14clvdt,0,0
14dmbhp,0,2
14dmur2,0,2
14e5zwh,0,3
14jateg,0,0
14jimzx,0,1
14jnqwd,0,0
14lwal3,0,4
14m4oke,0,0
14mznfn,0,4
14n81kn,0,1
14nq474,0,1
14peh0c,0,3
14t6i25,0,3
14u0n1t,0,0
14v7943,0,0
14wo22a,0,0
14yge8b,0,4
1509mag,0,4
152psh8,0,3
152u6w6,0,3
15312zr,0,1
155kxt6,0,3
156mub1,0,4
1584uxr,0,0
1586vte,0,0
159c7gq,0,4
159g1b5,0,0
15a8prv,0,4
15a8vyw,0,3
15aaw83,0,0
15auuwg,0,0
15crqft,0,1
15cxyur,0,2
15d3csi,0,4
15e9adj,0,4
15eb6kt,0,1
15ebd5k,0,3
15eg570,0,1
15ffsmu,0,3
15g8q72,0,0
15gyjp3,0,1
15hw0om,0,3
15hwdky,0,3
15isioa,0,1
15j2pz9,0,3
15j43lf,0,3
15kosj0,0,3
15krhgh,0,4
15kvv3y,0,4
15lu2d2,0,4
15lunx9,0,0
15mia1y,0,1
15midjy,0,4
15mlo3k,0,0
15o4636,0,3
15ozc9o,0,0
15q3j5b,0,1
15qtbrv,0,3
15qug5c,0,2
15r4ala,0,1
15rqqca,0,2
15su48d,0,4
15tkvmf,0,1
15wbys2,0,0
15wcsc1,0,4
15wfdns,0,2
15wfjod,0,3
15xlqhu,0,3
15y9ex8,0,0
15yd899,0,2
15z41xe,0,2
15z6om4,0,2
161d2au,0,0
161vpoq,0,3
163mu5b,0,2
163sc1p,0,0
164lrkh,0,2
164rpz4,0,1
165fb4w,0,2
166zkc4,0,0
167573w,0,1
1677z9e,0,4
167xq4e,0,0
168elrj,0,3
16a85oh,0,4
16ax72h,0,2
16ca2qs,0,2
16cci0i,0,0
16cgp44,0,4
16chxuz,0,0
16cw8gk,0,2
16d3srr,0,0
16d4mmj,0,1
16dghd5,0,0
16e5828,0,1
16e7s2x,0,0
16e81se,0,0
16f0cxx,0,1
16g0xjy,0,2
16gomka,0,1
16gqjvl,0,1
16gr6ue,0,4
16gr6us,0,4
16hhee9,0,4
16htgir,0,4
16hwuoa,0,3
16icokg,0,3
16k5rp4,0,3
16k8y7n,0,0
16ke5mv,0,0
16kmu0r,0,0
16loklq,0,4
16mswgu,0,0
16o9ehf,0,2
16odvg2,0,2
16p7zot,0,0
16pjo9s,0,3
16pkcq2,0,1
16r0gyf,0,4
16r3zkq,0,2
16r8aq1,0,4
16rs6u9,0,4
16smogb,0,2
16sp2dr,0,2
16sqt88,0,2
16tix22,0,3
16tlycw,0,3
16twv4u,0,0
16ugxlr,0,0
16ul3yh,0,1
16upbwq,0,0
16v762m,0,4
16v7q95,0,4
16vce90,0,4
16vd6oq,0,4
16vi53c,0,3
16w1j2q,0,2
16wyj2y,0,0
16x4aop,0,4
16x84jw,0,1
16x8a98,0,3
16y0qvf,0,4
16y56gn,0,0
16yn74r,0,1
16ysshv,0,1
16yz3hx,0,1
16zj5r5,0,3
16zjc06,0,0
16zt3tl,0,3
170fc85,0,3
170inab,0,0
170l9pf,0,4
17189pc,0,1
1729dyz,0,4
172eim1,0,4
172xrre,0,0
172ze4c,0,4
173mnc4,0,2
173of82,0,3
1744jgk,0,4
174ncsh,0,3
175bp6w,0,2
175btwz,0,1
175eka1,0,4
175exug,0,1
175mczu,0,3
1762vqk,0,3
176ubug,0,4
176wy47,0,4
176x0ru,0,3
1773xza,0,2
177kndo,0,0
177kxnq,0,1
177l9lj,0,1
177lcz9,0,0
177qlr4,0,3
177qona,0,3
177uh6e,0,2
178bf8r,0,2
178bl57,0,2
178bor1,0,4
178gobg,0,1
178h5v8,0,1
178hc7m,0,1
178hgso,0,3
178lxh6,0,0
1791af0,0,2
1791ey5,0,3
1791izf,0,4
1796igl,0,4
179bbei,0,3
179wux9,0,4
17a2dvq,0,2
17a4h3e,0,2
17a4ydp,0,1
17a5lai,0,3
17aow7x,0,2
17ap4yo,0,1
17bdh8a,0,4
17bdilh,0,3
17bhfzx,0,1
17bhmqe,0,2
17c78fe,0,3
17c7ae5,0,2
17ca0u9,0,4
17can30,0,2
17ccflo,0,2
17cf1ne,0,2
17cfavw,0,2
17chatq,0,2
17ckv6d,0,4
17cpvzj,0,4
17cye3n,0,2
17cynwv,0,2
17cywvl,0,1
17czuik,0,3
17d077w,0,0
17d1yl0,0,1
17da0ni,0,3
17da4nk,0,3
17dp4xg,0,3
17dp77a,0,3
17dq75e,0,4
17dtush,0,4
17dwend,0,3
17eggl8,0,4
17eiakh,0,4
17ekmiq,0,4
17f78kf,0,2
17f8e7i,0,2
17fab58,0,2
17fe9p5,0,0
17fs39k,0,4
17fyyjr,0,3
17g0klk,0,4
17g0ohb,0,4
17g0vid,0,3
17g4ud5,0,0
17g4xur,0,3
17g52dg,0,3
17g54ko,0,4
17g5gsb,0,2
17g5slm,0,1
17gqyos,0,4
17gt48g,0,2
17h47lj,0,3
17hjn2y,0,4
17hjr3w,0,2
17hjuf6,0,4
17ho3bw,0,3
17ho5rx,0,4
17hoa26,0,4
17iae01,0,1
17iaejm,0,0
17iamqo,0,1
17iannx,0,3
17iauno,0,3
17iawlp,0,4
17ido0o,0,2
17ii2hd,0,4
17iif8e,0,3
17jppj6,0,3
17jrogf,0,2
17jx18j,0,2
17k06ry,0,3
17kob73,0,0
17kpefv,0,2
17kpy4c,0,2
17l17qa,0,4
17l1oyi,0,4
17l94kp,0,3
17l9cfg,0,3
17lzxyu,0,0
17m43n2,0,0
17n2jzw,0,0
17n4esf,0,4
17nfb1w,0,4
17nhvc9,0,4
17nieyp,0,3
17nistv,0,2
17nli9l,0,3
17nvpqg,0,3
17o0js5,0,4
17o8mtz,0,4
17olzxc,0,2
17ouc19,0,3
17p0wzh,0,0
17p1bid,0,0
17p1eq5,0,4
17p93s4,0,4
17pixc6,0,3
17pj11w,0,1
17pz339,0,0
17q7ckw,0,1
17q7ke6,0,4
17qjfkb,0,3
17qjrht,0,2
17qjtu2,0,1
17ql75o,0,0
17qmh3g,0,1
17qqlay,0,0
17qqpls,0,1
17r8wgz,0,4
17r8ywj,0,2
17r91qt,0,1
17rfgqy,0,1
17rfln4,0,0
17rfwdv,0,4
17rg103,0,3
17rkc1r,0,3
17rkfqs,0,2
17rz7zt,0,4
17s0lcp,0,0
17s5u23,0,4
17s6v2z,0,4
17seqtw,0,0
17srut1,0,4
17srxob,0,0
17svvfw,0,4
17t04r0,0,3
17t4bqy,0,0
17tre0p,0,4
17u7fsv,0,1
17u7jn5,0,1
17u9mf8,0,4
17uce4d,0,3
17uy214,0,2
17uyohx,0,1
17uzwv9,0,3
17vuhgh,0,0
17vusou,0,1
17vv5od,0,2
17w0mo4,0,3
17wae18,0,3
17wif51,0,1
17wigvp,0,1
17wj1ur,0,3
17wj4sm,0,0
17wjcbs,0,3
17wkm70,0,0
17wmvg8,0,2
17wtwjw,0,0
17wze5i,0,4
17wzgt0,0,3
17wzmxn,0,4
17wzrdj,0,4
17xe21a,0,4
17xh60w,0,1
17xhfxx,0,0
17xhitq,0,1
17y2c0r,0,4
17y2d6p,0,0
17y2p8g,0,0
17yckag,0,0
17ykgu1,0,1
17yu2b0,0,3
17yu8cn,0,1
17zke8j,0,2
17zkjfy,0,3
17zn0im,0,0
17zpay1,0,1
17zqr7n,0,0
18033zt,0,2
180gs5o,0,1
180gxn5,0,0
180h3tr,0,4
180hb5x,0,3
180mjsi,0,4
180msvv,0,4
180nlrn,0,0
180nx0v,0,4
180nzeq,0,3
180o1j9,0,2
1818f84,0,4
181ge9x,0,1
181xudn,0,4
181y11r,0,2
181y4rx,0,3
181y8id,0,4
181yt3j,0,2
182rkfa,0,4
182tbwj,0,1
1845zqp,0,3
18461pq,0,2
1846ami,0,2
1848134,0,2
1849x68,0,1
184a09p,0,3
184dmng,0,4
184e3hw,0,4
184ervp,0,0
1853400,0,0
18538if,0,3
1853fml,0,1
185wk08,0,2
185ymm1,0,0
185yzts,0,4
185z2sz,0,2
185zzg9,0,0
18608yt,0,3
1866wpi,0,0
186j9k3,0,3
186kpuv,0,0
186l8tl,0,4
186lcv4,0,3
186lkq4,0,1
186lwdb,0,0
186m1z9,0,2
186m7ff,0,0
186mde8,0,2
186mhdi,0,4
186mjkp,0,3
186ml6s,0,4
186mpba,0,1
186n1dn,0,4
186n4c0,0,1
187g4qk,0,4
187ghw2,0,2
187gprg,0,1
187hltt,0,1
187u1pc,0,1
188badl,0,1
188bvzu,0,0
188bzfj,0,3
188klhd,0,4
188krlj,0,4
1890ej0,0,0
18983zo,0,2
189phwz,0,1
189tufg,0,4
189ubhv,0,0
18ah4jw,0,3
18ahajl,0,2
18ahfdd,0,3
18ahlwf,0,4
18akrnj,0,0
18apftn,0,0
18bc16q,0,4
18bc5dm,0,1
18bcasp,0,3
18bgnbe,0,4
18bgtno,0,1
18bh4e6,0,4
18bh80k,0,1
18bhh9b,0,1
18bigzz,0,0
18bitft,0,1
18bkx1d,0,4
18c09cg,0,1
18c0edo,0,0
18cabd1,0,3
18cdet8,0,4
18cdyur,0,0
18ce85y,0,0
18crzkr,0,2
18csp0f,0,0
18ct27d,0,3
18ctaip,0,1
18d2p1k,0,4
18d47zq,0,0
18dji17,0,2
18djrl4,0,0
18dk7z9,0,4
18e92co,0,3
18eaykt,0,0
18elnh6,0,2
18eltoc,0,0
18em1f5,0,4
18f05rm,0,0
18f5v4o,0,4
18ffwfz,0,1
18fg7bf,0,0
18fgddi,0,3
18fgvak,0,4
18fh1qp,0,2
18fh9jf,0,1
18ftw1l,0,2
18fzegb,0,1
18g5a25,0,2
18gkq9h,0,1
18gkv34,0,0
18gl6xg,0,4
18gll5i,0,2
18gmv74,0,4
18gn7la,0,1
18gpia4,0,1
18gzi0z,0,2
18hdw6j,0,0
18he60e,0,4
18he9jd,0,2
18hi268,0,1
18hkqmo,0,0
18hodpk,0,4
18hoj7y,0,4
18hops5,0,4
18hotvp,0,4
18hox14,0,4
18i38xr,0,3
18i9c99,0,4
18i9h8d,0,3
18i9mdf,0,3
18i9uoj,0,0
18i9yzx,0,0
18ia0w9,0,4
18iez0f,0,0
18ig4g1,0,2
18iuqhn,0,4
18iwhdy,0,3
18j02eh,0,2
18jajeq,0,4
18jo0xl,0,0
18jolzj,0,3
18joqsp,0,4
18jotju,0,0
18jowp8,0,0
18jp4i1,0,0
18jvway,0,4
18jwnqu,0,2
18jyht1,0,3
18k11hj,0,4
18kd2ws,0,4
18khw8l,0,1
18ki60k,0,2
18kixym,0,0
18kltku,0,0
18kn70h,0,0
18ktaz7,0,3
18lfe9z,0,2
18lhwlp,0,0
18mbu1m,0,2
18mcpij,0,4
18mq8nl,0,0
18mrsc2,0,3
18mrxtj,0,4
18n2ri8,0,1
18n3o0k,0,3
18nj44y,0,3
18oa7yj,0,4
18oabde,0,4
18oag62,0,2
18oeukn,0,4
18ol12a,0,2
18p13so,0,1
18p4exy,0,2
18p4uxt,0,4
18pxdpb,0,3
18q02g4,0,2
18q08fw,0,1
18q0me8,0,3
18q1315,0,3
18q18c5,0,2
18q7dok,0,2
18q7pay,0,0
18qbah5,0,0
18qjn6e,0,0
18qqy7h,0,2
18r3me2,0,0
18r3p7w,0,2
18r3utj,0,2
18r3zxh,0,4
18r4o3e,0,4
18r7rl7,0,1
18r9fac,0,0
18r9y4a,0,0
18rc9to,0,3
18rcq5b,0,0
18rlu95,0,2
18rxowk,0,2
18sb59t,0,1
18sbu84,0,2
18shlh2,0,0
18slya9,0,0
18sst67,0,1
18ssxll,0,2
18stoaj,0,0
18syhnz,0,1
18sys0u,0,1
18syus6,0,0
18sznlx,0,3
18thi0b,0,4
18tkb7c,0,1
18tkd9z,0,4
18tksdh,0,2
18tky9x,0,0
18tnkph,0,0
18ubqiv,0,2
18ud4q6,0,3
18ud9zr,0,1
18uil8k,0,4
18ujwi7,0,4
18v49ec,0,2
18v4gph,0,0
18v4q9i,0,0
18v4zat,0,2
18v55p3,0,0
18vhgav,0,4
18vn34a,0,3
18vzkmg,0,3
18w3tlb,0,3
18w3yia,0,4
18w4epy,0,1
18w4jfb,0,4
18w4p3e,0,0
18wpjsm,0,4
18wuwyn,0,2
18ww0tj,0,4
18wwmkc,0,0
18x3iki,0,4
18xshjc,0,3
18y7fex,0,1
18y7lpi,0,3
18y7ryg,0,4
18y7u0t,0,4
18y85v6,0,0
18yhcjt,0,4
18z23gl,0,0
18zc6ze,0,1
18zd4gk,0,0
19029rc,0,4
1902iz3,0,4
19037uo,0,0
1903ls9,0,3
1904g3f,0,1
1905p5l,0,2
190yp28,0,4
1911hjg,0,1
191jc6z,0,3
191lgbs,0,0
191mhsu,0,0
191zmco,0,1
19292qm,0,4
192zy7d,0,4
193yzzs,0,2
19442rl,0,1
1954lu5,0,0
19562p7,0,2
195e8mq,0,4
195eipr,0,0
195eo0f,0,0
195evcr,0,1
195f7af,0,4
195mgrp,0,2
195p9q1,0,4
195q3zc,0,1
195qf4w,0,2
195r29w,0,4
195w8db,0,2
196e0pm,0,3
196fq04,0,3
196n1eh,0,4
1978onb,0,2
1978to1,0,2
197buyi,0,2
197c75f,0,4
1994aor,0,4
1994hrx,0,3
1994lra,0,3
1995ve0,0,4
199lpii,0,2
199ts0c,0,4
199uls5,0,2
199upem,0,2
199v5nt,0,0
199y5hj,0,3
19ayc6c,0,3
19beihz,0,0
19blujd,0,1
19c61q1,0,0
19cvv32,0,0
19czl9q,0,0
19eor6q,0,4
19eoy1h,0,4
19epeh5,0,4
19eplt5,0,0
19eq8em,0,2
19f7ecz,0,4
19fc0i6,0,1
1abdwax,0,1
1acemay,0,0
1acjpbe,0,2
1acjvmx,0,1
1ack4bv,0,4
1ackamm,0,0
1ackdsr,0,0
1ackjao,0,4
1ackrld,0,0
1ackyue,0,1
1ae0xrq,0,4
1aejl66,0,1
1aejqeg,0,0
1aeq6f6,0,0
1aewo2e,0,4
1aff1eg,0,2
1afitmc,0,3
1ag3jzd,0,2
1agbqh8,0,0
1agd6q8,0,0
1agz31y,0,3
1agzeig,0,0
1agzll5,0,2
1agzvsv,0,1
1ah00b4,0,4
1ah0e99,0,0
1ah0h9v,0,1
1ahrm8p,0,2
1ahw49n,0,0
1ahwd11,0,0
1ahx4px,0,0
1ailjqg,0,2
1aim3u9,0,4
1aivqtm,0,3
1ajbytz,0,0
1ajgxwq,0,0
1ajhwrl,0,1
1aji02k,0,2
1ajihqi,0,2
1ajj42n,0,0
1ajjbr9,0,4
1ajo0j6,0,0
1ak5mhd,0,3
1ak60m3,0,3
1ak6eyp,0,2
1akcx06,0,1
1akd7pl,0,2
1akhn9s,0,0
1akhr6q,0,4
1akhv4r,0,1
1akifm8,0,4
1akipte,0,3
1akiuyh,0,4
1akizay,0,1
1akjtd4,0,0
1akxo26,0,4
1al11d0,0,0
1al13nz,0,1
1al1xgb,0,0
1al43u9,0,0
1alsav6,0,1
1altizo,0,2
1am0eci,0,4
1am1bo0,0,4
1am1lnv,0,0
1am2aa6,0,4
1amlld2,0,2
1amnwe6,0,3
1anh93u,0,0
1anl486,0,4
1anmqz7,0,3
1annt6e,0,4
1ao2tgt,0,0
1ao2y4u,0,4
1ao3cy1,0,2
1ao4hr2,0,2
1aod503,0,3
1aoez3c,0,0
1aof953,0,4
1aofsdm,0,0
1aogflc,0,4
1aoze9t,0,1
1apiqqr,0,2
1apt1vt,0,4
1apymz0,0,4
1aq026k,0,4
1aq0f7k,0,3
1aq0wn0,0,2
1aq1vss,0,4
1aq28aa,0,4
1aqp0no,0,0
1aqpi80,0,3
1aqrcu7,0,1
1aqrfc7,0,0
1aqrv3e,0,0
1aqryg1,0,0
1aqs2i8,0,2
1arcw8y,0,4
1as4h14,0,1
1as4xpw,0,4
1as55sb,0,1
1as5bg0,0,3
1as5lzr,0,1
1as5qzu,0,0
1as5tdk,0,0
1as6hiz,0,2
1as9gdm,0,4
1asdwa6,0,0
1asz15m,0,0
1aszv6y,0,3
1ath8xx,0,0
1awlo4p,0,1
1axghys,0,3
1azpvx6,0,3
1b17kx5,0,2
1b1blip,0,0
1b1jhg2,0,3
1b2a8ts,0,1
1b3mmao,0,3
1b3zhav,0,4
1b5uwh9,0,3
1b7ee96,0,3
1b7vdil,0,2
1b7w65o,0,1
1b8creq,0,3
1b8cx6y,0,2
1b8jfkl,0,1
1b8jlqh,0,1
1b8k9i6,0,3
1b8kfw1,0,2
1b8pmmi,0,2
1b8qmy7,0,3
1b9lhgk,0,0
1b9osxh,0,2
1b9py2e,0,3
1b9qjeh,0,0
1b9sch0,0,4
1b9sxdk,0,4
1b9tqw9,0,1
1b9ypda,0,3
1b9yy29,0,4
1bacba5,0,0
1bcu5o4,0,0
1bcuigb,0,0
1bcv28t,0,2
1bcvmhl,0,2
1bdakef,0,2
1bdljph,0,1
1bdoho9,0,0
1bdr2r5,0,2
1bdrv5j,0,1
1bdtnx3,0,0
1beh8mn,0,2
1bei9em,0,3
1beifxc,0,4
1beky3j,0,4
1ben3cs,0,0
1ben4xw,0,4
1bewdxd,0,0
1bfl1hm,0,2
1bg3m43,0,1
1bg3pzf,0,0
1bg3u66,0,4
1bg3wey,0,4
1bg4123,0,4
1bg77po,0,4
1bgfcbc,0,0
1bgu5zi,0,2
1bgz5ah,0,4
1bh735v,0,3
1bhs7kz,0,3
1bi3jjx,0,0
1biu7df,0,4
1biufo3,0,4
1bj8m0n,0,3
1bj98dv,0,1
1bjc25j,0,0
1bjiqz4,0,3
1bjm4ag,0,0
1bjyqro,0,0
1bjyyeq,0,4
1bjz2ok,0,4
1bjzcrm,0,4
1bkttoh,0,0
1bku2zx,0,1
1bkua8v,0,0
1bkubkn,0,0
1bkugao,0,0
1bkuier,0,4
1bl8e8r,0,4
1bl8me7,0,0
1blo2vs,0,4
1blo6d1,0,0
1blrkoa,0,4
1blsbzn,0,3
1blxjpc,0,2
1blxolr,0,4
1bmj13o,0,3
1bmmss6,0,1
1bnuyhx,0,1
1boyxp2,0,0
1boyzwh,0,4
1boz5sd,0,4
1bp6uhy,0,1
1bp71yt,0,1
1bpqwc0,0,1
1bpqxt5,0,1
1bpr1pd,0,3
1bpr607,0,0
1bprcsk,0,0
1bprhnx,0,3
1bpsc5l,0,3
1bpy1xg,0,3
1bqui38,0,3
1bre7fd,0,0
1brgcf5,0,4
1brgsd4,0,1
1brguvr,0,0
1brgymp,0,0
1brh3fp,0,0
1bttjzq,0,1
1bupp91,0,3
1butdv4,0,0
1bvjmgm,0,3
1bvrt4h,0,0
1bvupup,0,3
1bx6piv,0,1
1c0e70q,0,0
1c0h6qv,0,3
1c0lloj,0,1
1c0o7bl,0,4
1c0t3sx,0,3
1c21byc,0,3
1c27osd,0,1
1c2a1gl,0,3
1c3qkzj,0,2
1c3qnq1,0,3
1c4sj07,0,3
1c4yhit,0,3
1c5hgob,0,3
1c65n5g,0,3
1c6cxua,0,1
1c6vp3p,0,3
1c6vqsz,0,4
1cac9tl,0,1
1cdi9mx,0,1
1cemajh,0,1
1cf6ni3,0,1
1cia37b,0,0
1cidi5e,0,3
1cmyai6,0,0
1co8ccx,0,3
1corcr4,0,3
1cow4pc,0,2
1cq3spj,0,4
1crid3e,0,1
1crx10r,0,0
1csfpit,0,3
1csntuz,0,4
1cu0aj5,0,1
1cubufv,0,1
1cubzin,0,1
1cusgbb,0,2
1cynsa1,0,1
1cyrov7,0,2
1czrn2k,0,3
1d08gwl,0,0
1d10shk,0,1
1d1qdq9,0,0
1d2t9x7,0,3
1d5ohgk,0,0
1d7c185,0,2
1d8kd43,0,0
1d8mic3,0,2
1d8offt,0,3
1d8s1ie,0,2
1d9csi9,0,1
1d9defb,0,3
1da7njk,0,0
1da927o,0,0
1dadxjg,0,0
1dafkpi,0,2
1daz7gt,0,2
1dbpd5d,0,2
1dbt8zf,0,2
1dc1d9n,0,4
1dce6tz,0,4
1dcf2fh,0,4
1dcgfo1,0,0
1dciusk,0,4
1dczefz,0,4
1dd6thg,0,0
1ddi96d,0,0
1de040h,0,0
1debgw2,0,0
1deh5x0,0,2
1df1ij1,0,0
1dfjxkf,0,0
1dfuspz,0,0
1dg0yts,0,2
1dgbnph,0,0
1dgfoey,0,4
1dgk657,0,0
1dgwae8,0,3
1dh48f2,0,4
1dhhn6b,0,3
1dhrn9r,0,0
1dhvl4n,0,4
1dhvt8s,0,0
1dikv20,0,0
1dil8h2,0,0
1dj28yd,0,0
1dkbozg,0,0
1dkdkms,0,1
1dkl9d9,0,0
1dkmhn1,0,2
1dkzwoh,0,0
1dlchla,0,0
1dlu8wq,0,4
1dm1xlr,0,4
1dnlrek,0,0
1dny95b,0,0
1do0zun,0,1
1do8npk,0,0
1doah2p,0,4
1dobijv,0,3
1dosoob,0,0
1dp6x90,0,1
1dp7lq4,0,2
1dpf9h8,0,1
1dpmd6j,0,3
1dpt4w3,0,1
1dq0rm2,0,0
1dqj6mf,0,1
1dr7p6o,0,4
1drbfvz,0,3
1ds7f7r,0,0
1dslge2,0,0
1dsrb9h,0,2
1dtf4fi,0,0
1dtm3r0,0,0
1dtx7p4,0,3
1du768r,0,0
1dukqf3,0,0
1dv6hry,0,2
1dv87gw,0,3
1dv89kh,0,0
1dxisst,0,0
1dy24o5,0,0
1dywnc4,0,4
1dzt80b,0,4
1e0hgnf,0,3
1e1bu76,0,4
1e1iz84,0,4
1e1j4d9,0,0
1e3s5hh,0,4
1e4ks0l,0,2
1e4n0px,0,0
1e4pzmv,0,4
1e4qpix,0,0
1e5ci39,0,3
1e5htqp,0,3
1e5ok5h,0,3
1e67ex8,0,1
1e6gxpc,0,3
1e787n6,0,0
1e81mgl,0,3
1e8v02c,0,3
1e8z7xp,0,2
1e9k9a7,0,3
1eahmzg,0,3
1eauomt,0,4
1eaxfbq,0,3
1ebpsok,0,3
1ebs243,0,3
1ebtarw,0,2
1ec19f9,0,3
1ecryfs,0,3
1edaz1f,0,3
1eddctw,0,3
1ee6eul,0,3
1ee7svn,0,3
1eevmh5,0,3
1ef3cq1,0,3
1efayex,0,3
1efnhye,0,3
1efsnxh,0,3
1eftexl,0,3
1efuetm,0,3
1efwjrz,0,2
1eg7v4g,0,3
1eggnu9,0,3
1eggq7w,0,2
1ehg8fx,0,3
1ehn3st,0,3
1ei3rkv,0,3
1ej1snr,0,3
1ejbu1m,0,3
1ejuwk0,0,3
1ek47ig,0,3
1ekjjwe,0,3
1elarbx,0,3
1elhpc6,0,3
1elhzdn,0,2
1encwnm,0,3
1eny8p8,0,3
1eo4eta,0,3
1ep2jor,0,3
1epnvej,0,3
1epo7f9,0,4
1eptigv,0,3
1eqbcee,0,3
1eqr741,0,3
1er84xt,0,4
1eyhz0x,0,1
1ezcfgb,0,4
1f1l3cv,0,4
1f3443m,0,4
1f4b5wr,0,3
1f4wdfl,0,0
1f6jwov,0,4
1f6pvnp,0,3
1f72a4j,0,2
1f9k578,0,4
1fbxury,0,2
1fcv2tf,0,2
1fd8o6t,0,1
1feub3j,0,1
1fhyjl8,0,0
1fks6e4,0,1
1fl5s5s,0,4
1fl6mcl,0,2
1foxbds,0,4
1fp03ct,0,4
1fp880l,0,4
1fpxjmh,0,1
1fsplqe,0,1
1ft3bdf,0,4
1ft7qo3,0,1
1fv7cc5,0,4
1fy3t6h,0,3
1fzrqe1,0,3
1fztvth,0,2
1g0ca1k,0,4
1g13egl,0,2
1g2zhjt,0,1
1g3a6yi,0,0
1g48b3h,0,3
1g4wao0,0,2
1g5ln0v,0,0
1g6cqni,0,4
1g83j28,0,2
1g8myad,0,2
1g8qt3a,0,3
1g9eloj,0,0
1g9hlg9,0,0
1gagde0,0,1
1gaxvyj,0,4
1gbv39k,0,4
1gc5enm,0,0
1gdha3r,0,1
1gdz53k,0,1
1ggftpo,0,4
1ggjlxr,0,1
1gh1x3r,0,0
1gk5aqh,0,0
1gktp3b,0,0
1gluet4,0,4
1gmcgh7,0,3
1gn8qpg,0,4
1gozh3k,0,1
1gpv0ke,0,1
1gq95wb,0,4
1gq9vso,0,1
1gqkobf,0,4
1gsmqzu,0,1
1gusx02,0,4
1gut8f7,0,2
1gvuolb,0,1
1gwgfse,0,0
1h0naf9,0,1
1h0yeip,0,4
1h148x3,0,0
1h1agmg,0,2
1h43ail,0,4
1h50c4x,0,4
1h5ujg5,0,1
1h6c44o,0,4
1h6jsfq,0,2
1ha5uf5,0,2
1ha7mzh,0,3
1hapzx9,0,4
1hb5l6u,0,0
1hbp8gi,0,4
1hc3gcw,0,3
1hc46hu,0,1
1hcu28q,0,1
1hdaa42,0,2
1hdi0kn,0,3
1hfhac4,0,1
1hfikff,0,2
1hgjn5n,0,0
1hhbyvd,0,3
1hin2h3,0,2
1hj9s5a,0,0
1hjdevb,0,4
1hmltqw,0,2
1hnndcr,0,3
1ho8n68,0,2
1hqhe8n,0,3
1hr82n0,0,0
1hrsn74,0,2
1htc6ow,0,0
1htczxo,0,4
1hufee1,0,1
1hvo0zx,0,0
1hvpi1h,0,2
1hvq823,0,4
1hwi09l,0,0
1hx8pwq,0,0
1hx8x8q,0,1
1hxbe2s,0,3
1hxxy5b,0,0
1hy04tq,0,2
1hyg0l8,0,2
1hyiyks,0,2
1hyzp7t,0,3
1i0covs,0,4
1i11ann,0,0
1i11tx2,0,2
1i1glkr,0,3
1i3a84e,0,1
1i3deqt,0,4
1i3do0y,0,2
1i5m6qi,0,2
1i66ogv,0,0
1i7yh9h,0,4
1i81a29,0,0
1i81gdj,0,4
1i8sbuw,0,4
1i8vrzn,0,2
1iaef4b,0,2
1ib5egz,0,2
1ic7jen,0,4
1icbj4w,0,1
1id18ec,0,1
1ie7byj,0,0
1if751o,0,2
1ifzfhj,0,0
1igmw0o,0,1
1igqw7t,0,4
1ihpo79,0,0
1iixvvo,0,2
1ij0hgz,0,4
1ijr7gd,0,4
1ijs5ob,0,2
1ijylle,0,0
1im199p,0,3
1im2tam,0,2
1imwlav,0,4
1in284x,0,0
1inmns6,0,2
1ipadvs,0,3
1ipdkp5,0,3
1iq0dp6,0,3
1iswcqa,0,2
1it0s8n,0,1
1ituppo,0,1
1iuj56b,0,2
1iun1kw,0,0
1iuyk4n,0,2
1iwdhfd,0,0
1iyug40,0,1
1j1rf8d,0,1
1j3jh04,0,4
1j3kjt2,0,3
1j49sfh,0,1
1j5jitq,0,0
1j5ovgx,0,0
1j6lvx0,0,4
1j7uext,0,4
1j7w2rf,0,2
1j9rxig,0,1
1ja0ns4,0,1
1jaa8gs,0,4
1jacozo,0,4
1jbzbnk,0,0
1jc8doo,0,3
1jcudse,0,0
1jee6nr,0,2
1jim3gj,0,0
1jkcw2a,0,2
1jl0adx,0,3
1jlc1df,0,3
1jmjhz5,0,1
1jmkx80,0,3
1jn90x9,0,4
1jnlz07,0,1
1jnyt37,0,4
1jnzdy2,0,2
1jnzub5,0,4
1jo0i7v,0,4
1jo10t9,0,4
1jo28i9,0,4
1jo46y3,0,4
1jo83tu,0,4
1joad9b,0,4
1jocksy,0,4
1joneqw,0,4
1joq4h3,0,4
1jp23rz,0,4
1jphe7w,0,4
1jpkvyf,0,4
1jpl22e,0,4
1jpmasw,0,4
1jpp80q,0,1
1jprt1e,0,4
1jpv8vq,0,4
1jqqtde,0,2
1jr5577,0,4
1jr688z,0,4
1jrafld,0,4
1js7lsl,0,4
1jsr12u,0,4
1jsutxx,0,4
1jtd9pp,0,4
1juze39,0,3
1jv1432,0,2
1jv1tpc,0,2
1jw3g0e,0,4
1jye6fe,0,0
1k1itoj,0,2
1k27tg8,0,0
1k27uxd,0,4
1k2m4vs,0,1
1k2u7y8,0,2
1k54kf0,0,4
1k5569e,0,0
1k5bkkx,0,4
1k643iq,0,4
1k7w1j5,0,3
1k9ry0u,0,4
1k9xhcs,0,2
1ka6v47,0,0
1kamfwx,0,1
1katfve,0,1
1kcy87o,0,0
1ke82uh,0,0
1kl7twc,0,1
1klgqeh,0,2
1klipsg,0,4
1km8ijo,0,4
1kmda67,0,4
1kmfoup,0,3
1knvqry,0,1
1ko25wn,0,0
1ko7oem,0,1
1kpd8dv,0,4
1kq99jd,0,3
1kqd8xa,0,0
1krcbyz,0,3
1kthgc8,0,1
1ktj5x9,0,2
1kttop0,0,1
1kuag2w,0,1
1kvobxy,0,4
1kvzwfx,0,4
1kwlwe8,0,4
1kwtd72,0,0
1kxdu77,0,1
1kz19te,0,3
1kzwmx8,0,1
1l1c7i0,0,2
1l29u95,0,4
1l2kjvv,0,0
1l3178n,0,4
1l3cown,0,0
1l46ruf,0,4
1l47zya,0,1
1l72s05,0,3
1l7se5k,0,2
1l80rbv,0,1
1l8216k,0,2
1l87zf2,0,0
1l90tcf,0,2
1l9u2my,0,0
1lbumx0,0,1
1lbz6gz,0,1
1ldh464,0,1
1lfvi3m,0,0
1lfxh0w,0,2
1lfyerd,0,1
1lg8edj,0,2
1lgssgk,0,3
1lhh86x,0,4
1lhl4ii,0,4
1lhr2qg,0,0
1lidzfg,0,3
1lihtgy,0,4
1lj94fo,0,2
1ljio9k,0,2
1lk22jw,0,4
1lktm2h,0,3
1lkvd8l,0,1
1lkvwgy,0,3
1ll3qvg,0,4
1ll5ke3,0,2
1lltmwj,0,2
1lnaa3b,0,4
1lnkdjr,0,3
1lnl6nc,0,3
1lo23v1,0,2
1loaoov,0,1
1loembe,0,4
1lomeea,0,2
1louyid,0,3
1loz2kf,0,1
1lpilhq,0,0
1lpr0n6,0,3
1lpsj7n,0,1
1lpztio,0,1
1lqaa0q,0,2
1lqpgq1,0,4
1lqu21x,0,3
1lreoc5,0,0
1lrhamx,0,1
1lrl3rm,0,4
1lrpzay,0,0
1ls2kso,0,2
1ls7ybf,0,0
1ltn316,0,4
1lttu2k,0,4
1lumn3f,0,0
1luug1d,0,4
1lvbkkb,0,1
1lvhasv,0,4
1lvq9jg,0,3
1lws0nc,0,3
1lxsvbn,0,0
1lxwxac,0,1
1lxxudv,0,2
1lxzhs4,0,3
1lz4t29,0,1
1lzbd5g,0,4
1m0ckky,0,0
1m0mcfn,0,4
1m0pqg1,0,3
1m183tv,0,1
1m2964x,0,3
1m34eik,0,3
1m3pnm5,0,4
1m4f1wx,0,2
1m4iult,0,3
1m4m9rz,0,1
1m4yfj2,0,2
1m5hb1j,0,1
1m5qui7,0,4
1m5tooc,0,2
1m6i27q,0,4
1m8qv12,0,2
1m8wmlx,0,4
1m8zs6c,0,1
1m91l87,0,2
1madrnd,0,0
1mc6322,0,3
1mc73gw,0,1
1mc8bfv,0,1
1mcqw1b,0,1
1md1s57,0,0
1md5ss3,0,1
1mdj68n,0,4
1mei15u,0,2
1mes1ce,0,1
1met49u,0,4
1mhqow0,0,4
1mi4i3n,0,2
1mi6o5o,0,2
1miewf0,0,4
1mihwst,0,2
1miv7op,0,2
1mk0b4y,0,1
1mk5oz2,0,1
1mk82z0,0,1
1mk83ge,0,1
1mkrn7g,0,2
1mmdxdf,0,0
1mnzdhe,0,1
1mpxent,0,2
1msdabb,0,1
1msmenf,0,4
1mst8sl,0,0
1mu3ve3,0,2
1mvx5vj,0,2
1mw6wdr,0,3
1mx0rsb,0,4
1mxiec8,0,1
1myr3zi,0,0
1mysrmi,0,2
1n00mwq,0,4
1n0idwd,0,0
1n29zvi,0,3
1n2ko37,0,4
1n2n1vi,0,4
1n6d412,0,1
1n7m037,0,0
1n7t1i2,0,4
1n80kbv,0,2
1n8ylf6,0,2
1n97f25,0,2
1n9tcns,0,2
1nabpfj,0,0
1nam6s4,0,2
1nb0gug,0,0
1nbhfqe,0,2
1nbt91a,0,2
1ncftmo,0,3
1ncgjf2,0,4
1ncgw0y,0,2
1ncgwyi,0,0
1ncijfc,0,4
1ncwrna,0,4
1ndappw,0,3
1neeiru,0,4
1nexvca,0,2
1nfeyyx,0,3
1ngl5zs,0,3
1ngmicc,0,4
1ngvc84,0,2
1nhdbex,0,2
1nhf5mw,0,3
1nhgp7g,0,4
1ni8qr8,0,2
1nix6rd,0,0
1njhtof,0,3
1nkxy37,0,0
1nm3oh1,0,4
1nogham,0,3
1nojzpd,0,0
1nq29i0,0,1
1nq55bf,0,1
1nqv1j0,0,3
1ns3gi4,0,0
1nsyao7,0,3
1nu83so,0,2
1nvg1xa,0,3
1nwvfm8,0,2
1nx33q5,0,2
1nx88d8,0,4
1nzf1wi,0,2
1o14a93,0,1
1o17n4f,0,2
1o1nnzq,0,2
1o2t5yg,0,2
1o3s8mo,0,4
1o6atgl,0,1
1o6fuw1,0,3
1o6n4jn,0,0
1o7ao18,0,4
1o7q2x6,0,0
1o82bav,0,4
1o8w5dz,0,0
1o910np,0,3
1oap7hx,0,2
1obf6uu,0,3
1odvydw,0,2
1of72w0,0,4
1of8aqg,0,4
1ofkfcd,0,4
1ohgn8t,0,4
1oix0j8,0,1
1oizce9,0,1
1omf2bj,0,2
1omiph5,0,0
1omtvfj,0,1
1onydfe,0,2
1opy0dr,0,1
1orjr7o,0,3
1orq7u2,0,4
1osl6lf,0,4
1ow3e6f,0,2
1owwg9n,0,0
1owy5j3,0,0
1ozf5qw,0,3
1p06cgi,0,2
1p087r7,0,4
1p2yeuc,0,1
1p4nk1a,0,2
1p5umvg,0,1
1p62ymr,0,4
1p86rh3,0,4
1p9k4yj,0,4
1pasmbq,0,0
1pcpxei,0,2
1pdkeq0,0,0
1pdz39d,0,3
1pe3wez,0,4
1pef3e6,0,3
1pet9xw,0,1
1peyxlj,0,0
1pfm6eu,0,3
1pgfwsk,0,3
1pgivxz,0,3
1pgmijn,0,0
1pgtmiu,0,4
1phahga,0,3
1phe0pu,0,3
1pj2pqo,0,2
1plqvis,0,4
1pm75ub,0,0
1pn5wsc,0,2
1po7ogz,0,0
1poc8m9,0,2
1poeu11,0,1
1pqlsws,0,3
1pqxg9a,0,1
1pujygt,0,3
1pw2rqh,0,2
1pwvvqj,0,4
1px0wkk,0,4
1pxmn20,0,2
1pxt9gw,0,4
1pzbls0,0,3
1pzi6hi,0,3
1pzzaun,0,2
1q0ev6v,0,4
1q1cr6i,0,4
1q1e6uh,0,3
1q21n6s,0,2
1q3yeyk,0,2
1q4q3or,0,3
1q5pxku,0,2
1q6vwuh,0,4
1q77uke,0,3
1q783he,0,4
1q7acst,0,4
1q7mcad,0,3
1q8dehd,0,3
1q8mkok,0,2
1q96b6k,0,0
1q9w17h,0,1
1qan5pt,0,1
1qaqati,0,4
1qbjzxk,0,3
1qbkslz,0,1
1qcjny6,0,4
1qcs0yc,0,2
1qczd1g,0,0
1qdecph,0,0
1qdi910,0,0
1qdljdd,0,4
1qeu1wt,0,0
1qfb0hb,0,0
1qg4ydc,0,0
1qgnkjt,0,4
1qh7cug,0,3
1qhw74q,0,4
1qhwsr1,0,3
1qhxf21,0,4
1qibnjv,0,4
1qisrex,0,2
1qizru6,0,1
1qj6om2,0,0
1qjocn3,0,4
1qjsii6,0,1
1qkrtq4,0,3
1qkud9i,0,2
1qm1r5m,0,3
1qnt4lu,0,0
1qp5y2u,0,4
1qpn10u,0,3
1qtryqi,0,0
1qu8m5h,0,0
1qum6vr,0,2
1qv2yvb,0,4
1qv6axe,0,4
1qvj5pp,0,4
1qvlvxc,0,4
1qwhzqe,0,0
1qxdb60,0,0
1r0uop7,0,0
1r130xh,0,4
1r1tiqi,0,0
1r1vg9h,0,4
1r65d64,0,3
1r6jmns,0,4
1r7l1bb,0,0
1r8bfym,0,4
1r8ccuf,0,4
1ra36ml,0,2
1ra4vtc,0,2
1rabbnu,0,3
1rat6ox,0,2
1rav8tg,0,4
1rbfwn3,0,3
1rcawrg,0,2
1rd9yix,0,2
1re7rj2,0,0
1rg2wdb,0,4
1rgz1af,0,4
1rjr1x1,0,2
1rkphll,0,3
1rlefml,0,2
1rmg8c3,0,2
1rof0ad,0,3
1rogd55,0,0
1rotuec,0,0
1rpu82g,0,4
1rrseuk,0,2
1rt6d2o,0,4
1rtbzgc,0,3
1rtpwfg,0,3
1ru8am6,0,2
1rw50ee,0,4
1rznsvr,0,2
1s1va1n,0,4
1s2bonu,0,3
1s35kne,0,4
1s47azr,0,2
1s4tr82,0,4
1s4wlw4,0,3
1s4xew8,0,3
1s622sq,0,1
1s9jscs,0,0
1s9kmzd,0,1
1sal794,0,4
1scd5bd,0,1
1sdcpel,0,4
1seuh00,0,4
1sf62pi,0,4
1sfptq0,0,1
1sfql8i,0,0
1shi0re,0,4
1si0a94,0,2
1sithhr,0,4
1sk3m6l,0,0
1sm4vlc,0,3
1smwix4,0,4
1smzxog,0,2
1sp8uoe,0,2
1spnkt7,0,4
1spnmqo,0,4
1spsrht,0,3
1sqxpn7,0,4
1sr9ehr,0,1
1srmu52,0,2
1ssonai,0,0
1stpw5m,0,2
1suc8yz,0,3
1supuh6,0,3
1sv5bj3,0,3
1svddie,0,2
1sx7qgw,0,0
1sxtmsr,0,1
1sxz12z,0,2
1sy7v8w,0,4
1syf21d,0,3
1sys0yr,0,4
1xm9ft,0,3
26ii7z,0,0
2b2i70,0,0
2e2os9,0,3
2h6e28,0,4
2i3v7s,0,4
2q62xj,0,2
2w86e7,0,4
31vl51,0,4
321shc,0,1
334a8d,0,1
33otbl,0,4
340itv,0,2
34xkzo,0,1
351qdk,0,0
35owc4,0,2
38oz5m,0,1
3a1grd,0,4
3b92zr,0,1
3b9cdx,0,1
3d5gtr,0,2
3eddti,0,1
3err0k,0,3
3fuumz,0,1
3fz8em,0,1
3gn1op,0,1
3pszvd,0,3
3q9eou,0,1
3rww9o,0,3
3schd5,0,0
3w14cr,0,0
40n33m,0,0
41p2uz,0,1
41qfg7,0,1
423pa0,0,1
42evys,0,0
438qdk,0,3
465cbb,0,1
47ia4p,0,0
4ck34b,0,2
4h6s4d,0,1
4keg77,0,1
4kibjk,0,1
4kvrdi,0,1
4m7v8k,0,2
4sh0tc,0,2
4t9u5n,0,0
4tc1ne,0,2
4tfmoj,0,0
4vsyz6,0,1
4w5b6n,0,2
4w5vkf,0,1
4wpecq,0,1
4zlvsv,0,0
50ibsa,0,1
53atzi,0,3
53mq3w,0,0
558n00,0,3
579g29,0,0
58mlme,0,1
58mxli,0,1
58ysn8,0,4
5ar97d,0,3
5bsjo1,0,0
5e34gi,0,3
5ij73u,0,4
5ing61,0,3
5ku91y,0,1
5ls4eh,0,2
5me65r,0,1
5oqaye,0,0
5srv8q,0,0
5u0yx7,0,3
5x4u0v,0,0
5ydrdh,0,1
5zia5v,0,1
5zy9kd,0,1
615460,0,1
61axzl,0,1
626ly6,0,0
62embp,0,2
64k0up,0,0
64xizb,0,0
65tmbv,0,4
6684pv,0,0
6690ac,0,0
66fsni,0,3
66h9mf,0,1
688gvu,0,0
689x42,0,0
68dw9p,0,0
68euzg,0,0
68l0ln,0,3
68zmng,0,4
69ksmc,0,4
69kvmc,0,3
69sb4b,0,0
69snyu,0,4
69twpr,0,0
6ak8du,0,2
6awrdj,0,1
6chrdz,0,0
6clqf4,0,4
6cna1l,0,4
6ctng1,0,3
6e8no8,0,1
6fsp1s,0,3
6giyno,0,1
6gm1be,0,0
6gsbos,0,1
6ho431,0,0
6hzc93,0,0
6i0c5t,0,0
6l8pej,0,0
6lrzd8,0,4
6ltt76,0,0
6ng2qr,0,0
6nscbf,0,0
6q9xp0,0,3
6quykg,0,3
6s4yk2,0,4
6stumu,0,1
6t96ec,0,2
6tzzi6,0,4
6ughno,0,4
6vec64,0,3
6yjfcy,0,1
6ym3lb,0,1
6yvijc,0,1
6zwa36,0,3
700wa6,0,3
70tyb7,0,4
711t5y,0,3
71tia4,0,3
73fwq3,0,3
73tccy,0,1
73zein,0,0
74ulmr,0,4
74v0tg,0,3
75o2tl,0,1
77supo,0,1
79528b,0,3
79nhhe,0,1
7b71pf,0,0
7c62jb,0,2
7d3zt0,0,0
7fm9jz,0,3
7gfoqi,0,3
7hg3yp,0,3
7ljsut,0,1
7myqzz,0,1
7o781c,0,2
7ochcg,0,4
7pr866,0,1
7pvbsv,0,1
7qqwpg,0,1
7s4ufe,0,0
7xpi3g,0,3
7ymejv,0,0
83em1z,0,3
83f25c,0,1
83of25,0,0
85rbhc,0,2
861k6n,0,4
8b7gr3,0,1
8bqvkt,0,1
8bxi3w,0,0
8cmq95,0,0
8e6k9p,0,3
8eaxjl,0,0
8guuvd,0,0
8h6l9c,0,2
8hmdsh,0,4
8i3zs8,0,1
8j6y4x,0,2
8lqsn3,0,0
8lw08j,0,1
8m089h,0,3
8n6x3s,0,3
8oqyiq,0,1
8qr57h,0,1
8rdvo,0,1
8rtdev,0,3
8thivx,0,0
8ukd74,0,4
8upvzl,0,0
8uwqzt,0,3
8w2awd,0,0
8wveig,0,1
8ybj73,0,4
8zbi91,0,3
8zjuu0,0,0
8zune6,0,3
904jy9,0,0
907lnw,0,4
90ga1w,0,2
91vcf0,0,0
93cpy1,0,1
93d57n,0,3
94hsqm,0,3
94s2ry,0,3
951q9m,0,0
95ko1b,0,1
95pxyn,0,0
967yts,0,4
96pkb3,0,3
99m68g,0,0
9aotrf,0,2
9b1od2,0,4
9b8c4p,0,1
9b8uhu,0,0
9bhywi,0,0
9bt0lu,0,1
9cd07l,0,1
9cu072,0,2
9cwku0,0,1
9dmmxr,0,0
9eocv2,0,1
9ewhky,0,0
9g0oij,0,4
9hzn0r,0,1
9i7b81,0,3
9i7ot6,0,0
9ipva2,0,0
9iswb7,0,1
9ita19,0,1
9jcvgf,0,0
9krhfl,0,3
9lasl6,0,0
9mno6e,0,2
9moo1u,0,1
9mrp1j,0,1
9myhyd,0,3
9mzcvq,0,2
9n8nap,0,2
9nt13c,0,0
9ol266,0,4
9s2n6w,0,2
9slu0t,0,1
9trq9c,0,0
9ve83u,0,3
9w971b,0,3
9wfi0p,0,1
9xwy8o,0,4
9y4e31,0,2
9zdmcq,0,1
9zgnix,0,1
9zoxcy,0,1
9zpdkw,0,3
a0iarh,0,1
a151zv,0,0
a1v7ph,0,2
a2zpof,0,2
a3cb50,0,3
a3fx5v,0,1
a3m7au,0,3
a3rf6,0,3
a4kdrr,0,3
a4xsib,0,2
a5ch1l,0,3
a5rrh2,0,3
a5ss93,0,3
a6yde4,0,4
a6yw2g,0,1
adae5b,0,0
adia3d,0,0
adik0y,0,4
ae4vrk,0,3
ae6t3b,0,3
aegsg8,0,3
aephtl,0,3
afj03f,0,1
aiag9z,0,1
aim8fj,0,1
ajldzr,0,3
alczp8,0,2
alq3f2,0,2
amql9l,0,3
ancn40,0,4
anoqse,0,4
ao546f,0,1
aosx6d,0,2
aou0rm,0,0
apvc02,0,0
aq84kk,0,1
aqohqe,0,1
ar6h7j,0,4
ar7ec8,0,1
ari3sz,0,1
arn3mb,0,3
avwxqi,0,1
azk9wf,0,1
azzjcs,0,3
azzpfa,0,0
b04uo3,0,1
b0cilf,0,1
b1ecj1,0,4
b3unvm,0,1
b46ji0,0,3
b587v3,0,1
b9dhs5,0,1
bbxmcl,0,1
bcb5bq,0,1
bcgxj3,0,1
bd7wwu,0,1
bdjnc2,0,2
bdrtng,0,0
bepsxe,0,2
bfyjiv,0,0
bgeguu,0,1
bggieq,0,1
bhb76w,0,2
bhowol,0,0
bjfb3e,0,0
bmvw9h,0,1
bnoy8x,0,3
bqn8hv,0,0
bqwtsg,0,1
br75o0,0,4
brmib7,0,2
brrqig,0,1
bsja0x,0,2
btbfi4,0,4
btnqcc,0,0
bxkheg,0,2
bxmyu8,0,2
bzb17g,0,2
c1zmfq,0,0
c5oat5,0,0
c64ss6,0,1
c71xlq,0,1
c8le3c,0,1
cbtzq1,0,1
ceqpay,0,3
ceshxz,0,2
cg9psx,0,0
cgqoso,0,2
cgtjqm,0,4
cjbe5s,0,1
ckcv0t,0,0
cl3tzg,0,2
co1e76,0,0
coghm8,0,1
cqbbso,0,2
csm2pt,0,2
ctb8b7,0,3
cue8ed,0,1
cw131i,0,0
d0dalv,0,1
d3m3ni,0,1
d4ba7s,0,4
d5f1h9,0,1
d5yj8l,0,3
d82gx6,0,2
d8qza8,0,3
d8r9xm,0,0
d9wvlq,0,3
da0fiz,0,0
dc78wc,0,3
ddqpea,0,3
dexel2,0,1
dfk9iz,0,3
dioiij,0,2
dlev5c,0,1
dlyr5s,0,0
dnblhd,0,2
dnpdj9,0,0
dqbtcn,0,3
dthkqo,0,0
dwahhl,0,0
dwfmqg,0,3
dyj4xf,0,0
e1edg3,0,1
e1xvqm,0,1
e3ehbz,0,2
e3g5q5,0,2
e3rlhk,0,3
e3tuaa,0,1
e4ywaj,0,2
e5e2aq,0,2
e5gitz,0,1
e5kvnz,0,3
e5maon,0,4
e5ui60,0,2
e5xiiq,0,0
e62zgs,0,0
e64n22,0,4
e6ax6h,0,2
e6f0rc,0,1
e94ixf,0,2
ea2jip,0,2
ea30og,0,0
ea9bpv,0,2
ecfmdx,0,0
echy7t,0,2
edot6p,0,0
edwwgn,0,2
ee9n9o,0,2
ejdjr5,0,4
ejdunf,0,0
eks8lr,0,0
el8xqn,0,2
elbwld,0,1
elqv0f,0,1
eo40n4,0,3
eo5006,0,0
eqb0h,0,4
eqf7ot,0,2
esq6p1,0,2
etxpnm,0,2
eu15v2,0,1
eua0wf,0,1
eup1di,0,0
evtrx4,0,3
ew9bu2,0,0
eynxpz,0,2
eyul8b,0,2
ezpyag,0,1
f2715d,0,3
f283vi,0,1
f4qms4,0,1
f69ncu,0,2
f799k5,0,3
f96tbe,0,3
fbgn5m,0,3
fc8jpk,0,1
fcaghn,0,1
fccnsv,0,1
ffsbpi,0,1
fgbezz,0,1
fgo3lf,0,3
fguory,0,2
fhdstg,0,3
fhepc7,0,0
fhk2vt,0,1
fhxqf7,0,2
fhz1tr,0,2
fhzis1,0,0
figt2n,0,1
fiybcu,0,2
fji10d,0,3
fk0cbe,0,1
fkfxtw,0,3
fkldua,0,2
fkm6y5,0,2
fl6pbu,0,3
flhf5m,0,1
fls9mk,0,1
flx35c,0,4
flx637,0,1
flyoyg,0,2
fm41er,0,2
fmbrtd,0,0
fmgq9v,0,0
fmkdde,0,3
fmzraj,0,1
fo70ft,0,3
folx5c,0,1
fp6tij,0,3
fpxm9f,0,3
fqfc29,0,3
fqhu9s,0,1
fqmsg2,0,1
frmgqu,0,1
ftllrc,0,4
fueee3,0,0
furh3t,0,3
fvaxja,0,0
fviobo,0,1
fwgse8,0,0
fwlvl4,0,3
fx3xjv,0,0
fy2oj3,0,3
fy2p7f,0,3
g0i8rm,0,2
g19p90,0,3
g1othi,0,0
g2bytp,0,1
g2gixl,0,3
g2idz0,0,2
g34bbf,0,1
g4ewn0,0,3
g4nxk5,0,3
g5ky43,0,1
g8y3o6,0,4
gan3eg,0,2
gbdhgn,0,1
gd8rcb,0,1
gecn8f,0,2
ggbp5b,0,1
ghjdyj,0,0
ghslu9,0,1
gksuau,0,1
gl5kwt,0,1
go1u33,0,3
go6pl2,0,1
gp3xs4,0,3
gpwapq,0,4
gvqoq3,0,2
h9dp2s,0,1
h9hstb,0,3
ha4om1,0,0
haav14,0,0
hbfvim,0,1
hdo19g,0,1
hegmoy,0,2
hfj7qz,0,3
hgeu6a,0,4
hgk0yr,0,1
hjdm2t,0,0
hjxc3u,0,3
hkqsgq,0,0
ho7nah,0,0
hojmh7,0,3
hwfz7k,0,3
hzd5d1,0,1
i0k0k5,0,3
i0mhd5,0,3
i0n5gc,0,2
i3msyd,0,1
i7rlrt,0,2
i8b5uo,0,2
ia99vr,0,1
ibcu2q,0,2
ic2g86,0,1
ice0kk,0,4
ici56t,0,2
ictrw8,0,0
iguhj6,0,3
ih08v3,0,2
ih7ei3,0,0
ihj6bx,0,3
iiqap8,0,3
iiqu94,0,3
ij8qio,0,2
iket8f,0,3
ilv17f,0,3
imb0ri,0,0
imc2uz,0,3
imi2li,0,4
ioql0z,0,3
iotgaz,0,2
irrxv6,0,1
isj1z0,0,0
isp3z6,0,3
ittyao,0,3
iu2a3a,0,3
ivghce,0,3
ivn1mm,0,3
ix01hq,0,1
ixrd8y,0,0
iy2bft,0,2
iyumys,0,1
iyvzvz,0,4
izsgni,0,1
j0t2d2,0,3
j1069i,0,0
j1zsiy,0,4
j29je4,0,3
j3wawt,0,1
j61gsa,0,1
j70xoi,0,3
j9sy3n,0,2
jaaj86,0,0
jbtcwk,0,0
jc5uzf,0,3
jc6461,0,3
jcberw,0,0
jgkjnm,0,0
jgkvtb,0,3
jgl84e,0,3
jh46cv,0,2
jia61d,0,3
jivlvr,0,1
jjwuzn,0,0
jjylnj,0,3
jkh3zx,0,1
jkrv3d,0,1
jkrze6,0,1
jm32gj,0,0
jncki5,0,2
jnyj70,0,1
jogf8j,0,1
jp39k1,0,2
jpqv0v,0,3
jrjcgw,0,3
js5av6,0,0
jvpzh0,0,3
jvqnsn,0,3
jx5mib,0,1
jzldwr,0,1
k577mi,0,1
k603dd,0,1
k603y6,0,2
k624c4,0,3
k6o6bw,0,3
k90kjc,0,3
k9ajeu,0,3
k9tt6x,0,2
kabbn0,0,1
kc99mr,0,3
keiyka,0,4
kfjwh1,0,3
kgrai2,0,3
khpbim,0,1
kixuic,0,3
kj9yic,0,4
kjm1a3,0,3
knlqii,0,1
knlr19,0,1
ko9dyf,0,3
kp0re0,0,0
krjrvz,0,3
krnvhz,0,3
ksik3u,0,3
kslmtn,0,1
kt1iuf,0,3
kt8gmt,0,3
kuyyyj,0,0
kyt8fg,0,3
kz90ac,0,3
l0kqeb,0,1
l1v347,0,3
l25gdq,0,3
l4i7ej,0,0
l4vujj,0,3
l5djp3,0,1
l5g4qt,0,0
l5k8py,0,4
l769em,0,1
l79sl5,0,0
l7ou1m,0,3
la0a8q,0,1
la93c7,0,1
lcp4ri,0,1
ld48jf,0,1
ld93pc,0,4
lfh2sm,0,3
lfzbmy,0,3
lg2dzw,0,1
lg2k8j,0,1
li83kz,0,4
lm0xgx,0,4
lp5f2u,0,3
lpj2mi,0,1
lpkviw,0,2
lpuvub,0,3
lpv6b2,0,1
lv2ls2,0,2
lvxwqy,0,3
lx1vgg,0,4
m0aaur,0,0
m1ethl,0,3
m3bs8z,0,3
m4tu00,0,2
m5h2ks,0,1
m5kxle,0,3
m8cg12,0,3
m9eho9,0,1
mai7eq,0,4
mbi4r0,0,3
mckjmc,0,1
mdj0lc,0,3
meh6b8,0,3
meujox,0,3
mfkofn,0,3
mh20h1,0,1
mhhicw,0,1
mhrbt0,0,3
mjgb76,0,2
mk65eu,0,0
mkefb8,0,0
ml6tfy,0,3
ml8s52,0,3
mlwbui,0,1
mlyr54,0,3
mnfunz,0,3
mo3jua,0,3
mpauaf,0,2
mpxraz,0,1
mqbsvc,0,0
mqm14i,0,2
mrqhab,0,4
mss81s,0,3
mtfpga,0,3
mun21m,0,4
munkj0,0,4
mwtpq2,0,4
mwv5qu,0,4
myfex3,0,2
myq7qn,0,4
n0dmbg,0,3
n14wzz,0,3
n2ckjs,0,3
n5jatz,0,1
n6i122,0,1
n79v3,0,2
n90ru9,0,2
nbgk37,0,3
ndy44b,0,2
nelkdp,0,3
nh21mm,0,3
nh2xbd,0,1
nhmo1w,0,1
nhp74a,0,1
nid4xk,0,4
njswvw,0,0
nmud4m,0,2
np2d26,0,0
nqefuh,0,0
nqk4aw,0,1
nquxge,0,3
nra3e8,0,3
nryb61,0,2
nu4qwm,0,0
nuepgt,0,2
nulmqc,0,0
nv4089,0,4
nv9hr6,0,4
nvbh3w,0,2
nxvq3a,0,0
nyq4wo,0,3
nys24t,0,1
nyvi2e,0,3
nyxyka,0,0
o18i8w,0,0
o3c60p,0,1
o4diru,0,3
o6lnfo,0,3
o7toq9,0,1
o9yu8w,0,1
objeos,0,1
obpuh8,0,3
obsrfj,0,3
oc48n5,0,0
oc89ax,0,0
oe1lri,0,3
offbxc,0,1
ohim6f,0,0
ohz00h,0,3
oit39s,0,4
ojb4cb,0,3
ojmy4l,0,1
ok75sy,0,3
oknoru,0,4
okqta8,0,1
old392,0,3
olukpq,0,3
onwka1,0,0
ooa0ki,0,0
oomes0,0,3
oon4a8,0,1
op3cu9,0,3
oq3df1,0,0
orj107,0,0
ot4rej,0,0
oug55y,0,1
ovsuej,0,0
owq7xx,0,1
owxain,0,2
oxyd6v,0,4
p0vx4n,0,0
p19ls2,0,3
p1l865,0,1
p1q2yw,0,3
p370dc,0,1
p3kigu,0,1
p3nfil,0,1
p51lhn,0,3
p6eek4,0,3
p7iocm,0,3
p7m4ro,0,3
p96cry,0,3
p9uw35,0,2
pa139w,0,0
pb8yww,0,1
pbj8bp,0,0
pc3h4n,0,3
peeucn,0,0
pekj2t,0,2
pezlht,0,1
pf1pew,0,1
pfxx55,0,3
phrd2s,0,0
phv7m2,0,3
pid6cq,0,3
piezlr,0,0
piugjq,0,0
pjmyno,0,3
pk6bln,0,3
pkts2h,0,2
plkpyx,0,1
pnawuz,0,3
pov23z,0,2
pqsmie,0,1
prtvou,0,0
pt7fzz,0,3
ptqhaw,0,1
pttfys,0,2
pu3wbk,0,3
pu5seb,0,1
puk6sq,0,1
pvl8c7,0,0
pyiy57,0,1
q12fz2,0,1
q1p1n6,0,1
q1z1tr,0,4
q4ppb6,0,3
q5qhh3,0,1
q5sw9e,0,1
q5ysp8,0,0
q6gnqh,0,3
qc2lzn,0,3
qcolhb,0,4
qdjokh,0,0
qffqm2,0,2
qg7f5j,0,1
qj2ez7,0,0
qjlr54,0,1
qkc9ob,0,2
qlponw,0,0
qm3zs5,0,0
qmj0et,0,0
qmpcrf,0,1
qn5bzy,0,3
qo5r1s,0,3
qol0qg,0,1
qpcpda,0,1
qqnm18,0,3
qqou2m,0,2
qqzv8s,0,0
qr5jpf,0,0
qrg5l7,0,4
qtqqh5,0,0
qulnig,0,1
qve6b0,0,3
qvl6qi,0,4
qy9h6x,0,0
qzmhg7,0,1
r0bzft,0,3
r0kqab,0,1
r1sqhl,0,1
r1vvup,0,3
r1yxhd,0,3
r2ie0y,0,3
r3ibr2,0,3
r7flie,0,1
r7ia29,0,4
r7knn3,0,0
raut39,0,0
rcetl2,0,4
rdtec3,0,1
rek0w8,0,0
ri6vc6,0,3
riqfj6,0,3
rir6v3,0,1
rmxsrq,0,2
rmyfyx,0,0
rp43h1,0,3
rpj0v2,0,3
rr8ahf,0,3
rri8xa,0,3
rt15y0,0,1
rtqq9p,0,1
rtuung,0,1
rus5sh,0,1
ruxsws,0,0
rvq046,0,2
rvtgmr,0,0
rwjt89,0,2
rwmqxx,0,0
rworgg,0,3
rxlufc,0,3
ry2y0q,0,1
ry3nne,0,0
rzrsx7,0,4
s0ep2s,0,1
s0lfxs,0,1
s19u4b,0,0
s25tsv,0,0
s2zl4w,0,3
s3vm5c,0,1
s427nc,0,0
s4k0lg,0,3
s5dzze,0,0
s5yy4a,0,4
s6v32r,0,3
s6viqn,0,1
s6y1k2,0,3
s71noq,0,2
s8gkdj,0,1
s8kcsj,0,4
s8kxgt,0,1
s8nkyw,0,0
say4xj,0,0
sbmf6b,0,1
sd73xx,0,3
sdx1zh,0,2
se849k,0,1
seor6s,0,3
sg3lfk,0,0
sgvtsu,0,1
si6c5r,0,2
sii340,0,3
sit78i,0,1
siuakv,0,2
sjxrk3,0,2
smkm1j,0,2
smzl0y,0,2
sqnak8,0,2
sqrcuv,0,4
sqrsf0,0,2
stsis1,0,2
stu70x,0,3
svfoic,0,2
swaij2,0,3
sxnj3u,0,1
sxqmas,0,4
t0zqxo,0,4
t1991p,0,2
t2m2sp,0,1
t3cbqx,0,4
t3f6jf,0,0
t5jolk,0,2
t8k9bm,0,3
t8m8br,0,4
t9h37p,0,2
t9rxro,0,2
ta9hzg,0,2
tcd4ea,0,4
tcdy59,0,2
tdti6b,0,1
tex3t2,0,0
tfex6r,0,0
tff4oo,0,3
tga5wh,0,2
tgx9do,0,0
thqmny,0,2
tj5mon,0,1
tj64pr,0,1
tj9grk,0,1
tjd9sg,0,1
tkah7f,0,0
tko0oa,0,2
tne29w,0,2
tngso3,0,2
tpp04o,0,0
tq9ql5,0,0
tq9whl,0,2
tqs9hv,0,2
tqzpga,0,0
trz6tx,0,2
tsszug,0,2
ttajh4,0,0
tu5kvn,0,2
tuigm2,0,3
tulwnl,0,1
tuxfqm,0,4
tv6jha,0,4
tvv6l3,0,2
tvvlsn,0,0
twno29,0,2
twqbiv,0,0
twtj3l,0,0
twzazb,0,0
twzdpb,0,2
txev90,0,3
txiefh,0,1
txj2le,0,2
txu6iw,0,2
ty61qq,0,2
tye0kt,0,0
tyg26z,0,2
tzjv11,0,2
tzq230,0,0
u0dwf0,0,3
u1725f,0,4
u175uu,0,0
u1a0we,0,2
u1stp9,0,1
u1uv83,0,2
u20isz,0,0
u28xy6,0,2
u2k2hi,0,2
u2koj4,0,4
u2sccm,0,0
u2w1gt,0,2
u2wov2,0,4
u45mul,0,0
u4xjdq,0,1
u5imm7,0,4
u5iqno,0,1
u6wyq8,0,2
u6zb89,0,4
u7tu70,0,2
u7uhz2,0,4
u80a3u,0,1
u8o54e,0,0
u9in0y,0,2
ubia9r,0,0
ujkb6o,0,0
ullr4v,0,2
ulo9ot,0,4
ulp0es,0,4
umehos,0,1
uorpth,0,4
urftnb,0,1
urgn2d,0,0
us26sy,0,2
usyrk1,0,2
ut1w2k,0,3
uv7rco,0,4
uvvzyu,0,2
uw0gg6,0,1
uwln53,0,1
uxeake,0,0
v0j1qf,0,0
v2bfj2,0,3
v3412y,0,4
v3bd7k,0,2
v3zw9e,0,0
v5a8iu,0,1
v5j9ny,0,4
v66cxj,0,0
v6qwzm,0,0
v7iaoe,0,0
v7j4nq,0,0
v7ul64,0,4
v8gd7u,0,3
v8jpq9,0,4
v95jzy,0,4
vaj364,0,4
valify,0,0
vctood,0,0
vd2qqh,0,3
vdm3or,0,0
vec520,0,4
veq5sm,0,1
vg3z1x,0,0
vgk4kj,0,1
vhn3ne,0,0
vi8zcb,0,0
vo65bw,0,2
vqndkq,0,3
vs0jf2,0,0
vskks,0,3
vu7hw1,0,1
vy62fx,0,1
vyq0jh,0,1
vyr2ez,0,3
vyrf29,0,0
w1fc4i,0,4
w28bbb,0,1
w4l7b3,0,2
w524xy,0,0
w64hnf,0,1
w8et95,0,3
w8go16,0,1
w9esue,0,3
wanv20,0,3
wb29ee,0,2
wb2z5l,0,4
wddtzu,0,0
we62zs,0,1
we8icr,0,0
wek1a5,0,4
wf2346,0,2
wg2uk5,0,4
whjlsz,0,4
whlcrv,0,1
whnjn2,0,3
whv4p3,0,3
wjwke8,0,4
wkx90y,0,1
wmkpt6,0,2
wmq4gv,0,4
wnfaz5,0,3
wnyvp2,0,4
wo5be0,0,2
woeakw,0,0
woxjy6,0,1
wp50za,0,4
wpoc3s,0,4
wqnif4,0,0
ws6jxa,0,0
wtcent,0,1
wvyxjh,0,2
wwtpd0,0,1
wxhwdi,0,0
wxj8ki,0,1
wxqe1u,0,2
wy04r2,0,2
wy39bp,0,1
wycyn8,0,2
x1hl3b,0,4
x1ng5s,0,3
x1tmzz,0,2
x1tuwu,0,0
x40f2a,0,3
x40j9m,0,4
x4q66o,0,1
x57627,0,2
x5vcc8,0,0
x5x6ac,0,0
x67dzf,0,4
x6c8r8,0,4
x93zqn,0,1
xbgp47,0,0
xdp6gr,0,2
xex9ql,0,2
xfpchd,0,2
xg2sys,0,3
xgtphy,0,3
xgtu36,0,1
xhmdpu,0,0
xi1day,0,2
xi3luv,0,4
xjbhsq,0,2
xk04ig,0,0
xk7uo0,0,3
xl6g1c,0,2
xm7yyg,0,4
xmd3mb,0,2
xmh6ll,0,2
xo476c,0,3
xoh2kc,0,2
xp3dns,0,3
xpa8ir,0,4
xpnn73,0,0
xr31ed,0,1
xr4cyd,0,1
xs6spm,0,2
xu9dy6,0,3
xwsryq,0,1
xx6ccb,0,4
xx8h0w,0,0
xymafi,0,2
xzh765,0,3
y09nwo,0,0
y1b9q2,0,2
y2unrx,0,1
y2uqw1,0,3
y322ea,0,3
y3m3m6,0,3
y3ojmz,0,1
y3rzcj,0,2
y57x33,0,1
y6508z,0,2
y67acv,0,1
y70bh7,0,1
y772l0,0,3
y7flqf,0,3
y7sgen,0,2
y7vnpu,0,4
y7ydqc,0,0
y8v06b,0,2
y9jfj9,0,4
y9pbe0,0,1
ya0oo0,0,0
ya0vz3,0,1
yayqyf,0,1
ybi13h,0,2
ybjgjo,0,2
yc5ckl,0,3
yc5qrl,0,0
yc6o95,0,1
yc7pdp,0,0
yccbvb,0,1
ycd4xu,0,4
ycmn79,0,0
ydad37,0,1
yddfgd,0,2
ydvxvo,0,3
yew101,0,4
yff571,0,4
yghar1,0,1
yh87tu,0,0
yhelbe,0,4
yhlu8o,0,1
yibcjz,0,1
yj84wo,0,2
yj9iqd,0,3
yk7f0z,0,2
ykmuv3,0,1
ylcoz0,0,4
ylgzxo,0,1
ylt6sd,0,2
ymehyd,0,3
ympewy,0,2
ynrjsu,0,4
yojbib,0,1
yok97w,0,2
yomwdv,0,3
ypkenn,0,4
ypqdpt,0,2
yptma9,0,1
yqkrxy,0,4
yrb5ve,0,2
ys1f1z,0,2
yt5wxs,0,1
ytcjvl,0,1
yty2zl,0,2
yu7mq4,0,4
yu8pj0,0,1
yu8yu0,0,4
yut4a3,0,1
yvqklt,0,4
yvw5nm,0,3
ywpoaw,0,4
yxmt72,0,2
yyf3mh,0,2
yyifu6,0,1
yzhtwl,0,0
yzi2oj,0,1
yzy7g7,0,3
z08fem,0,2
z217fn,0,3
z2t1dd,0,1
z2wg3i,0,2
z3n2bd,0,4
z4hbb5,0,0
z4hcoq,0,3
z6t1gp,0,2
z6tf3q,0,1
z6wm48,0,3
z6wyy8,0,1
z6yxp0,0,1
z7174d,0,0
zac957,0,1
zalgtq,0,1
zaowq2,0,0
zasifl,0,2
zc3v10,0,1
zcf7zw,0,2
zcff9z,0,2
zcmrow,0,1
zcq6um,0,2
zd64up,0,0
zdui50,0,1
ze12xr,0,3
zeb5v6,0,1
zefq0o,0,2
zgt2g6,0,1
zgt2jj,0,1
zgzt0a,0,0
zhtj3j,0,3
zhx9ym,0,2
zl3bjt,0,3
zlgp2y,0,2
zlnftq,0,0
zmdnn0,0,2
zmhqdd,0,1
zmjuhx,0,0
znaiu7,0,2
zpmpk6,0,0
zpmvbz,0,0
zpn35n,0,0
zqj2oc,0,0
zqjfhd,0,0
zqknq3,0,0
zr75tz,0,0
zr7d8d,0,0
zryrqz,0,2
zsjr52,0,3
zu93n1,0,3
zuchli,0,1
zuvven,0,3
zvy2tn,0,3
zwbcm1,0,2
zwdt7q,0,2
zwlkjj,0,3
zx78lo,0,3
zxmbj8,0,2
zy28vs,0,0
zy2ssi,0,4
zy2z2i,0,0
zyezwp,0,2
100hfq1,1,0
101aehd,1,0
102y4vm,1,0
102zk07,1,1
103ykgf,1,0
1049976,1,2
104updy,1,1
105of9u,1,3
105ut3d,1,0
105yef6,1,0
106htar,1,3
106obfl,1,2
107acdv,1,0
107ai30,1,2
107k677,1,3
1083d63,1,3
1085vco,1,3
108au1g,1,3
108dj01,1,4
108jho8,1,3
108lvx8,1,0
109060s,1,3
109dle6,1,3
109t68i,1,3
109vdiz,1,0
109wo9y,1,0
109wufc,1,3
109wvby,1,3
10ar4tu,1,3
10ar69a,1,3
10azz4b,1,0
10bojv6,1,2
10cfvrk,1,1
10cx7gi,1,2
10ef5bk,1,1
10emso6,1,2
10f1fr1,1,0
10f72tg,1,3
10f9eqa,1,3
10f9jjw,1,0
10gs3zg,1,4
10ihoa3,1,2
10iplkg,1,0
10jb309,1,3
10jopb1,1,2
10k12o9,1,3
10kz71e,1,0
10loyb9,1,4
10lq0pd,1,1
10lt2gk,1,1
10mhy4q,1,2
10mxok4,1,3
10nbec0,1,3
10o0u9n,1,3
10o4p3a,1,2
10ou65s,1,3
10oxcxt,1,0
10oy6iq,1,1
10ozpbg,1,4
10pisjx,1,3
10ptgx2,1,3
10q30di,1,2
10r1m8y,1,3
10rmjaw,1,1
10set1d,1,1
10sg9d9,1,2
10si603,1,2
10td81j,1,4
10te1kt,1,2
10u97r9,1,1
10uli5k,1,2
10uonu8,1,0
10v25p3,1,2
10vzejp,1,2
10w4phk,1,3
10wv3eo,1,1
10ww7ko,1,1
10xdz8j,1,2
10xs8iy,1,2
10z13f7,1,3
10zs908,1,0
110c52b,1,2
111agco,1,4
112d7gi,1,2
112hhpt,1,0
112u3yl,1,1
112vvj2,1,2
114db0u,1,3
114e0fy,1,4
114fny3,1,4
114j6i4,1,3
114kq6q,1,4
114r0wo,1,3
115kdqw,1,3
115wkch,1,0
11665fz,1,4
1170g85,1,4
1176lct,1,3
1180hws,1,0
11832w4,1,2
118trfu,1,2
118uwmk,1,2
11945kv,1,0
119rjhv,1,1
11a0bue,1,2
11a46o0,1,4
11a9pwr,1,4
11b87lm,1,2
11cfl1w,1,3
11d7ubq,1,3
11d7zw6,1,3
11dadun,1,4
11dalu6,1,4
11dlehi,1,4
11e0oqx,1,1
11e409a,1,3
11edn0p,1,2
11ee61o,1,3
11ey8z6,1,0
11f3eeg,1,2
11fccha,1,1
11fdksb,1,2
11fz3md,1,1
11fz8xh,1,4
11huqoo,1,0
11irsxz,1,2
11j4n7z,1,4
11jdw4c,1,2
11jitw6,1,0
11l3gjg,1,1
11l5mgy,1,2
11lfciv,1,3
11lv4dm,1,3
11m0jps,1,4
11marvj,1,3
11mbhhs,1,3
11mrjs6,1,2
11nj3q3,1,3
11oha77,1,3
11ok2qd,1,4
11oof25,1,1
11pjlaw,1,3
11q5nwm,1,3
11q71hx,1,3
11rbj7x,1,2
11rusfi,1,2
11s17mi,1,3
11s1mwn,1,3
11s5x0w,1,4
11sbdcc,1,4
11srgyr,1,2
11srmee,1,2
11swh9c,1,3
11szwem,1,4
11t3igh,1,3
11tuxpn,1,3
11txcv3,1,3
11vrlso,1,2
11wowlb,1,3
11wowov,1,1
11wrm9q,1,4
11wwgwj,1,3
11wz0me,1,0
11xhao1,1,0
11xwpn3,1,4
11zdm9m,1,3
11zdohu,1,3
11zldij,1,3
11zlvvp,1,0
120fq4u,1,3
120sr6e,1,3
120uouk,1,0
121hlom,1,1
121jajz,1,3
121tiuj,1,3
122kkoa,1,3
123lveb,1,3
123oj7s,1,4
124p7cf,1,3
124sqph,1,4
125j6of,1,3
126ftbj,1,2
126ms18,1,3
126yspz,1,4
1281hx0,1,0
12ahekq,1,4
12baklv,1,2
12brpfm,1,4
12csy2q,1,4
12cvhvs,1,4
12dddt7,1,2
12ddpq6,1,3
12decva,1,1
12dri6t,1,3
12ee5ls,1,4
12ezowh,1,3
12fpn6i,1,2
12gto59,1,0
12gw98e,1,3
12gwpn6,1,3
12gwtc1,1,3
12kbigt,1,0
12kid2q,1,3
12kvpdm,1,1
12lpsbh,1,2
12lq3tk,1,4
12lq801,1,2
12lwnfm,1,2
12m1wgz,1,3
12o315k,1,3
12o3f3q,1,3
12ocqg4,1,2
12oedgl,1,2
12oespk,1,3
12p6nlt,1,1
12p9mzj,1,3
12pb3sj,1,2
12pgfl4,1,2
12pmju1,1,4
12qe6r6,1,1
12qkylt,1,3
12ql713,1,1
12s50vj,1,2
12ssj9h,1,4
12ssvfv,1,1
12swxs5,1,3
12vijhs,1,3
12vjdw9,1,3
12vjy4g,1,3
12vkgvs,1,0
12vko0o,1,2
12vksn1,1,3
12wh6q7,1,2
12x5uwd,1,0
12yhx4y,1,2
12yifx8,1,0
12ynguc,1,3
12z9ned,1,0
12zjevs,1,4
12zodvi,1,2
130hcib,1,2
130hy1l,1,1
130jjlk,1,4
13130cj,1,1
1313d0e,1,4
131ji0g,1,3
131lzz7,1,1
131mwun,1,2
131nftw,1,3
131nq93,1,3
132n7xl,1,3
132o4fs,1,3
132oc0k,1,4
132rtf2,1,3
134n3l2,1,1
136daux,1,4
136kq85,1,2
137fc3o,1,2
137fjhy,1,3
137gmqe,1,3
139lq41,1,2
139ojd7,1,4
13as6v3,1,2
13aw8ny,1,3
13awlh9,1,1
13awtoy,1,2
13bhtuu,1,3
13bibgx,1,4
13booh4,1,4
13c5obs,1,0
13cjg9f,1,0
13dkuds,1,3
13edi9y,1,3
13eky2c,1,3
13f15oh,1,1
13f2snt,1,0
13fcqcj,1,1
13fd1pa,1,0
13fhzph,1,3
13hd97w,1,2
13hilrj,1,1
13i4svg,1,3
13i72vg,1,3
13igcdn,1,3
13ju5kw,1,1
13k1fqx,1,3
13kb1cf,1,2
13kztxp,1,0
13lhwle,1,1
13n6u9z,1,0
13nr2lt,1,3
13p0urf,1,2
13peyn8,1,0
13qjnlp,1,1
13r4a7k,1,4
13rj771,1,0
13rmhyo,1,2
13sb7od,1,3
13sdty3,1,3
13seli6,1,3
13tvumk,1,3
13vkidb,1,3
13voob9,1,4
13vqx03,1,1
13vrw1z,1,4
13vzorq,1,3
13wezig,1,3
13ww9my,1,3
13xd35y,1,4
13y6y7v,1,4
13z4905,1,3
141dend,1,2
141gi0z,1,3
142a1c9,1,1
143d0ua,1,3
144cn05,1,3
1455ths,1,3
146zvpu,1,2
14945l9,1,4
1495e2s,1,4
1496bbe,1,4
149y7n0,1,0
14a0iy8,1,0
14a48ox,1,3
14a4coz,1,4
14a4hia,1,2
14a4lgz,1,1
14aswpe,1,0
14bxm4j,1,1
14clvdt,1,0
14dmbhp,1,3
14dmur2,1,1
14e5zwh,1,3
14jateg,1,1
14jimzx,1,2
14jnqwd,1,1
14lwal3,1,4
14m4oke,1,0
14mznfn,1,3
14n81kn,1,2
14nq474,1,2
14peh0c,1,4
14t6i25,1,3
14u0n1t,1,0
14v7943,1,0
14wo22a,1,1
14yge8b,1,4
1509mag,1,4
152psh8,1,1
152u6w6,1,4
15312zr,1,2
155kxt6,1,3
156mub1,1,4
1584uxr,1,0
1586vte,1,0
159c7gq,1,4
159g1b5,1,0
15a8prv,1,4
15a8vyw,1,4
15aaw83,1,0
15auuwg,1,0
15crqft,1,2
15cxyur,1,2
15d3csi,1,3
15e9adj,1,4
15eb6kt,1,4
15ebd5k,1,3
15eg570,1,4
15ffsmu,1,1
15g8q72,1,0
15gyjp3,1,2
15hw0om,1,3
15hwdky,1,4
15isioa,1,2
15j2pz9,1,1
15j43lf,1,2
15kosj0,1,4
15krhgh,1,4
15kvv3y,1,4
15lu2d2,1,3
15lunx9,1,1
15mia1y,1,2
15midjy,1,4
15mlo3k,1,0
15o4636,1,3
15ozc9o,1,0
15q3j5b,1,4
15qtbrv,1,2
15qug5c,1,0
15r4ala,1,2
15rqqca,1,0
15su48d,1,4
15tkvmf,1,1
15wbys2,1,0
15wcsc1,1,4
15wfdns,1,0
15wfjod,1,3
15xlqhu,1,3
15y9ex8,1,0
15yd899,1,1
15z41xe,1,1
15z6om4,1,1
161d2au,1,0
161vpoq,1,4
163mu5b,1,3
163sc1p,1,0
164lrkh,1,0
164rpz4,1,1
165fb4w,1,2
166zkc4,1,0
167573w,1,2
1677z9e,1,4
167xq4e,1,0
168elrj,1,3
16a85oh,1,3
16ax72h,1,1
16ca2qs,1,2
16cci0i,1,0
16cgp44,1,4
16chxuz,1,1
16cw8gk,1,2
16d3srr,1,0
16d4mmj,1,1
16dghd5,1,0
16e5828,1,2
16e7s2x,1,1
16e81se,1,0
16f0cxx,1,2
16g0xjy,1,3
16gomka,1,2
16gqjvl,1,2
16gr6ue,1,4
16gr6us,1,4
16hhee9,1,4
16htgir,1,3
16hwuoa,1,1
16icokg,1,4
16k5rp4,1,3
16k8y7n,1,0
16ke5mv,1,0
16kmu0r,1,1
16loklq,1,4
16mswgu,1,0
16o9ehf,1,3
16odvg2,1,1
16p7zot,1,0
16pjo9s,1,4
16pkcq2,1,1
16r0gyf,1,4
16r3zkq,1,1
16r8aq1,1,3
16rs6u9,1,3
16smogb,1,2
16sp2dr,1,2
16sqt88,1,1
16tix22,1,3
16tlycw,1,3
16twv4u,1,0
16ugxlr,1,1
16ul3yh,1,2
16upbwq,1,1
16v762m,1,4
16v7q95,1,3
16vce90,1,4
16vd6oq,1,4
16vi53c,1,3
16w1j2q,1,1
16wyj2y,1,0
16x4aop,1,4
16x84jw,1,2
16x8a98,1,4
16y0qvf,1,3
16y56gn,1,0
16yn74r,1,2
16ysshv,1,1
16yz3hx,1,2
16zj5r5,1,1
16zjc06,1,1
16zt3tl,1,3
170fc85,1,3
170inab,1,0
170l9pf,1,4
17189pc,1,2
1729dyz,1,3
172eim1,1,4
172xrre,1,0
172ze4c,1,4
173mnc4,1,0
173of82,1,4
1744jgk,1,3
174ncsh,1,4
175bp6w,1,2
175btwz,1,2
175eka1,1,3
175exug,1,4
175mczu,1,2
1762vqk,1,1
176ubug,1,4
176wy47,1,4
176x0ru,1,1
1773xza,1,1
177kndo,1,0
177kxnq,1,2
177l9lj,1,2
177lcz9,1,1
177qlr4,1,1
177qona,1,3
177uh6e,1,2
178bf8r,1,2
178bl57,1,1
178bor1,1,4
178gobg,1,4
178h5v8,1,2
178hc7m,1,1
178hgso,1,3
178lxh6,1,0
1791af0,1,0
1791ey5,1,1
1791izf,1,4
1796igl,1,4
179bbei,1,4
179wux9,1,4
17a2dvq,1,3
17a4h3e,1,0
17a4ydp,1,2
17a5lai,1,1
17aow7x,1,0
17ap4yo,1,2
17bdh8a,1,4
17bdilh,1,3
17bhfzx,1,2
17bhmqe,1,1
17c78fe,1,1
17c7ae5,1,0
17ca0u9,1,4
17can30,1,2
17ccflo,1,3
17cf1ne,1,2
17cfavw,1,0
17chatq,1,0
17ckv6d,1,4
17cpvzj,1,4
17cye3n,1,0
17cynwv,1,2
17cywvl,1,2
17czuik,1,4
17d077w,1,1
17d1yl0,1,2
17da0ni,1,1
17da4nk,1,2
17dp4xg,1,2
17dp77a,1,4
17dq75e,1,3
17dtush,1,3
17dwend,1,3
17eggl8,1,3
17eiakh,1,4
17ekmiq,1,4
17f78kf,1,0
17f8e7i,1,3
17fab58,1,2
17fe9p5,1,0
17fs39k,1,3
17fyyjr,1,1
17g0klk,1,4
17g0ohb,1,4
17g0vid,1,1
17g4ud5,1,0
17g4xur,1,4
17g52dg,1,2
17g54ko,1,3
17g5gsb,1,0
17g5slm,1,1
17gqyos,1,4
17gt48g,1,3
17h47lj,1,3
17hjn2y,1,4
17hjr3w,1,3
17hjuf6,1,4
17ho3bw,1,4
17ho5rx,1,3
17hoa26,1,3
17iae01,1,2
17iaejm,1,0
17iamqo,1,1
17iannx,1,4
17iauno,1,1
17iawlp,1,3
17ido0o,1,1
17ii2hd,1,3
17iif8e,1,1
17jppj6,1,3
17jrogf,1,1
17jx18j,1,2
17k06ry,1,1
17kob73,1,0
17kpefv,1,0
17kpy4c,1,2
17l17qa,1,4
17l1oyi,1,4
17l94kp,1,3
17l9cfg,1,4
17lzxyu,1,0
17m43n2,1,0
17n2jzw,1,1
17n4esf,1,3
17nfb1w,1,4
17nhvc9,1,4
17nieyp,1,1
17nistv,1,1
17nli9l,1,4
17nvpqg,1,1
17o0js5,1,3
17o8mtz,1,4
17olzxc,1,3
17ouc19,1,1
17p0wzh,1,0
17p1bid,1,0
17p1eq5,1,3
17p93s4,1,4
17pixc6,1,1
17pj11w,1,2
17pz339,1,0
17q7ckw,1,1
17q7ke6,1,4
17qjfkb,1,1
17qjrht,1,0
17qjtu2,1,2
17ql75o,1,0
17qmh3g,1,2
17qqlay,1,0
17qqpls,1,1
17r8wgz,1,4
17r8ywj,1,3
17r91qt,1,2
17rfgqy,1,2
17rfln4,1,0
17rfwdv,1,4
17rg103,1,1
17rkc1r,1,1
17rkfqs,1,1
17rz7zt,1,4
17s0lcp,1,1
17s5u23,1,4
17s6v2z,1,3
17seqtw,1,0
17srut1,1,4
17srxob,1,0
17svvfw,1,3
17t04r0,1,1
17t4bqy,1,0
17tre0p,1,4
17u7fsv,1,1
17u7jn5,1,1
17u9mf8,1,3
17uce4d,1,2
17uy214,1,0
17uyohx,1,2
17uzwv9,1,3
17vuhgh,1,0
17vusou,1,1
17vv5od,1,2
17w0mo4,1,4
17wae18,1,1
17wif51,1,2
17wigvp,1,2
17wj1ur,1,4
17wj4sm,1,0
17wjcbs,1,1
17wkm70,1,0
17wmvg8,1,2
17wtwjw,1,0
17wze5i,1,4
17wzgt0,1,2
17wzmxn,1,4
17wzrdj,1,4
17xe21a,1,4
17xh60w,1,2
17xhfxx,1,0
17xhitq,1,1
17y2c0r,1,3
17y2d6p,1,0
17y2p8g,1,0
17yckag,1,0
17ykgu1,1,2
17yu2b0,1,4
17yu8cn,1,2
17zke8j,1,3
17zkjfy,1,4
17zn0im,1,1
17zpay1,1,2
17zqr7n,1,1
18033zt,1,1
180gs5o,1,2
180gxn5,1,0
180h3tr,1,4
180hb5x,1,3
180mjsi,1,4
180msvv,1,4
180nlrn,1,0
180nx0v,1,4
180nzeq,1,1
180o1j9,1,2
1818f84,1,3
181ge9x,1,2
181xudn,1,4
181y11r,1,3
181y4rx,1,4
181y8id,1,3
181yt3j,1,2
182rkfa,1,4
182tbwj,1,2
1845zqp,1,4
18461pq,1,1
1846ami,1,0
1848134,1,1
1849x68,1,1
184a09p,1,4
184dmng,1,4
184e3hw,1,3
184ervp,1,0
1853400,1,0
18538if,1,4
1853fml,1,2
185wk08,1,1
185ymm1,1,0
185yzts,1,4
185z2sz,1,1
185zzg9,1,0
18608yt,1,1
1866wpi,1,0
186j9k3,1,3
186kpuv,1,0
186l8tl,1,3
186lcv4,1,4
186lkq4,1,2
186lwdb,1,0
186m1z9,1,2
186m7ff,1,0
186mde8,1,2
186mhdi,1,3
186mjkp,1,4
186ml6s,1,4
186mpba,1,2
186n1dn,1,4
186n4c0,1,1
187g4qk,1,3
187ghw2,1,0
187gprg,1,2
187hltt,1,2
187u1pc,1,2
188badl,1,2
188bvzu,1,0
188bzfj,1,1
188klhd,1,4
188krlj,1,3
1890ej0,1,0
18983zo,1,0
189phwz,1,2
189tufg,1,3
189ubhv,1,0
18ah4jw,1,3
18ahajl,1,1
18ahfdd,1,1
18ahlwf,1,4
18akrnj,1,1
18apftn,1,0
18bc16q,1,4
18bc5dm,1,2
18bcasp,1,1
18bgnbe,1,4
18bgtno,1,4
18bh4e6,1,4
18bh80k,1,2
18bhh9b,1,2
18bigzz,1,0
18bitft,1,2
18bkx1d,1,4
18c09cg,1,2
18c0edo,1,0
18cabd1,1,4
18cdet8,1,4
18cdyur,1,0
18ce85y,1,0
18crzkr,1,2
18csp0f,1,0
18ct27d,1,4
18ctaip,1,2
18d2p1k,1,4
18d47zq,1,0
18dji17,1,3
18djrl4,1,0
18dk7z9,1,4
18e92co,1,1
18eaykt,1,0
18elnh6,1,1
18eltoc,1,0
18em1f5,1,3
18f05rm,1,0
18f5v4o,1,4
18ffwfz,1,2
18fg7bf,1,0
18fgddi,1,1
18fgvak,1,3
18fh1qp,1,2
18fh9jf,1,2
18ftw1l,1,1
18fzegb,1,2
18g5a25,1,3
18gkq9h,1,2
18gkv34,1,0
18gl6xg,1,4
18gll5i,1,1
18gmv74,1,4
18gn7la,1,2
18gpia4,1,2
18gzi0z,1,0
18hdw6j,1,0
18he60e,1,4
18he9jd,1,0
18hi268,1,2
18hkqmo,1,0
18hodpk,1,4
18hoj7y,1,4
18hops5,1,4
18hotvp,1,4
18hox14,1,3
18i38xr,1,3
18i9c99,1,4
18i9h8d,1,4
18i9mdf,1,3
18i9uoj,1,0
18i9yzx,1,0
18ia0w9,1,4
18iez0f,1,0
18ig4g1,1,1
18iuqhn,1,4
18iwhdy,1,3
18j02eh,1,3
18jajeq,1,4
18jo0xl,1,0
18jolzj,1,4
18joqsp,1,4
18jotju,1,1
18jowp8,1,0
18jp4i1,1,0
18jvway,1,4
18jwnqu,1,2
18jyht1,1,4
18k11hj,1,3
18kd2ws,1,4
18khw8l,1,2
18ki60k,1,1
18kixym,1,1
18kltku,1,0
18kn70h,1,0
18ktaz7,1,4
18lfe9z,1,2
18lhwlp,1,0
18mbu1m,1,1
18mcpij,1,4
18mq8nl,1,0
18mrsc2,1,3
18mrxtj,1,4
18n2ri8,1,2
18n3o0k,1,1
18nj44y,1,4
18oa7yj,1,4
18oabde,1,4
18oag62,1,1
18oeukn,1,3
18ol12a,1,1
18p13so,1,2
18p4exy,1,0
18p4uxt,1,4
18pxdpb,1,1
18q02g4,1,1
18q08fw,1,2
18q0me8,1,2
18q1315,1,1
18q18c5,1,1
18q7dok,1,1
18q7pay,1,0
18qbah5,1,0
18qjn6e,1,0
18qqy7h,1,1
18r3me2,1,0
18r3p7w,1,1
18r3utj,1,2
18r3zxh,1,4
18r4o3e,1,4
18r7rl7,1,2
18r9fac,1,0
18r9y4a,1,0
18rc9to,1,3
18rcq5b,1,0
18rlu95,1,1
18rxowk,1,1
18sb59t,1,2
18sbu84,1,0
18shlh2,1,0
18slya9,1,1
18sst67,1,2
18ssxll,1,1
18stoaj,1,0
18syhnz,1,2
18sys0u,1,2
18syus6,1,0
18sznlx,1,2
18thi0b,1,4
18tkb7c,1,2
18tkd9z,1,4
18tksdh,1,0
18tky9x,1,0
18tnkph,1,1
18ubqiv,1,1
18ud4q6,1,4
18ud9zr,1,2
18uil8k,1,4
18ujwi7,1,4
18v49ec,1,3
18v4gph,1,0
18v4q9i,1,0
18v4zat,1,1
18v55p3,1,1
18vhgav,1,4
18vn34a,1,4
18vzkmg,1,3
18w3tlb,1,3
18w3yia,1,4
18w4epy,1,2
18w4jfb,1,4
18w4p3e,1,0
18wpjsm,1,4
18wuwyn,1,0
18ww0tj,1,4
18wwmkc,1,0
18x3iki,1,4
18xshjc,1,1
18y7fex,1,2
18y7lpi,1,4
18y7ryg,1,4
18y7u0t,1,4
18y85v6,1,1
18yhcjt,1,4
18z23gl,1,0
18zc6ze,1,2
18zd4gk,1,0
19029rc,1,4
1902iz3,1,4
19037uo,1,0
1903ls9,1,4
1904g3f,1,2
1905p5l,1,1
190yp28,1,3
1911hjg,1,2
191jc6z,1,1
191lgbs,1,1
191mhsu,1,0
191zmco,1,2
19292qm,1,4
192zy7d,1,3
193yzzs,1,1
19442rl,1,2
1954lu5,1,0
19562p7,1,2
195e8mq,1,3
195eipr,1,0
195eo0f,1,1
195evcr,1,1
195f7af,1,4
195mgrp,1,1
195p9q1,1,4
195q3zc,1,2
195qf4w,1,2
195r29w,1,3
195w8db,1,0
196e0pm,1,3
196fq04,1,3
196n1eh,1,3
1978onb,1,1
1978to1,1,1
197buyi,1,1
197c75f,1,4
1994aor,1,4
1994hrx,1,4
1994lra,1,4
1995ve0,1,3
199lpii,1,2
199ts0c,1,4
199uls5,1,0
199upem,1,1
199v5nt,1,0
199y5hj,1,3
19ayc6c,1,2
19beihz,1,0
19blujd,1,2
19c61q1,1,1
19cvv32,1,0
19czl9q,1,0
19eor6q,1,4
19eoy1h,1,4
19epeh5,1,3
19eplt5,1,0
19eq8em,1,1
19f7ecz,1,4
19fc0i6,1,2
1abdwax,1,2
1acemay,1,0
1acjpbe,1,0
1acjvmx,1,2
1ack4bv,1,4
1ackamm,1,0
1ackdsr,1,0
1ackjao,1,3
1ackrld,1,0
1ackyue,1,2
1ae0xrq,1,3
1aejl66,1,2
1aejqeg,1,1
1aeq6f6,1,1
1aewo2e,1,4
1aff1eg,1,3
1afitmc,1,3
1ag3jzd,1,0
1agbqh8,1,0
1agd6q8,1,0
1agz31y,1,4
1agzeig,1,1
1agzll5,1,1
1agzvsv,1,2
1ah00b4,1,4
1ah0e99,1,1
1ah0h9v,1,2
1ahrm8p,1,1
1ahw49n,1,0
1ahwd11,1,0
1ahx4px,1,0
1ailjqg,1,1
1aim3u9,1,3
1aivqtm,1,3
1ajbytz,1,0
1ajgxwq,1,1
1ajhwrl,1,2
1aji02k,1,0
1ajihqi,1,0
1ajj42n,1,1
1ajjbr9,1,4
1ajo0j6,1,0
1ak5mhd,1,3
1ak60m3,1,3
1ak6eyp,1,1
1akcx06,1,2
1akd7pl,1,0
1akhn9s,1,0
1akhr6q,1,4
1akhv4r,1,2
1akifm8,1,4
1akipte,1,4
1akiuyh,1,4
1akizay,1,2
1akjtd4,1,0
1akxo26,1,4
1al11d0,1,0
1al13nz,1,2
1al1xgb,1,0
1al43u9,1,1
1alsav6,1,2
1altizo,1,1
1am0eci,1,4
1am1bo0,1,4
1am1lnv,1,0
1am2aa6,1,4
1amlld2,1,1
1amnwe6,1,2
1anh93u,1,1
1anl486,1,3
1anmqz7,1,3
1annt6e,1,4
1ao2tgt,1,0
1ao2y4u,1,4
1ao3cy1,1,3
1ao4hr2,1,2
1aod503,1,3
1aoez3c,1,0
1aof953,1,4
1aofsdm,1,1
1aogflc,1,4
1aoze9t,1,2
1apiqqr,1,1
1apt1vt,1,4
1apymz0,1,4
1aq026k,1,4
1aq0f7k,1,3
1aq0wn0,1,2
1aq1vss,1,4
1aq28aa,1,4
1aqp0no,1,0
1aqpi80,1,4
1aqrcu7,1,2
1aqrfc7,1,0
1aqrv3e,1,0
1aqryg1,1,1
1aqs2i8,1,1
1arcw8y,1,4
1as4h14,1,4
1as4xpw,1,4
1as55sb,1,2
1as5bg0,1,4
1as5lzr,1,2
1as5qzu,1,0
1as5tdk,1,0
1as6hiz,1,1
1as9gdm,1,4
1asdwa6,1,0
1asz15m,1,0
1aszv6y,1,4
1ath8xx,1,0
1awlo4p,1,1
1axghys,1,2
1azpvx6,1,3
1b17kx5,1,1
1b1blip,1,0
1b1jhg2,1,2
1b2a8ts,1,1
1b3mmao,1,3
1b3zhav,1,4
1b5uwh9,1,3
1b7ee96,1,3
1b7vdil,1,1
1b7w65o,1,2
1b8creq,1,3
1b8cx6y,1,2
1b8jfkl,1,2
1b8jlqh,1,4
1b8k9i6,1,3
1b8kfw1,1,1
1b8pmmi,1,1
1b8qmy7,1,3
1b9lhgk,1,0
1b9osxh,1,1
1b9py2e,1,4
1b9qjeh,1,0
1b9sch0,1,4
1b9sxdk,1,4
1b9tqw9,1,2
1b9ypda,1,4
1b9yy29,1,4
1bacba5,1,0
1bcu5o4,1,0
1bcuigb,1,1
1bcv28t,1,1
1bcvmhl,1,1
1bdakef,1,3
1bdljph,1,1
1bdoho9,1,0
1bdr2r5,1,1
1bdrv5j,1,1
1bdtnx3,1,1
1beh8mn,1,0
1bei9em,1,3
1beifxc,1,4
1beky3j,1,4
1ben3cs,1,1
1ben4xw,1,3
1bewdxd,1,0
1bfl1hm,1,1
1bg3m43,1,2
1bg3pzf,1,0
1bg3u66,1,4
1bg3wey,1,4
1bg4123,1,4
1bg77po,1,4
1bgfcbc,1,0
1bgu5zi,1,1
1bgz5ah,1,4
1bh735v,1,3
1bhs7kz,1,3
1bi3jjx,1,0
1biu7df,1,4
1biufo3,1,4
1bj8m0n,1,3
1bj98dv,1,2
1bjc25j,1,0
1bjiqz4,1,4
1bjm4ag,1,0
1bjyqro,1,1
1bjyyeq,1,4
1bjz2ok,1,4
1bjzcrm,1,4
1bkttoh,1,0
1bku2zx,1,2
1bkua8v,1,0
1bkubkn,1,0
1bkugao,1,0
1bkuier,1,3
1bl8e8r,1,4
1bl8me7,1,0
1blo2vs,1,4
1blo6d1,1,1
1blrkoa,1,4
1blsbzn,1,3
1blxjpc,1,1
1blxolr,1,4
1bmj13o,1,3
1bmmss6,1,2
1bnuyhx,1,2
1boyxp2,1,0
1boyzwh,1,4
1boz5sd,1,4
1bp6uhy,1,2
1bp71yt,1,2
1bpqwc0,1,2
1bpqxt5,1,2
1bpr1pd,1,3
1bpr607,1,0
1bprcsk,1,0
1bprhnx,1,4
1bpsc5l,1,3
1bpy1xg,1,3
1bqui38,1,2
1bre7fd,1,0
1brgcf5,1,3
1brgsd4,1,2
1brguvr,1,0
1brgymp,1,0
1brh3fp,1,0
1bttjzq,1,2
1bupp91,1,3
1butdv4,1,0
1bvjmgm,1,4
1bvrt4h,1,0
1bvupup,1,3
1bx6piv,1,2
1c0e70q,1,0
1c0h6qv,1,4
1c0lloj,1,1
1c0o7bl,1,4
1c0t3sx,1,3
1c21byc,1,3
1c27osd,1,2
1c2a1gl,1,3
1c3qkzj,1,3
1c3qnq1,1,3
1c4sj07,1,3
1c4yhit,1,4
1c5hgob,1,1
1c65n5g,1,1
1c6cxua,1,2
1c6vp3p,1,3
1c6vqsz,1,4
1cac9tl,1,2
1cdi9mx,1,1
1cemajh,1,2
1cf6ni3,1,2
1cia37b,1,0
1cidi5e,1,3
1cmyai6,1,0
1co8ccx,1,3
1corcr4,1,3
1cow4pc,1,2
1cq3spj,1,4
1crid3e,1,1
1crx10r,1,0
1csfpit,1,2
1csntuz,1,3
1cu0aj5,1,1
1cubufv,1,1
1cubzin,1,2
1cusgbb,1,2
1cynsa1,1,2
1cyrov7,1,3
1czrn2k,1,1
1d08gwl,1,0
1d10shk,1,2
1d1qdq9,1,1
1d2t9x7,1,1
1d5ohgk,1,0
1d7c185,1,2
1d8kd43,1,0
1d8mic3,1,1
1d8offt,1,4
1d8s1ie,1,1
1d9csi9,1,4
1d9defb,1,1
1da7njk,1,1
1da927o,1,0
1dadxjg,1,0
1dafkpi,1,0
1daz7gt,1,2
1dbpd5d,1,3
1dbt8zf,1,3
1dc1d9n,1,4
1dce6tz,1,4
1dcf2fh,1,4
1dcgfo1,1,0
1dciusk,1,4
1dczefz,1,4
1dd6thg,1,0
1ddi96d,1,0
1de040h,1,0
1debgw2,1,0
1deh5x0,1,3
1df1ij1,1,0
1dfjxkf,1,0
1dfuspz,1,0
1dg0yts,1,0
1dgbnph,1,0
1dgfoey,1,4
1dgk657,1,0
1dgwae8,1,3
1dh48f2,1,4
1dhhn6b,1,1
1dhrn9r,1,0
1dhvl4n,1,4
1dhvt8s,1,0
1dikv20,1,0
1dil8h2,1,0
1dj28yd,1,0
1dkbozg,1,0
1dkdkms,1,2
1dkl9d9,1,1
1dkmhn1,1,0
1dkzwoh,1,1
1dlchla,1,0
1dlu8wq,1,4
1dm1xlr,1,4
1dnlrek,1,0
1dny95b,1,0
1do0zun,1,2
1do8npk,1,0
1doah2p,1,4
1dobijv,1,3
1dosoob,1,0
1dp6x90,1,2
1dp7lq4,1,3
1dpf9h8,1,2
1dpmd6j,1,3
1dpt4w3,1,2
1dq0rm2,1,0
1dqj6mf,1,1
1dr7p6o,1,4
1drbfvz,1,2
1ds7f7r,1,0
1dslge2,1,0
1dsrb9h,1,1
1dtf4fi,1,0
1dtm3r0,1,0
1dtx7p4,1,1
1du768r,1,0
1dukqf3,1,0
1dv6hry,1,1
1dv87gw,1,3
1dv89kh,1,0
1dxisst,1,0
1dy24o5,1,0
1dywnc4,1,4
1dzt80b,1,4
1e0hgnf,1,3
1e1bu76,1,4
1e1iz84,1,3
1e1j4d9,1,0
1e3s5hh,1,4
1e4ks0l,1,3
1e4n0px,1,0
1e4pzmv,1,4
1e4qpix,1,0
1e5ci39,1,3
1e5htqp,1,3
1e5ok5h,1,3
1e67ex8,1,2
1e6gxpc,1,3
1e787n6,1,0
1e81mgl,1,3
1e8v02c,1,1
1e8z7xp,1,1
1e9k9a7,1,3
1eahmzg,1,4
1eauomt,1,4
1eaxfbq,1,3
1ebpsok,1,3
1ebs243,1,2
1ebtarw,1,2
1ec19f9,1,3
1ecryfs,1,3
1edaz1f,1,3
1eddctw,1,3
1ee6eul,1,3
1ee7svn,1,3
1eevmh5,1,3
1ef3cq1,1,3
1efayex,1,3
1efnhye,1,3
1efsnxh,1,3
1eftexl,1,3
1efuetm,1,3
1efwjrz,1,0
1eg7v4g,1,3
1eggnu9,1,3
1eggq7w,1,3
1ehg8fx,1,3
1ehn3st,1,3
1ei3rkv,1,3
1ej1snr,1,3
1ejbu1m,1,3
1ejuwk0,1,3
1ek47ig,1,3
1ekjjwe,1,3
1elarbx,1,3
1elhpc6,1,3
1elhzdn,1,2
1encwnm,1,3
1eny8p8,1,3
1eo4eta,1,3
1ep2jor,1,3
1epnvej,1,3
1epo7f9,1,4
1eptigv,1,3
1eqbcee,1,3
1eqr741,1,2
1er84xt,1,3
1eyhz0x,1,2
1ezcfgb,1,4
1f1l3cv,1,4
1f3443m,1,4
1f4b5wr,1,2
1f4wdfl,1,1
1f6jwov,1,4
1f6pvnp,1,3
1f72a4j,1,2
1f9k578,1,4
1fbxury,1,3
1fcv2tf,1,3
1fd8o6t,1,1
1feub3j,1,2
1fhyjl8,1,0
1fks6e4,1,2
1fl5s5s,1,4
1fl6mcl,1,1
1foxbds,1,4
1fp03ct,1,4
1fp880l,1,4
1fpxjmh,1,1
1fsplqe,1,4
1ft3bdf,1,4
1ft7qo3,1,2
1fv7cc5,1,4
1fy3t6h,1,3
1fzrqe1,1,2
1fztvth,1,2
1g0ca1k,1,3
1g13egl,1,0
1g2zhjt,1,1
1g3a6yi,1,0
1g48b3h,1,4
1g4wao0,1,0
1g5ln0v,1,0
1g6cqni,1,3
1g83j28,1,0
1g8myad,1,0
1g8qt3a,1,2
1g9eloj,1,0
1g9hlg9,1,0
1gagde0,1,1
1gaxvyj,1,4
1gbv39k,1,4
1gc5enm,1,0
1gdha3r,1,2
1gdz53k,1,2
1ggftpo,1,3
1ggjlxr,1,2
1gh1x3r,1,1
1gk5aqh,1,1
1gktp3b,1,0
1gluet4,1,3
1gmcgh7,1,2
1gn8qpg,1,4
1gozh3k,1,1
1gpv0ke,1,2
1gq95wb,1,4
1gq9vso,1,2
1gqkobf,1,4
1gsmqzu,1,2
1gusx02,1,4
1gut8f7,1,0
1gvuolb,1,2
1gwgfse,1,0
1h0naf9,1,2
1h0yeip,1,4
1h148x3,1,0
1h1agmg,1,1
1h43ail,1,4
1h50c4x,1,4
1h5ujg5,1,1
1h6c44o,1,3
1h6jsfq,1,1
1ha5uf5,1,2
1ha7mzh,1,1
1hapzx9,1,4
1hb5l6u,1,0
1hbp8gi,1,4
1hc3gcw,1,3
1hc46hu,1,2
1hcu28q,1,2
1hdaa42,1,1
1hdi0kn,1,3
1hfhac4,1,2
1hfikff,1,1
1hgjn5n,1,0
1hhbyvd,1,3
1hin2h3,1,1
1hj9s5a,1,0
1hjdevb,1,4
1hmltqw,1,1
1hnndcr,1,1
1ho8n68,1,1
1hqhe8n,1,4
1hr82n0,1,0
1hrsn74,1,2
1htc6ow,1,1
1htczxo,1,4
1hufee1,1,2
1hvo0zx,1,0
1hvpi1h,1,2
1hvq823,1,4
1hwi09l,1,1
1hx8pwq,1,0
1hx8x8q,1,2
1hxbe2s,1,3
1hxxy5b,1,0
1hy04tq,1,2
1hyg0l8,1,1
1hyiyks,1,3
1hyzp7t,1,2
1i0covs,1,4
1i11ann,1,0
1i11tx2,1,2
1i1glkr,1,4
1i3a84e,1,2
1i3deqt,1,4
1i3do0y,1,2
1i5m6qi,1,0
1i66ogv,1,1
1i7yh9h,1,4
1i81a29,1,0
1i81gdj,1,4
1i8sbuw,1,3
1i8vrzn,1,1
1iaef4b,1,1
1ib5egz,1,2
1ic7jen,1,4
1icbj4w,1,1
1id18ec,1,1
1ie7byj,1,0
1if751o,1,1
1ifzfhj,1,0
1igmw0o,1,1
1igqw7t,1,3
1ihpo79,1,0
1iixvvo,1,0
1ij0hgz,1,4
1ijr7gd,1,3
1ijs5ob,1,1
1ijylle,1,0
1im199p,1,4
1im2tam,1,2
1imwlav,1,4
1in284x,1,1
1inmns6,1,1
1ipadvs,1,2
1ipdkp5,1,2
1iq0dp6,1,3
1iswcqa,1,0
1it0s8n,1,4
1ituppo,1,2
1iuj56b,1,1
1iun1kw,1,1
1iuyk4n,1,1
1iwdhfd,1,1
1iyug40,1,2
1j1rf8d,1,2
1j3jh04,1,4
1j3kjt2,1,3
1j49sfh,1,2
1j5jitq,1,0
1j5ovgx,1,0
1j6lvx0,1,4
1j7uext,1,4
1j7w2rf,1,3
1j9rxig,1,1
1ja0ns4,1,1
1jaa8gs,1,4
1jacozo,1,4
1jbzbnk,1,1
1jc8doo,1,3
1jcudse,1,1
1jee6nr,1,2
1jim3gj,1,0
1jkcw2a,1,0
1jl0adx,1,1
1jlc1df,1,1
1jmjhz5,1,2
1jmkx80,1,1
1jn90x9,1,4
1jnlz07,1,2
1jnyt37,1,4
1jnzdy2,1,2
1jnzub5,1,4
1jo0i7v,1,4
1jo10t9,1,4
1jo28i9,1,4
1jo46y3,1,4
1jo83tu,1,4
1joad9b,1,4
1jocksy,1,4
1joneqw,1,4
1joq4h3,1,4
1jp23rz,1,4
1jphe7w,1,4
1jpkvyf,1,4
1jpl22e,1,4
1jpmasw,1,4
1jpp80q,1,1
1jprt1e,1,4
1jpv8vq,1,4
1jqqtde,1,1
1jr5577,1,4
1jr688z,1,4
1jrafld,1,4
1js7lsl,1,4
1jsr12u,1,4
1jsutxx,1,4
1jtd9pp,1,4
1juze39,1,1
1jv1432,1,1
1jv1tpc,1,1
1jw3g0e,1,4
1jye6fe,1,0
1k1itoj,1,1
1k27tg8,1,0
1k27uxd,1,4
1k2m4vs,1,1
1k2u7y8,1,3
1k54kf0,1,4
1k5569e,1,0
1k5bkkx,1,4
1k643iq,1,4
1k7w1j5,1,1
1k9ry0u,1,4
1k9xhcs,1,0
1ka6v47,1,0
1kamfwx,1,1
1katfve,1,2
1kcy87o,1,0
1ke82uh,1,1
1kl7twc,1,2
1klgqeh,1,0
1klipsg,1,4
1km8ijo,1,3
1kmda67,1,3
1kmfoup,1,2
1knvqry,1,1
1ko25wn,1,0
1ko7oem,1,2
1kpd8dv,1,3
1kq99jd,1,4
1kqd8xa,1,0
1krcbyz,1,2
1kthgc8,1,1
1ktj5x9,1,0
1kttop0,1,2
1kuag2w,1,2
1kvobxy,1,4
1kvzwfx,1,4
1kwlwe8,1,4
1kwtd72,1,1
1kxdu77,1,2
1kz19te,1,1
1kzwmx8,1,2
1l1c7i0,1,0
1l29u95,1,3
1l2kjvv,1,0
1l3178n,1,4
1l3cown,1,0
1l46ruf,1,4
1l47zya,1,2
1l72s05,1,3
1l7se5k,1,2
1l80rbv,1,1
1l8216k,1,1
1l87zf2,1,0
1l90tcf,1,1
1l9u2my,1,0
1lbumx0,1,2
1lbz6gz,1,2
1ldh464,1,2
1lfvi3m,1,0
1lfxh0w,1,2
1lfyerd,1,2
1lg8edj,1,3
1lgssgk,1,2
1lhh86x,1,4
1lhl4ii,1,3
1lhr2qg,1,0
1lidzfg,1,4
1lihtgy,1,4
1lj94fo,1,0
1ljio9k,1,1
1lk22jw,1,4
1lktm2h,1,4
1lkvd8l,1,2
1lkvwgy,1,4
1ll3qvg,1,4
1ll5ke3,1,1
1lltmwj,1,1
1lnaa3b,1,3
1lnkdjr,1,4
1lnl6nc,1,4
1lo23v1,1,2
1loaoov,1,1
1loembe,1,4
1lomeea,1,0
1louyid,1,4
1loz2kf,1,2
1lpilhq,1,0
1lpr0n6,1,4
1lpsj7n,1,2
1lpztio,1,2
1lqaa0q,1,1
1lqpgq1,1,4
1lqu21x,1,4
1lreoc5,1,0
1lrhamx,1,1
1lrl3rm,1,4
1lrpzay,1,0
1ls2kso,1,3
1ls7ybf,1,0
1ltn316,1,4
1lttu2k,1,4
1lumn3f,1,0
1luug1d,1,4
1lvbkkb,1,2
1lvhasv,1,4
1lvq9jg,1,1
1lws0nc,1,4
1lxsvbn,1,0
1lxwxac,1,2
1lxxudv,1,0
1lxzhs4,1,4
1lz4t29,1,1
1lzbd5g,1,4
1m0ckky,1,0
1m0mcfn,1,4
1m0pqg1,1,2
1m183tv,1,1
1m2964x,1,1
1m34eik,1,1
1m3pnm5,1,3
1m4f1wx,1,1
1m4iult,1,1
1m4m9rz,1,2
1m4yfj2,1,1
1m5hb1j,1,2
1m5qui7,1,3
1m5tooc,1,0
1m6i27q,1,4
1m8qv12,1,1
1m8wmlx,1,3
1m8zs6c,1,2
1m91l87,1,3
1madrnd,1,1
1mc6322,1,3
1mc73gw,1,2
1mc8bfv,1,4
1mcqw1b,1,1
1md1s57,1,0
1md5ss3,1,2
1mdj68n,1,3
1mei15u,1,2
1mes1ce,1,2
1met49u,1,4
1mhqow0,1,4
1mi4i3n,1,2
1mi6o5o,1,1
1miewf0,1,4
1mihwst,1,0
1miv7op,1,0
1mk0b4y,1,2
1mk5oz2,1,2
1mk82z0,1,2
1mk83ge,1,2
1mkrn7g,1,1
1mmdxdf,1,1
1mnzdhe,1,2
1mpxent,1,1
1msdabb,1,1
1msmenf,1,3
1mst8sl,1,0
1mu3ve3,1,1
1mvx5vj,1,1
1mw6wdr,1,3
1mx0rsb,1,4
1mxiec8,1,1
1myr3zi,1,1
1mysrmi,1,1
1n00mwq,1,4
1n0idwd,1,0
1n29zvi,1,4
1n2ko37,1,4
1n2n1vi,1,4
1n6d412,1,2
1n7m037,1,0
1n7t1i2,1,3
1n80kbv,1,2
1n8ylf6,1,1
1n97f25,1,1
1n9tcns,1,1
1nabpfj,1,1
1nam6s4,1,1
1nb0gug,1,0
1nbhfqe,1,1
1nbt91a,1,1
1ncftmo,1,3
1ncgjf2,1,4
1ncgw0y,1,1
1ncgwyi,1,0
1ncijfc,1,4
1ncwrna,1,4
1ndappw,1,4
1neeiru,1,4
1nexvca,1,0
1nfeyyx,1,4
1ngl5zs,1,1
1ngmicc,1,4
1ngvc84,1,0
1nhdbex,1,3
1nhf5mw,1,3
1nhgp7g,1,4
1ni8qr8,1,1
1nix6rd,1,0
1njhtof,1,1
1nkxy37,1,0
1nm3oh1,1,3
1nogham,1,1
1nojzpd,1,0
1nq29i0,1,2
1nq55bf,1,2
1nqv1j0,1,2
1ns3gi4,1,1
1nsyao7,1,1
1nu83so,1,0
1nvg1xa,1,1
1nwvfm8,1,2
1nx33q5,1,1
1nx88d8,1,4
1nzf1wi,1,2
1o14a93,1,2
1o17n4f,1,2
1o1nnzq,1,1
1o2t5yg,1,2
1o3s8mo,1,4
1o6atgl,1,1
1o6fuw1,1,1
1o6n4jn,1,0
1o7ao18,1,4
1o7q2x6,1,1
1o82bav,1,4
1o8w5dz,1,0
1o910np,1,3
1oap7hx,1,0
1obf6uu,1,1
1odvydw,1,1
1of72w0,1,4
1of8aqg,1,4
1ofkfcd,1,4
1ohgn8t,1,3
1oix0j8,1,1
1oizce9,1,2
1omf2bj,1,1
1omiph5,1,1
1omtvfj,1,1
1onydfe,1,2
1opy0dr,1,2
1orjr7o,1,1
1orq7u2,1,4
1osl6lf,1,4
1ow3e6f,1,1
1owwg9n,1,1
1owy5j3,1,1
1ozf5qw,1,4
1p06cgi,1,2
1p087r7,1,4
1p2yeuc,1,1
1p4nk1a,1,0
1p5umvg,1,2
1p62ymr,1,4
1p86rh3,1,4
1p9k4yj,1,3
1pasmbq,1,0
1pcpxei,1,1
1pdkeq0,1,1
1pdz39d,1,4
1pe3wez,1,4
1pef3e6,1,1
1pet9xw,1,2
1peyxlj,1,1
1pfm6eu,1,1
1pgfwsk,1,1
1pgivxz,1,1
1pgmijn,1,1
1pgtmiu,1,4
1phahga,1,3
1phe0pu,1,3
1pj2pqo,1,0
1plqvis,1,3
1pm75ub,1,1
1pn5wsc,1,1
1po7ogz,1,0
1poc8m9,1,1
1poeu11,1,2
1pqlsws,1,4
1pqxg9a,1,2
1pujygt,1,2
1pw2rqh,1,2
1pwvvqj,1,3
1px0wkk,1,3
1pxmn20,1,1
1pxt9gw,1,4
1pzbls0,1,1
1pzi6hi,1,4
1pzzaun,1,0
1q0ev6v,1,4
1q1cr6i,1,4
1q1e6uh,1,1
1q21n6s,1,2
1q3yeyk,1,1
1q4q3or,1,1
1q5pxku,1,1
1q6vwuh,1,3
1q77uke,1,2
1q783he,1,4
1q7acst,1,4
1q7mcad,1,4
1q8dehd,1,4
1q8mkok,1,3
1q96b6k,1,0
1q9w17h,1,1
1qan5pt,1,1
1qaqati,1,4
1qbjzxk,1,2
1qbkslz,1,2
1qcjny6,1,4
1qcs0yc,1,0
1qczd1g,1,1
1qdecph,1,0
1qdi910,1,0
1qdljdd,1,4
1qeu1wt,1,1
1qfb0hb,1,0
1qg4ydc,1,1
1qgnkjt,1,3
1qh7cug,1,1
1qhw74q,1,4
1qhwsr1,1,4
1qhxf21,1,3
1qibnjv,1,4
1qisrex,1,0
1qizru6,1,2
1qj6om2,1,1
1qjocn3,1,3
1qjsii6,1,1
1qkrtq4,1,4
1qkud9i,1,2
1qm1r5m,1,1
1qnt4lu,1,0
1qp5y2u,1,4
1qpn10u,1,1
1qtryqi,1,1
1qu8m5h,1,1
1qum6vr,1,1
1qv2yvb,1,4
1qv6axe,1,4
1qvj5pp,1,4
1qvlvxc,1,3
1qwhzqe,1,0
1qxdb60,1,0
1r0uop7,1,0
1r130xh,1,3
1r1tiqi,1,0
1r1vg9h,1,3
1r65d64,1,1
1r6jmns,1,3
1r7l1bb,1,0
1r8bfym,1,4
1r8ccuf,1,3
1ra36ml,1,1
1ra4vtc,1,0
1rabbnu,1,4
1rat6ox,1,2
1rav8tg,1,3
1rbfwn3,1,4
1rcawrg,1,0
1rd9yix,1,0
1re7rj2,1,0
1rg2wdb,1,4
1rgz1af,1,3
1rjr1x1,1,1
1rkphll,1,2
1rlefml,1,1
1rmg8c3,1,1
1rof0ad,1,4
1rogd55,1,0
1rotuec,1,0
1rpu82g,1,4
1rrseuk,1,2
1rt6d2o,1,3
1rtbzgc,1,1
1rtpwfg,1,2
1ru8am6,1,0
1rw50ee,1,4
1rznsvr,1,0
1s1va1n,1,3
1s2bonu,1,1
1s35kne,1,4
1s47azr,1,0
1s4tr82,1,4
1s4wlw4,1,4
1s4xew8,1,4
1s622sq,1,2
1s9jscs,1,0
1s9kmzd,1,1
1sal794,1,3
1scd5bd,1,1
1sdcpel,1,3
1seuh00,1,4
1sf62pi,1,3
1sfptq0,1,2
1sfql8i,1,1
1shi0re,1,4
1si0a94,1,0
1sithhr,1,3
1sk3m6l,1,1
1sm4vlc,1,1
1smwix4,1,4
1smzxog,1,3
1sp8uoe,1,1
1spnkt7,1,3
1spnmqo,1,4
1spsrht,1,3
1sqxpn7,1,4
1sr9ehr,1,2
1srmu52,1,0
1ssonai,1,0
1stpw5m,1,1
1suc8yz,1,4
1supuh6,1,1
1sv5bj3,1,1
1svddie,1,1
1sx7qgw,1,1
1sxtmsr,1,2
1sxz12z,1,0
1sy7v8w,1,4
1syf21d,1,2
1sys0yr,1,3
1xm9ft,1,3
26ii7z,1,0
2b2i70,1,1
2e2os9,1,4
2h6e28,1,4
2i3v7s,1,3
2q62xj,1,3
2w86e7,1,4
31vl51,1,3
321shc,1,2
334a8d,1,2
33otbl,1,4
340itv,1,3
34xkzo,1,2
351qdk,1,0
35owc4,1,2
38oz5m,1,2
3a1grd,1,3
3b92zr,1,2
3b9cdx,1,2
3d5gtr,1,3
3eddti,1,2
3err0k,1,1
3fuumz,1,2
3fz8em,1,2
3gn1op,1,2
3pszvd,1,4
3q9eou,1,1
3rww9o,1,3
3schd5,1,0
3w14cr,1,0
40n33m,1,0
41p2uz,1,1
41qfg7,1,1
423pa0,1,2
42evys,1,0
438qdk,1,3
465cbb,1,1
47ia4p,1,1
4ck34b,1,1
4h6s4d,1,2
4keg77,1,2
4kibjk,1,2
4kvrdi,1,2
4m7v8k,1,2
4sh0tc,1,2
4t9u5n,1,1
4tc1ne,1,0
4tfmoj,1,0
4vsyz6,1,2
4w5b6n,1,1
4w5vkf,1,2
4wpecq,1,2
4zlvsv,1,0
50ibsa,1,2
53atzi,1,1
53mq3w,1,0
558n00,1,4
579g29,1,0
58mlme,1,2
58mxli,1,2
58ysn8,1,4
5ar97d,1,4
5bsjo1,1,0
5e34gi,1,3
5ij73u,1,4
5ing61,1,3
5ku91y,1,1
5ls4eh,1,2
5me65r,1,4
5oqaye,1,0
5srv8q,1,0
5u0yx7,1,4
5x4u0v,1,0
5ydrdh,1,2
5zia5v,1,2
5zy9kd,1,1
615460,1,2
61axzl,1,1
626ly6,1,0
62embp,1,0
64k0up,1,0
64xizb,1,0
65tmbv,1,4
6684pv,1,0
6690ac,1,0
66fsni,1,2
66h9mf,1,2
688gvu,1,0
689x42,1,0
68dw9p,1,0
68euzg,1,0
68l0ln,1,2
68zmng,1,4
69ksmc,1,3
69kvmc,1,3
69sb4b,1,0
69snyu,1,4
69twpr,1,1
6ak8du,1,1
6awrdj,1,1
6chrdz,1,0
6clqf4,1,3
6cna1l,1,3
6ctng1,1,4
6e8no8,1,1
6fsp1s,1,3
6giyno,1,1
6gm1be,1,0
6gsbos,1,2
6ho431,1,1
6hzc93,1,0
6i0c5t,1,0
6l8pej,1,0
6lrzd8,1,3
6ltt76,1,0
6ng2qr,1,0
6nscbf,1,0
6q9xp0,1,2
6quykg,1,3
6s4yk2,1,4
6stumu,1,2
6t96ec,1,2
6tzzi6,1,3
6ughno,1,3
6vec64,1,3
6yjfcy,1,1
6ym3lb,1,2
6yvijc,1,2
6zwa36,1,3
700wa6,1,3
70tyb7,1,4
711t5y,1,2
71tia4,1,1
73fwq3,1,3
73tccy,1,2
73zein,1,0
74ulmr,1,3
74v0tg,1,3
75o2tl,1,2
77supo,1,2
79528b,1,4
79nhhe,1,2
7b71pf,1,0
7c62jb,1,0
7d3zt0,1,1
7fm9jz,1,1
7gfoqi,1,1
7hg3yp,1,4
7ljsut,1,2
7myqzz,1,1
7o781c,1,1
7ochcg,1,4
7pr866,1,2
7pvbsv,1,2
7qqwpg,1,2
7s4ufe,1,0
7xpi3g,1,1
7ymejv,1,0
83em1z,1,4
83f25c,1,1
83of25,1,0
85rbhc,1,1
861k6n,1,3
8b7gr3,1,2
8bqvkt,1,2
8bxi3w,1,1
8cmq95,1,0
8e6k9p,1,2
8eaxjl,1,0
8guuvd,1,0
8h6l9c,1,2
8hmdsh,1,3
8i3zs8,1,2
8j6y4x,1,0
8lqsn3,1,0
8lw08j,1,1
8m089h,1,4
8n6x3s,1,4
8oqyiq,1,2
8qr57h,1,2
8rdvo,1,2
8rtdev,1,3
8thivx,1,1
8ukd74,1,3
8upvzl,1,0
8uwqzt,1,4
8w2awd,1,1
8wveig,1,2
8ybj73,1,4
8zbi91,1,1
8zjuu0,1,0
8zune6,1,4
904jy9,1,0
907lnw,1,4
90ga1w,1,3
91vcf0,1,0
93cpy1,1,2
93d57n,1,4
94hsqm,1,1
94s2ry,1,3
951q9m,1,0
95ko1b,1,2
95pxyn,1,0
967yts,1,3
96pkb3,1,1
99m68g,1,0
9aotrf,1,2
9b1od2,1,3
9b8c4p,1,1
9b8uhu,1,1
9bhywi,1,0
9bt0lu,1,2
9cd07l,1,4
9cu072,1,2
9cwku0,1,1
9dmmxr,1,0
9eocv2,1,1
9ewhky,1,0
9g0oij,1,4
9hzn0r,1,1
9i7b81,1,1
9i7ot6,1,0
9ipva2,1,0
9iswb7,1,1
9ita19,1,4
9jcvgf,1,0
9krhfl,1,4
9lasl6,1,0
9mno6e,1,0
9moo1u,1,4
9mrp1j,1,2
9myhyd,1,1
9mzcvq,1,0
9n8nap,1,2
9nt13c,1,0
9ol266,1,4
9s2n6w,1,1
9slu0t,1,4
9trq9c,1,0
9ve83u,1,4
9w971b,1,3
9wfi0p,1,2
9xwy8o,1,3
9y4e31,1,2
9zdmcq,1,2
9zgnix,1,2
9zoxcy,1,2
9zpdkw,1,1
a0iarh,1,2
a151zv,1,0
a1v7ph,1,1
a2zpof,1,3
a3cb50,1,1
a3fx5v,1,2
a3m7au,1,3
a3rf6,1,3
a4kdrr,1,3
a4xsib,1,1
a5ch1l,1,3
a5rrh2,1,1
a5ss93,1,3
a6yde4,1,3
a6yw2g,1,1
adae5b,1,1
adia3d,1,0
adik0y,1,4
ae4vrk,1,4
ae6t3b,1,1
aegsg8,1,1
aephtl,1,4
afj03f,1,2
aiag9z,1,2
aim8fj,1,2
ajldzr,1,1
alczp8,1,3
alq3f2,1,3
amql9l,1,1
ancn40,1,4
anoqse,1,4
ao546f,1,2
aosx6d,1,2
aou0rm,1,0
apvc02,1,0
aq84kk,1,2
aqohqe,1,2
ar6h7j,1,3
ar7ec8,1,2
ari3sz,1,2
arn3mb,1,1
avwxqi,1,2
azk9wf,1,2
azzjcs,1,3
azzpfa,1,1
b04uo3,1,2
b0cilf,1,2
b1ecj1,1,3
b3unvm,1,2
b46ji0,1,3
b587v3,1,4
b9dhs5,1,2
bbxmcl,1,2
bcb5bq,1,4
bcgxj3,1,2
bd7wwu,1,1
bdjnc2,1,1
bdrtng,1,1
bepsxe,1,3
bfyjiv,1,0
bgeguu,1,4
bggieq,1,2
bhb76w,1,1
bhowol,1,1
bjfb3e,1,0
bmvw9h,1,2
bnoy8x,1,3
bqn8hv,1,0
bqwtsg,1,1
br75o0,1,3
brmib7,1,2
brrqig,1,1
bsja0x,1,2
btbfi4,1,4
btnqcc,1,0
bxkheg,1,3
bxmyu8,1,0
bzb17g,1,3
c1zmfq,1,0
c5oat5,1,1
c64ss6,1,2
c71xlq,1,2
c8le3c,1,2
cbtzq1,1,2
ceqpay,1,4
ceshxz,1,3
cg9psx,1,0
cgqoso,1,1
cgtjqm,1,4
cjbe5s,1,2
ckcv0t,1,0
cl3tzg,1,2
co1e76,1,0
coghm8,1,2
cqbbso,1,1
csm2pt,1,3
ctb8b7,1,2
cue8ed,1,1
cw131i,1,0
d0dalv,1,2
d3m3ni,1,4
d4ba7s,1,4
d5f1h9,1,2
d5yj8l,1,4
d82gx6,1,0
d8qza8,1,1
d8r9xm,1,1
d9wvlq,1,3
da0fiz,1,0
dc78wc,1,3
ddqpea,1,4
dexel2,1,1
dfk9iz,1,2
dioiij,1,2
dlev5c,1,4
dlyr5s,1,1
dnblhd,1,0
dnpdj9,1,0
dqbtcn,1,2
dthkqo,1,0
dwahhl,1,0
dwfmqg,1,1
dyj4xf,1,0
e1edg3,1,2
e1xvqm,1,2
e3ehbz,1,3
e3g5q5,1,3
e3rlhk,1,1
e3tuaa,1,2
e4ywaj,1,3
e5e2aq,1,3
e5gitz,1,2
e5kvnz,1,1
e5maon,1,4
e5ui60,1,3
e5xiiq,1,0
e62zgs,1,0
e64n22,1,4
e6ax6h,1,3
e6f0rc,1,1
e94ixf,1,3
ea2jip,1,3
ea30og,1,0
ea9bpv,1,3
ecfmdx,1,0
echy7t,1,3
edot6p,1,0
edwwgn,1,3
ee9n9o,1,3
ejdjr5,1,3
ejdunf,1,0
eks8lr,1,0
el8xqn,1,3
elbwld,1,2
elqv0f,1,2
eo40n4,1,1
eo5006,1,0
eqb0h,1,3
eqf7ot,1,1
esq6p1,1,3
etxpnm,1,3
eu15v2,1,1
eua0wf,1,1
eup1di,1,0
evtrx4,1,4
ew9bu2,1,0
eynxpz,1,3
eyul8b,1,3
ezpyag,1,2
f2715d,1,1
f283vi,1,2
f4qms4,1,2
f69ncu,1,3
f799k5,1,1
f96tbe,1,1
fbgn5m,1,3
fc8jpk,1,1
fcaghn,1,1
fccnsv,1,4
ffsbpi,1,1
fgbezz,1,1
fgo3lf,1,2
fguory,1,3
fhdstg,1,1
fhepc7,1,0
fhk2vt,1,1
fhxqf7,1,3
fhz1tr,1,3
fhzis1,1,0
figt2n,1,1
fiybcu,1,2
fji10d,1,1
fk0cbe,1,1
fkfxtw,1,1
fkldua,1,2
fkm6y5,1,1
fl6pbu,1,4
flhf5m,1,1
fls9mk,1,1
flx35c,1,4
flx637,1,1
flyoyg,1,0
fm41er,1,0
fmbrtd,1,0
fmgq9v,1,0
fmkdde,1,1
fmzraj,1,2
fo70ft,1,3
folx5c,1,1
fp6tij,1,3
fpxm9f,1,3
fqfc29,1,3
fqhu9s,1,1
fqmsg2,1,1
frmgqu,1,1
ftllrc,1,3
fueee3,1,0
furh3t,1,3
fvaxja,1,0
fviobo,1,1
fwgse8,1,0
fwlvl4,1,3
fx3xjv,1,1
fy2oj3,1,4
fy2p7f,1,4
g0i8rm,1,1
g19p90,1,1
g1othi,1,0
g2bytp,1,2
g2gixl,1,3
g2idz0,1,3
g34bbf,1,1
g4ewn0,1,2
g4nxk5,1,3
g5ky43,1,1
g8y3o6,1,3
gan3eg,1,1
gbdhgn,1,1
gd8rcb,1,2
gecn8f,1,0
ggbp5b,1,2
ghjdyj,1,0
ghslu9,1,2
gksuau,1,2
gl5kwt,1,1
go1u33,1,1
go6pl2,1,2
gp3xs4,1,3
gpwapq,1,4
gvqoq3,1,2
h9dp2s,1,1
h9hstb,1,1
ha4om1,1,0
haav14,1,0
hbfvim,1,2
hdo19g,1,2
hegmoy,1,1
hfj7qz,1,3
hgeu6a,1,4
hgk0yr,1,1
hjdm2t,1,0
hjxc3u,1,1
hkqsgq,1,0
ho7nah,1,1
hojmh7,1,4
hwfz7k,1,3
hzd5d1,1,2
i0k0k5,1,4
i0mhd5,1,3
i0n5gc,1,0
i3msyd,1,1
i7rlrt,1,0
i8b5uo,1,1
ia99vr,1,1
ibcu2q,1,0
ic2g86,1,2
ice0kk,1,4
ici56t,1,2
ictrw8,1,0
iguhj6,1,1
ih08v3,1,2
ih7ei3,1,0
ihj6bx,1,3
iiqap8,1,3
iiqu94,1,1
ij8qio,1,2
iket8f,1,3
ilv17f,1,3
imb0ri,1,0
imc2uz,1,3
imi2li,1,3
ioql0z,1,3
iotgaz,1,2
irrxv6,1,1
isj1z0,1,0
isp3z6,1,1
ittyao,1,2
iu2a3a,1,1
ivghce,1,3
ivn1mm,1,3
ix01hq,1,2
ixrd8y,1,0
iy2bft,1,0
iyumys,1,1
iyvzvz,1,3
izsgni,1,2
j0t2d2,1,3
j1069i,1,0
j1zsiy,1,4
j29je4,1,3
j3wawt,1,2
j61gsa,1,2
j70xoi,1,3
j9sy3n,1,0
jaaj86,1,0
jbtcwk,1,1
jc5uzf,1,3
jc6461,1,3
jcberw,1,0
jgkjnm,1,0
jgkvtb,1,3
jgl84e,1,4
jh46cv,1,1
jia61d,1,2
jivlvr,1,1
jjwuzn,1,0
jjylnj,1,3
jkh3zx,1,1
jkrv3d,1,1
jkrze6,1,1
jm32gj,1,0
jncki5,1,1
jnyj70,1,2
jogf8j,1,1
jp39k1,1,1
jpqv0v,1,2
jrjcgw,1,1
js5av6,1,0
jvpzh0,1,3
jvqnsn,1,3
jx5mib,1,2
jzldwr,1,2
k577mi,1,1
k603dd,1,2
k603y6,1,2
k624c4,1,3
k6o6bw,1,1
k90kjc,1,3
k9ajeu,1,1
k9tt6x,1,2
kabbn0,1,2
kc99mr,1,3
keiyka,1,4
kfjwh1,1,1
kgrai2,1,3
khpbim,1,2
kixuic,1,3
kj9yic,1,4
kjm1a3,1,3
knlqii,1,2
knlr19,1,2
ko9dyf,1,3
kp0re0,1,0
krjrvz,1,1
krnvhz,1,3
ksik3u,1,3
kslmtn,1,2
kt1iuf,1,3
kt8gmt,1,3
kuyyyj,1,0
kyt8fg,1,3
kz90ac,1,4
l0kqeb,1,1
l1v347,1,4
l25gdq,1,2
l4i7ej,1,0
l4vujj,1,3
l5djp3,1,1
l5g4qt,1,0
l5k8py,1,3
l769em,1,2
l79sl5,1,0
l7ou1m,1,3
la0a8q,1,2
la93c7,1,1
lcp4ri,1,1
ld48jf,1,2
ld93pc,1,4
lfh2sm,1,1
lfzbmy,1,3
lg2dzw,1,1
lg2k8j,1,1
li83kz,1,3
lm0xgx,1,3
lp5f2u,1,4
lpj2mi,1,4
lpkviw,1,2
lpuvub,1,1
lpv6b2,1,2
lv2ls2,1,0
lvxwqy,1,3
lx1vgg,1,3
m0aaur,1,0
m1ethl,1,3
m3bs8z,1,2
m4tu00,1,0
m5h2ks,1,1
m5kxle,1,4
m8cg12,1,1
m9eho9,1,1
mai7eq,1,4
mbi4r0,1,3
mckjmc,1,1
mdj0lc,1,3
meh6b8,1,4
meujox,1,1
mfkofn,1,1
mh20h1,1,1
mhhicw,1,1
mhrbt0,1,3
mjgb76,1,3
mk65eu,1,0
mkefb8,1,0
ml6tfy,1,4
ml8s52,1,1
mlwbui,1,1
mlyr54,1,1
mnfunz,1,1
mo3jua,1,3
mpauaf,1,1
mpxraz,1,1
mqbsvc,1,0
mqm14i,1,3
mrqhab,1,3
mss81s,1,3
mtfpga,1,3
mun21m,1,3
munkj0,1,4
mwtpq2,1,4
mwv5qu,1,4
myfex3,1,1
myq7qn,1,4
n0dmbg,1,3
n14wzz,1,3
n2ckjs,1,3
n5jatz,1,1
n6i122,1,1
n79v3,1,2
n90ru9,1,0
nbgk37,1,3
ndy44b,1,1
nelkdp,1,3
nh21mm,1,3
nh2xbd,1,2
nhmo1w,1,1
nhp74a,1,2
nid4xk,1,4
njswvw,1,0
nmud4m,1,0
np2d26,1,0
nqefuh,1,0
nqk4aw,1,2
nquxge,1,3
nra3e8,1,3
nryb61,1,0
nu4qwm,1,0
nuepgt,1,1
nulmqc,1,1
nv4089,1,3
nv9hr6,1,3
nvbh3w,1,0
nxvq3a,1,1
nyq4wo,1,2
nys24t,1,2
nyvi2e,1,3
nyxyka,1,0
o18i8w,1,0
o3c60p,1,1
o4diru,1,3
o6lnfo,1,3
o7toq9,1,2
o9yu8w,1,3
objeos,1,2
obpuh8,1,3
obsrfj,1,3
oc48n5,1,0
oc89ax,1,0
oe1lri,1,1
offbxc,1,2
ohim6f,1,0
ohz00h,1,3
oit39s,1,4
ojb4cb,1,2
ojmy4l,1,3
ok75sy,1,1
oknoru,1,3
okqta8,1,3
old392,1,3
olukpq,1,1
onwka1,1,0
ooa0ki,1,0
oomes0,1,3
oon4a8,1,1
op3cu9,1,3
oq3df1,1,0
orj107,1,0
ot4rej,1,0
oug55y,1,2
ovsuej,1,1
owq7xx,1,2
owxain,1,2
oxyd6v,1,3
p0vx4n,1,0
p19ls2,1,3
p1l865,1,4
p1q2yw,1,3
p370dc,1,1
p3kigu,1,1
p3nfil,1,2
p51lhn,1,1
p6eek4,1,1
p7iocm,1,3
p7m4ro,1,1
p96cry,1,3
p9uw35,1,2
pa139w,1,0
pb8yww,1,2
pbj8bp,1,0
pc3h4n,1,2
peeucn,1,0
pekj2t,1,2
pezlht,1,1
pf1pew,1,1
pfxx55,1,1
phrd2s,1,1
phv7m2,1,3
pid6cq,1,1
piezlr,1,0
piugjq,1,1
pjmyno,1,3
pk6bln,1,1
pkts2h,1,1
plkpyx,1,2
pnawuz,1,3
pov23z,1,3
pqsmie,1,1
prtvou,1,0
pt7fzz,1,4
ptqhaw,1,1
pttfys,1,1
pu3wbk,1,3
pu5seb,1,2
puk6sq,1,2
pvl8c7,1,0
pyiy57,1,2
q12fz2,1,4
q1p1n6,1,2
q1z1tr,1,4
q4ppb6,1,4
q5qhh3,1,2
q5sw9e,1,2
q5ysp8,1,1
q6gnqh,1,1
qc2lzn,1,1
qcolhb,1,4
qdjokh,1,0
qffqm2,1,2
qg7f5j,1,2
qj2ez7,1,0
qjlr54,1,2
qkc9ob,1,2
qlponw,1,0
qm3zs5,1,0
qmj0et,1,0
qmpcrf,1,2
qn5bzy,1,3
qo5r1s,1,3
qol0qg,1,1
qpcpda,1,2
qqnm18,1,4
qqou2m,1,2
qqzv8s,1,1
qr5jpf,1,0
qrg5l7,1,4
qtqqh5,1,1
qulnig,1,2
qve6b0,1,4
qvl6qi,1,4
qy9h6x,1,1
qzmhg7,1,1
r0bzft,1,3
r0kqab,1,1
r1sqhl,1,2
r1vvup,1,3
r1yxhd,1,3
r2ie0y,1,3
r3ibr2,1,1
r7flie,1,1
r7ia29,1,3
r7knn3,1,0
raut39,1,0
rcetl2,1,3
rdtec3,1,1
rek0w8,1,0
ri6vc6,1,1
riqfj6,1,2
rir6v3,1,2
rmxsrq,1,2
rmyfyx,1,0
rp43h1,1,2
rpj0v2,1,3
rr8ahf,1,3
rri8xa,1,3
rt15y0,1,1
rtqq9p,1,1
rtuung,1,1
rus5sh,1,1
ruxsws,1,0
rvq046,1,2
rvtgmr,1,0
rwjt89,1,1
rwmqxx,1,0
rworgg,1,3
rxlufc,1,3
ry2y0q,1,2
ry3nne,1,0
rzrsx7,1,3
s0ep2s,1,1
s0lfxs,1,1
s19u4b,1,0
s25tsv,1,0
s2zl4w,1,3
s3vm5c,1,2
s427nc,1,0
s4k0lg,1,1
s5dzze,1,0
s5yy4a,1,4
s6v32r,1,3
s6viqn,1,1
s6y1k2,1,1
s71noq,1,1
s8gkdj,1,2
s8kcsj,1,3
s8kxgt,1,1
s8nkyw,1,0
say4xj,1,0
sbmf6b,1,2
sd73xx,1,3
sdx1zh,1,3
se849k,1,2
seor6s,1,3
sg3lfk,1,0
sgvtsu,1,2
si6c5r,1,0
sii340,1,3
sit78i,1,1
siuakv,1,0
sjxrk3,1,2
smkm1j,1,2
smzl0y,1,2
sqnak8,1,1
sqrcuv,1,3
sqrsf0,1,2
stsis1,1,1
stu70x,1,3
svfoic,1,2
swaij2,1,4
sxnj3u,1,2
sxqmas,1,4
t0zqxo,1,4
t1991p,1,2
t2m2sp,1,2
t3cbqx,1,3
t3f6jf,1,0
t5jolk,1,1
t8k9bm,1,3
t8m8br,1,4
t9h37p,1,2
t9rxro,1,3
ta9hzg,1,3
tcd4ea,1,4
tcdy59,1,3
tdti6b,1,2
tex3t2,1,0
tfex6r,1,0
tff4oo,1,3
tga5wh,1,2
tgx9do,1,1
thqmny,1,2
tj5mon,1,1
tj64pr,1,2
tj9grk,1,2
tjd9sg,1,2
tkah7f,1,0
tko0oa,1,2
tne29w,1,2
tngso3,1,2
tpp04o,1,0
tq9ql5,1,1
tq9whl,1,0
tqs9hv,1,2
tqzpga,1,0
trz6tx,1,2
tsszug,1,2
ttajh4,1,0
tu5kvn,1,2
tuigm2,1,4
tulwnl,1,2
tuxfqm,1,4
tv6jha,1,4
tvv6l3,1,2
tvvlsn,1,0
twno29,1,2
twqbiv,1,1
twtj3l,1,0
twzazb,1,0
twzdpb,1,1
txev90,1,1
txiefh,1,2
txj2le,1,0
txu6iw,1,3
ty61qq,1,2
tye0kt,1,0
tyg26z,1,0
tzjv11,1,2
tzq230,1,0
u0dwf0,1,2
u1725f,1,4
u175uu,1,1
u1a0we,1,2
u1stp9,1,1
u1uv83,1,3
u20isz,1,0
u28xy6,1,2
u2k2hi,1,1
u2koj4,1,4
u2sccm,1,0
u2w1gt,1,3
u2wov2,1,4
u45mul,1,0
u4xjdq,1,2
u5imm7,1,4
u5iqno,1,2
u6wyq8,1,3
u6zb89,1,4
u7tu70,1,1
u7uhz2,1,4
u80a3u,1,1
u8o54e,1,0
u9in0y,1,1
ubia9r,1,0
ujkb6o,1,0
ullr4v,1,2
ulo9ot,1,3
ulp0es,1,4
umehos,1,1
uorpth,1,3
urftnb,1,4
urgn2d,1,0
us26sy,1,3
usyrk1,1,3
ut1w2k,1,3
uv7rco,1,4
uvvzyu,1,2
uw0gg6,1,2
uwln53,1,2
uxeake,1,0
v0j1qf,1,0
v2bfj2,1,1
v3412y,1,3
v3bd7k,1,2
v3zw9e,1,0
v5a8iu,1,2
v5j9ny,1,4
v66cxj,1,0
v6qwzm,1,1
v7iaoe,1,0
v7j4nq,1,0
v7ul64,1,3
v8gd7u,1,3
v8jpq9,1,3
v95jzy,1,3
vaj364,1,4
valify,1,1
vctood,1,0
vd2qqh,1,4
vdm3or,1,0
vec520,1,4
veq5sm,1,1
vg3z1x,1,0
vgk4kj,1,1
vhn3ne,1,1
vi8zcb,1,0
vo65bw,1,3
vqndkq,1,3
vs0jf2,1,0
vskks,1,4
vu7hw1,1,2
vy62fx,1,2
vyq0jh,1,2
vyr2ez,1,4
vyrf29,1,0
w1fc4i,1,4
w28bbb,1,4
w4l7b3,1,3
w524xy,1,0
w64hnf,1,2
w8et95,1,3
w8go16,1,2
w9esue,1,3
wanv20,1,2
wb29ee,1,2
wb2z5l,1,3
wddtzu,1,0
we62zs,1,2
we8icr,1,0
wek1a5,1,4
wf2346,1,2
wg2uk5,1,4
whjlsz,1,4
whlcrv,1,2
whnjn2,1,2
whv4p3,1,1
wjwke8,1,4
wkx90y,1,2
wmkpt6,1,2
wmq4gv,1,3
wnfaz5,1,3
wnyvp2,1,4
wo5be0,1,2
woeakw,1,0
woxjy6,1,4
wp50za,1,3
wpoc3s,1,4
wqnif4,1,0
ws6jxa,1,1
wtcent,1,1
wvyxjh,1,2
wwtpd0,1,2
wxhwdi,1,0
wxj8ki,1,1
wxqe1u,1,3
wy04r2,1,2
wy39bp,1,1
wycyn8,1,0
x1hl3b,1,4
x1ng5s,1,3
x1tmzz,1,3
x1tuwu,1,0
x40f2a,1,1
x40j9m,1,3
x4q66o,1,4
x57627,1,3
x5vcc8,1,0
x5x6ac,1,0
x67dzf,1,3
x6c8r8,1,3
x93zqn,1,2
xbgp47,1,0
xdp6gr,1,2
xex9ql,1,2
xfpchd,1,1
xg2sys,1,3
xgtphy,1,2
xgtu36,1,4
xhmdpu,1,0
xi1day,1,3
xi3luv,1,4
xjbhsq,1,0
xk04ig,1,1
xk7uo0,1,4
xl6g1c,1,3
xm7yyg,1,3
xmd3mb,1,2
xmh6ll,1,2
xo476c,1,3
xoh2kc,1,1
xp3dns,1,4
xpa8ir,1,3
xpnn73,1,0
xr31ed,1,2
xr4cyd,1,2
xs6spm,1,3
xu9dy6,1,3
xwsryq,1,2
xx6ccb,1,4
xx8h0w,1,0
xymafi,1,3
xzh765,1,3
y09nwo,1,0
y1b9q2,1,3
y2unrx,1,2
y2uqw1,1,3
y322ea,1,1
y3m3m6,1,3
y3ojmz,1,2
y3rzcj,1,2
y57x33,1,1
y6508z,1,0
y67acv,1,2
y70bh7,1,2
y772l0,1,3
y7flqf,1,1
y7sgen,1,2
y7vnpu,1,4
y7ydqc,1,0
y8v06b,1,3
y9jfj9,1,3
y9pbe0,1,1
ya0oo0,1,0
ya0vz3,1,2
yayqyf,1,2
ybi13h,1,2
ybjgjo,1,3
yc5ckl,1,3
yc5qrl,1,0
yc6o95,1,2
yc7pdp,1,0
yccbvb,1,2
ycd4xu,1,4
ycmn79,1,0
ydad37,1,2
yddfgd,1,3
ydvxvo,1,1
yew101,1,3
yff571,1,4
yghar1,1,4
yh87tu,1,0
yhelbe,1,3
yhlu8o,1,2
yibcjz,1,1
yj84wo,1,1
yj9iqd,1,1
yk7f0z,1,2
ykmuv3,1,1
ylcoz0,1,4
ylgzxo,1,1
ylt6sd,1,2
ymehyd,1,1
ympewy,1,0
ynrjsu,1,4
yojbib,1,4
yok97w,1,2
yomwdv,1,3
ypkenn,1,4
ypqdpt,1,1
yptma9,1,2
yqkrxy,1,4
yrb5ve,1,3
ys1f1z,1,2
yt5wxs,1,4
ytcjvl,1,2
yty2zl,1,2
yu7mq4,1,4
yu8pj0,1,2
yu8yu0,1,4
yut4a3,1,4
yvqklt,1,3
yvw5nm,1,3
ywpoaw,1,3
yxmt72,1,0
yyf3mh,1,2
yyifu6,1,1
yzhtwl,1,0
yzi2oj,1,2
yzy7g7,1,3
z08fem,1,0
z217fn,1,3
z2t1dd,1,2
z2wg3i,1,3
z3n2bd,1,3
z4hbb5,1,0
z4hcoq,1,1
z6t1gp,1,3
z6tf3q,1,1
z6wm48,1,1
z6wyy8,1,1
z6yxp0,1,2
z7174d,1,0
zac957,1,2
zalgtq,1,2
zaowq2,1,0
zasifl,1,2
zc3v10,1,2
zcf7zw,1,3
zcff9z,1,0
zcmrow,1,1
zcq6um,1,2
zd64up,1,0
zdui50,1,2
ze12xr,1,3
zeb5v6,1,2
zefq0o,1,3
zgt2g6,1,2
zgt2jj,1,2
zgzt0a,1,1
zhtj3j,1,2
zhx9ym,1,0
zl3bjt,1,3
zlgp2y,1,1
zlnftq,1,0
zmdnn0,1,3
zmhqdd,1,4
zmjuhx,1,1
znaiu7,1,0
zpmpk6,1,0
zpmvbz,1,0
zpn35n,1,0
zqj2oc,1,0
zqjfhd,1,0
zqknq3,1,0
zr75tz,1,0
zr7d8d,1,0
zryrqz,1,2
zsjr52,1,1
zu93n1,1,3
zuchli,1,2
zuvven,1,3
zvy2tn,1,3
zwbcm1,1,3
zwdt7q,1,2
zwlkjj,1,4
zx78lo,1,3
zxmbj8,1,0
zy28vs,1,0
zy2ssi,1,4
zy2z2i,1,0
zyezwp,1,3
100hfq1,2,0
101aehd,2,0
102y4vm,2,0
102zk07,2,1
103ykgf,2,0
1049976,2,2
104updy,2,1
105of9u,2,3
105ut3d,2,1
105yef6,2,1
106htar,2,3
106obfl,2,2
107acdv,2,0
107ai30,2,2
107k677,2,3
1083d63,2,3
1085vco,2,3
108au1g,2,3
108dj01,2,4
108jho8,2,3
108lvx8,2,0
109060s,2,3
109dle6,2,3
109t68i,2,3
109vdiz,2,0
109wo9y,2,0
109wufc,2,3
109wvby,2,3
10ar4tu,2,3
10ar69a,2,3
10azz4b,2,0
10bojv6,2,2
10cfvrk,2,1
10cx7gi,2,2
10ef5bk,2,1
10emso6,2,2
10f1fr1,2,0
10f72tg,2,3
10f9eqa,2,3
10f9jjw,2,0
10gs3zg,2,4
10ihoa3,2,2
10iplkg,2,0
10jb309,2,3
10jopb1,2,2
10k12o9,2,3
10kz71e,2,0
10loyb9,2,4
10lq0pd,2,1
10lt2gk,2,1
10mhy4q,2,2
10mxok4,2,3
10nbec0,2,3
10o0u9n,2,3
10o4p3a,2,2
10ou65s,2,3
10oxcxt,2,0
10oy6iq,2,1
10ozpbg,2,4
10pisjx,2,3
10ptgx2,2,3
10q30di,2,2
10r1m8y,2,3
10rmjaw,2,1
10set1d,2,1
10sg9d9,2,2
10si603,2,2
10td81j,2,4
10te1kt,2,2
10u97r9,2,1
10uli5k,2,2
10uonu8,2,1
10v25p3,2,2
10vzejp,2,2
10w4phk,2,3
10wv3eo,2,0
10ww7ko,2,1
10xdz8j,2,2
10xs8iy,2,2
10z13f7,2,3
10zs908,2,0
110c52b,2,2
111agco,2,4
112d7gi,2,2
112hhpt,2,0
112u3yl,2,0
112vvj2,2,2
114db0u,2,3
114e0fy,2,4
114fny3,2,4
114j6i4,2,3
114kq6q,2,4
114r0wo,2,3
115kdqw,2,3
115wkch,2,0
11665fz,2,4
1170g85,2,4
1176lct,2,3
1180hws,2,0
11832w4,2,2
118trfu,2,2
118uwmk,2,2
11945kv,2,1
119rjhv,2,0
11a0bue,2,2
11a46o0,2,4
11a9pwr,2,4
11b87lm,2,2
11cfl1w,2,3
11d7ubq,2,3
11d7zw6,2,3
11dadun,2,4
11dalu6,2,4
11dlehi,2,4
11e0oqx,2,1
11e409a,2,3
11edn0p,2,2
11ee61o,2,3
11ey8z6,2,0
11f3eeg,2,2
11fccha,2,1
11fdksb,2,2
11fz3md,2,1
11fz8xh,2,4
11huqoo,2,0
11irsxz,2,2
11j4n7z,2,4
11jdw4c,2,2
11jitw6,2,1
11l3gjg,2,1
11l5mgy,2,2
11lfciv,2,3
11lv4dm,2,3
11m0jps,2,4
11marvj,2,3
11mbhhs,2,3
11mrjs6,2,2
11nj3q3,2,3
11oha77,2,3
11ok2qd,2,4
11oof25,2,1
11pjlaw,2,3
11q5nwm,2,3
11q71hx,2,3
11rbj7x,2,2
11rusfi,2,2
11s17mi,2,3
11s1mwn,2,3
11s5x0w,2,4
11sbdcc,2,4
11srgyr,2,2
11srmee,2,2
11swh9c,2,3
11szwem,2,4
11t3igh,2,3
11tuxpn,2,3
11txcv3,2,3
11vrlso,2,2
11wowlb,2,3
11wowov,2,1
11wrm9q,2,4
11wwgwj,2,3
11wz0me,2,0
11xhao1,2,0
11xwpn3,2,4
11zdm9m,2,3
11zdohu,2,3
11zldij,2,3
11zlvvp,2,0
120fq4u,2,3
120sr6e,2,3
120uouk,2,1
121hlom,2,1
121jajz,2,3
121tiuj,2,3
122kkoa,2,3
123lveb,2,3
123oj7s,2,4
124p7cf,2,3
124sqph,2,4
125j6of,2,3
126ftbj,2,2
126ms18,2,3
126yspz,2,4
1281hx0,2,1
12ahekq,2,4
12baklv,2,2
12brpfm,2,4
12csy2q,2,4
12cvhvs,2,4
12dddt7,2,2
12ddpq6,2,3
12decva,2,0
12dri6t,2,3
12ee5ls,2,4
12ezowh,2,3
12fpn6i,2,2
12gto59,2,0
12gw98e,2,3
12gwpn6,2,3
12gwtc1,2,3
12kbigt,2,0
12kid2q,2,3
12kvpdm,2,1
12lpsbh,2,2
12lq3tk,2,4
12lq801,2,2
12lwnfm,2,2
12m1wgz,2,3
12o315k,2,3
12o3f3q,2,3
12ocqg4,2,2
12oedgl,2,2
12oespk,2,3
12p6nlt,2,1
12p9mzj,2,3
12pb3sj,2,2
12pgfl4,2,2
12pmju1,2,4
12qe6r6,2,1
12qkylt,2,3
12ql713,2,1
12s50vj,2,2
12ssj9h,2,4
12ssvfv,2,1
12swxs5,2,3
12vijhs,2,3
12vjdw9,2,3
12vjy4g,2,3
12vkgvs,2,1
12vko0o,2,2
12vksn1,2,3
12wh6q7,2,2
12x5uwd,2,1
12yhx4y,2,2
12yifx8,2,1
12ynguc,2,3
12z9ned,2,0
12zjevs,2,4
12zodvi,2,2
130hcib,2,2
130hy1l,2,1
130jjlk,2,4
13130cj,2,1
1313d0e,2,4
131ji0g,2,3
131lzz7,2,1
131mwun,2,2
131nftw,2,3
131nq93,2,3
132n7xl,2,3
132o4fs,2,3
132oc0k,2,4
132rtf2,2,3
134n3l2,2,0
136daux,2,4
136kq85,2,2
137fc3o,2,2
137fjhy,2,3
137gmqe,2,3
139lq41,2,2
139ojd7,2,4
13as6v3,2,2
13aw8ny,2,3
13awlh9,2,1
13awtoy,2,2
13bhtuu,2,3
13bibgx,2,4
13booh4,2,4
13c5obs,2,0
13cjg9f,2,0
13dkuds,2,3
13edi9y,2,3
13eky2c,2,3
13f15oh,2,1
13f2snt,2,0
13fcqcj,2,1
13fd1pa,2,0
13fhzph,2,3
13hd97w,2,2
13hilrj,2,1
13i4svg,2,3
13i72vg,2,3
13igcdn,2,3
13ju5kw,2,1
13k1fqx,2,3
13kb1cf,2,2
13kztxp,2,1
13lhwle,2,1
13n6u9z,2,1
13nr2lt,2,3
13p0urf,2,2
13peyn8,2,0
13qjnlp,2,1
13r4a7k,2,4
13rj771,2,0
13rmhyo,2,2
13sb7od,2,3
13sdty3,2,3
13seli6,2,3
13tvumk,2,3
13vkidb,2,3
13voob9,2,4
13vqx03,2,1
13vrw1z,2,4
13vzorq,2,3
13wezig,2,3
13ww9my,2,3
13xd35y,2,4
13y6y7v,2,4
13z4905,2,3
141dend,2,2
141gi0z,2,3
142a1c9,2,1
143d0ua,2,3
144cn05,2,3
1455ths,2,3
146zvpu,2,2
14945l9,2,4
1495e2s,2,4
1496bbe,2,4
149y7n0,2,0
14a0iy8,2,0
14a48ox,2,3
14a4coz,2,4
14a4hia,2,2
14a4lgz,2,1
14aswpe,2,0
14bxm4j,2,1
14clvdt,2,0
14dmbhp,2,3
14dmur2,2,1
14e5zwh,2,3
14jateg,2,1
14jimzx,2,2
14jnqwd,2,0
14lwal3,2,4
14m4oke,2,0
14mznfn,2,3
14n81kn,2,2
14nq474,2,2
14peh0c,2,4
14t6i25,2,3
14u0n1t,2,0
14v7943,2,0
14wo22a,2,1
14yge8b,2,4
1509mag,2,4
152psh8,2,1
152u6w6,2,4
15312zr,2,2
155kxt6,2,3
156mub1,2,4
1584uxr,2,0
1586vte,2,0
159c7gq,2,4
159g1b5,2,0
15a8prv,2,4
15a8vyw,2,4
15aaw83,2,0
15auuwg,2,0
15crqft,2,2
15cxyur,2,2
15d3csi,2,3
15e9adj,2,4
15eb6kt,2,4
15ebd5k,2,3
15eg570,2,4
15ffsmu,2,1
15g8q72,2,0
15gyjp3,2,2
15hw0om,2,3
15hwdky,2,4
15isioa,2,2
15j2pz9,2,1
15j43lf,2,2
15kosj0,2,4
15krhgh,2,4
15kvv3y,2,4
15lu2d2,2,3
15lunx9,2,1
15mia1y,2,2
15midjy,2,4
15mlo3k,2,0
15o4636,2,3
15ozc9o,2,0
15q3j5b,2,4
15qtbrv,2,2
15qug5c,2,1
15r4ala,2,2
15rqqca,2,0
15su48d,2,4
15tkvmf,2,1
15wbys2,2,0
15wcsc1,2,4
15wfdns,2,1
15wfjod,2,3
15xlqhu,2,3
15y9ex8,2,0
15yd899,2,1
15z41xe,2,1
15z6om4,2,1
161d2au,2,0
161vpoq,2,4
163mu5b,2,3
163sc1p,2,0
164lrkh,2,0
164rpz4,2,1
165fb4w,2,2
166zkc4,2,0
167573w,2,2
1677z9e,2,4
167xq4e,2,0
168elrj,2,3
16a85oh,2,3
16ax72h,2,1
16ca2qs,2,2
16cci0i,2,0
16cgp44,2,4
16chxuz,2,0
16cw8gk,2,2
16d3srr,2,0
16d4mmj,2,1
16dghd5,2,0
16e5828,2,2
16e7s2x,2,0
16e81se,2,0
16f0cxx,2,2
16g0xjy,2,3
16gomka,2,2
16gqjvl,2,2
16gr6ue,2,4
16gr6us,2,4
16hhee9,2,4
16htgir,2,3
16hwuoa,2,1
16icokg,2,4
16k5rp4,2,3
16k8y7n,2,0
16ke5mv,2,0
16kmu0r,2,0
16loklq,2,4
16mswgu,2,0
16o9ehf,2,3
16odvg2,2,1
16p7zot,2,0
16pjo9s,2,4
16pkcq2,2,1
16r0gyf,2,4
16r3zkq,2,1
16r8aq1,2,3
16rs6u9,2,3
16smogb,2,2
16sp2dr,2,2
16sqt88,2,1
16tix22,2,3
16tlycw,2,3
16twv4u,2,0
16ugxlr,2,1
16ul3yh,2,2
16upbwq,2,1
16v762m,2,4
16v7q95,2,3
16vce90,2,4
16vd6oq,2,4
16vi53c,2,3
16w1j2q,2,1
16wyj2y,2,0
16x4aop,2,4
16x84jw,2,2
16x8a98,2,4
16y0qvf,2,3
16y56gn,2,0
16yn74r,2,2
16ysshv,2,1
16yz3hx,2,2
16zj5r5,2,1
16zjc06,2,0
16zt3tl,2,3
170fc85,2,3
170inab,2,0
170l9pf,2,4
17189pc,2,2
1729dyz,2,3
172eim1,2,4
172xrre,2,0
172ze4c,2,4
173mnc4,2,1
173of82,2,4
1744jgk,2,3
174ncsh,2,4
175bp6w,2,2
175btwz,2,2
175eka1,2,3
175exug,2,4
175mczu,2,2
1762vqk,2,1
176ubug,2,4
176wy47,2,4
176x0ru,2,1
1773xza,2,1
177kndo,2,0
177kxnq,2,2
177l9lj,2,2
177lcz9,2,0
177qlr4,2,1
177qona,2,3
177uh6e,2,2
178bf8r,2,2
178bl57,2,1
178bor1,2,4
178gobg,2,4
178h5v8,2,2
178hc7m,2,1
178hgso,2,3
178lxh6,2,0
1791af0,2,1
1791ey5,2,1
1791izf,2,4
1796igl,2,4
179bbei,2,4
179wux9,2,4
17a2dvq,2,3
17a4h3e,2,1
17a4ydp,2,2
17a5lai,2,1
17aow7x,2,1
17ap4yo,2,2
17bdh8a,2,4
17bdilh,2,3
17bhfzx,2,2
17bhmqe,2,1
17c78fe,2,1
17c7ae5,2,1
17ca0u9,2,4
17can30,2,2
17ccflo,2,3
17cf1ne,2,2
17cfavw,2,1
17chatq,2,1
17ckv6d,2,4
17cpvzj,2,4
17cye3n,2,1
17cynwv,2,2
17cywvl,2,2
17czuik,2,4
17d077w,2,0
17d1yl0,2,2
17da0ni,2,1
17da4nk,2,2
17dp4xg,2,2
17dp77a,2,4
17dq75e,2,3
17dtush,2,3
17dwend,2,3
17eggl8,2,3
17eiakh,2,4
17ekmiq,2,4
17f78kf,2,1
17f8e7i,2,3
17fab58,2,2
17fe9p5,2,0
17fs39k,2,3
17fyyjr,2,1
17g0klk,2,4
17g0ohb,2,4
17g0vid,2,1
17g4ud5,2,0
17g4xur,2,4
17g52dg,2,2
17g54ko,2,3
17g5gsb,2,1
17g5slm,2,1
17gqyos,2,4
17gt48g,2,3
17h47lj,2,3
17hjn2y,2,4
17hjr3w,2,3
17hjuf6,2,4
17ho3bw,2,4
17ho5rx,2,3
17hoa26,2,3
17iae01,2,2
17iaejm,2,0
17iamqo,2,1
17iannx,2,4
17iauno,2,1
17iawlp,2,3
17ido0o,2,1
17ii2hd,2,3
17iif8e,2,1
17jppj6,2,3
17jrogf,2,1
17jx18j,2,2
17k06ry,2,1
17kob73,2,0
17kpefv,2,0
17kpy4c,2,2
17l17qa,2,4
17l1oyi,2,4
17l94kp,2,3
17l9cfg,2,4
17lzxyu,2,0
17m43n2,2,0
17n2jzw,2,0
17n4esf,2,3
17nfb1w,2,4
17nhvc9,2,4
17nieyp,2,1
17nistv,2,1
17nli9l,2,4
17nvpqg,2,1
17o0js5,2,3
17o8mtz,2,4
17olzxc,2,3
17ouc19,2,1
17p0wzh,2,0
17p1bid,2,0
17p1eq5,2,3
17p93s4,2,4
17pixc6,2,1
17pj11w,2,2
17pz339,2,0
17q7ckw,2,1
17q7ke6,2,4
17qjfkb,2,1
17qjrht,2,1
17qjtu2,2,2
17ql75o,2,0
17qmh3g,2,2
17qqlay,2,0
17qqpls,2,1
17r8wgz,2,4
17r8ywj,2,3
17r91qt,2,2
17rfgqy,2,2
17rfln4,2,0
17rfwdv,2,4
17rg103,2,1
17rkc1r,2,1
17rkfqs,2,1
17rz7zt,2,4
17s0lcp,2,0
17s5u23,2,4
17s6v2z,2,3
17seqtw,2,0
17srut1,2,4
17srxob,2,0
17svvfw,2,3
17t04r0,2,1
17t4bqy,2,0
17tre0p,2,4
17u7fsv,2,1
17u7jn5,2,1
17u9mf8,2,3
17uce4d,2,2
17uy214,2,1
17uyohx,2,2
17uzwv9,2,3
17vuhgh,2,0
17vusou,2,1
17vv5od,2,2
17w0mo4,2,4
17wae18,2,1
17wif51,2,2
17wigvp,2,2
17wj1ur,2,4
17wj4sm,2,0
17wjcbs,2,1
17wkm70,2,0
17wmvg8,2,2
17wtwjw,2,0
17wze5i,2,4
17wzgt0,2,2
17wzmxn,2,4
17wzrdj,2,4
17xe21a,2,4
17xh60w,2,2
17xhfxx,2,0
17xhitq,2,1
17y2c0r,2,3
17y2d6p,2,0
17y2p8g,2,0
17yckag,2,0
17ykgu1,2,2
17yu2b0,2,4
17yu8cn,2,2
17zke8j,2,3
17zkjfy,2,4
17zn0im,2,0
17zpay1,2,2
17zqr7n,2,0
18033zt,2,1
180gs5o,2,2
180gxn5,2,0
180h3tr,2,4
180hb5x,2,3
180mjsi,2,4
180msvv,2,4
180nlrn,2,0
180nx0v,2,4
180nzeq,2,1
180o1j9,2,2
1818f84,2,3
181ge9x,2,2
181xudn,2,4
181y11r,2,3
181y4rx,2,4
181y8id,2,3
181yt3j,2,2
182rkfa,2,4
182tbwj,2,2
1845zqp,2,4
18461pq,2,1
1846ami,2,0
1848134,2,1
1849x68,2,1
184a09p,2,4
184dmng,2,4
184e3hw,2,3
184ervp,2,0
1853400,2,0
18538if,2,4
1853fml,2,2
185wk08,2,1
185ymm1,2,0
185yzts,2,4
185z2sz,2,1
185zzg9,2,0
18608yt,2,1
1866wpi,2,0
186j9k3,2,3
186kpuv,2,0
186l8tl,2,3
186lcv4,2,4
186lkq4,2,2
186lwdb,2,0
186m1z9,2,2
186m7ff,2,0
186mde8,2,2
186mhdi,2,3
186mjkp,2,4
186ml6s,2,4
186mpba,2,2
186n1dn,2,4
186n4c0,2,1
187g4qk,2,3
187ghw2,2,1
187gprg,2,2
187hltt,2,2
187u1pc,2,2
188badl,2,2
188bvzu,2,0
188bzfj,2,1
188klhd,2,4
188krlj,2,3
1890ej0,2,0
18983zo,2,1
189phwz,2,2
189tufg,2,3
189ubhv,2,0
18ah4jw,2,3
18ahajl,2,1
18ahfdd,2,1
18ahlwf,2,4
18akrnj,2,0
18apftn,2,0
18bc16q,2,4
18bc5dm,2,2
18bcasp,2,1
18bgnbe,2,4
18bgtno,2,4
18bh4e6,2,4
18bh80k,2,2
18bhh9b,2,2
18bigzz,2,0
18bitft,2,2
18bkx1d,2,4
18c09cg,2,2
18c0edo,2,0
18cabd1,2,4
18cdet8,2,4
18cdyur,2,0
18ce85y,2,0
18crzkr,2,2
18csp0f,2,0
18ct27d,2,4
18ctaip,2,2
18d2p1k,2,4
18d47zq,2,0
18dji17,2,3
18djrl4,2,0
18dk7z9,2,4
18e92co,2,1
18eaykt,2,0
18elnh6,2,1
18eltoc,2,0
18em1f5,2,3
18f05rm,2,0
18f5v4o,2,4
18ffwfz,2,2
18fg7bf,2,0
18fgddi,2,1
18fgvak,2,3
18fh1qp,2,2
18fh9jf,2,2
18ftw1l,2,1
18fzegb,2,2
18g5a25,2,3
18gkq9h,2,2
18gkv34,2,0
18gl6xg,2,4
18gll5i,2,1
18gmv74,2,4
18gn7la,2,2
18gpia4,2,2
18gzi0z,2,1
18hdw6j,2,0
18he60e,2,4
18he9jd,2,1
18hi268,2,2
18hkqmo,2,0
18hodpk,2,4
18hoj7y,2,4
18hops5,2,4
18hotvp,2,4
18hox14,2,3
18i38xr,2,3
18i9c99,2,4
18i9h8d,2,4
18i9mdf,2,3
18i9uoj,2,0
18i9yzx,2,0
18ia0w9,2,4
18iez0f,2,0
18ig4g1,2,1
18iuqhn,2,4
18iwhdy,2,3
18j02eh,2,3
18jajeq,2,4
18jo0xl,2,0
18jolzj,2,4
18joqsp,2,4
18jotju,2,0
18jowp8,2,0
18jp4i1,2,0
18jvway,2,4
18jwnqu,2,2
18jyht1,2,4
18k11hj,2,3
18kd2ws,2,4
18khw8l,2,2
18ki60k,2,1
18kixym,2,0
18kltku,2,0
18kn70h,2,0
18ktaz7,2,4
18lfe9z,2,2
18lhwlp,2,0
18mbu1m,2,1
18mcpij,2,4
18mq8nl,2,0
18mrsc2,2,3
18mrxtj,2,4
18n2ri8,2,2
18n3o0k,2,1
18nj44y,2,4
18oa7yj,2,4
18oabde,2,4
18oag62,2,1
18oeukn,2,3
18ol12a,2,1
18p13so,2,2
18p4exy,2,1
18p4uxt,2,4
18pxdpb,2,1
18q02g4,2,1
18q08fw,2,2
18q0me8,2,2
18q1315,2,1
18q18c5,2,1
18q7dok,2,1
18q7pay,2,0
18qbah5,2,0
18qjn6e,2,0
18qqy7h,2,1
18r3me2,2,0
18r3p7w,2,1
18r3utj,2,2
18r3zxh,2,4
18r4o3e,2,4
18r7rl7,2,2
18r9fac,2,0
18r9y4a,2,0
18rc9to,2,3
18rcq5b,2,0
18rlu95,2,1
18rxowk,2,1
18sb59t,2,2
18sbu84,2,1
18shlh2,2,0
18slya9,2,0
18sst67,2,2
18ssxll,2,1
18stoaj,2,0
18syhnz,2,2
18sys0u,2,2
18syus6,2,0
18sznlx,2,2
18thi0b,2,4
18tkb7c,2,2
18tkd9z,2,4
18tksdh,2,1
18tky9x,2,0
18tnkph,2,0
18ubqiv,2,1
18ud4q6,2,4
18ud9zr,2,2
18uil8k,2,4
18ujwi7,2,4
18v49ec,2,3
18v4gph,2,0
18v4q9i,2,0
18v4zat,2,1
18v55p3,2,0
18vhgav,2,4
18vn34a,2,4
18vzkmg,2,3
18w3tlb,2,3
18w3yia,2,4
18w4epy,2,2
18w4jfb,2,4
18w4p3e,2,0
18wpjsm,2,4
18wuwyn,2,1
18ww0tj,2,4
18wwmkc,2,0
18x3iki,2,4
18xshjc,2,1
18y7fex,2,2
18y7lpi,2,4
18y7ryg,2,4
18y7u0t,2,4
18y85v6,2,0
18yhcjt,2,4
18z23gl,2,0
18zc6ze,2,2
18zd4gk,2,0
19029rc,2,4
1902iz3,2,4
19037uo,2,0
1903ls9,2,4
1904g3f,2,2
1905p5l,2,1
190yp28,2,3
1911hjg,2,2
191jc6z,2,1
191lgbs,2,1
191mhsu,2,0
191zmco,2,2
19292qm,2,4
192zy7d,2,3
193yzzs,2,1
19442rl,2,2
1954lu5,2,0
19562p7,2,2
195e8mq,2,3
195eipr,2,0
195eo0f,2,0
195evcr,2,1
195f7af,2,4
195mgrp,2,1
195p9q1,2,4
195q3zc,2,2
195qf4w,2,2
195r29w,2,3
195w8db,2,1
196e0pm,2,3
196fq04,2,3
196n1eh,2,3
1978onb,2,1
1978to1,2,1
197buyi,2,1
197c75f,2,4
1994aor,2,4
1994hrx,2,4
1994lra,2,4
1995ve0,2,3
199lpii,2,2
199ts0c,2,4
199uls5,2,0
199upem,2,1
199v5nt,2,0
199y5hj,2,3
19ayc6c,2,2
19beihz,2,0
19blujd,2,2
19c61q1,2,0
19cvv32,2,0
19czl9q,2,0
19eor6q,2,4
19eoy1h,2,4
19epeh5,2,3
19eplt5,2,0
19eq8em,2,1
19f7ecz,2,4
19fc0i6,2,2
1abdwax,2,2
1acemay,2,0
1acjpbe,2,1
1acjvmx,2,2
1ack4bv,2,4
1ackamm,2,0
1ackdsr,2,0
1ackjao,2,3
1ackrld,2,0
1ackyue,2,2
1ae0xrq,2,3
1aejl66,2,2
1aejqeg,2,0
1aeq6f6,2,1
1aewo2e,2,4
1aff1eg,2,3
1afitmc,2,3
1ag3jzd,2,1
1agbqh8,2,0
1agd6q8,2,0
1agz31y,2,4
1agzeig,2,0
1agzll5,2,1
1agzvsv,2,2
1ah00b4,2,4
1ah0e99,2,0
1ah0h9v,2,2
1ahrm8p,2,1
1ahw49n,2,0
1ahwd11,2,0
1ahx4px,2,0
1ailjqg,2,1
1aim3u9,2,3
1aivqtm,2,3
1ajbytz,2,0
1ajgxwq,2,0
1ajhwrl,2,2
1aji02k,2,1
1ajihqi,2,1
1ajj42n,2,0
1ajjbr9,2,4
1ajo0j6,2,0
1ak5mhd,2,3
1ak60m3,2,3
1ak6eyp,2,1
1akcx06,2,2
1akd7pl,2,1
1akhn9s,2,0
1akhr6q,2,4
1akhv4r,2,2
1akifm8,2,4
1akipte,2,4
1akiuyh,2,4
1akizay,2,2
1akjtd4,2,0
1akxo26,2,4
1al11d0,2,0
1al13nz,2,2
1al1xgb,2,0
1al43u9,2,0
1alsav6,2,2
1altizo,2,1
1am0eci,2,4
1am1bo0,2,4
1am1lnv,2,0
1am2aa6,2,4
1amlld2,2,1
1amnwe6,2,2
1anh93u,2,0
1anl486,2,3
1anmqz7,2,3
1annt6e,2,4
1ao2tgt,2,0
1ao2y4u,2,4
1ao3cy1,2,3
1ao4hr2,2,2
1aod503,2,3
1aoez3c,2,0
1aof953,2,4
1aofsdm,2,0
1aogflc,2,4
1aoze9t,2,2
1apiqqr,2,1
1apt1vt,2,4
1apymz0,2,4
1aq026k,2,4
1aq0f7k,2,3
1aq0wn0,2,2
1aq1vss,2,4
1aq28aa,2,4
1aqp0no,2,0
1aqpi80,2,4
1aqrcu7,2,2
1aqrfc7,2,0
1aqrv3e,2,0
1aqryg1,2,0
1aqs2i8,2,1
1arcw8y,2,4
1as4h14,2,4
1as4xpw,2,4
1as55sb,2,2
1as5bg0,2,4
1as5lzr,2,2
1as5qzu,2,0
1as5tdk,2,0
1as6hiz,2,1
1as9gdm,2,4
1asdwa6,2,0
1asz15m,2,0
1aszv6y,2,4
1ath8xx,2,0
1awlo4p,2,1
1axghys,2,2
1azpvx6,2,3
1b17kx5,2,1
1b1blip,2,0
1b1jhg2,2,2
1b2a8ts,2,1
1b3mmao,2,3
1b3zhav,2,4
1b5uwh9,2,3
1b7ee96,2,3
1b7vdil,2,1
1b7w65o,2,2
1b8creq,2,3
1b8cx6y,2,2
1b8jfkl,2,2
1b8jlqh,2,4
1b8k9i6,2,3
1b8kfw1,2,1
1b8pmmi,2,1
1b8qmy7,2,3
1b9lhgk,2,0
1b9osxh,2,1
1b9py2e,2,4
1b9qjeh,2,0
1b9sch0,2,4
1b9sxdk,2,4
1b9tqw9,2,2
1b9ypda,2,4
1b9yy29,2,4
1bacba5,2,0
1bcu5o4,2,0
1bcuigb,2,0
1bcv28t,2,1
1bcvmhl,2,1
1bdakef,2,3
1bdljph,2,1
1bdoho9,2,0
1bdr2r5,2,1
1bdrv5j,2,1
1bdtnx3,2,1
1beh8mn,2,1
1bei9em,2,3
1beifxc,2,4
1beky3j,2,4
1ben3cs,2,0
1ben4xw,2,3
1bewdxd,2,0
1bfl1hm,2,1
1bg3m43,2,2
1bg3pzf,2,0
1bg3u66,2,4
1bg3wey,2,4
1bg4123,2,4
1bg77po,2,4
1bgfcbc,2,0
1bgu5zi,2,1
1bgz5ah,2,4
1bh735v,2,3
1bhs7kz,2,3
1bi3jjx,2,0
1biu7df,2,4
1biufo3,2,4
1bj8m0n,2,3
1bj98dv,2,2
1bjc25j,2,0
1bjiqz4,2,4
1bjm4ag,2,0
1bjyqro,2,0
1bjyyeq,2,4
1bjz2ok,2,4
1bjzcrm,2,4
1bkttoh,2,0
1bku2zx,2,2
1bkua8v,2,0
1bkubkn,2,0
1bkugao,2,0
1bkuier,2,3
1bl8e8r,2,4
1bl8me7,2,0
1blo2vs,2,4
1blo6d1,2,0
1blrkoa,2,4
1blsbzn,2,3
1blxjpc,2,1
1blxolr,2,4
1bmj13o,2,3
1bmmss6,2,2
1bnuyhx,2,2
1boyxp2,2,0
1boyzwh,2,4
1boz5sd,2,4
1bp6uhy,2,2
1bp71yt,2,2
1bpqwc0,2,2
1bpqxt5,2,2
1bpr1pd,2,3
1bpr607,2,0
1bprcsk,2,0
1bprhnx,2,4
1bpsc5l,2,3
1bpy1xg,2,3
1bqui38,2,2
1bre7fd,2,0
1brgcf5,2,3
1brgsd4,2,2
1brguvr,2,0
1brgymp,2,0
1brh3fp,2,0
1bttjzq,2,2
1bupp91,2,3
1butdv4,2,0
1bvjmgm,2,4
1bvrt4h,2,0
1bvupup,2,3
1bx6piv,2,2
1c0e70q,2,0
1c0h6qv,2,4
1c0lloj,2,1
1c0o7bl,2,4
1c0t3sx,2,3
1c21byc,2,3
1c27osd,2,2
1c2a1gl,2,3
1c3qkzj,2,3
1c3qnq1,2,3
1c4sj07,2,3
1c4yhit,2,4
1c5hgob,2,1
1c65n5g,2,1
1c6cxua,2,2
1c6vp3p,2,3
1c6vqsz,2,4
1cac9tl,2,2
1cdi9mx,2,1
1cemajh,2,2
1cf6ni3,2,2
1cia37b,2,0
1cidi5e,2,3
1cmyai6,2,0
1co8ccx,2,3
1corcr4,2,3
1cow4pc,2,2
1cq3spj,2,4
1crid3e,2,1
1crx10r,2,0
1csfpit,2,2
1csntuz,2,3
1cu0aj5,2,1
1cubufv,2,1
1cubzin,2,2
1cusgbb,2,2
1cynsa1,2,2
1cyrov7,2,3
1czrn2k,2,1
1d08gwl,2,0
1d10shk,2,2
1d1qdq9,2,0
1d2t9x7,2,1
1d5ohgk,2,0
1d7c185,2,2
1d8kd43,2,0
1d8mic3,2,1
1d8offt,2,4
1d8s1ie,2,1
1d9csi9,2,4
1d9defb,2,1
1da7njk,2,0
1da927o,2,0
1dadxjg,2,0
1dafkpi,2,1
1daz7gt,2,2
1dbpd5d,2,3
1dbt8zf,2,3
1dc1d9n,2,4
1dce6tz,2,4
1dcf2fh,2,4
1dcgfo1,2,0
1dciusk,2,4
1dczefz,2,4
1dd6thg,2,0
1ddi96d,2,0
1de040h,2,0
1debgw2,2,0
1deh5x0,2,3
1df1ij1,2,0
1dfjxkf,2,0
1dfuspz,2,0
1dg0yts,2,1
1dgbnph,2,0
1dgfoey,2,4
1dgk657,2,0
1dgwae8,2,3
1dh48f2,2,4
1dhhn6b,2,1
1dhrn9r,2,0
1dhvl4n,2,4
1dhvt8s,2,0
1dikv20,2,0
1dil8h2,2,0
1dj28yd,2,0
1dkbozg,2,0
1dkdkms,2,2
1dkl9d9,2,0
1dkmhn1,2,0
1dkzwoh,2,0
1dlchla,2,0
1dlu8wq,2,4
1dm1xlr,2,4
1dnlrek,2,0
1dny95b,2,0
1do0zun,2,2
1do8npk,2,0
1doah2p,2,4
1dobijv,2,3
1dosoob,2,0
1dp6x90,2,2
1dp7lq4,2,3
1dpf9h8,2,2
1dpmd6j,2,3
1dpt4w3,2,2
1dq0rm2,2,0
1dqj6mf,2,1
1dr7p6o,2,4
1drbfvz,2,2
1ds7f7r,2,0
1dslge2,2,0
1dsrb9h,2,1
1dtf4fi,2,0
1dtm3r0,2,0
1dtx7p4,2,1
1du768r,2,0
1dukqf3,2,0
1dv6hry,2,1
1dv87gw,2,3
1dv89kh,2,0
1dxisst,2,0
1dy24o5,2,0
1dywnc4,2,4
1dzt80b,2,4
1e0hgnf,2,3
1e1bu76,2,4
1e1iz84,2,3
1e1j4d9,2,0
1e3s5hh,2,4
1e4ks0l,2,3
1e4n0px,2,0
1e4pzmv,2,4
1e4qpix,2,0
1e5ci39,2,3
1e5htqp,2,3
1e5ok5h,2,3
1e67ex8,2,2
1e6gxpc,2,3
1e787n6,2,0
1e81mgl,2,3
1e8v02c,2,1
1e8z7xp,2,1
1e9k9a7,2,3
1eahmzg,2,4
1eauomt,2,4
1eaxfbq,2,3
1ebpsok,2,3
1ebs243,2,2
1ebtarw,2,2
1ec19f9,2,3
1ecryfs,2,3
1edaz1f,2,3
1eddctw,2,3
1ee6eul,2,3
1ee7svn,2,3
1eevmh5,2,3
1ef3cq1,2,3
1efayex,2,3
1efnhye,2,3
1efsnxh,2,3
1eftexl,2,3
1efuetm,2,3
1efwjrz,2,1
1eg7v4g,2,3
1eggnu9,2,3
1eggq7w,2,3
1ehg8fx,2,3
1ehn3st,2,3
1ei3rkv,2,3
1ej1snr,2,3
1ejbu1m,2,3
1ejuwk0,2,3
1ek47ig,2,3
1ekjjwe,2,3
1elarbx,2,3
1elhpc6,2,3
1elhzdn,2,2
1encwnm,2,3
1eny8p8,2,3
1eo4eta,2,3
1ep2jor,2,3
1epnvej,2,3
1epo7f9,2,4
1eptigv,2,3
1eqbcee,2,3
1eqr741,2,2
1er84xt,2,3
1eyhz0x,2,2
1ezcfgb,2,4
1f1l3cv,2,4
1f3443m,2,4
1f4b5wr,2,2
1f4wdfl,2,0
1f6jwov,2,4
1f6pvnp,2,3
1f72a4j,2,2
1f9k578,2,4
1fbxury,2,3
1fcv2tf,2,3
1fd8o6t,2,1
1feub3j,2,2
1fhyjl8,2,0
1fks6e4,2,2
1fl5s5s,2,4
1fl6mcl,2,1
1foxbds,2,4
1fp03ct,2,4
1fp880l,2,4
1fpxjmh,2,1
1fsplqe,2,4
1ft3bdf,2,4
1ft7qo3,2,2
1fv7cc5,2,4
1fy3t6h,2,3
1fzrqe1,2,2
1fztvth,2,2
1g0ca1k,2,3
1g13egl,2,0
1g2zhjt,2,1
1g3a6yi,2,0
1g48b3h,2,4
1g4wao0,2,0
1g5ln0v,2,0
1g6cqni,2,3
1g83j28,2,1
1g8myad,2,0
1g8qt3a,2,2
1g9eloj,2,0
1g9hlg9,2,0
1gagde0,2,1
1gaxvyj,2,4
1gbv39k,2,4
1gc5enm,2,0
1gdha3r,2,2
1gdz53k,2,2
1ggftpo,2,3
1ggjlxr,2,2
1gh1x3r,2,0
1gk5aqh,2,0
1gktp3b,2,0
1gluet4,2,3
1gmcgh7,2,2
1gn8qpg,2,4
1gozh3k,2,1
1gpv0ke,2,2
1gq95wb,2,4
1gq9vso,2,2
1gqkobf,2,4
1gsmqzu,2,2
1gusx02,2,4
1gut8f7,2,1
1gvuolb,2,2
1gwgfse,2,0
1h0naf9,2,2
1h0yeip,2,4
1h148x3,2,0
1h1agmg,2,1
1h43ail,2,4
1h50c4x,2,4
1h5ujg5,2,1
1h6c44o,2,3
1h6jsfq,2,1
1ha5uf5,2,2
1ha7mzh,2,1
1hapzx9,2,4
1hb5l6u,2,0
1hbp8gi,2,4
1hc3gcw,2,3
1hc46hu,2,2
1hcu28q,2,2
1hdaa42,2,1
1hdi0kn,2,3
1hfhac4,2,2
1hfikff,2,1
1hgjn5n,2,0
1hhbyvd,2,3
1hin2h3,2,1
1hj9s5a,2,0
1hjdevb,2,4
1hmltqw,2,1
1hnndcr,2,1
1ho8n68,2,1
1hqhe8n,2,4
1hr82n0,2,0
1hrsn74,2,2
1htc6ow,2,1
1htczxo,2,4
1hufee1,2,2
1hvo0zx,2,0
1hvpi1h,2,2
1hvq823,2,4
1hwi09l,2,0
1hx8pwq,2,0
1hx8x8q,2,2
1hxbe2s,2,3
1hxxy5b,2,0
1hy04tq,2,2
1hyg0l8,2,1
1hyiyks,2,3
1hyzp7t,2,2
1i0covs,2,4
1i11ann,2,0
1i11tx2,2,2
1i1glkr,2,4
1i3a84e,2,2
1i3deqt,2,4
1i3do0y,2,2
1i5m6qi,2,1
1i66ogv,2,0
1i7yh9h,2,4
1i81a29,2,0
1i81gdj,2,4
1i8sbuw,2,3
1i8vrzn,2,1
1iaef4b,2,1
1ib5egz,2,2
1ic7jen,2,4
1icbj4w,2,1
1id18ec,2,1
1ie7byj,2,0
1if751o,2,1
1ifzfhj,2,0
1igmw0o,2,1
1igqw7t,2,3
1ihpo79,2,0
1iixvvo,2,1
1ij0hgz,2,4
1ijr7gd,2,3
1ijs5ob,2,1
1ijylle,2,0
1im199p,2,4
1im2tam,2,2
1imwlav,2,4
1in284x,2,0
1inmns6,2,1
1ipadvs,2,2
1ipdkp5,2,2
1iq0dp6,2,3
1iswcqa,2,1
1it0s8n,2,4
1ituppo,2,2
1iuj56b,2,1
1iun1kw,2,0
1iuyk4n,2,1
1iwdhfd,2,0
1iyug40,2,2
1j1rf8d,2,2
1j3jh04,2,4
1j3kjt2,2,3
1j49sfh,2,2
1j5jitq,2,0
1j5ovgx,2,0
1j6lvx0,2,4
1j7uext,2,4
1j7w2rf,2,3
1j9rxig,2,1
1ja0ns4,2,1
1jaa8gs,2,4
1jacozo,2,4
1jbzbnk,2,0
1jc8doo,2,3
1jcudse,2,0
1jee6nr,2,2
1jim3gj,2,0
1jkcw2a,2,1
1jl0adx,2,1
1jlc1df,2,1
1jmjhz5,2,2
1jmkx80,2,1
1jn90x9,2,4
1jnlz07,2,2
1jnyt37,2,4
1jnzdy2,2,2
1jnzub5,2,4
1jo0i7v,2,4
1jo10t9,2,4
1jo28i9,2,4
1jo46y3,2,4
1jo83tu,2,4
1joad9b,2,4
1jocksy,2,4
1joneqw,2,4
1joq4h3,2,4
1jp23rz,2,4
1jphe7w,2,4
1jpkvyf,2,4
1jpl22e,2,4
1jpmasw,2,4
1jpp80q,2,1
1jprt1e,2,4
1jpv8vq,2,4
1jqqtde,2,1
1jr5577,2,4
1jr688z,2,4
1jrafld,2,4
1js7lsl,2,4
1jsr12u,2,4
1jsutxx,2,4
1jtd9pp,2,4
1juze39,2,1
1jv1432,2,1
1jv1tpc,2,1
1jw3g0e,2,4
1jye6fe,2,0
1k1itoj,2,1
1k27tg8,2,0
1k27uxd,2,4
1k2m4vs,2,1
1k2u7y8,2,3
1k54kf0,2,4
1k5569e,2,0
1k5bkkx,2,4
1k643iq,2,4
1k7w1j5,2,1
1k9ry0u,2,4
1k9xhcs,2,1
1ka6v47,2,0
1kamfwx,2,1
1katfve,2,2
1kcy87o,2,0
1ke82uh,2,0
1kl7twc,2,2
1klgqeh,2,1
1klipsg,2,4
1km8ijo,2,3
1kmda67,2,3
1kmfoup,2,2
1knvqry,2,1
1ko25wn,2,0
1ko7oem,2,2
1kpd8dv,2,3
1kq99jd,2,4
1kqd8xa,2,0
1krcbyz,2,2
1kthgc8,2,1
1ktj5x9,2,1
1kttop0,2,2
1kuag2w,2,2
1kvobxy,2,4
1kvzwfx,2,4
1kwlwe8,2,4
1kwtd72,2,0
1kxdu77,2,2
1kz19te,2,1
1kzwmx8,2,2
1l1c7i0,2,0
1l29u95,2,3
1l2kjvv,2,0
1l3178n,2,4
1l3cown,2,0
1l46ruf,2,4
1l47zya,2,2
1l72s05,2,3
1l7se5k,2,2
1l80rbv,2,1
1l8216k,2,1
1l87zf2,2,0
1l90tcf,2,1
1l9u2my,2,0
1lbumx0,2,2
1lbz6gz,2,2
1ldh464,2,2
1lfvi3m,2,0
1lfxh0w,2,2
1lfyerd,2,2
1lg8edj,2,3
1lgssgk,2,2
1lhh86x,2,4
1lhl4ii,2,3
1lhr2qg,2,0
1lidzfg,2,4
1lihtgy,2,4
1lj94fo,2,1
1ljio9k,2,1
1lk22jw,2,4
1lktm2h,2,4
1lkvd8l,2,2
1lkvwgy,2,4
1ll3qvg,2,4
1ll5ke3,2,1
1lltmwj,2,1
1lnaa3b,2,3
1lnkdjr,2,4
1lnl6nc,2,4
1lo23v1,2,2
1loaoov,2,1
1loembe,2,4
1lomeea,2,1
1louyid,2,4
1loz2kf,2,2
1lpilhq,2,0
1lpr0n6,2,4
1lpsj7n,2,2
1lpztio,2,2
1lqaa0q,2,1
1lqpgq1,2,4
1lqu21x,2,4
1lreoc5,2,0
1lrhamx,2,1
1lrl3rm,2,4
1lrpzay,2,0
1ls2kso,2,3
1ls7ybf,2,0
1ltn316,2,4
1lttu2k,2,4
1lumn3f,2,0
1luug1d,2,4
1lvbkkb,2,2
1lvhasv,2,4
1lvq9jg,2,1
1lws0nc,2,4
1lxsvbn,2,0
1lxwxac,2,2
1lxxudv,2,1
1lxzhs4,2,4
1lz4t29,2,1
1lzbd5g,2,4
1m0ckky,2,0
1m0mcfn,2,4
1m0pqg1,2,2
1m183tv,2,1
1m2964x,2,1
1m34eik,2,1
1m3pnm5,2,3
1m4f1wx,2,1
1m4iult,2,1
1m4m9rz,2,2
1m4yfj2,2,1
1m5hb1j,2,2
1m5qui7,2,3
1m5tooc,2,1
1m6i27q,2,4
1m8qv12,2,1
1m8wmlx,2,3
1m8zs6c,2,2
1m91l87,2,3
1madrnd,2,1
1mc6322,2,3
1mc73gw,2,2
1mc8bfv,2,4
1mcqw1b,2,1
1md1s57,2,0
1md5ss3,2,2
1mdj68n,2,3
1mei15u,2,2
1mes1ce,2,2
1met49u,2,4
1mhqow0,2,4
1mi4i3n,2,2
1mi6o5o,2,1
1miewf0,2,4
1mihwst,2,1
1miv7op,2,1
1mk0b4y,2,2
1mk5oz2,2,2
1mk82z0,2,2
1mk83ge,2,2
1mkrn7g,2,1
1mmdxdf,2,0
1mnzdhe,2,2
1mpxent,2,1
1msdabb,2,1
1msmenf,2,3
1mst8sl,2,0
1mu3ve3,2,1
1mvx5vj,2,1
1mw6wdr,2,3
1mx0rsb,2,4
1mxiec8,2,1
1myr3zi,2,0
1mysrmi,2,1
1n00mwq,2,4
1n0idwd,2,0
1n29zvi,2,4
1n2ko37,2,4
1n2n1vi,2,4
1n6d412,2,2
1n7m037,2,0
1n7t1i2,2,3
1n80kbv,2,2
1n8ylf6,2,1
1n97f25,2,1
1n9tcns,2,1
1nabpfj,2,0
1nam6s4,2,1
1nb0gug,2,0
1nbhfqe,2,1
1nbt91a,2,1
1ncftmo,2,3
1ncgjf2,2,4
1ncgw0y,2,1
1ncgwyi,2,0
1ncijfc,2,4
1ncwrna,2,4
1ndappw,2,4
1neeiru,2,4
1nexvca,2,1
1nfeyyx,2,4
1ngl5zs,2,1
1ngmicc,2,4
1ngvc84,2,1
1nhdbex,2,3
1nhf5mw,2,3
1nhgp7g,2,4
1ni8qr8,2,1
1nix6rd,2,0
1njhtof,2,1
1nkxy37,2,0
1nm3oh1,2,3
1nogham,2,1
1nojzpd,2,0
1nq29i0,2,2
1nq55bf,2,2
1nqv1j0,2,2
1ns3gi4,2,0
1nsyao7,2,1
1nu83so,2,1
1nvg1xa,2,1
1nwvfm8,2,2
1nx33q5,2,1
1nx88d8,2,4
1nzf1wi,2,2
1o14a93,2,2
1o17n4f,2,2
1o1nnzq,2,1
1o2t5yg,2,2
1o3s8mo,2,4
1o6atgl,2,1
1o6fuw1,2,1
1o6n4jn,2,0
1o7ao18,2,4
1o7q2x6,2,0
1o82bav,2,4
1o8w5dz,2,0
1o910np,2,3
1oap7hx,2,1
1obf6uu,2,1
1odvydw,2,1
1of72w0,2,4
1of8aqg,2,4
1ofkfcd,2,4
1ohgn8t,2,3
1oix0j8,2,1
1oizce9,2,2
1omf2bj,2,1
1omiph5,2,0
1omtvfj,2,1
1onydfe,2,2
1opy0dr,2,2
1orjr7o,2,1
1orq7u2,2,4
1osl6lf,2,4
1ow3e6f,2,1
1owwg9n,2,0
1owy5j3,2,0
1ozf5qw,2,4
1p06cgi,2,2
1p087r7,2,4
1p2yeuc,2,1
1p4nk1a,2,1
1p5umvg,2,2
1p62ymr,2,4
1p86rh3,2,4
1p9k4yj,2,3
1pasmbq,2,0
1pcpxei,2,1
1pdkeq0,2,0
1pdz39d,2,4
1pe3wez,2,4
1pef3e6,2,1
1pet9xw,2,2
1peyxlj,2,0
1pfm6eu,2,1
1pgfwsk,2,1
1pgivxz,2,1
1pgmijn,2,0
1pgtmiu,2,4
1phahga,2,3
1phe0pu,2,3
1pj2pqo,2,1
1plqvis,2,3
1pm75ub,2,0
1pn5wsc,2,1
1po7ogz,2,0
1poc8m9,2,1
1poeu11,2,2
1pqlsws,2,4
1pqxg9a,2,2
1pujygt,2,2
1pw2rqh,2,2
1pwvvqj,2,3
1px0wkk,2,3
1pxmn20,2,1
1pxt9gw,2,4
1pzbls0,2,1
1pzi6hi,2,4
1pzzaun,2,1
1q0ev6v,2,4
1q1cr6i,2,4
1q1e6uh,2,1
1q21n6s,2,2
1q3yeyk,2,1
1q4q3or,2,1
1q5pxku,2,1
1q6vwuh,2,3
1q77uke,2,2
1q783he,2,4
1q7acst,2,4
1q7mcad,2,4
1q8dehd,2,4
1q8mkok,2,3
1q96b6k,2,0
1q9w17h,2,1
1qan5pt,2,1
1qaqati,2,4
1qbjzxk,2,2
1qbkslz,2,2
1qcjny6,2,4
1qcs0yc,2,1
1qczd1g,2,0
1qdecph,2,0
1qdi910,2,0
1qdljdd,2,4
1qeu1wt,2,0
1qfb0hb,2,0
1qg4ydc,2,0
1qgnkjt,2,3
1qh7cug,2,1
1qhw74q,2,4
1qhwsr1,2,4
1qhxf21,2,3
1qibnjv,2,4
1qisrex,2,1
1qizru6,2,2
1qj6om2,2,0
1qjocn3,2,3
1qjsii6,2,1
1qkrtq4,2,4
1qkud9i,2,2
1qm1r5m,2,1
1qnt4lu,2,0
1qp5y2u,2,4
1qpn10u,2,1
1qtryqi,2,0
1qu8m5h,2,0
1qum6vr,2,1
1qv2yvb,2,4
1qv6axe,2,4
1qvj5pp,2,4
1qvlvxc,2,3
1qwhzqe,2,0
1qxdb60,2,0
1r0uop7,2,0
1r130xh,2,3
1r1tiqi,2,0
1r1vg9h,2,3
1r65d64,2,1
1r6jmns,2,3
1r7l1bb,2,0
1r8bfym,2,4
1r8ccuf,2,3
1ra36ml,2,1
1ra4vtc,2,1
1rabbnu,2,4
1rat6ox,2,2
1rav8tg,2,3
1rbfwn3,2,4
1rcawrg,2,1
1rd9yix,2,1
1re7rj2,2,0
1rg2wdb,2,4
1rgz1af,2,3
1rjr1x1,2,1
1rkphll,2,2
1rlefml,2,1
1rmg8c3,2,1
1rof0ad,2,4
1rogd55,2,0
1rotuec,2,0
1rpu82g,2,4
1rrseuk,2,2
1rt6d2o,2,3
1rtbzgc,2,1
1rtpwfg,2,2
1ru8am6,2,1
1rw50ee,2,4
1rznsvr,2,1
1s1va1n,2,3
1s2bonu,2,1
1s35kne,2,4
1s47azr,2,1
1s4tr82,2,4
1s4wlw4,2,4
1s4xew8,2,4
1s622sq,2,2
1s9jscs,2,0
1s9kmzd,2,1
1sal794,2,3
1scd5bd,2,1
1sdcpel,2,3
1seuh00,2,4
1sf62pi,2,3
1sfptq0,2,2
1sfql8i,2,0
1shi0re,2,4
1si0a94,2,1
1sithhr,2,3
1sk3m6l,2,0
1sm4vlc,2,1
1smwix4,2,4
1smzxog,2,3
1sp8uoe,2,1
1spnkt7,2,3
1spnmqo,2,4
1spsrht,2,3
1sqxpn7,2,4
1sr9ehr,2,2
1srmu52,2,1
1ssonai,2,0
1stpw5m,2,1
1suc8yz,2,4
1supuh6,2,1
1sv5bj3,2,1
1svddie,2,1
1sx7qgw,2,0
1sxtmsr,2,2
1sxz12z,2,1
1sy7v8w,2,4
1syf21d,2,2
1sys0yr,2,3
1xm9ft,2,3
26ii7z,2,0
2b2i70,2,0
2e2os9,2,4
2h6e28,2,4
2i3v7s,2,3
2q62xj,2,3
2w86e7,2,4
31vl51,2,3
321shc,2,2
334a8d,2,2
33otbl,2,4
340itv,2,3
34xkzo,2,2
351qdk,2,0
35owc4,2,2
38oz5m,2,2
3a1grd,2,3
3b92zr,2,2
3b9cdx,2,2
3d5gtr,2,3
3eddti,2,2
3err0k,2,1
3fuumz,2,2
3fz8em,2,2
3gn1op,2,2
3pszvd,2,4
3q9eou,2,1
3rww9o,2,3
3schd5,2,0
3w14cr,2,0
40n33m,2,0
41p2uz,2,1
41qfg7,2,1
423pa0,2,2
42evys,2,0
438qdk,2,3
465cbb,2,1
47ia4p,2,0
4ck34b,2,1
4h6s4d,2,2
4keg77,2,2
4kibjk,2,2
4kvrdi,2,2
4m7v8k,2,2
4sh0tc,2,2
4t9u5n,2,1
4tc1ne,2,0
4tfmoj,2,0
4vsyz6,2,2
4w5b6n,2,1
4w5vkf,2,2
4wpecq,2,2
4zlvsv,2,0
50ibsa,2,2
53atzi,2,1
53mq3w,2,0
558n00,2,4
579g29,2,0
58mlme,2,2
58mxli,2,2
58ysn8,2,4
5ar97d,2,4
5bsjo1,2,0
5e34gi,2,3
5ij73u,2,4
5ing61,2,3
5ku91y,2,1
5ls4eh,2,2
5me65r,2,4
5oqaye,2,0
5srv8q,2,0
5u0yx7,2,4
5x4u0v,2,0
5ydrdh,2,2
5zia5v,2,2
5zy9kd,2,1
615460,2,2
61axzl,2,1
626ly6,2,0
62embp,2,1
64k0up,2,0
64xizb,2,0
65tmbv,2,4
6684pv,2,0
6690ac,2,0
66fsni,2,2
66h9mf,2,2
688gvu,2,0
689x42,2,0
68dw9p,2,0
68euzg,2,0
68l0ln,2,2
68zmng,2,4
69ksmc,2,3
69kvmc,2,3
69sb4b,2,0
69snyu,2,4
69twpr,2,1
6ak8du,2,1
6awrdj,2,1
6chrdz,2,0
6clqf4,2,3
6cna1l,2,3
6ctng1,2,4
6e8no8,2,1
6fsp1s,2,3
6giyno,2,1
6gm1be,2,0
6gsbos,2,2
6ho431,2,1
6hzc93,2,0
6i0c5t,2,0
6l8pej,2,0
6lrzd8,2,3
6ltt76,2,0
6ng2qr,2,0
6nscbf,2,0
6q9xp0,2,2
6quykg,2,3
6s4yk2,2,4
6stumu,2,2
6t96ec,2,2
6tzzi6,2,3
6ughno,2,3
6vec64,2,3
6yjfcy,2,1
6ym3lb,2,2
6yvijc,2,2
6zwa36,2,3
700wa6,2,3
70tyb7,2,4
711t5y,2,2
71tia4,2,1
73fwq3,2,3
73tccy,2,2
73zein,2,0
74ulmr,2,3
74v0tg,2,3
75o2tl,2,2
77supo,2,2
79528b,2,4
79nhhe,2,2
7b71pf,2,0
7c62jb,2,1
7d3zt0,2,0
7fm9jz,2,1
7gfoqi,2,1
7hg3yp,2,4
7ljsut,2,2
7myqzz,2,1
7o781c,2,1
7ochcg,2,4
7pr866,2,2
7pvbsv,2,2
7qqwpg,2,2
7s4ufe,2,0
7xpi3g,2,1
7ymejv,2,0
83em1z,2,4
83f25c,2,1
83of25,2,0
85rbhc,2,1
861k6n,2,3
8b7gr3,2,2
8bqvkt,2,2
8bxi3w,2,0
8cmq95,2,0
8e6k9p,2,2
8eaxjl,2,0
8guuvd,2,0
8h6l9c,2,2
8hmdsh,2,3
8i3zs8,2,2
8j6y4x,2,1
8lqsn3,2,0
8lw08j,2,1
8m089h,2,4
8n6x3s,2,4
8oqyiq,2,2
8qr57h,2,2
8rdvo,2,2
8rtdev,2,3
8thivx,2,0
8ukd74,2,3
8upvzl,2,0
8uwqzt,2,4
8w2awd,2,1
8wveig,2,2
8ybj73,2,4
8zbi91,2,1
8zjuu0,2,0
8zune6,2,4
904jy9,2,0
907lnw,2,4
90ga1w,2,3
91vcf0,2,0
93cpy1,2,2
93d57n,2,4
94hsqm,2,1
94s2ry,2,3
951q9m,2,0
95ko1b,2,2
95pxyn,2,0
967yts,2,3
96pkb3,2,1
99m68g,2,0
9aotrf,2,2
9b1od2,2,3
9b8c4p,2,1
9b8uhu,2,1
9bhywi,2,0
9bt0lu,2,2
9cd07l,2,4
9cu072,2,2
9cwku0,2,1
9dmmxr,2,0
9eocv2,2,1
9ewhky,2,0
9g0oij,2,4
9hzn0r,2,1
9i7b81,2,1
9i7ot6,2,0
9ipva2,2,0
9iswb7,2,1
9ita19,2,4
9jcvgf,2,0
9krhfl,2,4
9lasl6,2,0
9mno6e,2,1
9moo1u,2,4
9mrp1j,2,2
9myhyd,2,1
9mzcvq,2,1
9n8nap,2,2
9nt13c,2,0
9ol266,2,4
9s2n6w,2,1
9slu0t,2,4
9trq9c,2,0
9ve83u,2,4
9w971b,2,3
9wfi0p,2,2
9xwy8o,2,3
9y4e31,2,2
9zdmcq,2,2
9zgnix,2,2
9zoxcy,2,2
9zpdkw,2,1
a0iarh,2,2
a151zv,2,0
a1v7ph,2,1
a2zpof,2,3
a3cb50,2,1
a3fx5v,2,2
a3m7au,2,3
a3rf6,2,3
a4kdrr,2,3
a4xsib,2,1
a5ch1l,2,3
a5rrh2,2,1
a5ss93,2,3
a6yde4,2,3
a6yw2g,2,1
adae5b,2,0
adia3d,2,0
adik0y,2,4
ae4vrk,2,4
ae6t3b,2,1
aegsg8,2,1
aephtl,2,4
afj03f,2,2
aiag9z,2,2
aim8fj,2,2
ajldzr,2,1
alczp8,2,3
alq3f2,2,3
amql9l,2,1
ancn40,2,4
anoqse,2,4
ao546f,2,2
aosx6d,2,2
aou0rm,2,0
apvc02,2,0
aq84kk,2,2
aqohqe,2,2
ar6h7j,2,3
ar7ec8,2,2
ari3sz,2,2
arn3mb,2,1
avwxqi,2,2
azk9wf,2,2
azzjcs,2,3
azzpfa,2,0
b04uo3,2,2
b0cilf,2,2
b1ecj1,2,3
b3unvm,2,2
b46ji0,2,3
b587v3,2,4
b9dhs5,2,2
bbxmcl,2,2
bcb5bq,2,4
bcgxj3,2,2
bd7wwu,2,1
bdjnc2,2,1
bdrtng,2,0
bepsxe,2,3
bfyjiv,2,0
bgeguu,2,4
bggieq,2,2
bhb76w,2,1
bhowol,2,0
bjfb3e,2,0
bmvw9h,2,2
bnoy8x,2,3
bqn8hv,2,0
bqwtsg,2,1
br75o0,2,3
brmib7,2,2
brrqig,2,1
bsja0x,2,2
btbfi4,2,4
btnqcc,2,0
bxkheg,2,3
bxmyu8,2,1
bzb17g,2,3
c1zmfq,2,0
c5oat5,2,1
c64ss6,2,2
c71xlq,2,2
c8le3c,2,2
cbtzq1,2,2
ceqpay,2,4
ceshxz,2,3
cg9psx,2,0
cgqoso,2,1
cgtjqm,2,4
cjbe5s,2,2
ckcv0t,2,0
cl3tzg,2,2
co1e76,2,0
coghm8,2,2
cqbbso,2,1
csm2pt,2,3
ctb8b7,2,2
cue8ed,2,1
cw131i,2,0
d0dalv,2,2
d3m3ni,2,4
d4ba7s,2,4
d5f1h9,2,2
d5yj8l,2,4
d82gx6,2,0
d8qza8,2,1
d8r9xm,2,0
d9wvlq,2,3
da0fiz,2,0
dc78wc,2,3
ddqpea,2,4
dexel2,2,1
dfk9iz,2,2
dioiij,2,2
dlev5c,2,4
dlyr5s,2,0
dnblhd,2,1
dnpdj9,2,0
dqbtcn,2,2
dthkqo,2,0
dwahhl,2,0
dwfmqg,2,1
dyj4xf,2,0
e1edg3,2,2
e1xvqm,2,2
e3ehbz,2,3
e3g5q5,2,3
e3rlhk,2,1
e3tuaa,2,2
e4ywaj,2,3
e5e2aq,2,3
e5gitz,2,2
e5kvnz,2,1
e5maon,2,4
e5ui60,2,3
e5xiiq,2,0
e62zgs,2,0
e64n22,2,4
e6ax6h,2,3
e6f0rc,2,1
e94ixf,2,3
ea2jip,2,3
ea30og,2,0
ea9bpv,2,3
ecfmdx,2,0
echy7t,2,3
edot6p,2,0
edwwgn,2,3
ee9n9o,2,3
ejdjr5,2,3
ejdunf,2,0
eks8lr,2,0
el8xqn,2,3
elbwld,2,2
elqv0f,2,2
eo40n4,2,1
eo5006,2,0
eqb0h,2,3
eqf7ot,2,1
esq6p1,2,3
etxpnm,2,3
eu15v2,2,1
eua0wf,2,1
eup1di,2,0
evtrx4,2,4
ew9bu2,2,0
eynxpz,2,3
eyul8b,2,3
ezpyag,2,2
f2715d,2,1
f283vi,2,2
f4qms4,2,2
f69ncu,2,3
f799k5,2,1
f96tbe,2,1
fbgn5m,2,3
fc8jpk,2,1
fcaghn,2,1
fccnsv,2,4
ffsbpi,2,1
fgbezz,2,1
fgo3lf,2,2
fguory,2,3
fhdstg,2,1
fhepc7,2,0
fhk2vt,2,1
fhxqf7,2,3
fhz1tr,2,3
fhzis1,2,0
figt2n,2,1
fiybcu,2,2
fji10d,2,1
fk0cbe,2,1
fkfxtw,2,1
fkldua,2,2
fkm6y5,2,1
fl6pbu,2,4
flhf5m,2,1
fls9mk,2,1
flx35c,2,4
flx637,2,1
flyoyg,2,1
fm41er,2,0
fmbrtd,2,0
fmgq9v,2,0
fmkdde,2,1
fmzraj,2,2
fo70ft,2,3
folx5c,2,1
fp6tij,2,3
fpxm9f,2,3
fqfc29,2,3
fqhu9s,2,1
fqmsg2,2,1
frmgqu,2,1
ftllrc,2,3
fueee3,2,0
furh3t,2,3
fvaxja,2,0
fviobo,2,1
fwgse8,2,0
fwlvl4,2,3
fx3xjv,2,0
fy2oj3,2,4
fy2p7f,2,4
g0i8rm,2,1
g19p90,2,1
g1othi,2,0
g2bytp,2,2
g2gixl,2,3
g2idz0,2,3
g34bbf,2,1
g4ewn0,2,2
g4nxk5,2,3
g5ky43,2,1
g8y3o6,2,3
gan3eg,2,1
gbdhgn,2,1
gd8rcb,2,2
gecn8f,2,0
ggbp5b,2,2
ghjdyj,2,0
ghslu9,2,2
gksuau,2,2
gl5kwt,2,1
go1u33,2,1
go6pl2,2,2
gp3xs4,2,3
gpwapq,2,4
gvqoq3,2,2
h9dp2s,2,1
h9hstb,2,1
ha4om1,2,0
haav14,2,0
hbfvim,2,2
hdo19g,2,2
hegmoy,2,1
hfj7qz,2,3
hgeu6a,2,4
hgk0yr,2,1
hjdm2t,2,0
hjxc3u,2,1
hkqsgq,2,0
ho7nah,2,0
hojmh7,2,4
hwfz7k,2,3
hzd5d1,2,2
i0k0k5,2,4
i0mhd5,2,3
i0n5gc,2,1
i3msyd,2,1
i7rlrt,2,1
i8b5uo,2,1
ia99vr,2,1
ibcu2q,2,1
ic2g86,2,2
ice0kk,2,4
ici56t,2,2
ictrw8,2,0
iguhj6,2,1
ih08v3,2,2
ih7ei3,2,0
ihj6bx,2,3
iiqap8,2,3
iiqu94,2,1
ij8qio,2,2
iket8f,2,3
ilv17f,2,3
imb0ri,2,0
imc2uz,2,3
imi2li,2,3
ioql0z,2,3
iotgaz,2,2
irrxv6,2,1
isj1z0,2,0
isp3z6,2,1
ittyao,2,2
iu2a3a,2,1
ivghce,2,3
ivn1mm,2,3
ix01hq,2,2
ixrd8y,2,0
iy2bft,2,1
iyumys,2,1
iyvzvz,2,3
izsgni,2,2
j0t2d2,2,3
j1069i,2,0
j1zsiy,2,4
j29je4,2,3
j3wawt,2,2
j61gsa,2,2
j70xoi,2,3
j9sy3n,2,1
jaaj86,2,0
jbtcwk,2,0
jc5uzf,2,3
jc6461,2,3
jcberw,2,0
jgkjnm,2,0
jgkvtb,2,3
jgl84e,2,4
jh46cv,2,1
jia61d,2,2
jivlvr,2,1
jjwuzn,2,0
jjylnj,2,3
jkh3zx,2,1
jkrv3d,2,1
jkrze6,2,1
jm32gj,2,0
jncki5,2,1
jnyj70,2,2
jogf8j,2,1
jp39k1,2,1
jpqv0v,2,2
jrjcgw,2,1
js5av6,2,0
jvpzh0,2,3
jvqnsn,2,3
jx5mib,2,2
jzldwr,2,2
k577mi,2,1
k603dd,2,2
k603y6,2,2
k624c4,2,3
k6o6bw,2,1
k90kjc,2,3
k9ajeu,2,1
k9tt6x,2,2
kabbn0,2,2
kc99mr,2,3
keiyka,2,4
kfjwh1,2,1
kgrai2,2,3
khpbim,2,2
kixuic,2,3
kj9yic,2,4
kjm1a3,2,3
knlqii,2,2
knlr19,2,2
ko9dyf,2,3
kp0re0,2,0
krjrvz,2,1
krnvhz,2,3
ksik3u,2,3
kslmtn,2,2
kt1iuf,2,3
kt8gmt,2,3
kuyyyj,2,0
kyt8fg,2,3
kz90ac,2,4
l0kqeb,2,1
l1v347,2,4
l25gdq,2,2
l4i7ej,2,0
l4vujj,2,3
l5djp3,2,1
l5g4qt,2,0
l5k8py,2,3
l769em,2,2
l79sl5,2,0
l7ou1m,2,3
la0a8q,2,2
la93c7,2,1
lcp4ri,2,1
ld48jf,2,2
ld93pc,2,4
lfh2sm,2,1
lfzbmy,2,3
lg2dzw,2,1
lg2k8j,2,1
li83kz,2,3
lm0xgx,2,3
lp5f2u,2,4
lpj2mi,2,4
lpkviw,2,2
lpuvub,2,1
lpv6b2,2,2
lv2ls2,2,1
lvxwqy,2,3
lx1vgg,2,3
m0aaur,2,0
m1ethl,2,3
m3bs8z,2,2
m4tu00,2,0
m5h2ks,2,1
m5kxle,2,4
m8cg12,2,1
m9eho9,2,1
mai7eq,2,4
mbi4r0,2,3
mckjmc,2,1
mdj0lc,2,3
meh6b8,2,4
meujox,2,1
mfkofn,2,1
mh20h1,2,1
mhhicw,2,1
mhrbt0,2,3
mjgb76,2,3
mk65eu,2,0
mkefb8,2,0
ml6tfy,2,4
ml8s52,2,1
mlwbui,2,1
mlyr54,2,1
mnfunz,2,1
mo3jua,2,3
mpauaf,2,1
mpxraz,2,1
mqbsvc,2,0
mqm14i,2,3
mrqhab,2,3
mss81s,2,3
mtfpga,2,3
mun21m,2,3
munkj0,2,4
mwtpq2,2,4
mwv5qu,2,4
myfex3,2,1
myq7qn,2,4
n0dmbg,2,3
n14wzz,2,3
n2ckjs,2,3
n5jatz,2,1
n6i122,2,1
n79v3,2,2
n90ru9,2,0
nbgk37,2,3
ndy44b,2,1
nelkdp,2,3
nh21mm,2,3
nh2xbd,2,2
nhmo1w,2,1
nhp74a,2,2
nid4xk,2,4
njswvw,2,0
nmud4m,2,1
np2d26,2,0
nqefuh,2,0
nqk4aw,2,2
nquxge,2,3
nra3e8,2,3
nryb61,2,0
nu4qwm,2,0
nuepgt,2,1
nulmqc,2,0
nv4089,2,3
nv9hr6,2,3
nvbh3w,2,1
nxvq3a,2,0
nyq4wo,2,2
nys24t,2,2
nyvi2e,2,3
nyxyka,2,0
o18i8w,2,0
o3c60p,2,1
o4diru,2,3
o6lnfo,2,3
o7toq9,2,2
o9yu8w,2,3
objeos,2,2
obpuh8,2,3
obsrfj,2,3
oc48n5,2,0
oc89ax,2,0
oe1lri,2,1
offbxc,2,2
ohim6f,2,0
ohz00h,2,3
oit39s,2,4
ojb4cb,2,2
ojmy4l,2,3
ok75sy,2,1
oknoru,2,3
okqta8,2,3
old392,2,3
olukpq,2,1
onwka1,2,0
ooa0ki,2,0
oomes0,2,3
oon4a8,2,1
op3cu9,2,3
oq3df1,2,0
orj107,2,0
ot4rej,2,0
oug55y,2,2
ovsuej,2,1
owq7xx,2,2
owxain,2,2
oxyd6v,2,3
p0vx4n,2,0
p19ls2,2,3
p1l865,2,4
p1q2yw,2,3
p370dc,2,1
p3kigu,2,1
p3nfil,2,2
p51lhn,2,1
p6eek4,2,1
p7iocm,2,3
p7m4ro,2,1
p96cry,2,3
p9uw35,2,2
pa139w,2,0
pb8yww,2,2
pbj8bp,2,0
pc3h4n,2,2
peeucn,2,0
pekj2t,2,2
pezlht,2,1
pf1pew,2,1
pfxx55,2,1
phrd2s,2,1
phv7m2,2,3
pid6cq,2,1
piezlr,2,0
piugjq,2,0
pjmyno,2,3
pk6bln,2,1
pkts2h,2,1
plkpyx,2,2
pnawuz,2,3
pov23z,2,3
pqsmie,2,1
prtvou,2,0
pt7fzz,2,4
ptqhaw,2,1
pttfys,2,1
pu3wbk,2,3
pu5seb,2,2
puk6sq,2,2
pvl8c7,2,0
pyiy57,2,2
q12fz2,2,4
q1p1n6,2,2
q1z1tr,2,4
q4ppb6,2,4
q5qhh3,2,2
q5sw9e,2,2
q5ysp8,2,0
q6gnqh,2,1
qc2lzn,2,1
qcolhb,2,4
qdjokh,2,0
qffqm2,2,2
qg7f5j,2,2
qj2ez7,2,0
qjlr54,2,2
qkc9ob,2,2
qlponw,2,0
qm3zs5,2,0
qmj0et,2,0
qmpcrf,2,2
qn5bzy,2,3
qo5r1s,2,3
qol0qg,2,1
qpcpda,2,2
qqnm18,2,4
qqou2m,2,2
qqzv8s,2,0
qr5jpf,2,0
qrg5l7,2,4
qtqqh5,2,0
qulnig,2,2
qve6b0,2,4
qvl6qi,2,4
qy9h6x,2,0
qzmhg7,2,1
r0bzft,2,3
r0kqab,2,1
r1sqhl,2,2
r1vvup,2,3
r1yxhd,2,3
r2ie0y,2,3
r3ibr2,2,1
r7flie,2,1
r7ia29,2,3
r7knn3,2,0
raut39,2,0
rcetl2,2,3
rdtec3,2,1
rek0w8,2,0
ri6vc6,2,1
riqfj6,2,2
rir6v3,2,2
rmxsrq,2,2
rmyfyx,2,0
rp43h1,2,2
rpj0v2,2,3
rr8ahf,2,3
rri8xa,2,3
rt15y0,2,1
rtqq9p,2,1
rtuung,2,1
rus5sh,2,1
ruxsws,2,0
rvq046,2,2
rvtgmr,2,0
rwjt89,2,1
rwmqxx,2,0
rworgg,2,3
rxlufc,2,3
ry2y0q,2,2
ry3nne,2,0
rzrsx7,2,3
s0ep2s,2,1
s0lfxs,2,1
s19u4b,2,0
s25tsv,2,0
s2zl4w,2,3
s3vm5c,2,2
s427nc,2,0
s4k0lg,2,1
s5dzze,2,0
s5yy4a,2,4
s6v32r,2,3
s6viqn,2,1
s6y1k2,2,1
s71noq,2,1
s8gkdj,2,2
s8kcsj,2,3
s8kxgt,2,1
s8nkyw,2,0
say4xj,2,0
sbmf6b,2,2
sd73xx,2,3
sdx1zh,2,3
se849k,2,2
seor6s,2,3
sg3lfk,2,0
sgvtsu,2,2
si6c5r,2,0
sii340,2,3
sit78i,2,1
siuakv,2,0
sjxrk3,2,2
smkm1j,2,2
smzl0y,2,2
sqnak8,2,1
sqrcuv,2,3
sqrsf0,2,2
stsis1,2,1
stu70x,2,3
svfoic,2,2
swaij2,2,4
sxnj3u,2,2
sxqmas,2,4
t0zqxo,2,4
t1991p,2,2
t2m2sp,2,2
t3cbqx,2,3
t3f6jf,2,0
t5jolk,2,1
t8k9bm,2,3
t8m8br,2,4
t9h37p,2,2
t9rxro,2,3
ta9hzg,2,3
tcd4ea,2,4
tcdy59,2,3
tdti6b,2,2
tex3t2,2,0
tfex6r,2,0
tff4oo,2,3
tga5wh,2,2
tgx9do,2,0
thqmny,2,2
tj5mon,2,1
tj64pr,2,2
tj9grk,2,2
tjd9sg,2,2
tkah7f,2,0
tko0oa,2,2
tne29w,2,2
tngso3,2,2
tpp04o,2,0
tq9ql5,2,0
tq9whl,2,0
tqs9hv,2,2
tqzpga,2,0
trz6tx,2,2
tsszug,2,2
ttajh4,2,0
tu5kvn,2,2
tuigm2,2,4
tulwnl,2,2
tuxfqm,2,4
tv6jha,2,4
tvv6l3,2,2
tvvlsn,2,0
twno29,2,2
twqbiv,2,0
twtj3l,2,0
twzazb,2,0
twzdpb,2,1
txev90,2,1
txiefh,2,2
txj2le,2,1
txu6iw,2,3
ty61qq,2,2
tye0kt,2,0
tyg26z,2,1
tzjv11,2,2
tzq230,2,0
u0dwf0,2,2
u1725f,2,4
u175uu,2,0
u1a0we,2,2
u1stp9,2,1
u1uv83,2,3
u20isz,2,0
u28xy6,2,2
u2k2hi,2,1
u2koj4,2,4
u2sccm,2,0
u2w1gt,2,3
u2wov2,2,4
u45mul,2,0
u4xjdq,2,2
u5imm7,2,4
u5iqno,2,2
u6wyq8,2,3
u6zb89,2,4
u7tu70,2,1
u7uhz2,2,4
u80a3u,2,1
u8o54e,2,0
u9in0y,2,1
ubia9r,2,0
ujkb6o,2,0
ullr4v,2,2
ulo9ot,2,3
ulp0es,2,4
umehos,2,1
uorpth,2,3
urftnb,2,4
urgn2d,2,0
us26sy,2,3
usyrk1,2,3
ut1w2k,2,3
uv7rco,2,4
uvvzyu,2,2
uw0gg6,2,2
uwln53,2,2
uxeake,2,0
v0j1qf,2,0
v2bfj2,2,1
v3412y,2,3
v3bd7k,2,2
v3zw9e,2,0
v5a8iu,2,2
v5j9ny,2,4
v66cxj,2,0
v6qwzm,2,0
v7iaoe,2,0
v7j4nq,2,0
v7ul64,2,3
v8gd7u,2,3
v8jpq9,2,3
v95jzy,2,3
vaj364,2,4
valify,2,0
vctood,2,0
vd2qqh,2,4
vdm3or,2,0
vec520,2,4
veq5sm,2,1
vg3z1x,2,0
vgk4kj,2,1
vhn3ne,2,1
vi8zcb,2,0
vo65bw,2,3
vqndkq,2,3
vs0jf2,2,0
vskks,2,4
vu7hw1,2,2
vy62fx,2,2
vyq0jh,2,2
vyr2ez,2,4
vyrf29,2,0
w1fc4i,2,4
w28bbb,2,4
w4l7b3,2,3
w524xy,2,0
w64hnf,2,2
w8et95,2,3
w8go16,2,2
w9esue,2,3
wanv20,2,2
wb29ee,2,2
wb2z5l,2,3
wddtzu,2,0
we62zs,2,2
we8icr,2,0
wek1a5,2,4
wf2346,2,2
wg2uk5,2,4
whjlsz,2,4
whlcrv,2,2
whnjn2,2,2
whv4p3,2,1
wjwke8,2,4
wkx90y,2,2
wmkpt6,2,2
wmq4gv,2,3
wnfaz5,2,3
wnyvp2,2,4
wo5be0,2,2
woeakw,2,0
woxjy6,2,4
wp50za,2,3
wpoc3s,2,4
wqnif4,2,0
ws6jxa,2,0
wtcent,2,1
wvyxjh,2,2
wwtpd0,2,2
wxhwdi,2,0
wxj8ki,2,1
wxqe1u,2,3
wy04r2,2,2
wy39bp,2,1
wycyn8,2,1
x1hl3b,2,4
x1ng5s,2,3
x1tmzz,2,3
x1tuwu,2,0
x40f2a,2,1
x40j9m,2,3
x4q66o,2,4
x57627,2,3
x5vcc8,2,0
x5x6ac,2,0
x67dzf,2,3
x6c8r8,2,3
x93zqn,2,2
xbgp47,2,0
xdp6gr,2,2
xex9ql,2,2
xfpchd,2,1
xg2sys,2,3
xgtphy,2,2
xgtu36,2,4
xhmdpu,2,0
xi1day,2,3
xi3luv,2,4
xjbhsq,2,1
xk04ig,2,1
xk7uo0,2,4
xl6g1c,2,3
xm7yyg,2,3
xmd3mb,2,2
xmh6ll,2,2
xo476c,2,3
xoh2kc,2,1
xp3dns,2,4
xpa8ir,2,3
xpnn73,2,0
xr31ed,2,2
xr4cyd,2,2
xs6spm,2,3
xu9dy6,2,3
xwsryq,2,2
xx6ccb,2,4
xx8h0w,2,0
xymafi,2,3
xzh765,2,3
y09nwo,2,0
y1b9q2,2,3
y2unrx,2,2
y2uqw1,2,3
y322ea,2,1
y3m3m6,2,3
y3ojmz,2,2
y3rzcj,2,2
y57x33,2,1
y6508z,2,0
y67acv,2,2
y70bh7,2,2
y772l0,2,3
y7flqf,2,1
y7sgen,2,2
y7vnpu,2,4
y7ydqc,2,0
y8v06b,2,3
y9jfj9,2,3
y9pbe0,2,1
ya0oo0,2,0
ya0vz3,2,2
yayqyf,2,2
ybi13h,2,2
ybjgjo,2,3
yc5ckl,2,3
yc5qrl,2,0
yc6o95,2,2
yc7pdp,2,0
yccbvb,2,2
ycd4xu,2,4
ycmn79,2,0
ydad37,2,2
yddfgd,2,3
ydvxvo,2,1
yew101,2,3
yff571,2,4
yghar1,2,4
yh87tu,2,0
yhelbe,2,3
yhlu8o,2,2
yibcjz,2,1
yj84wo,2,1
yj9iqd,2,1
yk7f0z,2,2
ykmuv3,2,1
ylcoz0,2,4
ylgzxo,2,1
ylt6sd,2,2
ymehyd,2,1
ympewy,2,1
ynrjsu,2,4
yojbib,2,4
yok97w,2,2
yomwdv,2,3
ypkenn,2,4
ypqdpt,2,1
yptma9,2,2
yqkrxy,2,4
yrb5ve,2,3
ys1f1z,2,2
yt5wxs,2,4
ytcjvl,2,2
yty2zl,2,2
yu7mq4,2,4
yu8pj0,2,2
yu8yu0,2,4
yut4a3,2,4
yvqklt,2,3
yvw5nm,2,3
ywpoaw,2,3
yxmt72,2,1
yyf3mh,2,2
yyifu6,2,1
yzhtwl,2,0
yzi2oj,2,2
yzy7g7,2,3
z08fem,2,1
z217fn,2,3
z2t1dd,2,2
z2wg3i,2,3
z3n2bd,2,3
z4hbb5,2,0
z4hcoq,2,1
z6t1gp,2,3
z6tf3q,2,1
z6wm48,2,1
z6wyy8,2,1
z6yxp0,2,2
z7174d,2,0
zac957,2,2
zalgtq,2,2
zaowq2,2,0
zasifl,2,2
zc3v10,2,2
zcf7zw,2,3
zcff9z,2,1
zcmrow,2,1
zcq6um,2,2
zd64up,2,0
zdui50,2,2
ze12xr,2,3
zeb5v6,2,2
zefq0o,2,3
zgt2g6,2,2
zgt2jj,2,2
zgzt0a,2,0
zhtj3j,2,2
zhx9ym,2,1
zl3bjt,2,3
zlgp2y,2,1
zlnftq,2,0
zmdnn0,2,3
zmhqdd,2,4
zmjuhx,2,1
znaiu7,2,1
zpmpk6,2,0
zpmvbz,2,0
zpn35n,2,0
zqj2oc,2,0
zqjfhd,2,0
zqknq3,2,0
zr75tz,2,0
zr7d8d,2,0
zryrqz,2,2
zsjr52,2,1
zu93n1,2,3
zuchli,2,2
zuvven,2,3
zvy2tn,2,3
zwbcm1,2,3
zwdt7q,2,2
zwlkjj,2,4
zx78lo,2,3
zxmbj8,2,1
zy28vs,2,0
zy2ssi,2,4
zy2z2i,2,0
zyezwp,2,3
